timeStamp,elapsed,label,responseCode,responseMessage,threadName,dataType,success,failureMessage,bytes,sentBytes,grpThreads,allThreads,URL,Latency,IdleTime,Connect
1768409830868,298,Create Candidate Request,200,OK,Candidate Creation Thread Group 1-4,text,true,,332,491,301,301,http://localhost:8080/web/index.php/api/v2/recruitment/candidates,298,0,1
1768409830863,320,Create Candidate Request,200,OK,Candidate Creation Thread Group 1-1,text,true,,332,491,321,321,http://localhost:8080/web/index.php/api/v2/recruitment/candidates,320,0,0
1768409830863,398,Create Candidate Request,200,OK,Candidate Creation Thread Group 1-2,text,true,,332,491,398,398,http://localhost:8080/web/index.php/api/v2/recruitment/candidates,397,0,0
1768409830864,417,Create Candidate Request,200,OK,Candidate Creation Thread Group 1-3,text,true,,332,491,417,417,http://localhost:8080/web/index.php/api/v2/recruitment/candidates,417,0,1
1768409830871,469,Create Candidate Request,200,OK,Candidate Creation Thread Group 1-10,text,true,,335,494,476,476,http://localhost:8080/web/index.php/api/v2/recruitment/candidates,434,0,0
1768409830869,510,Create Candidate Request,200,OK,Candidate Creation Thread Group 1-6,text,true,,332,491,503,503,http://localhost:8080/web/index.php/api/v2/recruitment/candidates,510,0,0
1768409830867,517,Create Candidate Request,200,OK,Candidate Creation Thread Group 1-5,text,true,,332,491,514,514,http://localhost:8080/web/index.php/api/v2/recruitment/candidates,516,0,1
1768409830870,571,Create Candidate Request,200,OK,Candidate Creation Thread Group 1-9,text,true,,332,491,573,573,http://localhost:8080/web/index.php/api/v2/recruitment/candidates,537,0,0
1768409830868,599,Create Candidate Request,200,OK,Candidate Creation Thread Group 1-8,text,true,,332,491,593,593,http://localhost:8080/web/index.php/api/v2/recruitment/candidates,599,0,1
1768409830869,616,Create Candidate Request,200,OK,Candidate Creation Thread Group 1-7,text,true,,332,491,615,615,http://localhost:8080/web/index.php/api/v2/recruitment/candidates,616,0,0
1768409830873,669,Create Candidate Request,200,OK,Candidate Creation Thread Group 1-12,text,true,,335,494,669,669,http://localhost:8080/web/index.php/api/v2/recruitment/candidates,630,0,0
1768409830876,692,Create Candidate Request,200,OK,Candidate Creation Thread Group 1-11,text,true,,335,494,693,693,http://localhost:8080/web/index.php/api/v2/recruitment/candidates,692,0,0
1768409830876,714,Create Candidate Request,200,OK,Candidate Creation Thread Group 1-15,text,true,,335,494,716,716,http://localhost:8080/web/index.php/api/v2/recruitment/candidates,713,0,0
1768409830878,794,Create Candidate Request,200,OK,Candidate Creation Thread Group 1-17,text,true,,335,494,790,790,http://localhost:8080/web/index.php/api/v2/recruitment/candidates,794,0,1
1768409830880,816,Create Candidate Request,200,OK,Candidate Creation Thread Group 1-19,text,true,,335,494,821,821,http://localhost:8080/web/index.php/api/v2/recruitment/candidates,815,0,0
1768409830881,889,Create Candidate Request,200,OK,Candidate Creation Thread Group 1-20,text,true,,335,494,890,890,http://localhost:8080/web/index.php/api/v2/recruitment/candidates,889,0,0
1768409830882,903,Create Candidate Request,200,OK,Candidate Creation Thread Group 1-21,text,true,,335,494,901,901,http://localhost:8080/web/index.php/api/v2/recruitment/candidates,902,0,0
1768409830877,971,Create Candidate Request,200,OK,Candidate Creation Thread Group 1-14,text,true,,335,494,970,970,http://localhost:8080/web/index.php/api/v2/recruitment/candidates,970,0,6
1768409830885,994,Create Candidate Request,200,OK,Candidate Creation Thread Group 1-16,text,true,,335,494,1000,1000,http://localhost:8080/web/index.php/api/v2/recruitment/candidates,993,0,0
1768409830883,1058,Create Candidate Request,200,OK,Candidate Creation Thread Group 1-22,text,true,,335,494,1061,1061,http://localhost:8080/web/index.php/api/v2/recruitment/candidates,1021,0,3
1768409830887,1082,Create Candidate Request,200,OK,Candidate Creation Thread Group 1-26,text,true,,335,494,1082,1082,http://localhost:8080/web/index.php/api/v2/recruitment/candidates,1082,0,0
1768409830887,1098,Create Candidate Request,200,OK,Candidate Creation Thread Group 1-24,text,true,,335,494,1103,1103,http://localhost:8080/web/index.php/api/v2/recruitment/candidates,1097,0,0
1768409830884,1169,Create Candidate Request,200,OK,Candidate Creation Thread Group 1-23,text,true,,335,494,1170,1170,http://localhost:8080/web/index.php/api/v2/recruitment/candidates,1169,0,3
1768409830886,1193,Create Candidate Request,200,OK,Candidate Creation Thread Group 1-13,text,true,,335,494,1196,1196,http://localhost:8080/web/index.php/api/v2/recruitment/candidates,1193,0,2
1768409830888,1215,Create Candidate Request,200,OK,Candidate Creation Thread Group 1-18,text,true,,335,494,1218,1218,http://localhost:8080/web/index.php/api/v2/recruitment/candidates,1215,0,0
1768409830888,1269,Create Candidate Request,200,OK,Candidate Creation Thread Group 1-25,text,true,,335,494,1271,1271,http://localhost:8080/web/index.php/api/v2/recruitment/candidates,1268,0,0
1768409830888,1288,Create Candidate Request,200,OK,Candidate Creation Thread Group 1-27,text,true,,335,494,1289,1289,http://localhost:8080/web/index.php/api/v2/recruitment/candidates,1288,0,0
1768409830889,1310,Create Candidate Request,200,OK,Candidate Creation Thread Group 1-28,text,true,,335,494,1312,1312,http://localhost:8080/web/index.php/api/v2/recruitment/candidates,1309,0,0
1768409830890,1364,Create Candidate Request,200,OK,Candidate Creation Thread Group 1-29,text,true,,335,494,1365,1365,http://localhost:8080/web/index.php/api/v2/recruitment/candidates,1364,0,0
1768409830891,1384,Create Candidate Request,200,OK,Candidate Creation Thread Group 1-30,text,true,,335,494,1385,1385,http://localhost:8080/web/index.php/api/v2/recruitment/candidates,1383,0,0
1768409830893,1405,Create Candidate Request,200,OK,Candidate Creation Thread Group 1-31,text,true,,335,494,1406,1406,http://localhost:8080/web/index.php/api/v2/recruitment/candidates,1404,0,0
1768409830892,1464,Create Candidate Request,200,OK,Candidate Creation Thread Group 1-32,text,true,,335,494,1464,1464,http://localhost:8080/web/index.php/api/v2/recruitment/candidates,1463,0,1
1768409830893,1484,Create Candidate Request,200,OK,Candidate Creation Thread Group 1-33,text,true,,335,494,1468,1468,http://localhost:8080/web/index.php/api/v2/recruitment/candidates,1483,0,0
1768409830894,1499,Create Candidate Request,200,OK,Candidate Creation Thread Group 1-34,text,true,,335,494,1467,1467,http://localhost:8080/web/index.php/api/v2/recruitment/candidates,1499,0,1
1768409830895,1514,Create Candidate Request,200,OK,Candidate Creation Thread Group 1-35,text,true,,335,494,1466,1466,http://localhost:8080/web/index.php/api/v2/recruitment/candidates,1513,0,1
1768409830897,1561,Create Candidate Request,200,OK,Candidate Creation Thread Group 1-36,text,true,,335,494,1465,1465,http://localhost:8080/web/index.php/api/v2/recruitment/candidates,1561,0,0
1768409830898,1578,Create Candidate Request,200,OK,Candidate Creation Thread Group 1-37,text,true,,335,494,1464,1464,http://localhost:8080/web/index.php/api/v2/recruitment/candidates,1578,0,0
1768409830899,1595,Create Candidate Request,200,OK,Candidate Creation Thread Group 1-38,text,true,,335,494,1463,1463,http://localhost:8080/web/index.php/api/v2/recruitment/candidates,1595,0,0
1768409830900,1652,Create Candidate Request,200,OK,Candidate Creation Thread Group 1-39,text,true,,335,494,1462,1462,http://localhost:8080/web/index.php/api/v2/recruitment/candidates,1651,0,0
1768409830901,1667,Create Candidate Request,200,OK,Candidate Creation Thread Group 1-40,text,true,,335,494,1461,1461,http://localhost:8080/web/index.php/api/v2/recruitment/candidates,1667,0,0
1768409830902,1685,Create Candidate Request,200,OK,Candidate Creation Thread Group 1-41,text,true,,335,494,1460,1460,http://localhost:8080/web/index.php/api/v2/recruitment/candidates,1685,0,0
1768409830903,1751,Create Candidate Request,200,OK,Candidate Creation Thread Group 1-42,text,true,,335,494,1459,1459,http://localhost:8080/web/index.php/api/v2/recruitment/candidates,1751,0,0
1768409830904,1770,Create Candidate Request,200,OK,Candidate Creation Thread Group 1-43,text,true,,335,494,1458,1458,http://localhost:8080/web/index.php/api/v2/recruitment/candidates,1770,0,0
1768409830905,1787,Create Candidate Request,200,OK,Candidate Creation Thread Group 1-44,text,true,,335,494,1457,1457,http://localhost:8080/web/index.php/api/v2/recruitment/candidates,1787,0,0
1768409830905,1850,Create Candidate Request,200,OK,Candidate Creation Thread Group 1-45,text,true,,335,494,1456,1456,http://localhost:8080/web/index.php/api/v2/recruitment/candidates,1849,0,0
1768409830906,1868,Create Candidate Request,200,OK,Candidate Creation Thread Group 1-46,text,true,,335,494,1455,1455,http://localhost:8080/web/index.php/api/v2/recruitment/candidates,1867,0,1
1768409830907,1887,Create Candidate Request,200,OK,Candidate Creation Thread Group 1-47,text,true,,335,494,1454,1454,http://localhost:8080/web/index.php/api/v2/recruitment/candidates,1887,0,1
1768409830909,1946,Create Candidate Request,200,OK,Candidate Creation Thread Group 1-48,text,true,,335,494,1453,1453,http://localhost:8080/web/index.php/api/v2/recruitment/candidates,1946,0,0
1768409830910,1962,Create Candidate Request,200,OK,Candidate Creation Thread Group 1-49,text,true,,335,494,1452,1452,http://localhost:8080/web/index.php/api/v2/recruitment/candidates,1961,0,0
1768409830911,1977,Create Candidate Request,200,OK,Candidate Creation Thread Group 1-50,text,true,,335,494,1451,1451,http://localhost:8080/web/index.php/api/v2/recruitment/candidates,1976,0,0
1768409830914,1989,Create Candidate Request,200,OK,Candidate Creation Thread Group 1-52,text,true,,332,491,1450,1450,http://localhost:8080/web/index.php/api/v2/recruitment/candidates,1989,0,0
1768409830914,2048,Create Candidate Request,200,OK,Candidate Creation Thread Group 1-51,text,true,,332,491,1449,1449,http://localhost:8080/web/index.php/api/v2/recruitment/candidates,2048,0,0
1768409830915,2065,Create Candidate Request,200,OK,Candidate Creation Thread Group 1-54,text,true,,332,491,1448,1448,http://localhost:8080/web/index.php/api/v2/recruitment/candidates,2064,0,0
1768409830914,2083,Create Candidate Request,200,OK,Candidate Creation Thread Group 1-53,text,true,,332,491,1447,1447,http://localhost:8080/web/index.php/api/v2/recruitment/candidates,2083,0,0
1768409830916,2098,Create Candidate Request,200,OK,Candidate Creation Thread Group 1-55,text,true,,332,491,1446,1446,http://localhost:8080/web/index.php/api/v2/recruitment/candidates,2098,0,0
1768409830916,2142,Create Candidate Request,200,OK,Candidate Creation Thread Group 1-56,text,true,,332,491,1445,1445,http://localhost:8080/web/index.php/api/v2/recruitment/candidates,2142,0,1
1768409830917,2162,Create Candidate Request,200,OK,Candidate Creation Thread Group 1-57,text,true,,332,491,1444,1444,http://localhost:8080/web/index.php/api/v2/recruitment/candidates,2162,0,1
1768409830918,2179,Create Candidate Request,200,OK,Candidate Creation Thread Group 1-58,text,true,,332,491,1443,1443,http://localhost:8080/web/index.php/api/v2/recruitment/candidates,2179,0,1
1768409830919,2237,Create Candidate Request,200,OK,Candidate Creation Thread Group 1-59,text,true,,332,491,1442,1442,http://localhost:8080/web/index.php/api/v2/recruitment/candidates,2237,0,1
1768409830921,2250,Create Candidate Request,200,OK,Candidate Creation Thread Group 1-60,text,true,,335,494,1441,1441,http://localhost:8080/web/index.php/api/v2/recruitment/candidates,2250,0,0
1768409830922,2265,Create Candidate Request,200,OK,Candidate Creation Thread Group 1-61,text,true,,335,494,1440,1440,http://localhost:8080/web/index.php/api/v2/recruitment/candidates,2265,0,0
1768409830923,2282,Create Candidate Request,200,OK,Candidate Creation Thread Group 1-62,text,true,,335,494,1439,1439,http://localhost:8080/web/index.php/api/v2/recruitment/candidates,2281,0,0
1768409830935,2322,Create Candidate Request,200,OK,Candidate Creation Thread Group 1-74,text,true,,335,494,1438,1438,http://localhost:8080/web/index.php/api/v2/recruitment/candidates,2322,0,0
1768409830924,2350,Create Candidate Request,200,OK,Candidate Creation Thread Group 1-63,text,true,,335,494,1437,1437,http://localhost:8080/web/index.php/api/v2/recruitment/candidates,2350,0,0
1768409830925,2364,Create Candidate Request,200,OK,Candidate Creation Thread Group 1-64,text,true,,335,494,1436,1436,http://localhost:8080/web/index.php/api/v2/recruitment/candidates,2363,0,0
1768409830926,2415,Create Candidate Request,200,OK,Candidate Creation Thread Group 1-65,text,true,,335,494,1435,1435,http://localhost:8080/web/index.php/api/v2/recruitment/candidates,2380,0,0
1768409830927,2430,Create Candidate Request,200,OK,Candidate Creation Thread Group 1-66,text,true,,335,494,1434,1434,http://localhost:8080/web/index.php/api/v2/recruitment/candidates,2430,0,0
1768409830928,2445,Create Candidate Request,200,OK,Candidate Creation Thread Group 1-68,text,true,,335,494,1433,1433,http://localhost:8080/web/index.php/api/v2/recruitment/candidates,2445,0,0
1768409830928,2465,Create Candidate Request,200,OK,Candidate Creation Thread Group 1-67,text,true,,335,494,1432,1432,http://localhost:8080/web/index.php/api/v2/recruitment/candidates,2465,0,0
1768409830929,2518,Create Candidate Request,200,OK,Candidate Creation Thread Group 1-69,text,true,,335,494,1431,1431,http://localhost:8080/web/index.php/api/v2/recruitment/candidates,2518,0,1
1768409830930,2536,Create Candidate Request,200,OK,Candidate Creation Thread Group 1-70,text,true,,335,494,1430,1430,http://localhost:8080/web/index.php/api/v2/recruitment/candidates,2536,0,0
1768409830931,2551,Create Candidate Request,200,OK,Candidate Creation Thread Group 1-71,text,true,,335,494,1429,1429,http://localhost:8080/web/index.php/api/v2/recruitment/candidates,2551,0,1
1768409830933,2567,Create Candidate Request,200,OK,Candidate Creation Thread Group 1-72,text,true,,335,494,1428,1428,http://localhost:8080/web/index.php/api/v2/recruitment/candidates,2567,0,0
1768409830934,2621,Create Candidate Request,200,OK,Candidate Creation Thread Group 1-73,text,true,,335,494,1427,1427,http://localhost:8080/web/index.php/api/v2/recruitment/candidates,2621,0,0
1768409830938,2633,Create Candidate Request,200,OK,Candidate Creation Thread Group 1-76,text,true,,335,494,1426,1426,http://localhost:8080/web/index.php/api/v2/recruitment/candidates,2633,0,0
1768409830939,2651,Create Candidate Request,200,OK,Candidate Creation Thread Group 1-75,text,true,,335,494,1425,1425,http://localhost:8080/web/index.php/api/v2/recruitment/candidates,2650,0,0
1768409830939,2724,Create Candidate Request,200,OK,Candidate Creation Thread Group 1-78,text,true,,335,494,1424,1424,http://localhost:8080/web/index.php/api/v2/recruitment/candidates,2723,0,0
1768409830940,2828,Create Candidate Request,200,OK,Candidate Creation Thread Group 1-77,text,true,,335,494,1423,1423,http://localhost:8080/web/index.php/api/v2/recruitment/candidates,2827,0,0
1768409830944,2840,Create Candidate Request,200,OK,Candidate Creation Thread Group 1-81,text,true,,335,494,1422,1422,http://localhost:8080/web/index.php/api/v2/recruitment/candidates,2840,0,2
1768409830945,2926,Create Candidate Request,200,OK,Candidate Creation Thread Group 1-79,text,true,,335,494,1421,1421,http://localhost:8080/web/index.php/api/v2/recruitment/candidates,2926,0,1
1768409830946,2942,Create Candidate Request,200,OK,Candidate Creation Thread Group 1-80,text,true,,335,494,1420,1420,http://localhost:8080/web/index.php/api/v2/recruitment/candidates,2942,0,1
1768409830947,2959,Create Candidate Request,200,OK,Candidate Creation Thread Group 1-85,text,true,,335,494,1419,1419,http://localhost:8080/web/index.php/api/v2/recruitment/candidates,2959,0,0
1768409830948,2976,Create Candidate Request,200,OK,Candidate Creation Thread Group 1-87,text,true,,335,494,1418,1418,http://localhost:8080/web/index.php/api/v2/recruitment/candidates,2975,0,0
1768409830951,3010,Create Candidate Request,200,OK,Candidate Creation Thread Group 1-86,text,true,,335,494,1417,1417,http://localhost:8080/web/index.php/api/v2/recruitment/candidates,3009,0,4
1768409830954,3023,Create Candidate Request,200,OK,Candidate Creation Thread Group 1-90,text,true,,335,494,1416,1416,http://localhost:8080/web/index.php/api/v2/recruitment/candidates,3023,0,1
1768409830956,3040,Create Candidate Request,200,OK,Candidate Creation Thread Group 1-96,text,true,,335,494,1415,1415,http://localhost:8080/web/index.php/api/v2/recruitment/candidates,3039,0,0
1768409830957,3098,Create Candidate Request,200,OK,Candidate Creation Thread Group 1-94,text,true,,335,494,1414,1414,http://localhost:8080/web/index.php/api/v2/recruitment/candidates,3098,0,0
1768409830956,3117,Create Candidate Request,200,OK,Candidate Creation Thread Group 1-89,text,true,,335,494,1413,1413,http://localhost:8080/web/index.php/api/v2/recruitment/candidates,3117,0,1
1768409830958,3134,Create Candidate Request,200,OK,Candidate Creation Thread Group 1-95,text,true,,335,494,1412,1412,http://localhost:8080/web/index.php/api/v2/recruitment/candidates,3134,0,0
1768409830958,3192,Create Candidate Request,200,OK,Candidate Creation Thread Group 1-93,text,true,,335,494,1411,1411,http://localhost:8080/web/index.php/api/v2/recruitment/candidates,3192,0,1
1768409830958,3215,Create Candidate Request,200,OK,Candidate Creation Thread Group 1-88,text,true,,335,494,1410,1410,http://localhost:8080/web/index.php/api/v2/recruitment/candidates,3214,0,0
1768409830957,3234,Create Candidate Request,200,OK,Candidate Creation Thread Group 1-97,text,true,,335,494,1409,1409,http://localhost:8080/web/index.php/api/v2/recruitment/candidates,3234,0,1
1768409830957,3253,Create Candidate Request,200,OK,Candidate Creation Thread Group 1-84,text,true,,335,494,1408,1408,http://localhost:8080/web/index.php/api/v2/recruitment/candidates,3253,0,2
1768409830958,3297,Create Candidate Request,200,OK,Candidate Creation Thread Group 1-92,text,true,,335,494,1407,1407,http://localhost:8080/web/index.php/api/v2/recruitment/candidates,3297,0,1
1768409830959,3315,Create Candidate Request,200,OK,Candidate Creation Thread Group 1-99,text,true,,335,494,1406,1406,http://localhost:8080/web/index.php/api/v2/recruitment/candidates,3315,0,0
1768409830959,3332,Create Candidate Request,200,OK,Candidate Creation Thread Group 1-98,text,true,,335,494,1405,1405,http://localhost:8080/web/index.php/api/v2/recruitment/candidates,3332,0,0
1768409830959,3381,Create Candidate Request,200,OK,Candidate Creation Thread Group 1-91,text,true,,335,494,1404,1404,http://localhost:8080/web/index.php/api/v2/recruitment/candidates,3351,0,0
1768409830959,3396,Create Candidate Request,200,OK,Candidate Creation Thread Group 1-83,text,true,,335,494,1403,1403,http://localhost:8080/web/index.php/api/v2/recruitment/candidates,3395,0,1
1768409830959,3415,Create Candidate Request,200,OK,Candidate Creation Thread Group 1-82,text,true,,335,494,1402,1402,http://localhost:8080/web/index.php/api/v2/recruitment/candidates,3414,0,1
1768409830961,3430,Create Candidate Request,200,OK,Candidate Creation Thread Group 1-100,text,true,,335,494,1401,1401,http://localhost:8080/web/index.php/api/v2/recruitment/candidates,3430,0,0
1768409830966,3491,Create Candidate Request,200,OK,Candidate Creation Thread Group 1-101,text,true,,332,491,1400,1400,http://localhost:8080/web/index.php/api/v2/recruitment/candidates,3491,0,1
1768409830966,3510,Create Candidate Request,200,OK,Candidate Creation Thread Group 1-104,text,true,,332,491,1399,1399,http://localhost:8080/web/index.php/api/v2/recruitment/candidates,3510,0,0
1768409830967,3528,Create Candidate Request,200,OK,Candidate Creation Thread Group 1-102,text,true,,332,491,1398,1398,http://localhost:8080/web/index.php/api/v2/recruitment/candidates,3528,0,0
1768409830967,3545,Create Candidate Request,200,OK,Candidate Creation Thread Group 1-105,text,true,,332,491,1397,1397,http://localhost:8080/web/index.php/api/v2/recruitment/candidates,3545,0,0
1768409830967,3591,Create Candidate Request,200,OK,Candidate Creation Thread Group 1-107,text,true,,332,491,1396,1396,http://localhost:8080/web/index.php/api/v2/recruitment/candidates,3591,0,0
1768409830967,3609,Create Candidate Request,200,OK,Candidate Creation Thread Group 1-106,text,true,,332,491,1395,1395,http://localhost:8080/web/index.php/api/v2/recruitment/candidates,3608,0,1
1768409830967,3677,Create Candidate Request,200,OK,Candidate Creation Thread Group 1-103,text,true,,332,491,1394,1394,http://localhost:8080/web/index.php/api/v2/recruitment/candidates,3676,0,1
1768409830968,3891,Create Candidate Request,200,OK,Candidate Creation Thread Group 1-108,text,true,,332,491,1393,1393,http://localhost:8080/web/index.php/api/v2/recruitment/candidates,3890,0,0
1768409830991,3980,Create Candidate Request,200,OK,Candidate Creation Thread Group 1-130,text,true,,335,494,1392,1392,http://localhost:8080/web/index.php/api/v2/recruitment/candidates,3980,0,0
1768409830969,4019,Create Candidate Request,200,OK,Candidate Creation Thread Group 1-109,text,true,,332,491,1391,1391,http://localhost:8080/web/index.php/api/v2/recruitment/candidates,4019,0,1
1768409830971,4034,Create Candidate Request,200,OK,Candidate Creation Thread Group 1-110,text,true,,335,494,1390,1390,http://localhost:8080/web/index.php/api/v2/recruitment/candidates,4033,0,1
1768409830971,4084,Create Candidate Request,200,OK,Candidate Creation Thread Group 1-111,text,true,,335,494,1389,1389,http://localhost:8080/web/index.php/api/v2/recruitment/candidates,4083,0,1
1768409830973,4097,Create Candidate Request,200,OK,Candidate Creation Thread Group 1-112,text,true,,335,494,1388,1388,http://localhost:8080/web/index.php/api/v2/recruitment/candidates,4097,0,0
1768409830974,4119,Create Candidate Request,200,OK,Candidate Creation Thread Group 1-113,text,true,,335,494,1387,1387,http://localhost:8080/web/index.php/api/v2/recruitment/candidates,4119,0,0
1768409830975,4176,Create Candidate Request,200,OK,Candidate Creation Thread Group 1-114,text,true,,335,494,1386,1386,http://localhost:8080/web/index.php/api/v2/recruitment/candidates,4176,0,0
1768409830976,4191,Create Candidate Request,200,OK,Candidate Creation Thread Group 1-115,text,true,,335,494,1385,1385,http://localhost:8080/web/index.php/api/v2/recruitment/candidates,4191,0,0
1768409830977,4206,Create Candidate Request,200,OK,Candidate Creation Thread Group 1-116,text,true,,335,494,1384,1384,http://localhost:8080/web/index.php/api/v2/recruitment/candidates,4206,0,0
1768409830978,4223,Create Candidate Request,200,OK,Candidate Creation Thread Group 1-117,text,true,,335,494,1383,1383,http://localhost:8080/web/index.php/api/v2/recruitment/candidates,4223,0,0
1768409830979,4276,Create Candidate Request,200,OK,Candidate Creation Thread Group 1-118,text,true,,335,494,1382,1382,http://localhost:8080/web/index.php/api/v2/recruitment/candidates,4276,0,0
1768409830980,4293,Create Candidate Request,200,OK,Candidate Creation Thread Group 1-119,text,true,,335,494,1381,1381,http://localhost:8080/web/index.php/api/v2/recruitment/candidates,4293,0,0
1768409830981,4308,Create Candidate Request,200,OK,Candidate Creation Thread Group 1-121,text,true,,335,494,1380,1380,http://localhost:8080/web/index.php/api/v2/recruitment/candidates,4308,0,0
1768409830981,4324,Create Candidate Request,200,OK,Candidate Creation Thread Group 1-120,text,true,,335,494,1379,1379,http://localhost:8080/web/index.php/api/v2/recruitment/candidates,4324,0,0
1768409830982,4375,Create Candidate Request,200,OK,Candidate Creation Thread Group 1-122,text,true,,335,494,1378,1378,http://localhost:8080/web/index.php/api/v2/recruitment/candidates,4374,0,0
1768409830983,4392,Create Candidate Request,200,OK,Candidate Creation Thread Group 1-123,text,true,,335,494,1377,1377,http://localhost:8080/web/index.php/api/v2/recruitment/candidates,4392,0,0
1768409830990,4404,Create Candidate Request,200,OK,Candidate Creation Thread Group 1-129,text,true,,335,494,1376,1376,http://localhost:8080/web/index.php/api/v2/recruitment/candidates,4403,0,0
1768409830988,4452,Create Candidate Request,200,OK,Candidate Creation Thread Group 1-127,text,true,,335,494,1375,1375,http://localhost:8080/web/index.php/api/v2/recruitment/candidates,4424,0,0
1768409830993,4463,Create Candidate Request,200,OK,Candidate Creation Thread Group 1-132,text,true,,335,494,1374,1374,http://localhost:8080/web/index.php/api/v2/recruitment/candidates,4463,0,0
1768409830987,4487,Create Candidate Request,200,OK,Candidate Creation Thread Group 1-126,text,true,,335,494,1373,1373,http://localhost:8080/web/index.php/api/v2/recruitment/candidates,4487,0,0
1768409830984,4513,Create Candidate Request,200,OK,Candidate Creation Thread Group 1-124,text,true,,335,494,1372,1372,http://localhost:8080/web/index.php/api/v2/recruitment/candidates,4513,0,1
1768409830989,4571,Create Candidate Request,200,OK,Candidate Creation Thread Group 1-128,text,true,,335,494,1371,1371,http://localhost:8080/web/index.php/api/v2/recruitment/candidates,4570,0,0
1768409830992,4589,Create Candidate Request,200,OK,Candidate Creation Thread Group 1-131,text,true,,335,494,1370,1370,http://localhost:8080/web/index.php/api/v2/recruitment/candidates,4589,0,0
1768409830985,4620,Create Candidate Request,200,OK,Candidate Creation Thread Group 1-125,text,true,,335,494,1369,1369,http://localhost:8080/web/index.php/api/v2/recruitment/candidates,4619,0,1
1768409830994,4948,Create Candidate Request,200,OK,Candidate Creation Thread Group 1-134,text,true,,335,494,1368,1368,http://localhost:8080/web/index.php/api/v2/recruitment/candidates,4948,0,0
1768409830994,5347,Create Candidate Request,200,OK,Candidate Creation Thread Group 1-133,text,true,,335,494,1367,1367,http://localhost:8080/web/index.php/api/v2/recruitment/candidates,5259,0,0
1768409830995,5557,Create Candidate Request,200,OK,Candidate Creation Thread Group 1-135,text,true,,335,494,1366,1366,http://localhost:8080/web/index.php/api/v2/recruitment/candidates,5557,0,0
1768409830996,5673,Create Candidate Request,200,OK,Candidate Creation Thread Group 1-136,text,true,,335,494,1365,1365,http://localhost:8080/web/index.php/api/v2/recruitment/candidates,5673,0,0
1768409830997,5761,Create Candidate Request,200,OK,Candidate Creation Thread Group 1-137,text,true,,335,494,1364,1364,http://localhost:8080/web/index.php/api/v2/recruitment/candidates,5760,0,1
1768409830998,5945,Create Candidate Request,200,OK,Candidate Creation Thread Group 1-138,text,true,,335,494,1363,1363,http://localhost:8080/web/index.php/api/v2/recruitment/candidates,5945,0,1
1768409831000,6747,Create Candidate Request,200,OK,Candidate Creation Thread Group 1-139,text,true,,335,494,1362,1362,http://localhost:8080/web/index.php/api/v2/recruitment/candidates,6746,0,0
1768409831001,7052,Create Candidate Request,200,OK,Candidate Creation Thread Group 1-140,text,true,,335,494,1361,1361,http://localhost:8080/web/index.php/api/v2/recruitment/candidates,7051,0,0
1768409831002,7260,Create Candidate Request,200,OK,Candidate Creation Thread Group 1-141,text,true,,335,494,1360,1360,http://localhost:8080/web/index.php/api/v2/recruitment/candidates,7260,0,0
1768409831003,7277,Create Candidate Request,200,OK,Candidate Creation Thread Group 1-142,text,true,,335,494,1359,1359,http://localhost:8080/web/index.php/api/v2/recruitment/candidates,7277,0,0
1768409831004,7442,Create Candidate Request,200,OK,Candidate Creation Thread Group 1-143,text,true,,335,494,1358,1358,http://localhost:8080/web/index.php/api/v2/recruitment/candidates,7439,0,0
1768409831005,8343,Create Candidate Request,200,OK,Candidate Creation Thread Group 1-144,text,true,,335,494,1357,1357,http://localhost:8080/web/index.php/api/v2/recruitment/candidates,8246,0,0
1768409831006,8938,Create Candidate Request,200,OK,Candidate Creation Thread Group 1-145,text,true,,335,494,1356,1356,http://localhost:8080/web/index.php/api/v2/recruitment/candidates,8936,0,0
1768409831007,9342,Create Candidate Request,200,OK,Candidate Creation Thread Group 1-146,text,true,,335,494,1355,1355,http://localhost:8080/web/index.php/api/v2/recruitment/candidates,9342,0,0
1768409831008,9538,Create Candidate Request,200,OK,Candidate Creation Thread Group 1-147,text,true,,335,494,1354,1354,http://localhost:8080/web/index.php/api/v2/recruitment/candidates,9538,0,0
1768409831009,10144,Create Candidate Request,200,OK,Candidate Creation Thread Group 1-148,text,true,,335,494,1353,1353,http://localhost:8080/web/index.php/api/v2/recruitment/candidates,10143,0,0
1768409831009,10836,Create Candidate Request,200,OK,Candidate Creation Thread Group 1-149,text,true,,335,494,1352,1352,http://localhost:8080/web/index.php/api/v2/recruitment/candidates,10743,0,0
1768409831145,10809,Create Candidate Request,200,OK,Candidate Creation Thread Group 1-284,text,true,,335,494,1351,1351,http://localhost:8080/web/index.php/api/v2/recruitment/candidates,10808,0,0
1768409831133,10917,Create Candidate Request,200,OK,Candidate Creation Thread Group 1-272,text,true,,335,494,1350,1350,http://localhost:8080/web/index.php/api/v2/recruitment/candidates,10917,0,0
1768409831010,11059,Create Candidate Request,200,OK,Candidate Creation Thread Group 1-150,text,true,,335,494,1349,1349,http://localhost:8080/web/index.php/api/v2/recruitment/candidates,11058,0,1
1768409831017,11070,Create Candidate Request,200,OK,Candidate Creation Thread Group 1-155,text,true,,332,491,1348,1348,http://localhost:8080/web/index.php/api/v2/recruitment/candidates,11069,0,0
1768409831017,11086,Create Candidate Request,200,OK,Candidate Creation Thread Group 1-151,text,true,,332,491,1347,1347,http://localhost:8080/web/index.php/api/v2/recruitment/candidates,11085,0,0
1768409831017,11134,Create Candidate Request,200,OK,Candidate Creation Thread Group 1-152,text,true,,332,491,1346,1346,http://localhost:8080/web/index.php/api/v2/recruitment/candidates,11134,0,0
1768409831017,11324,Create Candidate Request,200,OK,Candidate Creation Thread Group 1-156,text,true,,332,491,1345,1345,http://localhost:8080/web/index.php/api/v2/recruitment/candidates,11324,0,1
1768409831018,11530,Create Candidate Request,200,OK,Candidate Creation Thread Group 1-153,text,true,,332,491,1344,1344,http://localhost:8080/web/index.php/api/v2/recruitment/candidates,11530,0,0
1768409831018,11639,Create Candidate Request,200,OK,Candidate Creation Thread Group 1-154,text,true,,332,491,1343,1343,http://localhost:8080/web/index.php/api/v2/recruitment/candidates,11638,0,0
1768409831018,11738,Create Candidate Request,200,OK,Candidate Creation Thread Group 1-157,text,true,,332,491,1342,1342,http://localhost:8080/web/index.php/api/v2/recruitment/candidates,11737,0,0
1768409831020,11755,Create Candidate Request,200,OK,Candidate Creation Thread Group 1-159,text,true,,332,491,1341,1341,http://localhost:8080/web/index.php/api/v2/recruitment/candidates,11754,0,0
1768409831023,11769,Create Candidate Request,200,OK,Candidate Creation Thread Group 1-162,text,true,,335,494,1340,1340,http://localhost:8080/web/index.php/api/v2/recruitment/candidates,11769,0,0
1768409831022,11831,Create Candidate Request,200,OK,Candidate Creation Thread Group 1-161,text,true,,335,494,1339,1339,http://localhost:8080/web/index.php/api/v2/recruitment/candidates,11831,0,0
1768409831027,11844,Create Candidate Request,200,OK,Candidate Creation Thread Group 1-167,text,true,,335,494,1338,1338,http://localhost:8080/web/index.php/api/v2/recruitment/candidates,11844,0,0
1768409831021,11869,Create Candidate Request,200,OK,Candidate Creation Thread Group 1-160,text,true,,335,494,1337,1337,http://localhost:8080/web/index.php/api/v2/recruitment/candidates,11869,0,0
1768409831026,11886,Create Candidate Request,200,OK,Candidate Creation Thread Group 1-165,text,true,,335,494,1336,1336,http://localhost:8080/web/index.php/api/v2/recruitment/candidates,11885,0,0
1768409831034,11928,Create Candidate Request,200,OK,Candidate Creation Thread Group 1-173,text,true,,335,494,1335,1335,http://localhost:8080/web/index.php/api/v2/recruitment/candidates,11927,0,0
1768409831126,11859,Create Candidate Request,200,OK,Candidate Creation Thread Group 1-266,text,true,,335,494,1334,1334,http://localhost:8080/web/index.php/api/v2/recruitment/candidates,11859,0,0
1768409831028,11981,Create Candidate Request,200,OK,Candidate Creation Thread Group 1-168,text,true,,335,494,1333,1333,http://localhost:8080/web/index.php/api/v2/recruitment/candidates,11980,0,0
1768409831121,11927,Create Candidate Request,200,OK,Candidate Creation Thread Group 1-260,text,true,,335,494,1332,1332,http://localhost:8080/web/index.php/api/v2/recruitment/candidates,11926,0,0
1768409831024,12050,Create Candidate Request,200,OK,Candidate Creation Thread Group 1-163,text,true,,335,494,1331,1331,http://localhost:8080/web/index.php/api/v2/recruitment/candidates,12050,0,0
1768409831025,12075,Create Candidate Request,200,OK,Candidate Creation Thread Group 1-164,text,true,,335,494,1330,1330,http://localhost:8080/web/index.php/api/v2/recruitment/candidates,12074,0,0
1768409831140,12014,Create Candidate Request,200,OK,Candidate Creation Thread Group 1-280,text,true,,335,494,1329,1329,http://localhost:8080/web/index.php/api/v2/recruitment/candidates,12013,0,1
1768409831019,12162,Create Candidate Request,200,OK,Candidate Creation Thread Group 1-158,text,true,,332,491,1328,1328,http://localhost:8080/web/index.php/api/v2/recruitment/candidates,12162,0,0
1768409831027,12174,Create Candidate Request,200,OK,Candidate Creation Thread Group 1-166,text,true,,335,494,1327,1327,http://localhost:8080/web/index.php/api/v2/recruitment/candidates,12173,0,0
1768409831033,12225,Create Candidate Request,200,OK,Candidate Creation Thread Group 1-172,text,true,,335,494,1326,1326,http://localhost:8080/web/index.php/api/v2/recruitment/candidates,12225,0,0
1768409831137,12138,Create Candidate Request,200,OK,Candidate Creation Thread Group 1-277,text,true,,335,494,1325,1325,http://localhost:8080/web/index.php/api/v2/recruitment/candidates,12138,0,0
1768409831035,12259,Create Candidate Request,200,OK,Candidate Creation Thread Group 1-174,text,true,,335,494,1324,1324,http://localhost:8080/web/index.php/api/v2/recruitment/candidates,12259,0,0
1768409831144,12208,Create Candidate Request,200,OK,Candidate Creation Thread Group 1-283,text,true,,335,494,1323,1323,http://localhost:8080/web/index.php/api/v2/recruitment/candidates,12207,0,0
1768409831036,12333,Create Candidate Request,200,OK,Candidate Creation Thread Group 1-175,text,true,,335,494,1322,1322,http://localhost:8080/web/index.php/api/v2/recruitment/candidates,12333,0,0
1768409831138,12249,Create Candidate Request,200,OK,Candidate Creation Thread Group 1-278,text,true,,335,494,1321,1321,http://localhost:8080/web/index.php/api/v2/recruitment/candidates,12249,0,0
1768409831123,12282,Create Candidate Request,200,OK,Candidate Creation Thread Group 1-262,text,true,,335,494,1320,1320,http://localhost:8080/web/index.php/api/v2/recruitment/candidates,12282,0,0
1768409831030,12426,Create Candidate Request,200,OK,Candidate Creation Thread Group 1-169,text,true,,335,494,1319,1319,http://localhost:8080/web/index.php/api/v2/recruitment/candidates,12426,0,0
1768409831031,12447,Create Candidate Request,200,OK,Candidate Creation Thread Group 1-170,text,true,,335,494,1318,1318,http://localhost:8080/web/index.php/api/v2/recruitment/candidates,12447,0,0
1768409831032,12465,Create Candidate Request,200,OK,Candidate Creation Thread Group 1-171,text,true,,335,494,1317,1317,http://localhost:8080/web/index.php/api/v2/recruitment/candidates,12465,0,0
1768409831037,12512,Create Candidate Request,200,OK,Candidate Creation Thread Group 1-176,text,true,,335,494,1316,1316,http://localhost:8080/web/index.php/api/v2/recruitment/candidates,12512,0,0
1768409831038,12530,Create Candidate Request,200,OK,Candidate Creation Thread Group 1-177,text,true,,335,494,1315,1315,http://localhost:8080/web/index.php/api/v2/recruitment/candidates,12530,0,0
1768409831038,12551,Create Candidate Request,200,OK,Candidate Creation Thread Group 1-178,text,true,,335,494,1314,1314,http://localhost:8080/web/index.php/api/v2/recruitment/candidates,12550,0,0
1768409831040,12600,Create Candidate Request,200,OK,Candidate Creation Thread Group 1-180,text,true,,335,494,1313,1313,http://localhost:8080/web/index.php/api/v2/recruitment/candidates,12567,0,4
1768409831047,12610,Create Candidate Request,200,OK,Candidate Creation Thread Group 1-183,text,true,,335,494,1312,1312,http://localhost:8080/web/index.php/api/v2/recruitment/candidates,12610,0,0
1768409831043,12637,Create Candidate Request,200,OK,Candidate Creation Thread Group 1-182,text,true,,335,494,1311,1311,http://localhost:8080/web/index.php/api/v2/recruitment/candidates,12637,0,1
1768409831048,12649,Create Candidate Request,200,OK,Candidate Creation Thread Group 1-186,text,true,,335,494,1310,1310,http://localhost:8080/web/index.php/api/v2/recruitment/candidates,12648,0,0
1768409831130,12622,Create Candidate Request,200,OK,Candidate Creation Thread Group 1-269,text,true,,335,494,1309,1309,http://localhost:8080/web/index.php/api/v2/recruitment/candidates,12622,0,0
1768409831051,12719,Create Candidate Request,200,OK,Candidate Creation Thread Group 1-185,text,true,,335,494,1308,1308,http://localhost:8080/web/index.php/api/v2/recruitment/candidates,12718,0,0
1768409831052,12736,Create Candidate Request,200,OK,Candidate Creation Thread Group 1-190,text,true,,335,494,1307,1307,http://localhost:8080/web/index.php/api/v2/recruitment/candidates,12735,0,2
1768409831039,12768,Create Candidate Request,200,OK,Candidate Creation Thread Group 1-179,text,true,,335,494,1306,1306,http://localhost:8080/web/index.php/api/v2/recruitment/candidates,12767,0,0
1768409831051,12805,Create Candidate Request,200,OK,Candidate Creation Thread Group 1-189,text,true,,335,494,1305,1305,http://localhost:8080/web/index.php/api/v2/recruitment/candidates,12805,0,0
1768409831052,12824,Create Candidate Request,200,OK,Candidate Creation Thread Group 1-184,text,true,,335,494,1304,1304,http://localhost:8080/web/index.php/api/v2/recruitment/candidates,12823,0,2
1768409831068,12827,Create Candidate Request,200,OK,Candidate Creation Thread Group 1-201,text,true,,332,491,1303,1303,http://localhost:8080/web/index.php/api/v2/recruitment/candidates,12826,0,0
1768409831059,12852,Create Candidate Request,200,OK,Candidate Creation Thread Group 1-197,text,true,,335,494,1302,1302,http://localhost:8080/web/index.php/api/v2/recruitment/candidates,12852,0,0
1768409831056,12900,Create Candidate Request,200,OK,Candidate Creation Thread Group 1-194,text,true,,335,494,1301,1301,http://localhost:8080/web/index.php/api/v2/recruitment/candidates,12900,0,0
1768409831061,12914,Create Candidate Request,200,OK,Candidate Creation Thread Group 1-200,text,true,,335,494,1300,1300,http://localhost:8080/web/index.php/api/v2/recruitment/candidates,12914,0,0
1768409831070,12924,Create Candidate Request,200,OK,Candidate Creation Thread Group 1-210,text,true,,335,494,1299,1299,http://localhost:8080/web/index.php/api/v2/recruitment/candidates,12923,0,1
1768409831067,12973,Create Candidate Request,200,OK,Candidate Creation Thread Group 1-203,text,true,,332,491,1298,1298,http://localhost:8080/web/index.php/api/v2/recruitment/candidates,12944,0,1
1768409831067,12991,Create Candidate Request,200,OK,Candidate Creation Thread Group 1-206,text,true,,332,491,1297,1297,http://localhost:8080/web/index.php/api/v2/recruitment/candidates,12991,0,1
1768409831072,13003,Create Candidate Request,200,OK,Candidate Creation Thread Group 1-211,text,true,,335,494,1296,1296,http://localhost:8080/web/index.php/api/v2/recruitment/candidates,13003,0,0
1768409831050,13042,Create Candidate Request,200,OK,Candidate Creation Thread Group 1-181,text,true,,335,494,1295,1295,http://localhost:8080/web/index.php/api/v2/recruitment/candidates,13042,0,2
1768409831068,13085,Create Candidate Request,200,OK,Candidate Creation Thread Group 1-204,text,true,,332,491,1294,1294,http://localhost:8080/web/index.php/api/v2/recruitment/candidates,13085,0,0
1768409831067,13108,Create Candidate Request,200,OK,Candidate Creation Thread Group 1-207,text,true,,332,491,1293,1293,http://localhost:8080/web/index.php/api/v2/recruitment/candidates,13108,0,1
1768409831074,13119,Create Candidate Request,200,OK,Candidate Creation Thread Group 1-213,text,true,,335,494,1292,1292,http://localhost:8080/web/index.php/api/v2/recruitment/candidates,13119,0,0
1768409831049,13164,Create Candidate Request,200,OK,Candidate Creation Thread Group 1-187,text,true,,335,494,1291,1291,http://localhost:8080/web/index.php/api/v2/recruitment/candidates,13164,0,0
1768409831053,13204,Create Candidate Request,200,OK,Candidate Creation Thread Group 1-188,text,true,,335,494,1290,1290,http://localhost:8080/web/index.php/api/v2/recruitment/candidates,13204,0,2
1768409831068,13206,Create Candidate Request,200,OK,Candidate Creation Thread Group 1-205,text,true,,332,491,1289,1289,http://localhost:8080/web/index.php/api/v2/recruitment/candidates,13205,0,0
1768409831069,13221,Create Candidate Request,200,OK,Candidate Creation Thread Group 1-209,text,true,,332,491,1288,1288,http://localhost:8080/web/index.php/api/v2/recruitment/candidates,13221,0,0
1768409831059,13292,Create Candidate Request,200,OK,Candidate Creation Thread Group 1-198,text,true,,335,494,1287,1287,http://localhost:8080/web/index.php/api/v2/recruitment/candidates,13292,0,0
1768409831054,13318,Create Candidate Request,200,OK,Candidate Creation Thread Group 1-193,text,true,,335,494,1286,1286,http://localhost:8080/web/index.php/api/v2/recruitment/candidates,13317,0,2
1768409831068,13324,Create Candidate Request,200,OK,Candidate Creation Thread Group 1-202,text,true,,332,491,1285,1285,http://localhost:8080/web/index.php/api/v2/recruitment/candidates,13324,0,0
1768409831131,13309,Create Candidate Request,200,OK,Candidate Creation Thread Group 1-270,text,true,,335,494,1284,1284,http://localhost:8080/web/index.php/api/v2/recruitment/candidates,13280,0,0
1768409831068,13384,Create Candidate Request,200,OK,Candidate Creation Thread Group 1-208,text,true,,332,491,1283,1283,http://localhost:8080/web/index.php/api/v2/recruitment/candidates,13384,0,0
1768409831053,13422,Create Candidate Request,200,OK,Candidate Creation Thread Group 1-191,text,true,,335,494,1282,1282,http://localhost:8080/web/index.php/api/v2/recruitment/candidates,13421,0,2
1768409831056,13442,Create Candidate Request,200,OK,Candidate Creation Thread Group 1-195,text,true,,335,494,1281,1281,http://localhost:8080/web/index.php/api/v2/recruitment/candidates,13442,0,0
1768409831057,13492,Create Candidate Request,200,OK,Candidate Creation Thread Group 1-196,text,true,,335,494,1280,1280,http://localhost:8080/web/index.php/api/v2/recruitment/candidates,13492,0,0
1768409831060,13511,Create Candidate Request,200,OK,Candidate Creation Thread Group 1-199,text,true,,335,494,1279,1279,http://localhost:8080/web/index.php/api/v2/recruitment/candidates,13511,0,0
1768409831074,13514,Create Candidate Request,200,OK,Candidate Creation Thread Group 1-212,text,true,,335,494,1278,1278,http://localhost:8080/web/index.php/api/v2/recruitment/candidates,13514,0,0
1768409831055,13552,Create Candidate Request,200,OK,Candidate Creation Thread Group 1-192,text,true,,335,494,1277,1277,http://localhost:8080/web/index.php/api/v2/recruitment/candidates,13552,0,1
1768409831075,13581,Create Candidate Request,200,OK,Candidate Creation Thread Group 1-214,text,true,,335,494,1276,1276,http://localhost:8080/web/index.php/api/v2/recruitment/candidates,13581,0,0
1768409831080,13597,Create Candidate Request,200,OK,Candidate Creation Thread Group 1-219,text,true,,335,494,1275,1275,http://localhost:8080/web/index.php/api/v2/recruitment/candidates,13596,0,0
1768409831081,13615,Create Candidate Request,200,OK,Candidate Creation Thread Group 1-220,text,true,,335,494,1274,1274,http://localhost:8080/web/index.php/api/v2/recruitment/candidates,13614,0,0
1768409831076,13636,Create Candidate Request,200,OK,Candidate Creation Thread Group 1-215,text,true,,335,494,1273,1273,http://localhost:8080/web/index.php/api/v2/recruitment/candidates,13635,0,0
1768409831077,13680,Create Candidate Request,200,OK,Candidate Creation Thread Group 1-216,text,true,,335,494,1272,1272,http://localhost:8080/web/index.php/api/v2/recruitment/candidates,13680,0,0
1768409831079,13702,Create Candidate Request,200,OK,Candidate Creation Thread Group 1-218,text,true,,335,494,1271,1271,http://localhost:8080/web/index.php/api/v2/recruitment/candidates,13702,0,0
1768409831084,13719,Create Candidate Request,200,OK,Candidate Creation Thread Group 1-224,text,true,,335,494,1270,1270,http://localhost:8080/web/index.php/api/v2/recruitment/candidates,13719,0,0
1768409831092,13764,Create Candidate Request,200,OK,Candidate Creation Thread Group 1-232,text,true,,335,494,1269,1269,http://localhost:8080/web/index.php/api/v2/recruitment/candidates,13764,0,0
1768409831086,13791,Create Candidate Request,200,OK,Candidate Creation Thread Group 1-226,text,true,,335,494,1268,1268,http://localhost:8080/web/index.php/api/v2/recruitment/candidates,13791,0,0
1768409831090,13806,Create Candidate Request,200,OK,Candidate Creation Thread Group 1-229,text,true,,335,494,1267,1267,http://localhost:8080/web/index.php/api/v2/recruitment/candidates,13805,0,0
1768409831085,13865,Create Candidate Request,200,OK,Candidate Creation Thread Group 1-225,text,true,,335,494,1266,1266,http://localhost:8080/web/index.php/api/v2/recruitment/candidates,13864,0,1
1768409831091,13877,Create Candidate Request,200,OK,Candidate Creation Thread Group 1-231,text,true,,335,494,1265,1265,http://localhost:8080/web/index.php/api/v2/recruitment/candidates,13877,0,0
1768409831099,13887,Create Candidate Request,200,OK,Candidate Creation Thread Group 1-238,text,true,,335,494,1264,1264,http://localhost:8080/web/index.php/api/v2/recruitment/candidates,13887,0,0
1768409831078,13927,Create Candidate Request,200,OK,Candidate Creation Thread Group 1-217,text,true,,335,494,1263,1263,http://localhost:8080/web/index.php/api/v2/recruitment/candidates,13927,0,0
1768409831093,13964,Create Candidate Request,200,OK,Candidate Creation Thread Group 1-233,text,true,,335,494,1262,1262,http://localhost:8080/web/index.php/api/v2/recruitment/candidates,13963,0,0
1768409831097,13982,Create Candidate Request,200,OK,Candidate Creation Thread Group 1-236,text,true,,335,494,1261,1261,http://localhost:8080/web/index.php/api/v2/recruitment/candidates,13982,0,0
1768409831106,13990,Create Candidate Request,200,OK,Candidate Creation Thread Group 1-245,text,true,,335,494,1260,1260,http://localhost:8080/web/index.php/api/v2/recruitment/candidates,13989,0,0
1768409831089,14025,Create Candidate Request,200,OK,Candidate Creation Thread Group 1-228,text,true,,335,494,1259,1259,http://localhost:8080/web/index.php/api/v2/recruitment/candidates,14024,0,0
1768409831096,14064,Create Candidate Request,200,OK,Candidate Creation Thread Group 1-235,text,true,,335,494,1258,1258,http://localhost:8080/web/index.php/api/v2/recruitment/candidates,14063,0,0
1768409831108,14069,Create Candidate Request,200,OK,Candidate Creation Thread Group 1-247,text,true,,335,494,1257,1257,http://localhost:8080/web/index.php/api/v2/recruitment/candidates,14069,0,0
1768409831090,14105,Create Candidate Request,200,OK,Candidate Creation Thread Group 1-230,text,true,,335,494,1256,1256,http://localhost:8080/web/index.php/api/v2/recruitment/candidates,14105,0,0
1768409831087,14167,Create Candidate Request,200,OK,Candidate Creation Thread Group 1-227,text,true,,335,494,1255,1255,http://localhost:8080/web/index.php/api/v2/recruitment/candidates,14167,0,1
1768409831104,14170,Create Candidate Request,200,OK,Candidate Creation Thread Group 1-244,text,true,,335,494,1254,1254,http://localhost:8080/web/index.php/api/v2/recruitment/candidates,14169,0,1
1768409831107,14183,Create Candidate Request,200,OK,Candidate Creation Thread Group 1-246,text,true,,335,494,1253,1253,http://localhost:8080/web/index.php/api/v2/recruitment/candidates,14183,0,0
1768409831082,14227,Create Candidate Request,200,OK,Candidate Creation Thread Group 1-221,text,true,,335,494,1252,1252,http://localhost:8080/web/index.php/api/v2/recruitment/candidates,14227,0,0
1768409831101,14255,Create Candidate Request,200,OK,Candidate Creation Thread Group 1-241,text,true,,335,494,1251,1251,http://localhost:8080/web/index.php/api/v2/recruitment/candidates,14254,0,0
1768409831098,14278,Create Candidate Request,200,OK,Candidate Creation Thread Group 1-237,text,true,,335,494,1250,1250,http://localhost:8080/web/index.php/api/v2/recruitment/candidates,14278,0,0
1768409831083,14312,Create Candidate Request,200,OK,Candidate Creation Thread Group 1-223,text,true,,335,494,1249,1249,http://localhost:8080/web/index.php/api/v2/recruitment/candidates,14312,0,0
1768409831082,14366,Create Candidate Request,200,OK,Candidate Creation Thread Group 1-222,text,true,,335,494,1248,1248,http://localhost:8080/web/index.php/api/v2/recruitment/candidates,14365,0,0
1768409831102,14369,Create Candidate Request,200,OK,Candidate Creation Thread Group 1-242,text,true,,335,494,1247,1247,http://localhost:8080/web/index.php/api/v2/recruitment/candidates,14369,0,0
1768409831103,14389,Create Candidate Request,200,OK,Candidate Creation Thread Group 1-243,text,true,,335,494,1246,1246,http://localhost:8080/web/index.php/api/v2/recruitment/candidates,14389,0,0
1768409831094,14446,Create Candidate Request,200,OK,Candidate Creation Thread Group 1-234,text,true,,335,494,1245,1245,http://localhost:8080/web/index.php/api/v2/recruitment/candidates,14418,0,1
1768409831100,14460,Create Candidate Request,200,OK,Candidate Creation Thread Group 1-239,text,true,,335,494,1244,1244,http://localhost:8080/web/index.php/api/v2/recruitment/candidates,14459,0,0
1768409831101,14482,Create Candidate Request,200,OK,Candidate Creation Thread Group 1-240,text,true,,335,494,1243,1243,http://localhost:8080/web/index.php/api/v2/recruitment/candidates,14481,0,0
1768409831109,14491,Create Candidate Request,200,OK,Candidate Creation Thread Group 1-248,text,true,,335,494,1242,1242,http://localhost:8080/web/index.php/api/v2/recruitment/candidates,14491,0,0
1768409831110,14549,Create Candidate Request,200,OK,Candidate Creation Thread Group 1-249,text,true,,335,494,1241,1241,http://localhost:8080/web/index.php/api/v2/recruitment/candidates,14548,0,0
1768409831111,14565,Create Candidate Request,200,OK,Candidate Creation Thread Group 1-250,text,true,,335,494,1240,1240,http://localhost:8080/web/index.php/api/v2/recruitment/candidates,14564,0,5
1768409831117,14578,Create Candidate Request,200,OK,Candidate Creation Thread Group 1-253,text,true,,332,491,1239,1239,http://localhost:8080/web/index.php/api/v2/recruitment/candidates,14578,0,0
1768409831117,14624,Create Candidate Request,200,OK,Candidate Creation Thread Group 1-255,text,true,,332,491,1238,1238,http://localhost:8080/web/index.php/api/v2/recruitment/candidates,14624,0,0
1768409831117,14642,Create Candidate Request,200,OK,Candidate Creation Thread Group 1-252,text,true,,332,491,1237,1237,http://localhost:8080/web/index.php/api/v2/recruitment/candidates,14641,0,0
1768409831124,14656,Create Candidate Request,200,OK,Candidate Creation Thread Group 1-264,text,true,,335,494,1236,1236,http://localhost:8080/web/index.php/api/v2/recruitment/candidates,14656,0,0
1768409831138,14661,Create Candidate Request,200,OK,Candidate Creation Thread Group 1-276,text,true,,335,494,1235,1235,http://localhost:8080/web/index.php/api/v2/recruitment/candidates,14661,0,0
1768409831122,14734,Create Candidate Request,200,OK,Candidate Creation Thread Group 1-261,text,true,,335,494,1234,1234,http://localhost:8080/web/index.php/api/v2/recruitment/candidates,14734,0,0
1768409831117,14758,Create Candidate Request,200,OK,Candidate Creation Thread Group 1-251,text,true,,332,491,1233,1233,http://localhost:8080/web/index.php/api/v2/recruitment/candidates,14758,0,0
1768409831120,14775,Create Candidate Request,200,OK,Candidate Creation Thread Group 1-259,text,true,,332,491,1232,1232,http://localhost:8080/web/index.php/api/v2/recruitment/candidates,14774,0,0
1768409831119,14795,Create Candidate Request,200,OK,Candidate Creation Thread Group 1-258,text,true,,332,491,1231,1231,http://localhost:8080/web/index.php/api/v2/recruitment/candidates,14794,0,0
1768409831134,14827,Create Candidate Request,200,OK,Candidate Creation Thread Group 1-273,text,true,,335,494,1230,1230,http://localhost:8080/web/index.php/api/v2/recruitment/candidates,14827,0,0
1768409831128,14851,Create Candidate Request,200,OK,Candidate Creation Thread Group 1-268,text,true,,335,494,1229,1229,http://localhost:8080/web/index.php/api/v2/recruitment/candidates,14850,0,1
1768409831118,14879,Create Candidate Request,200,OK,Candidate Creation Thread Group 1-257,text,true,,332,491,1228,1228,http://localhost:8080/web/index.php/api/v2/recruitment/candidates,14879,0,0
1768409831125,14930,Create Candidate Request,200,OK,Candidate Creation Thread Group 1-265,text,true,,335,494,1227,1227,http://localhost:8080/web/index.php/api/v2/recruitment/candidates,14929,0,0
1768409831146,14931,Create Candidate Request,200,OK,Candidate Creation Thread Group 1-285,text,true,,335,494,1226,1226,http://localhost:8080/web/index.php/api/v2/recruitment/candidates,14931,0,0
1768409831117,14986,Create Candidate Request,200,OK,Candidate Creation Thread Group 1-254,text,true,,332,491,1225,1225,http://localhost:8080/web/index.php/api/v2/recruitment/candidates,14986,0,0
1768409831132,14996,Create Candidate Request,200,OK,Candidate Creation Thread Group 1-271,text,true,,335,494,1224,1224,http://localhost:8080/web/index.php/api/v2/recruitment/candidates,14995,0,0
1768409831135,15026,Create Candidate Request,200,OK,Candidate Creation Thread Group 1-274,text,true,,335,494,1223,1223,http://localhost:8080/web/index.php/api/v2/recruitment/candidates,15026,0,0
1768409831117,15072,Create Candidate Request,200,OK,Candidate Creation Thread Group 1-256,text,true,,332,491,1222,1222,http://localhost:8080/web/index.php/api/v2/recruitment/candidates,15072,0,0
1768409831127,15084,Create Candidate Request,200,OK,Candidate Creation Thread Group 1-267,text,true,,335,494,1221,1221,http://localhost:8080/web/index.php/api/v2/recruitment/candidates,15084,0,1
1768409831123,15138,Create Candidate Request,200,OK,Candidate Creation Thread Group 1-263,text,true,,335,494,1220,1220,http://localhost:8080/web/index.php/api/v2/recruitment/candidates,15137,0,0
1768409831139,15145,Create Candidate Request,200,OK,Candidate Creation Thread Group 1-279,text,true,,335,494,1219,1219,http://localhost:8080/web/index.php/api/v2/recruitment/candidates,15145,0,1
1768409831143,15161,Create Candidate Request,200,OK,Candidate Creation Thread Group 1-282,text,true,,335,494,1218,1218,http://localhost:8080/web/index.php/api/v2/recruitment/candidates,15160,0,0
1768409831136,15191,Create Candidate Request,200,OK,Candidate Creation Thread Group 1-275,text,true,,335,494,1217,1217,http://localhost:8080/web/index.php/api/v2/recruitment/candidates,15191,0,0
1768409831141,15222,Create Candidate Request,200,OK,Candidate Creation Thread Group 1-281,text,true,,335,494,1216,1216,http://localhost:8080/web/index.php/api/v2/recruitment/candidates,15222,0,1
1768409831147,15237,Create Candidate Request,200,OK,Candidate Creation Thread Group 1-286,text,true,,335,494,1215,1215,http://localhost:8080/web/index.php/api/v2/recruitment/candidates,15237,0,0
1768409831148,15254,Create Candidate Request,200,OK,Candidate Creation Thread Group 1-287,text,true,,335,494,1214,1214,http://localhost:8080/web/index.php/api/v2/recruitment/candidates,15254,0,0
1768409831149,15301,Create Candidate Request,200,OK,Candidate Creation Thread Group 1-288,text,true,,335,494,1213,1213,http://localhost:8080/web/index.php/api/v2/recruitment/candidates,15301,0,0
1768409831150,15325,Create Candidate Request,200,OK,Candidate Creation Thread Group 1-289,text,true,,335,494,1212,1212,http://localhost:8080/web/index.php/api/v2/recruitment/candidates,15325,0,0
1768409831152,15345,Create Candidate Request,200,OK,Candidate Creation Thread Group 1-290,text,true,,335,494,1211,1211,http://localhost:8080/web/index.php/api/v2/recruitment/candidates,15345,0,0
1768409831152,15367,Create Candidate Request,200,OK,Candidate Creation Thread Group 1-291,text,true,,335,494,1210,1210,http://localhost:8080/web/index.php/api/v2/recruitment/candidates,15367,0,0
1768409831156,15406,Create Candidate Request,200,OK,Candidate Creation Thread Group 1-293,text,true,,335,494,1209,1209,http://localhost:8080/web/index.php/api/v2/recruitment/candidates,15405,0,0
1768409831156,15425,Create Candidate Request,200,OK,Candidate Creation Thread Group 1-294,text,true,,335,494,1208,1208,http://localhost:8080/web/index.php/api/v2/recruitment/candidates,15425,0,0
1768409831157,15448,Create Candidate Request,200,OK,Candidate Creation Thread Group 1-297,text,true,,335,494,1207,1207,http://localhost:8080/web/index.php/api/v2/recruitment/candidates,15448,0,0
1768409831158,15471,Create Candidate Request,200,OK,Candidate Creation Thread Group 1-298,text,true,,335,494,1206,1206,http://localhost:8080/web/index.php/api/v2/recruitment/candidates,15470,0,1
1768409831155,15515,Create Candidate Request,200,OK,Candidate Creation Thread Group 1-295,text,true,,335,494,1205,1205,http://localhost:8080/web/index.php/api/v2/recruitment/candidates,15515,0,1
1768409831153,15539,Create Candidate Request,200,OK,Candidate Creation Thread Group 1-292,text,true,,335,494,1204,1204,http://localhost:8080/web/index.php/api/v2/recruitment/candidates,15539,0,1
1768409831168,15549,Create Candidate Request,200,OK,Candidate Creation Thread Group 1-305,text,true,,332,491,1203,1203,http://localhost:8080/web/index.php/api/v2/recruitment/candidates,15548,0,0
1768409831168,15594,Create Candidate Request,200,OK,Candidate Creation Thread Group 1-306,text,true,,332,491,1202,1202,http://localhost:8080/web/index.php/api/v2/recruitment/candidates,15593,0,0
1768409831160,15625,Create Candidate Request,200,OK,Candidate Creation Thread Group 1-299,text,true,,335,494,1201,1201,http://localhost:8080/web/index.php/api/v2/recruitment/candidates,15624,0,0
1768409831161,15651,Create Candidate Request,200,OK,Candidate Creation Thread Group 1-300,text,true,,335,494,1200,1200,http://localhost:8080/web/index.php/api/v2/recruitment/candidates,15650,0,0
1768409831168,15693,Create Candidate Request,200,OK,Candidate Creation Thread Group 1-301,text,true,,332,491,1199,1199,http://localhost:8080/web/index.php/api/v2/recruitment/candidates,15693,0,0
1768409831168,15720,Create Candidate Request,200,OK,Candidate Creation Thread Group 1-304,text,true,,332,491,1198,1198,http://localhost:8080/web/index.php/api/v2/recruitment/candidates,15720,0,0
1768409831156,15756,Create Candidate Request,200,OK,Candidate Creation Thread Group 1-296,text,true,,335,494,1197,1197,http://localhost:8080/web/index.php/api/v2/recruitment/candidates,15756,0,1
1768409831168,15790,Create Candidate Request,200,OK,Candidate Creation Thread Group 1-302,text,true,,332,491,1196,1196,http://localhost:8080/web/index.php/api/v2/recruitment/candidates,15790,0,1
1768409831168,15810,Create Candidate Request,200,OK,Candidate Creation Thread Group 1-303,text,true,,332,491,1195,1195,http://localhost:8080/web/index.php/api/v2/recruitment/candidates,15810,0,0
1768409831168,15828,Create Candidate Request,200,OK,Candidate Creation Thread Group 1-307,text,true,,332,491,1194,1194,http://localhost:8080/web/index.php/api/v2/recruitment/candidates,15828,0,1
1768409831170,15845,Create Candidate Request,200,OK,Candidate Creation Thread Group 1-309,text,true,,332,491,1193,1193,http://localhost:8080/web/index.php/api/v2/recruitment/candidates,15845,0,0
1768409831170,15892,Create Candidate Request,200,OK,Candidate Creation Thread Group 1-308,text,true,,332,491,1192,1192,http://localhost:8080/web/index.php/api/v2/recruitment/candidates,15892,0,0
1768409831171,15913,Create Candidate Request,200,OK,Candidate Creation Thread Group 1-310,text,true,,335,494,1191,1191,http://localhost:8080/web/index.php/api/v2/recruitment/candidates,15913,0,0
1768409831172,15934,Create Candidate Request,200,OK,Candidate Creation Thread Group 1-311,text,true,,335,494,1190,1190,http://localhost:8080/web/index.php/api/v2/recruitment/candidates,15933,0,0
1768409831173,15953,Create Candidate Request,200,OK,Candidate Creation Thread Group 1-312,text,true,,335,494,1189,1189,http://localhost:8080/web/index.php/api/v2/recruitment/candidates,15952,0,0
1768409831174,15988,Create Candidate Request,200,OK,Candidate Creation Thread Group 1-314,text,true,,335,494,1188,1188,http://localhost:8080/web/index.php/api/v2/recruitment/candidates,15987,0,0
1768409831174,16007,Create Candidate Request,200,OK,Candidate Creation Thread Group 1-313,text,true,,335,494,1187,1187,http://localhost:8080/web/index.php/api/v2/recruitment/candidates,16006,0,0
1768409831175,16028,Create Candidate Request,200,OK,Candidate Creation Thread Group 1-315,text,true,,335,494,1186,1186,http://localhost:8080/web/index.php/api/v2/recruitment/candidates,16027,0,0
1768409831176,16046,Create Candidate Request,200,OK,Candidate Creation Thread Group 1-316,text,true,,335,494,1185,1185,http://localhost:8080/web/index.php/api/v2/recruitment/candidates,16046,0,0
1768409831177,16085,Create Candidate Request,200,OK,Candidate Creation Thread Group 1-317,text,true,,335,494,1184,1184,http://localhost:8080/web/index.php/api/v2/recruitment/candidates,16085,0,1
1768409831178,16104,Create Candidate Request,200,OK,Candidate Creation Thread Group 1-318,text,true,,335,494,1183,1183,http://localhost:8080/web/index.php/api/v2/recruitment/candidates,16103,0,0
1768409831179,16125,Create Candidate Request,200,OK,Candidate Creation Thread Group 1-319,text,true,,335,494,1182,1182,http://localhost:8080/web/index.php/api/v2/recruitment/candidates,16124,0,0
1768409831180,16173,Create Candidate Request,200,OK,Candidate Creation Thread Group 1-320,text,true,,335,494,1181,1181,http://localhost:8080/web/index.php/api/v2/recruitment/candidates,16173,0,1
1768409831181,16195,Create Candidate Request,200,OK,Candidate Creation Thread Group 1-321,text,true,,335,494,1180,1180,http://localhost:8080/web/index.php/api/v2/recruitment/candidates,16195,0,0
1768409831183,16213,Create Candidate Request,200,OK,Candidate Creation Thread Group 1-322,text,true,,335,494,1179,1179,http://localhost:8080/web/index.php/api/v2/recruitment/candidates,16212,0,0
1768409831187,16229,Create Candidate Request,200,OK,Candidate Creation Thread Group 1-323,text,true,,335,494,1178,1178,http://localhost:8080/web/index.php/api/v2/recruitment/candidates,16228,0,0
1768409831187,16277,Create Candidate Request,200,OK,Candidate Creation Thread Group 1-326,text,true,,335,494,1177,1177,http://localhost:8080/web/index.php/api/v2/recruitment/candidates,16277,0,0
1768409831188,16294,Create Candidate Request,200,OK,Candidate Creation Thread Group 1-324,text,true,,335,494,1176,1176,http://localhost:8080/web/index.php/api/v2/recruitment/candidates,16294,0,0
1768409831188,16312,Create Candidate Request,200,OK,Candidate Creation Thread Group 1-327,text,true,,335,494,1175,1175,http://localhost:8080/web/index.php/api/v2/recruitment/candidates,16312,0,0
1768409831188,16366,Create Candidate Request,200,OK,Candidate Creation Thread Group 1-325,text,true,,335,494,1174,1174,http://localhost:8080/web/index.php/api/v2/recruitment/candidates,16366,0,1
1768409831189,16387,Create Candidate Request,200,OK,Candidate Creation Thread Group 1-328,text,true,,335,494,1173,1173,http://localhost:8080/web/index.php/api/v2/recruitment/candidates,16387,0,0
1768409831190,16408,Create Candidate Request,200,OK,Candidate Creation Thread Group 1-329,text,true,,335,494,1172,1172,http://localhost:8080/web/index.php/api/v2/recruitment/candidates,16408,0,0
1768409831191,16427,Create Candidate Request,200,OK,Candidate Creation Thread Group 1-330,text,true,,335,494,1171,1171,http://localhost:8080/web/index.php/api/v2/recruitment/candidates,16426,0,0
1768409831192,16458,Create Candidate Request,200,OK,Candidate Creation Thread Group 1-331,text,true,,335,494,1170,1170,http://localhost:8080/web/index.php/api/v2/recruitment/candidates,16457,0,0
1768409831193,16480,Create Candidate Request,200,OK,Candidate Creation Thread Group 1-332,text,true,,335,494,1169,1169,http://localhost:8080/web/index.php/api/v2/recruitment/candidates,16480,0,0
1768409831193,16500,Create Candidate Request,200,OK,Candidate Creation Thread Group 1-333,text,true,,335,494,1168,1168,http://localhost:8080/web/index.php/api/v2/recruitment/candidates,16499,0,0
1768409831194,16521,Create Candidate Request,200,OK,Candidate Creation Thread Group 1-334,text,true,,335,494,1167,1167,http://localhost:8080/web/index.php/api/v2/recruitment/candidates,16521,0,0
1768409831195,16560,Create Candidate Request,200,OK,Candidate Creation Thread Group 1-335,text,true,,335,494,1166,1166,http://localhost:8080/web/index.php/api/v2/recruitment/candidates,16559,0,0
1768409831196,16579,Create Candidate Request,200,OK,Candidate Creation Thread Group 1-336,text,true,,335,494,1165,1165,http://localhost:8080/web/index.php/api/v2/recruitment/candidates,16579,0,0
1768409831197,16599,Create Candidate Request,200,OK,Candidate Creation Thread Group 1-337,text,true,,335,494,1164,1164,http://localhost:8080/web/index.php/api/v2/recruitment/candidates,16598,0,0
1768409831198,16618,Create Candidate Request,200,OK,Candidate Creation Thread Group 1-338,text,true,,335,494,1163,1163,http://localhost:8080/web/index.php/api/v2/recruitment/candidates,16617,0,0
1768409831199,16662,Create Candidate Request,200,OK,Candidate Creation Thread Group 1-339,text,true,,335,494,1162,1162,http://localhost:8080/web/index.php/api/v2/recruitment/candidates,16662,0,0
1768409831201,16683,Create Candidate Request,200,OK,Candidate Creation Thread Group 1-340,text,true,,335,494,1161,1161,http://localhost:8080/web/index.php/api/v2/recruitment/candidates,16682,0,0
1768409831202,16701,Create Candidate Request,200,OK,Candidate Creation Thread Group 1-341,text,true,,335,494,1160,1160,http://localhost:8080/web/index.php/api/v2/recruitment/candidates,16700,0,0
1768409831203,16722,Create Candidate Request,200,OK,Candidate Creation Thread Group 1-342,text,true,,335,494,1159,1159,http://localhost:8080/web/index.php/api/v2/recruitment/candidates,16722,0,0
1768409831204,16754,Create Candidate Request,200,OK,Candidate Creation Thread Group 1-343,text,true,,335,494,1158,1158,http://localhost:8080/web/index.php/api/v2/recruitment/candidates,16754,0,0
1768409831205,16774,Create Candidate Request,200,OK,Candidate Creation Thread Group 1-344,text,true,,335,494,1157,1157,http://localhost:8080/web/index.php/api/v2/recruitment/candidates,16774,0,0
1768409831206,16791,Create Candidate Request,200,OK,Candidate Creation Thread Group 1-345,text,true,,335,494,1156,1156,http://localhost:8080/web/index.php/api/v2/recruitment/candidates,16791,0,0
1768409831207,16809,Create Candidate Request,200,OK,Candidate Creation Thread Group 1-346,text,true,,335,494,1155,1155,http://localhost:8080/web/index.php/api/v2/recruitment/candidates,16808,0,0
1768409831208,16855,Create Candidate Request,200,OK,Candidate Creation Thread Group 1-347,text,true,,335,494,1154,1154,http://localhost:8080/web/index.php/api/v2/recruitment/candidates,16855,0,0
1768409831209,16881,Create Candidate Request,200,OK,Candidate Creation Thread Group 1-348,text,true,,335,494,1153,1153,http://localhost:8080/web/index.php/api/v2/recruitment/candidates,16881,0,0
1768409831210,16903,Create Candidate Request,200,OK,Candidate Creation Thread Group 1-349,text,true,,335,494,1152,1152,http://localhost:8080/web/index.php/api/v2/recruitment/candidates,16902,0,0
1768409831211,16942,Create Candidate Request,200,OK,Candidate Creation Thread Group 1-350,text,true,,335,494,1151,1151,http://localhost:8080/web/index.php/api/v2/recruitment/candidates,16941,0,0
1768409831217,16959,Create Candidate Request,200,OK,Candidate Creation Thread Group 1-354,text,true,,332,491,1150,1150,http://localhost:8080/web/index.php/api/v2/recruitment/candidates,16958,0,0
1768409831217,16979,Create Candidate Request,200,OK,Candidate Creation Thread Group 1-352,text,true,,332,491,1149,1149,http://localhost:8080/web/index.php/api/v2/recruitment/candidates,16979,0,0
1768409831217,16997,Create Candidate Request,200,OK,Candidate Creation Thread Group 1-355,text,true,,332,491,1148,1148,http://localhost:8080/web/index.php/api/v2/recruitment/candidates,16997,0,0
1768409831217,17035,Create Candidate Request,200,OK,Candidate Creation Thread Group 1-356,text,true,,332,491,1147,1147,http://localhost:8080/web/index.php/api/v2/recruitment/candidates,17035,0,0
1768409831217,17058,Create Candidate Request,200,OK,Candidate Creation Thread Group 1-351,text,true,,332,491,1146,1146,http://localhost:8080/web/index.php/api/v2/recruitment/candidates,17057,0,0
1768409831217,17076,Create Candidate Request,200,OK,Candidate Creation Thread Group 1-353,text,true,,332,491,1145,1145,http://localhost:8080/web/index.php/api/v2/recruitment/candidates,17076,0,0
1768409831218,17094,Create Candidate Request,200,OK,Candidate Creation Thread Group 1-357,text,true,,332,491,1144,1144,http://localhost:8080/web/index.php/api/v2/recruitment/candidates,17094,0,0
1768409831219,17141,Create Candidate Request,200,OK,Candidate Creation Thread Group 1-358,text,true,,332,491,1143,1143,http://localhost:8080/web/index.php/api/v2/recruitment/candidates,17141,0,0
1768409831220,17163,Create Candidate Request,200,OK,Candidate Creation Thread Group 1-359,text,true,,332,491,1142,1142,http://localhost:8080/web/index.php/api/v2/recruitment/candidates,17163,0,0
1768409831221,17181,Create Candidate Request,200,OK,Candidate Creation Thread Group 1-360,text,true,,335,494,1141,1141,http://localhost:8080/web/index.php/api/v2/recruitment/candidates,17180,0,0
1768409831222,17198,Create Candidate Request,200,OK,Candidate Creation Thread Group 1-361,text,true,,335,494,1140,1140,http://localhost:8080/web/index.php/api/v2/recruitment/candidates,17198,0,0
1768409831223,17238,Create Candidate Request,200,OK,Candidate Creation Thread Group 1-362,text,true,,335,494,1139,1139,http://localhost:8080/web/index.php/api/v2/recruitment/candidates,17238,0,0
1768409831224,17258,Create Candidate Request,200,OK,Candidate Creation Thread Group 1-363,text,true,,335,494,1138,1138,http://localhost:8080/web/index.php/api/v2/recruitment/candidates,17258,0,0
1768409831226,17276,Create Candidate Request,200,OK,Candidate Creation Thread Group 1-364,text,true,,335,494,1137,1137,http://localhost:8080/web/index.php/api/v2/recruitment/candidates,17275,0,0
1768409831227,17313,Create Candidate Request,200,OK,Candidate Creation Thread Group 1-365,text,true,,335,494,1136,1136,http://localhost:8080/web/index.php/api/v2/recruitment/candidates,17294,0,0
1768409831227,17335,Create Candidate Request,200,OK,Candidate Creation Thread Group 1-366,text,true,,335,494,1135,1135,http://localhost:8080/web/index.php/api/v2/recruitment/candidates,17335,0,0
1768409831228,17353,Create Candidate Request,200,OK,Candidate Creation Thread Group 1-367,text,true,,335,494,1134,1134,http://localhost:8080/web/index.php/api/v2/recruitment/candidates,17353,0,0
1768409831228,17371,Create Candidate Request,200,OK,Candidate Creation Thread Group 1-368,text,true,,335,494,1133,1133,http://localhost:8080/web/index.php/api/v2/recruitment/candidates,17371,0,0
1768409831230,17421,Create Candidate Request,200,OK,Candidate Creation Thread Group 1-369,text,true,,335,494,1132,1132,http://localhost:8080/web/index.php/api/v2/recruitment/candidates,17421,0,0
1768409831230,17444,Create Candidate Request,200,OK,Candidate Creation Thread Group 1-370,text,true,,335,494,1131,1131,http://localhost:8080/web/index.php/api/v2/recruitment/candidates,17443,0,0
1768409831232,17461,Create Candidate Request,200,OK,Candidate Creation Thread Group 1-371,text,true,,335,494,1130,1130,http://localhost:8080/web/index.php/api/v2/recruitment/candidates,17461,0,0
1768409831232,17482,Create Candidate Request,200,OK,Candidate Creation Thread Group 1-372,text,true,,335,494,1129,1129,http://localhost:8080/web/index.php/api/v2/recruitment/candidates,17482,0,0
1768409831234,17514,Create Candidate Request,200,OK,Candidate Creation Thread Group 1-373,text,true,,335,494,1128,1128,http://localhost:8080/web/index.php/api/v2/recruitment/candidates,17513,0,0
1768409831235,17531,Create Candidate Request,200,OK,Candidate Creation Thread Group 1-374,text,true,,335,494,1127,1127,http://localhost:8080/web/index.php/api/v2/recruitment/candidates,17531,0,0
1768409831236,17548,Create Candidate Request,200,OK,Candidate Creation Thread Group 1-375,text,true,,335,494,1126,1126,http://localhost:8080/web/index.php/api/v2/recruitment/candidates,17548,0,0
1768409831237,17568,Create Candidate Request,200,OK,Candidate Creation Thread Group 1-376,text,true,,335,494,1125,1125,http://localhost:8080/web/index.php/api/v2/recruitment/candidates,17567,0,0
1768409831238,17618,Create Candidate Request,200,OK,Candidate Creation Thread Group 1-377,text,true,,335,494,1124,1124,http://localhost:8080/web/index.php/api/v2/recruitment/candidates,17617,0,0
1768409831239,17632,Create Candidate Request,200,OK,Candidate Creation Thread Group 1-378,text,true,,335,494,1123,1123,http://localhost:8080/web/index.php/api/v2/recruitment/candidates,17632,0,0
1768409831240,17650,Create Candidate Request,200,OK,Candidate Creation Thread Group 1-379,text,true,,335,494,1122,1122,http://localhost:8080/web/index.php/api/v2/recruitment/candidates,17650,0,0
1768409831241,17665,Create Candidate Request,200,OK,Candidate Creation Thread Group 1-380,text,true,,335,494,1121,1121,http://localhost:8080/web/index.php/api/v2/recruitment/candidates,17665,0,0
1768409831242,17715,Create Candidate Request,200,OK,Candidate Creation Thread Group 1-381,text,true,,335,494,1120,1120,http://localhost:8080/web/index.php/api/v2/recruitment/candidates,17715,0,0
1768409831242,17733,Create Candidate Request,200,OK,Candidate Creation Thread Group 1-382,text,true,,335,494,1119,1119,http://localhost:8080/web/index.php/api/v2/recruitment/candidates,17733,0,1
1768409831243,17752,Create Candidate Request,200,OK,Candidate Creation Thread Group 1-383,text,true,,335,494,1118,1118,http://localhost:8080/web/index.php/api/v2/recruitment/candidates,17752,0,0
1768409831244,17808,Create Candidate Request,200,OK,Candidate Creation Thread Group 1-384,text,true,,335,494,1117,1117,http://localhost:8080/web/index.php/api/v2/recruitment/candidates,17808,0,1
1768409831245,17837,Create Candidate Request,200,OK,Candidate Creation Thread Group 1-385,text,true,,335,494,1116,1116,http://localhost:8080/web/index.php/api/v2/recruitment/candidates,17837,0,1
1768409831246,17855,Create Candidate Request,200,OK,Candidate Creation Thread Group 1-386,text,true,,335,494,1115,1115,http://localhost:8080/web/index.php/api/v2/recruitment/candidates,17855,0,1
1768409831247,17872,Create Candidate Request,200,OK,Candidate Creation Thread Group 1-387,text,true,,335,494,1114,1114,http://localhost:8080/web/index.php/api/v2/recruitment/candidates,17872,0,1
1768409831249,17908,Create Candidate Request,200,OK,Candidate Creation Thread Group 1-388,text,true,,335,494,1113,1113,http://localhost:8080/web/index.php/api/v2/recruitment/candidates,17907,0,0
1768409831250,17926,Create Candidate Request,200,OK,Candidate Creation Thread Group 1-389,text,true,,335,494,1112,1112,http://localhost:8080/web/index.php/api/v2/recruitment/candidates,17926,0,0
1768409831251,17944,Create Candidate Request,200,OK,Candidate Creation Thread Group 1-390,text,true,,335,494,1111,1111,http://localhost:8080/web/index.php/api/v2/recruitment/candidates,17944,0,0
1768409831252,18007,Create Candidate Request,200,OK,Candidate Creation Thread Group 1-391,text,true,,335,494,1110,1110,http://localhost:8080/web/index.php/api/v2/recruitment/candidates,18006,0,0
1768409831253,18026,Create Candidate Request,200,OK,Candidate Creation Thread Group 1-392,text,true,,335,494,1109,1109,http://localhost:8080/web/index.php/api/v2/recruitment/candidates,18026,0,0
1768409831254,18044,Create Candidate Request,200,OK,Candidate Creation Thread Group 1-393,text,true,,335,494,1108,1108,http://localhost:8080/web/index.php/api/v2/recruitment/candidates,18044,0,0
1768409831255,18063,Create Candidate Request,200,OK,Candidate Creation Thread Group 1-394,text,true,,335,494,1107,1107,http://localhost:8080/web/index.php/api/v2/recruitment/candidates,18062,0,0
1768409831256,18102,Create Candidate Request,200,OK,Candidate Creation Thread Group 1-395,text,true,,335,494,1106,1106,http://localhost:8080/web/index.php/api/v2/recruitment/candidates,18101,0,0
1768409831257,18123,Create Candidate Request,200,OK,Candidate Creation Thread Group 1-396,text,true,,335,494,1105,1105,http://localhost:8080/web/index.php/api/v2/recruitment/candidates,18123,0,0
1768409831258,18194,Create Candidate Request,200,OK,Candidate Creation Thread Group 1-397,text,true,,335,494,1104,1104,http://localhost:8080/web/index.php/api/v2/recruitment/candidates,18193,0,0
1768409831259,18211,Create Candidate Request,200,OK,Candidate Creation Thread Group 1-398,text,true,,335,494,1103,1103,http://localhost:8080/web/index.php/api/v2/recruitment/candidates,18210,0,0
1768409831259,18227,Create Candidate Request,200,OK,Candidate Creation Thread Group 1-399,text,true,,335,494,1102,1102,http://localhost:8080/web/index.php/api/v2/recruitment/candidates,18226,0,0
1768409831260,18244,Create Candidate Request,200,OK,Candidate Creation Thread Group 1-400,text,true,,335,494,1101,1101,http://localhost:8080/web/index.php/api/v2/recruitment/candidates,18244,0,0
1768409831268,18283,Create Candidate Request,200,OK,Candidate Creation Thread Group 1-402,text,true,,332,491,1100,1100,http://localhost:8080/web/index.php/api/v2/recruitment/candidates,18282,0,0
1768409831268,18302,Create Candidate Request,200,OK,Candidate Creation Thread Group 1-405,text,true,,332,491,1099,1099,http://localhost:8080/web/index.php/api/v2/recruitment/candidates,18302,0,0
1768409831268,18322,Create Candidate Request,200,OK,Candidate Creation Thread Group 1-406,text,true,,332,491,1098,1098,http://localhost:8080/web/index.php/api/v2/recruitment/candidates,18322,0,0
1768409831268,18372,Create Candidate Request,200,OK,Candidate Creation Thread Group 1-407,text,true,,332,491,1097,1097,http://localhost:8080/web/index.php/api/v2/recruitment/candidates,18341,0,0
1768409831268,18390,Create Candidate Request,200,OK,Candidate Creation Thread Group 1-401,text,true,,332,491,1096,1096,http://localhost:8080/web/index.php/api/v2/recruitment/candidates,18389,0,0
1768409831268,18412,Create Candidate Request,200,OK,Candidate Creation Thread Group 1-403,text,true,,332,491,1095,1095,http://localhost:8080/web/index.php/api/v2/recruitment/candidates,18411,0,0
1768409831268,18428,Create Candidate Request,200,OK,Candidate Creation Thread Group 1-404,text,true,,332,491,1094,1094,http://localhost:8080/web/index.php/api/v2/recruitment/candidates,18427,0,0
1768409831269,18490,Create Candidate Request,200,OK,Candidate Creation Thread Group 1-408,text,true,,332,491,1093,1093,http://localhost:8080/web/index.php/api/v2/recruitment/candidates,18490,0,0
1768409831270,18506,Create Candidate Request,200,OK,Candidate Creation Thread Group 1-409,text,true,,332,491,1092,1092,http://localhost:8080/web/index.php/api/v2/recruitment/candidates,18506,0,0
1768409831271,18524,Create Candidate Request,200,OK,Candidate Creation Thread Group 1-410,text,true,,335,494,1091,1091,http://localhost:8080/web/index.php/api/v2/recruitment/candidates,18524,0,0
1768409831272,18574,Create Candidate Request,200,OK,Candidate Creation Thread Group 1-411,text,true,,335,494,1090,1090,http://localhost:8080/web/index.php/api/v2/recruitment/candidates,18574,0,0
1768409831273,18593,Create Candidate Request,200,OK,Candidate Creation Thread Group 1-412,text,true,,335,494,1089,1089,http://localhost:8080/web/index.php/api/v2/recruitment/candidates,18593,0,0
1768409831275,18608,Create Candidate Request,200,OK,Candidate Creation Thread Group 1-414,text,true,,335,494,1088,1088,http://localhost:8080/web/index.php/api/v2/recruitment/candidates,18608,0,0
1768409831275,18627,Create Candidate Request,200,OK,Candidate Creation Thread Group 1-415,text,true,,335,494,1087,1087,http://localhost:8080/web/index.php/api/v2/recruitment/candidates,18627,0,0
1768409831275,18681,Create Candidate Request,200,OK,Candidate Creation Thread Group 1-413,text,true,,335,494,1086,1086,http://localhost:8080/web/index.php/api/v2/recruitment/candidates,18680,0,0
1768409831276,18697,Create Candidate Request,200,OK,Candidate Creation Thread Group 1-416,text,true,,335,494,1085,1085,http://localhost:8080/web/index.php/api/v2/recruitment/candidates,18697,0,0
1768409831277,18712,Create Candidate Request,200,OK,Candidate Creation Thread Group 1-417,text,true,,335,494,1084,1084,http://localhost:8080/web/index.php/api/v2/recruitment/candidates,18712,0,0
1768409831278,18729,Create Candidate Request,200,OK,Candidate Creation Thread Group 1-418,text,true,,335,494,1083,1083,http://localhost:8080/web/index.php/api/v2/recruitment/candidates,18729,0,1
1768409831279,18775,Create Candidate Request,200,OK,Candidate Creation Thread Group 1-419,text,true,,335,494,1082,1082,http://localhost:8080/web/index.php/api/v2/recruitment/candidates,18775,0,1
1768409831280,18793,Create Candidate Request,200,OK,Candidate Creation Thread Group 1-420,text,true,,335,494,1081,1081,http://localhost:8080/web/index.php/api/v2/recruitment/candidates,18793,0,1
1768409831282,18810,Create Candidate Request,200,OK,Candidate Creation Thread Group 1-421,text,true,,335,494,1080,1080,http://localhost:8080/web/index.php/api/v2/recruitment/candidates,18810,0,0
1768409831283,18827,Create Candidate Request,200,OK,Candidate Creation Thread Group 1-422,text,true,,335,494,1079,1079,http://localhost:8080/web/index.php/api/v2/recruitment/candidates,18827,0,0
1768409831284,18872,Create Candidate Request,200,OK,Candidate Creation Thread Group 1-423,text,true,,335,494,1078,1078,http://localhost:8080/web/index.php/api/v2/recruitment/candidates,18872,0,0
1768409831285,18888,Create Candidate Request,200,OK,Candidate Creation Thread Group 1-424,text,true,,335,494,1077,1077,http://localhost:8080/web/index.php/api/v2/recruitment/candidates,18888,0,0
1768409831286,18908,Create Candidate Request,200,OK,Candidate Creation Thread Group 1-425,text,true,,335,494,1076,1076,http://localhost:8080/web/index.php/api/v2/recruitment/candidates,18907,0,1
1768409831286,18969,Create Candidate Request,200,OK,Candidate Creation Thread Group 1-426,text,true,,335,494,1075,1075,http://localhost:8080/web/index.php/api/v2/recruitment/candidates,18969,0,1
1768409831288,18984,Create Candidate Request,200,OK,Candidate Creation Thread Group 1-427,text,true,,335,494,1074,1074,http://localhost:8080/web/index.php/api/v2/recruitment/candidates,18984,0,0
1768409831288,19003,Create Candidate Request,200,OK,Candidate Creation Thread Group 1-428,text,true,,335,494,1073,1073,http://localhost:8080/web/index.php/api/v2/recruitment/candidates,19002,0,1
1768409831289,19023,Create Candidate Request,200,OK,Candidate Creation Thread Group 1-429,text,true,,335,494,1072,1072,http://localhost:8080/web/index.php/api/v2/recruitment/candidates,19022,0,1
1768409831291,19066,Create Candidate Request,200,OK,Candidate Creation Thread Group 1-430,text,true,,335,494,1071,1071,http://localhost:8080/web/index.php/api/v2/recruitment/candidates,19066,0,0
1768409831292,19109,Create Candidate Request,200,OK,Candidate Creation Thread Group 1-431,text,true,,335,494,1070,1070,http://localhost:8080/web/index.php/api/v2/recruitment/candidates,19109,0,0
1768409831293,19120,Create Candidate Request,200,OK,Candidate Creation Thread Group 1-432,text,true,,335,494,1069,1069,http://localhost:8080/web/index.php/api/v2/recruitment/candidates,19120,0,0
1768409831294,19153,Create Candidate Request,200,OK,Candidate Creation Thread Group 1-433,text,true,,335,494,1068,1068,http://localhost:8080/web/index.php/api/v2/recruitment/candidates,19153,0,0
1768409831295,19169,Create Candidate Request,200,OK,Candidate Creation Thread Group 1-434,text,true,,335,494,1067,1067,http://localhost:8080/web/index.php/api/v2/recruitment/candidates,19169,0,0
1768409831296,19187,Create Candidate Request,200,OK,Candidate Creation Thread Group 1-435,text,true,,335,494,1066,1066,http://localhost:8080/web/index.php/api/v2/recruitment/candidates,19186,0,0
1768409831297,19244,Create Candidate Request,200,OK,Candidate Creation Thread Group 1-436,text,true,,335,494,1065,1065,http://localhost:8080/web/index.php/api/v2/recruitment/candidates,19244,0,0
1768409831298,19260,Create Candidate Request,200,OK,Candidate Creation Thread Group 1-437,text,true,,335,494,1064,1064,http://localhost:8080/web/index.php/api/v2/recruitment/candidates,19259,0,0
1768409831299,19275,Create Candidate Request,200,OK,Candidate Creation Thread Group 1-438,text,true,,335,494,1063,1063,http://localhost:8080/web/index.php/api/v2/recruitment/candidates,19275,0,0
1768409831300,19294,Create Candidate Request,200,OK,Candidate Creation Thread Group 1-439,text,true,,335,494,1062,1062,http://localhost:8080/web/index.php/api/v2/recruitment/candidates,19294,0,0
1768409831300,19355,Create Candidate Request,200,OK,Candidate Creation Thread Group 1-440,text,true,,335,494,1061,1061,http://localhost:8080/web/index.php/api/v2/recruitment/candidates,19355,0,0
1768409831301,19372,Create Candidate Request,200,OK,Candidate Creation Thread Group 1-441,text,true,,335,494,1060,1060,http://localhost:8080/web/index.php/api/v2/recruitment/candidates,19371,0,1
1768409831302,19389,Create Candidate Request,200,OK,Candidate Creation Thread Group 1-442,text,true,,335,494,1059,1059,http://localhost:8080/web/index.php/api/v2/recruitment/candidates,19389,0,1
1768409831303,19404,Create Candidate Request,200,OK,Candidate Creation Thread Group 1-443,text,true,,335,494,1058,1058,http://localhost:8080/web/index.php/api/v2/recruitment/candidates,19404,0,1
1768409831305,19452,Create Candidate Request,200,OK,Candidate Creation Thread Group 1-444,text,true,,335,494,1057,1057,http://localhost:8080/web/index.php/api/v2/recruitment/candidates,19452,0,0
1768409831306,19471,Create Candidate Request,200,OK,Candidate Creation Thread Group 1-445,text,true,,335,494,1056,1056,http://localhost:8080/web/index.php/api/v2/recruitment/candidates,19470,0,0
1768409831307,19485,Create Candidate Request,200,OK,Candidate Creation Thread Group 1-446,text,true,,335,494,1055,1055,http://localhost:8080/web/index.php/api/v2/recruitment/candidates,19485,0,0
1768409831308,19541,Create Candidate Request,200,OK,Candidate Creation Thread Group 1-447,text,true,,335,494,1054,1054,http://localhost:8080/web/index.php/api/v2/recruitment/candidates,19541,0,0
1768409831309,19560,Create Candidate Request,200,OK,Candidate Creation Thread Group 1-448,text,true,,335,494,1053,1053,http://localhost:8080/web/index.php/api/v2/recruitment/candidates,19560,0,0
1768409831310,19579,Create Candidate Request,200,OK,Candidate Creation Thread Group 1-449,text,true,,335,494,1052,1052,http://localhost:8080/web/index.php/api/v2/recruitment/candidates,19579,0,0
1768409831311,19596,Create Candidate Request,200,OK,Candidate Creation Thread Group 1-450,text,true,,335,494,1051,1051,http://localhost:8080/web/index.php/api/v2/recruitment/candidates,19596,0,0
1768409831317,19633,Create Candidate Request,200,OK,Candidate Creation Thread Group 1-452,text,true,,332,491,1050,1050,http://localhost:8080/web/index.php/api/v2/recruitment/candidates,19633,0,1
1768409831317,19651,Create Candidate Request,200,OK,Candidate Creation Thread Group 1-454,text,true,,332,491,1049,1049,http://localhost:8080/web/index.php/api/v2/recruitment/candidates,19650,0,1
1768409831318,19665,Create Candidate Request,200,OK,Candidate Creation Thread Group 1-455,text,true,,332,491,1048,1048,http://localhost:8080/web/index.php/api/v2/recruitment/candidates,19665,0,0
1768409831317,19683,Create Candidate Request,200,OK,Candidate Creation Thread Group 1-453,text,true,,332,491,1047,1047,http://localhost:8080/web/index.php/api/v2/recruitment/candidates,19683,0,1
1768409831318,19734,Create Candidate Request,200,OK,Candidate Creation Thread Group 1-451,text,true,,332,491,1046,1046,http://localhost:8080/web/index.php/api/v2/recruitment/candidates,19733,0,0
1768409831318,19753,Create Candidate Request,200,OK,Candidate Creation Thread Group 1-456,text,true,,332,491,1045,1045,http://localhost:8080/web/index.php/api/v2/recruitment/candidates,19753,0,0
1768409831318,19773,Create Candidate Request,200,OK,Candidate Creation Thread Group 1-457,text,true,,332,491,1044,1044,http://localhost:8080/web/index.php/api/v2/recruitment/candidates,19772,0,0
1768409831319,19791,Create Candidate Request,200,OK,Candidate Creation Thread Group 1-458,text,true,,332,491,1043,1043,http://localhost:8080/web/index.php/api/v2/recruitment/candidates,19790,0,0
1768409831320,19834,Create Candidate Request,200,OK,Candidate Creation Thread Group 1-459,text,true,,332,491,1042,1042,http://localhost:8080/web/index.php/api/v2/recruitment/candidates,19834,0,0
1768409831321,19853,Create Candidate Request,200,OK,Candidate Creation Thread Group 1-460,text,true,,335,494,1041,1041,http://localhost:8080/web/index.php/api/v2/recruitment/candidates,19852,0,0
1768409831322,19872,Create Candidate Request,200,OK,Candidate Creation Thread Group 1-461,text,true,,335,494,1040,1040,http://localhost:8080/web/index.php/api/v2/recruitment/candidates,19872,0,0
1768409831323,19917,Create Candidate Request,200,OK,Candidate Creation Thread Group 1-462,text,true,,335,494,1039,1039,http://localhost:8080/web/index.php/api/v2/recruitment/candidates,19888,0,0
1768409831324,19934,Create Candidate Request,200,OK,Candidate Creation Thread Group 1-463,text,true,,335,494,1038,1038,http://localhost:8080/web/index.php/api/v2/recruitment/candidates,19934,0,0
1768409831325,19950,Create Candidate Request,200,OK,Candidate Creation Thread Group 1-464,text,true,,335,494,1037,1037,http://localhost:8080/web/index.php/api/v2/recruitment/candidates,19950,0,0
1768409831326,19974,Create Candidate Request,200,OK,Candidate Creation Thread Group 1-465,text,true,,335,494,1036,1036,http://localhost:8080/web/index.php/api/v2/recruitment/candidates,19974,0,0
1768409832154,19206,Create Candidate Request,200,OK,Candidate Creation Thread Group 1-1293,text,true,,335,494,1035,1035,http://localhost:8080/web/index.php/api/v2/recruitment/candidates,19206,0,0
1768409831327,20056,Create Candidate Request,200,OK,Candidate Creation Thread Group 1-466,text,true,,335,494,1034,1034,http://localhost:8080/web/index.php/api/v2/recruitment/candidates,20055,0,0
1768409831328,20077,Create Candidate Request,200,OK,Candidate Creation Thread Group 1-467,text,true,,335,494,1033,1033,http://localhost:8080/web/index.php/api/v2/recruitment/candidates,20076,0,0
1768409831329,20126,Create Candidate Request,200,OK,Candidate Creation Thread Group 1-468,text,true,,335,494,1032,1032,http://localhost:8080/web/index.php/api/v2/recruitment/candidates,20126,0,0
1768409831329,20145,Create Candidate Request,200,OK,Candidate Creation Thread Group 1-469,text,true,,335,494,1031,1031,http://localhost:8080/web/index.php/api/v2/recruitment/candidates,20145,0,0
1768409831331,20159,Create Candidate Request,200,OK,Candidate Creation Thread Group 1-470,text,true,,335,494,1030,1030,http://localhost:8080/web/index.php/api/v2/recruitment/candidates,20159,0,0
1768409831332,20176,Create Candidate Request,200,OK,Candidate Creation Thread Group 1-471,text,true,,335,494,1029,1029,http://localhost:8080/web/index.php/api/v2/recruitment/candidates,20175,0,0
1768409831333,20226,Create Candidate Request,200,OK,Candidate Creation Thread Group 1-472,text,true,,335,494,1028,1028,http://localhost:8080/web/index.php/api/v2/recruitment/candidates,20225,0,0
1768409831334,20244,Create Candidate Request,200,OK,Candidate Creation Thread Group 1-473,text,true,,335,494,1027,1027,http://localhost:8080/web/index.php/api/v2/recruitment/candidates,20243,0,0
1768409831335,20261,Create Candidate Request,200,OK,Candidate Creation Thread Group 1-474,text,true,,335,494,1026,1026,http://localhost:8080/web/index.php/api/v2/recruitment/candidates,20261,0,0
1768409831336,20304,Create Candidate Request,200,OK,Candidate Creation Thread Group 1-475,text,true,,335,494,1025,1025,http://localhost:8080/web/index.php/api/v2/recruitment/candidates,20279,0,0
1768409831337,20321,Create Candidate Request,200,OK,Candidate Creation Thread Group 1-476,text,true,,335,494,1024,1024,http://localhost:8080/web/index.php/api/v2/recruitment/candidates,20320,0,0
1768409831337,20339,Create Candidate Request,200,OK,Candidate Creation Thread Group 1-477,text,true,,335,494,1023,1023,http://localhost:8080/web/index.php/api/v2/recruitment/candidates,20339,0,0
1768409831338,20355,Create Candidate Request,200,OK,Candidate Creation Thread Group 1-478,text,true,,335,494,1022,1022,http://localhost:8080/web/index.php/api/v2/recruitment/candidates,20355,0,0
1768409831340,20409,Create Candidate Request,200,OK,Candidate Creation Thread Group 1-479,text,true,,335,494,1021,1021,http://localhost:8080/web/index.php/api/v2/recruitment/candidates,20408,0,0
1768409831341,20424,Create Candidate Request,200,OK,Candidate Creation Thread Group 1-480,text,true,,335,494,1020,1020,http://localhost:8080/web/index.php/api/v2/recruitment/candidates,20424,0,0
1768409831342,20442,Create Candidate Request,200,OK,Candidate Creation Thread Group 1-481,text,true,,335,494,1019,1019,http://localhost:8080/web/index.php/api/v2/recruitment/candidates,20441,0,0
1768409831343,20497,Create Candidate Request,200,OK,Candidate Creation Thread Group 1-482,text,true,,335,494,1018,1018,http://localhost:8080/web/index.php/api/v2/recruitment/candidates,20461,0,0
1768409831344,20512,Create Candidate Request,200,OK,Candidate Creation Thread Group 1-483,text,true,,335,494,1017,1017,http://localhost:8080/web/index.php/api/v2/recruitment/candidates,20512,0,0
1768409831345,20529,Create Candidate Request,200,OK,Candidate Creation Thread Group 1-484,text,true,,335,494,1016,1016,http://localhost:8080/web/index.php/api/v2/recruitment/candidates,20528,0,0
1768409831346,20545,Create Candidate Request,200,OK,Candidate Creation Thread Group 1-485,text,true,,335,494,1015,1015,http://localhost:8080/web/index.php/api/v2/recruitment/candidates,20545,0,0
1768409831347,20594,Create Candidate Request,200,OK,Candidate Creation Thread Group 1-487,text,true,,335,494,1014,1014,http://localhost:8080/web/index.php/api/v2/recruitment/candidates,20594,0,1
1768409831347,20610,Create Candidate Request,200,OK,Candidate Creation Thread Group 1-486,text,true,,335,494,1013,1013,http://localhost:8080/web/index.php/api/v2/recruitment/candidates,20610,0,1
1768409831348,20630,Create Candidate Request,200,OK,Candidate Creation Thread Group 1-488,text,true,,335,494,1012,1012,http://localhost:8080/web/index.php/api/v2/recruitment/candidates,20630,0,1
1768409831350,20646,Create Candidate Request,200,OK,Candidate Creation Thread Group 1-489,text,true,,335,494,1011,1011,http://localhost:8080/web/index.php/api/v2/recruitment/candidates,20646,0,1
1768409831352,20705,Create Candidate Request,200,OK,Candidate Creation Thread Group 1-491,text,true,,335,494,1010,1010,http://localhost:8080/web/index.php/api/v2/recruitment/candidates,20704,0,0
1768409831351,20723,Create Candidate Request,200,OK,Candidate Creation Thread Group 1-490,text,true,,335,494,1009,1009,http://localhost:8080/web/index.php/api/v2/recruitment/candidates,20722,0,0
1768409831353,20739,Create Candidate Request,200,OK,Candidate Creation Thread Group 1-492,text,true,,335,494,1008,1008,http://localhost:8080/web/index.php/api/v2/recruitment/candidates,20739,0,0
1768409831354,20755,Create Candidate Request,200,OK,Candidate Creation Thread Group 1-493,text,true,,335,494,1007,1007,http://localhost:8080/web/index.php/api/v2/recruitment/candidates,20754,0,0
1768409831355,20801,Create Candidate Request,200,OK,Candidate Creation Thread Group 1-494,text,true,,335,494,1006,1006,http://localhost:8080/web/index.php/api/v2/recruitment/candidates,20801,0,0
1768409831356,20820,Create Candidate Request,200,OK,Candidate Creation Thread Group 1-495,text,true,,335,494,1005,1005,http://localhost:8080/web/index.php/api/v2/recruitment/candidates,20820,0,0
1768409831357,20835,Create Candidate Request,200,OK,Candidate Creation Thread Group 1-496,text,true,,335,494,1004,1004,http://localhost:8080/web/index.php/api/v2/recruitment/candidates,20834,0,0
1768409831358,20896,Create Candidate Request,200,OK,Candidate Creation Thread Group 1-497,text,true,,335,494,1003,1003,http://localhost:8080/web/index.php/api/v2/recruitment/candidates,20896,0,0
1768409831359,20916,Create Candidate Request,200,OK,Candidate Creation Thread Group 1-498,text,true,,335,494,1002,1002,http://localhost:8080/web/index.php/api/v2/recruitment/candidates,20916,0,0
1768409831360,20933,Create Candidate Request,200,OK,Candidate Creation Thread Group 1-499,text,true,,335,494,1001,1001,http://localhost:8080/web/index.php/api/v2/recruitment/candidates,20932,0,0
1768409831361,20950,Create Candidate Request,200,OK,Candidate Creation Thread Group 1-500,text,true,,335,494,1000,1000,http://localhost:8080/web/index.php/api/v2/recruitment/candidates,20949,0,0
1768409831380,20979,Create Candidate Request,200,OK,Candidate Creation Thread Group 1-501,text,true,,332,491,999,999,http://localhost:8080/web/index.php/api/v2/recruitment/candidates,20979,0,0
1768409831380,20999,Create Candidate Request,200,OK,Candidate Creation Thread Group 1-518,text,true,,332,491,998,998,http://localhost:8080/web/index.php/api/v2/recruitment/candidates,20999,0,0
1768409831380,21018,Create Candidate Request,200,OK,Candidate Creation Thread Group 1-504,text,true,,332,491,997,997,http://localhost:8080/web/index.php/api/v2/recruitment/candidates,21017,0,0
1768409831380,21074,Create Candidate Request,200,OK,Candidate Creation Thread Group 1-517,text,true,,332,491,996,996,http://localhost:8080/web/index.php/api/v2/recruitment/candidates,21073,0,1
1768409831381,21091,Create Candidate Request,200,OK,Candidate Creation Thread Group 1-502,text,true,,332,491,995,995,http://localhost:8080/web/index.php/api/v2/recruitment/candidates,21090,0,0
1768409831381,21107,Create Candidate Request,200,OK,Candidate Creation Thread Group 1-515,text,true,,332,491,994,994,http://localhost:8080/web/index.php/api/v2/recruitment/candidates,21107,0,0
1768409831380,21126,Create Candidate Request,200,OK,Candidate Creation Thread Group 1-519,text,true,,332,491,993,993,http://localhost:8080/web/index.php/api/v2/recruitment/candidates,21125,0,1
1768409831381,21175,Create Candidate Request,200,OK,Candidate Creation Thread Group 1-513,text,true,,335,494,992,992,http://localhost:8080/web/index.php/api/v2/recruitment/candidates,21175,0,0
1768409831381,21191,Create Candidate Request,200,OK,Candidate Creation Thread Group 1-516,text,true,,332,491,991,991,http://localhost:8080/web/index.php/api/v2/recruitment/candidates,21191,0,0
1768409831381,21214,Create Candidate Request,200,OK,Candidate Creation Thread Group 1-503,text,true,,332,491,990,990,http://localhost:8080/web/index.php/api/v2/recruitment/candidates,21214,0,0
1768409831381,21259,Create Candidate Request,200,OK,Candidate Creation Thread Group 1-510,text,true,,335,494,989,989,http://localhost:8080/web/index.php/api/v2/recruitment/candidates,21232,0,0
1768409831381,21276,Create Candidate Request,200,OK,Candidate Creation Thread Group 1-512,text,true,,335,494,988,988,http://localhost:8080/web/index.php/api/v2/recruitment/candidates,21276,0,0
1768409831381,21293,Create Candidate Request,200,OK,Candidate Creation Thread Group 1-507,text,true,,335,494,987,987,http://localhost:8080/web/index.php/api/v2/recruitment/candidates,21293,0,0
1768409831382,21308,Create Candidate Request,200,OK,Candidate Creation Thread Group 1-506,text,true,,335,494,986,986,http://localhost:8080/web/index.php/api/v2/recruitment/candidates,21308,0,0
1768409831382,21327,Create Candidate Request,200,OK,Candidate Creation Thread Group 1-505,text,true,,335,494,985,985,http://localhost:8080/web/index.php/api/v2/recruitment/candidates,21327,0,0
1768409831383,21371,Create Candidate Request,200,OK,Candidate Creation Thread Group 1-522,text,true,,335,494,984,984,http://localhost:8080/web/index.php/api/v2/recruitment/candidates,21371,0,0
1768409831382,21391,Create Candidate Request,200,OK,Candidate Creation Thread Group 1-514,text,true,,335,494,983,983,http://localhost:8080/web/index.php/api/v2/recruitment/candidates,21391,0,1
1768409831383,21410,Create Candidate Request,200,OK,Candidate Creation Thread Group 1-508,text,true,,335,494,982,982,http://localhost:8080/web/index.php/api/v2/recruitment/candidates,21410,0,0
1768409831382,21471,Create Candidate Request,200,OK,Candidate Creation Thread Group 1-509,text,true,,335,494,981,981,http://localhost:8080/web/index.php/api/v2/recruitment/candidates,21471,0,1
1768409831384,21490,Create Candidate Request,200,OK,Candidate Creation Thread Group 1-511,text,true,,335,494,980,980,http://localhost:8080/web/index.php/api/v2/recruitment/candidates,21490,0,0
1768409831385,21506,Create Candidate Request,200,OK,Candidate Creation Thread Group 1-524,text,true,,335,494,979,979,http://localhost:8080/web/index.php/api/v2/recruitment/candidates,21506,0,0
1768409831385,21524,Create Candidate Request,200,OK,Candidate Creation Thread Group 1-523,text,true,,335,494,978,978,http://localhost:8080/web/index.php/api/v2/recruitment/candidates,21524,0,0
1768409831386,21572,Create Candidate Request,200,OK,Candidate Creation Thread Group 1-521,text,true,,335,494,977,977,http://localhost:8080/web/index.php/api/v2/recruitment/candidates,21572,0,0
1768409831386,21588,Create Candidate Request,200,OK,Candidate Creation Thread Group 1-520,text,true,,335,494,976,976,http://localhost:8080/web/index.php/api/v2/recruitment/candidates,21588,0,0
1768409831386,21605,Create Candidate Request,200,OK,Candidate Creation Thread Group 1-525,text,true,,335,494,975,975,http://localhost:8080/web/index.php/api/v2/recruitment/candidates,21605,0,0
1768409831390,21668,Create Candidate Request,200,OK,Candidate Creation Thread Group 1-529,text,true,,335,494,974,974,http://localhost:8080/web/index.php/api/v2/recruitment/candidates,21667,0,0
1768409831390,21688,Create Candidate Request,200,OK,Candidate Creation Thread Group 1-526,text,true,,335,494,973,973,http://localhost:8080/web/index.php/api/v2/recruitment/candidates,21688,0,0
1768409831390,21705,Create Candidate Request,200,OK,Candidate Creation Thread Group 1-527,text,true,,335,494,972,972,http://localhost:8080/web/index.php/api/v2/recruitment/candidates,21705,0,1
1768409831390,21723,Create Candidate Request,200,OK,Candidate Creation Thread Group 1-528,text,true,,335,494,971,971,http://localhost:8080/web/index.php/api/v2/recruitment/candidates,21723,0,1
1768409831441,21713,Create Candidate Request,200,OK,Candidate Creation Thread Group 1-580,text,true,,335,494,970,970,http://localhost:8080/web/index.php/api/v2/recruitment/candidates,21713,0,0
1768409831469,21705,Create Candidate Request,200,OK,Candidate Creation Thread Group 1-607,text,true,,332,491,969,969,http://localhost:8080/web/index.php/api/v2/recruitment/candidates,21704,0,0
1768409831485,21707,Create Candidate Request,200,OK,Candidate Creation Thread Group 1-625,text,true,,335,494,968,968,http://localhost:8080/web/index.php/api/v2/recruitment/candidates,21706,0,0
1768409831544,21664,Create Candidate Request,200,OK,Candidate Creation Thread Group 1-683,text,true,,335,494,967,967,http://localhost:8080/web/index.php/api/v2/recruitment/candidates,21664,0,0
1768409831568,21687,Create Candidate Request,200,OK,Candidate Creation Thread Group 1-707,text,true,,332,491,966,966,http://localhost:8080/web/index.php/api/v2/recruitment/candidates,21687,0,1
1768409831583,21691,Create Candidate Request,200,OK,Candidate Creation Thread Group 1-722,text,true,,335,494,965,965,http://localhost:8080/web/index.php/api/v2/recruitment/candidates,21690,0,0
1768409831590,21699,Create Candidate Request,200,OK,Candidate Creation Thread Group 1-729,text,true,,335,494,964,964,http://localhost:8080/web/index.php/api/v2/recruitment/candidates,21699,0,1
1768409831673,21634,Create Candidate Request,200,OK,Candidate Creation Thread Group 1-809,text,true,,332,491,963,963,http://localhost:8080/web/index.php/api/v2/recruitment/candidates,21634,0,1
1768409831696,21660,Create Candidate Request,200,OK,Candidate Creation Thread Group 1-835,text,true,,335,494,962,962,http://localhost:8080/web/index.php/api/v2/recruitment/candidates,21659,0,1
1768409831568,21805,Create Candidate Request,200,OK,Candidate Creation Thread Group 1-706,text,true,,332,491,961,961,http://localhost:8080/web/index.php/api/v2/recruitment/candidates,21805,0,1
1768409831568,21825,Create Candidate Request,200,OK,Candidate Creation Thread Group 1-703,text,true,,332,491,960,960,http://localhost:8080/web/index.php/api/v2/recruitment/candidates,21825,0,1
1768409831848,21563,Create Candidate Request,200,OK,Candidate Creation Thread Group 1-987,text,true,,335,494,959,959,http://localhost:8080/web/index.php/api/v2/recruitment/candidates,21562,0,1
1768409831879,21578,Create Candidate Request,200,OK,Candidate Creation Thread Group 1-1018,text,true,,335,494,958,958,http://localhost:8080/web/index.php/api/v2/recruitment/candidates,21578,0,1
1768409831940,21534,Create Candidate Request,200,OK,Candidate Creation Thread Group 1-1080,text,true,,335,494,957,957,http://localhost:8080/web/index.php/api/v2/recruitment/candidates,21534,0,1
1768409831970,21521,Create Candidate Request,200,OK,Candidate Creation Thread Group 1-1102,text,true,,332,491,956,956,http://localhost:8080/web/index.php/api/v2/recruitment/candidates,21521,0,1
1768409831970,21538,Create Candidate Request,200,OK,Candidate Creation Thread Group 1-1101,text,true,,332,491,955,955,http://localhost:8080/web/index.php/api/v2/recruitment/candidates,21538,0,0
1768409832054,21504,Create Candidate Request,200,OK,Candidate Creation Thread Group 1-1193,text,true,,335,494,954,954,http://localhost:8080/web/index.php/api/v2/recruitment/candidates,21504,0,0
1768409832081,21495,Create Candidate Request,200,OK,Candidate Creation Thread Group 1-1220,text,true,,335,494,953,953,http://localhost:8080/web/index.php/api/v2/recruitment/candidates,21494,0,0
1768409832104,21490,Create Candidate Request,200,OK,Candidate Creation Thread Group 1-1243,text,true,,335,494,952,952,http://localhost:8080/web/index.php/api/v2/recruitment/candidates,21489,0,1
1768409832157,21453,Create Candidate Request,200,OK,Candidate Creation Thread Group 1-1296,text,true,,335,494,951,951,http://localhost:8080/web/index.php/api/v2/recruitment/candidates,21452,0,0
1768409832176,21479,Create Candidate Request,200,OK,Candidate Creation Thread Group 1-1315,text,true,,335,494,950,950,http://localhost:8080/web/index.php/api/v2/recruitment/candidates,21479,0,0
1768409832199,21475,Create Candidate Request,200,OK,Candidate Creation Thread Group 1-1339,text,true,,335,494,949,949,http://localhost:8080/web/index.php/api/v2/recruitment/candidates,21475,0,1
1768409832255,21434,Create Candidate Request,200,OK,Candidate Creation Thread Group 1-1394,text,true,,335,494,948,948,http://localhost:8080/web/index.php/api/v2/recruitment/candidates,21434,0,0
1768409832276,21432,Create Candidate Request,200,OK,Candidate Creation Thread Group 1-1416,text,true,,335,494,947,947,http://localhost:8080/web/index.php/api/v2/recruitment/candidates,21431,0,1
1768409832276,21481,Create Candidate Request,200,OK,Candidate Creation Thread Group 1-1415,text,true,,335,494,946,946,http://localhost:8080/web/index.php/api/v2/recruitment/candidates,21481,0,1
1768409832356,21417,Create Candidate Request,200,OK,Candidate Creation Thread Group 1-1495,text,true,,335,494,945,945,http://localhost:8080/web/index.php/api/v2/recruitment/candidates,21417,0,0
1768409831970,21820,Create Candidate Request,200,OK,Candidate Creation Thread Group 1-1106,text,true,,332,491,944,944,http://localhost:8080/web/index.php/api/v2/recruitment/candidates,21819,0,0
1768409831394,22453,Create Candidate Request,200,OK,Candidate Creation Thread Group 1-533,text,true,,335,494,943,943,http://localhost:8080/web/index.php/api/v2/recruitment/candidates,22453,0,0
1768409831395,22471,Create Candidate Request,200,OK,Candidate Creation Thread Group 1-534,text,true,,335,494,942,942,http://localhost:8080/web/index.php/api/v2/recruitment/candidates,22471,0,0
1768409831407,22477,Create Candidate Request,200,OK,Candidate Creation Thread Group 1-546,text,true,,335,494,941,941,http://localhost:8080/web/index.php/api/v2/recruitment/candidates,22476,0,0
1768409831522,22381,Create Candidate Request,200,OK,Candidate Creation Thread Group 1-662,text,true,,335,494,940,940,http://localhost:8080/web/index.php/api/v2/recruitment/candidates,22381,0,0
1768409831500,22453,Create Candidate Request,200,OK,Candidate Creation Thread Group 1-639,text,true,,335,494,939,939,http://localhost:8080/web/index.php/api/v2/recruitment/candidates,22453,0,0
1768409831498,22472,Create Candidate Request,200,OK,Candidate Creation Thread Group 1-637,text,true,,335,494,938,938,http://localhost:8080/web/index.php/api/v2/recruitment/candidates,22472,0,1
1768409831545,22444,Create Candidate Request,200,OK,Candidate Creation Thread Group 1-681,text,true,,335,494,937,937,http://localhost:8080/web/index.php/api/v2/recruitment/candidates,22444,0,0
1768409831530,22475,Create Candidate Request,200,OK,Candidate Creation Thread Group 1-669,text,true,,335,494,936,936,http://localhost:8080/web/index.php/api/v2/recruitment/candidates,22475,0,0
1768409831545,22511,Create Candidate Request,200,OK,Candidate Creation Thread Group 1-684,text,true,,335,494,935,935,http://localhost:8080/web/index.php/api/v2/recruitment/candidates,22511,0,0
1768409831532,22542,Create Candidate Request,200,OK,Candidate Creation Thread Group 1-671,text,true,,335,494,934,934,http://localhost:8080/web/index.php/api/v2/recruitment/candidates,22542,0,0
1768409831533,22558,Create Candidate Request,200,OK,Candidate Creation Thread Group 1-672,text,true,,335,494,933,933,http://localhost:8080/web/index.php/api/v2/recruitment/candidates,22558,0,0
1768409831662,22478,Create Candidate Request,200,OK,Candidate Creation Thread Group 1-794,text,true,,335,494,932,932,http://localhost:8080/web/index.php/api/v2/recruitment/candidates,22445,0,10
1768409831678,22480,Create Candidate Request,200,OK,Candidate Creation Thread Group 1-804,text,true,,335,494,931,931,http://localhost:8080/web/index.php/api/v2/recruitment/candidates,22479,0,0
1768409831750,22425,Create Candidate Request,200,OK,Candidate Creation Thread Group 1-889,text,true,,335,494,930,930,http://localhost:8080/web/index.php/api/v2/recruitment/candidates,22425,0,0
1768409831722,22471,Create Candidate Request,200,OK,Candidate Creation Thread Group 1-854,text,true,,335,494,929,929,http://localhost:8080/web/index.php/api/v2/recruitment/candidates,22471,0,0
1768409831775,22475,Create Candidate Request,200,OK,Candidate Creation Thread Group 1-908,text,true,,332,491,928,928,http://localhost:8080/web/index.php/api/v2/recruitment/candidates,22474,0,1
1768409831428,22840,Create Candidate Request,200,OK,Candidate Creation Thread Group 1-567,text,true,,335,494,927,927,http://localhost:8080/web/index.php/api/v2/recruitment/candidates,22839,0,0
1768409831405,22880,Create Candidate Request,200,OK,Candidate Creation Thread Group 1-544,text,true,,335,494,926,926,http://localhost:8080/web/index.php/api/v2/recruitment/candidates,22880,0,0
1768409831447,22855,Create Candidate Request,200,OK,Candidate Creation Thread Group 1-586,text,true,,335,494,925,925,http://localhost:8080/web/index.php/api/v2/recruitment/candidates,22854,0,0
1768409831851,22498,Create Candidate Request,200,OK,Candidate Creation Thread Group 1-989,text,true,,335,494,924,924,http://localhost:8080/web/index.php/api/v2/recruitment/candidates,22497,0,1
1768409831874,22493,Create Candidate Request,200,OK,Candidate Creation Thread Group 1-1008,text,true,,332,491,923,923,http://localhost:8080/web/index.php/api/v2/recruitment/candidates,22493,0,0
1768409831850,22537,Create Candidate Request,200,OK,Candidate Creation Thread Group 1-988,text,true,,335,494,922,922,http://localhost:8080/web/index.php/api/v2/recruitment/candidates,22537,0,2
1768409831872,22568,Create Candidate Request,200,OK,Candidate Creation Thread Group 1-999,text,true,,335,494,921,921,http://localhost:8080/web/index.php/api/v2/recruitment/candidates,22534,0,0
1768409831982,22475,Create Candidate Request,200,OK,Candidate Creation Thread Group 1-1121,text,true,,335,494,920,920,http://localhost:8080/web/index.php/api/v2/recruitment/candidates,22475,0,0
1768409831978,22496,Create Candidate Request,200,OK,Candidate Creation Thread Group 1-1117,text,true,,335,494,919,919,http://localhost:8080/web/index.php/api/v2/recruitment/candidates,22496,0,0
1768409832024,22468,Create Candidate Request,200,OK,Candidate Creation Thread Group 1-1163,text,true,,335,494,918,918,http://localhost:8080/web/index.php/api/v2/recruitment/candidates,22468,0,0
1768409831469,23040,Create Candidate Request,200,OK,Candidate Creation Thread Group 1-605,text,true,,332,491,917,917,http://localhost:8080/web/index.php/api/v2/recruitment/candidates,23040,0,0
1768409832159,22399,Create Candidate Request,200,OK,Candidate Creation Thread Group 1-1297,text,true,,335,494,916,916,http://localhost:8080/web/index.php/api/v2/recruitment/candidates,22399,0,0
1768409832111,22466,Create Candidate Request,200,OK,Candidate Creation Thread Group 1-1250,text,true,,335,494,915,915,http://localhost:8080/web/index.php/api/v2/recruitment/candidates,22466,0,0
1768409832120,22474,Create Candidate Request,200,OK,Candidate Creation Thread Group 1-1253,text,true,,332,491,914,914,http://localhost:8080/web/index.php/api/v2/recruitment/candidates,22474,0,0
1768409831393,23254,Create Candidate Request,200,OK,Candidate Creation Thread Group 1-531,text,true,,335,494,913,913,http://localhost:8080/web/index.php/api/v2/recruitment/candidates,23254,0,0
1768409831396,23269,Create Candidate Request,200,OK,Candidate Creation Thread Group 1-535,text,true,,335,494,912,912,http://localhost:8080/web/index.php/api/v2/recruitment/candidates,23269,0,1
1768409831458,23223,Create Candidate Request,200,OK,Candidate Creation Thread Group 1-597,text,true,,335,494,911,911,http://localhost:8080/web/index.php/api/v2/recruitment/candidates,23222,0,0
1768409832245,22452,Create Candidate Request,200,OK,Candidate Creation Thread Group 1-1384,text,true,,335,494,910,910,http://localhost:8080/web/index.php/api/v2/recruitment/candidates,22452,0,0
1768409831475,23241,Create Candidate Request,200,OK,Candidate Creation Thread Group 1-614,text,true,,335,494,909,909,http://localhost:8080/web/index.php/api/v2/recruitment/candidates,23241,0,0
1768409831470,23287,Create Candidate Request,200,OK,Candidate Creation Thread Group 1-601,text,true,,332,491,908,908,http://localhost:8080/web/index.php/api/v2/recruitment/candidates,23287,0,0
1768409831476,23299,Create Candidate Request,200,OK,Candidate Creation Thread Group 1-615,text,true,,335,494,907,907,http://localhost:8080/web/index.php/api/v2/recruitment/candidates,23298,0,0
1768409831528,23263,Create Candidate Request,200,OK,Candidate Creation Thread Group 1-667,text,true,,335,494,906,906,http://localhost:8080/web/index.php/api/v2/recruitment/candidates,23263,0,0
1768409831985,22874,Create Candidate Request,200,OK,Candidate Creation Thread Group 1-1124,text,true,,335,494,905,905,http://localhost:8080/web/index.php/api/v2/recruitment/candidates,22874,0,0
1768409831977,22899,Create Candidate Request,200,OK,Candidate Creation Thread Group 1-1116,text,true,,335,494,904,904,http://localhost:8080/web/index.php/api/v2/recruitment/candidates,22899,0,0
1768409831995,22897,Create Candidate Request,200,OK,Candidate Creation Thread Group 1-1134,text,true,,335,494,903,903,http://localhost:8080/web/index.php/api/v2/recruitment/candidates,22897,0,0
1768409832291,22619,Create Candidate Request,200,OK,Candidate Creation Thread Group 1-1430,text,true,,335,494,902,902,http://localhost:8080/web/index.php/api/v2/recruitment/candidates,22619,0,0
1768409832123,22835,Create Candidate Request,200,OK,Candidate Creation Thread Group 1-1262,text,true,,335,494,901,901,http://localhost:8080/web/index.php/api/v2/recruitment/candidates,22834,0,0
1768409832106,22869,Create Candidate Request,200,OK,Candidate Creation Thread Group 1-1245,text,true,,335,494,900,900,http://localhost:8080/web/index.php/api/v2/recruitment/candidates,22869,0,0
1768409832120,22871,Create Candidate Request,200,OK,Candidate Creation Thread Group 1-1258,text,true,,332,491,899,899,http://localhost:8080/web/index.php/api/v2/recruitment/candidates,22871,0,0
1768409832120,22888,Create Candidate Request,200,OK,Candidate Creation Thread Group 1-1251,text,true,,332,491,898,898,http://localhost:8080/web/index.php/api/v2/recruitment/candidates,22887,0,1
1768409831722,23332,Create Candidate Request,200,OK,Candidate Creation Thread Group 1-856,text,true,,335,494,897,897,http://localhost:8080/web/index.php/api/v2/recruitment/candidates,23332,0,0
1768409831729,23346,Create Candidate Request,200,OK,Candidate Creation Thread Group 1-869,text,true,,335,494,896,896,http://localhost:8080/web/index.php/api/v2/recruitment/candidates,23346,0,0
1768409831721,23373,Create Candidate Request,200,OK,Candidate Creation Thread Group 1-859,text,true,,332,491,895,895,http://localhost:8080/web/index.php/api/v2/recruitment/candidates,23373,0,0
1768409831732,23420,Create Candidate Request,200,OK,Candidate Creation Thread Group 1-872,text,true,,335,494,894,894,http://localhost:8080/web/index.php/api/v2/recruitment/candidates,23420,0,1
1768409832025,23144,Create Candidate Request,200,OK,Candidate Creation Thread Group 1-1164,text,true,,335,494,893,893,http://localhost:8080/web/index.php/api/v2/recruitment/candidates,23144,0,0
1768409831981,23205,Create Candidate Request,200,OK,Candidate Creation Thread Group 1-1120,text,true,,335,494,892,892,http://localhost:8080/web/index.php/api/v2/recruitment/candidates,23205,0,0
1768409832031,23174,Create Candidate Request,200,OK,Candidate Creation Thread Group 1-1170,text,true,,335,494,891,891,http://localhost:8080/web/index.php/api/v2/recruitment/candidates,23173,0,0
1768409832000,23261,Create Candidate Request,200,OK,Candidate Creation Thread Group 1-1140,text,true,,335,494,890,890,http://localhost:8080/web/index.php/api/v2/recruitment/candidates,23261,0,0
1768409831992,23286,Create Candidate Request,200,OK,Candidate Creation Thread Group 1-1131,text,true,,335,494,889,889,http://localhost:8080/web/index.php/api/v2/recruitment/candidates,23285,0,0
1768409832090,23203,Create Candidate Request,200,OK,Candidate Creation Thread Group 1-1229,text,true,,335,494,888,888,http://localhost:8080/web/index.php/api/v2/recruitment/candidates,23203,0,0
1768409832147,23207,Create Candidate Request,200,OK,Candidate Creation Thread Group 1-1287,text,true,,335,494,887,887,http://localhost:8080/web/index.php/api/v2/recruitment/candidates,23207,0,1
1768409831925,23447,Create Candidate Request,200,OK,Candidate Creation Thread Group 1-1065,text,true,,335,494,886,886,http://localhost:8080/web/index.php/api/v2/recruitment/candidates,23447,0,1
1768409831935,23456,Create Candidate Request,200,OK,Candidate Creation Thread Group 1-1074,text,true,,335,494,885,885,http://localhost:8080/web/index.php/api/v2/recruitment/candidates,23456,0,0
1768409832261,23147,Create Candidate Request,200,OK,Candidate Creation Thread Group 1-1400,text,true,,335,494,884,884,http://localhost:8080/web/index.php/api/v2/recruitment/candidates,23147,0,0
1768409832260,23197,Create Candidate Request,200,OK,Candidate Creation Thread Group 1-1399,text,true,,335,494,883,883,http://localhost:8080/web/index.php/api/v2/recruitment/candidates,23197,0,0
1768409832286,23189,Create Candidate Request,200,OK,Candidate Creation Thread Group 1-1425,text,true,,335,494,882,882,http://localhost:8080/web/index.php/api/v2/recruitment/candidates,23189,0,0
1768409831518,23975,Create Candidate Request,200,OK,Candidate Creation Thread Group 1-654,text,true,,332,491,881,881,http://localhost:8080/web/index.php/api/v2/recruitment/candidates,23975,0,0
1768409831478,24032,Create Candidate Request,200,OK,Candidate Creation Thread Group 1-617,text,true,,335,494,880,880,http://localhost:8080/web/index.php/api/v2/recruitment/candidates,24032,0,0
1768409831477,24077,Create Candidate Request,200,OK,Candidate Creation Thread Group 1-616,text,true,,335,494,879,879,http://localhost:8080/web/index.php/api/v2/recruitment/candidates,24076,0,0
1768409831553,24017,Create Candidate Request,200,OK,Candidate Creation Thread Group 1-693,text,true,,335,494,878,878,http://localhost:8080/web/index.php/api/v2/recruitment/candidates,24017,0,0
1768409831679,23911,Create Candidate Request,200,OK,Candidate Creation Thread Group 1-805,text,true,,335,494,877,877,http://localhost:8080/web/index.php/api/v2/recruitment/candidates,23911,0,1
1768409831693,23915,Create Candidate Request,200,OK,Candidate Creation Thread Group 1-832,text,true,,335,494,876,876,http://localhost:8080/web/index.php/api/v2/recruitment/candidates,23915,0,0
1768409831689,23965,Create Candidate Request,200,OK,Candidate Creation Thread Group 1-825,text,true,,335,494,875,875,http://localhost:8080/web/index.php/api/v2/recruitment/candidates,23964,0,0
1768409831707,23968,Create Candidate Request,200,OK,Candidate Creation Thread Group 1-847,text,true,,335,494,874,874,http://localhost:8080/web/index.php/api/v2/recruitment/candidates,23968,0,0
1768409831663,24027,Create Candidate Request,200,OK,Candidate Creation Thread Group 1-797,text,true,,335,494,873,873,http://localhost:8080/web/index.php/api/v2/recruitment/candidates,24027,0,0
1768409831948,23801,Create Candidate Request,200,OK,Candidate Creation Thread Group 1-1087,text,true,,335,494,872,872,http://localhost:8080/web/index.php/api/v2/recruitment/candidates,23801,0,0
1768409831972,23795,Create Candidate Request,200,OK,Candidate Creation Thread Group 1-1103,text,true,,335,494,871,871,http://localhost:8080/web/index.php/api/v2/recruitment/candidates,23795,0,1
1768409831875,23910,Create Candidate Request,200,OK,Candidate Creation Thread Group 1-1007,text,true,,332,491,870,870,http://localhost:8080/web/index.php/api/v2/recruitment/candidates,23910,0,0
1768409831881,23920,Create Candidate Request,200,OK,Candidate Creation Thread Group 1-1019,text,true,,335,494,869,869,http://localhost:8080/web/index.php/api/v2/recruitment/candidates,23920,0,9
1768409831874,23975,Create Candidate Request,200,OK,Candidate Creation Thread Group 1-1006,text,true,,332,491,868,868,http://localhost:8080/web/index.php/api/v2/recruitment/candidates,23975,0,0
1768409831875,23994,Create Candidate Request,200,OK,Candidate Creation Thread Group 1-1012,text,true,,335,494,867,867,http://localhost:8080/web/index.php/api/v2/recruitment/candidates,23993,0,1
1768409831884,24005,Create Candidate Request,200,OK,Candidate Creation Thread Group 1-1022,text,true,,335,494,866,866,http://localhost:8080/web/index.php/api/v2/recruitment/candidates,24005,0,1
1768409831873,24032,Create Candidate Request,200,OK,Candidate Creation Thread Group 1-1004,text,true,,332,491,865,865,http://localhost:8080/web/index.php/api/v2/recruitment/candidates,24032,0,0
1768409831529,24429,Create Candidate Request,200,OK,Candidate Creation Thread Group 1-668,text,true,,335,494,864,864,http://localhost:8080/web/index.php/api/v2/recruitment/candidates,24428,0,0
1768409831535,24439,Create Candidate Request,200,OK,Candidate Creation Thread Group 1-675,text,true,,335,494,863,863,http://localhost:8080/web/index.php/api/v2/recruitment/candidates,24439,0,0
1768409831534,24457,Create Candidate Request,200,OK,Candidate Creation Thread Group 1-673,text,true,,335,494,862,862,http://localhost:8080/web/index.php/api/v2/recruitment/candidates,24457,0,0
1768409831561,24448,Create Candidate Request,200,OK,Candidate Creation Thread Group 1-700,text,true,,335,494,861,861,http://localhost:8080/web/index.php/api/v2/recruitment/candidates,24448,0,0
1768409831569,24489,Create Candidate Request,200,OK,Candidate Creation Thread Group 1-701,text,true,,332,491,860,860,http://localhost:8080/web/index.php/api/v2/recruitment/candidates,24488,0,0
1768409831556,24519,Create Candidate Request,200,OK,Candidate Creation Thread Group 1-696,text,true,,335,494,859,859,http://localhost:8080/web/index.php/api/v2/recruitment/candidates,24519,0,1
1768409831536,24561,Create Candidate Request,200,OK,Candidate Creation Thread Group 1-676,text,true,,335,494,858,858,http://localhost:8080/web/index.php/api/v2/recruitment/candidates,24561,0,1
1768409831540,24610,Create Candidate Request,200,OK,Candidate Creation Thread Group 1-679,text,true,,335,494,857,857,http://localhost:8080/web/index.php/api/v2/recruitment/candidates,24610,0,0
1768409831544,24622,Create Candidate Request,200,OK,Candidate Creation Thread Group 1-682,text,true,,335,494,856,856,http://localhost:8080/web/index.php/api/v2/recruitment/candidates,24621,0,1
1768409831959,24226,Create Candidate Request,200,OK,Candidate Creation Thread Group 1-1099,text,true,,335,494,855,855,http://localhost:8080/web/index.php/api/v2/recruitment/candidates,24226,0,0
1768409831927,24276,Create Candidate Request,200,OK,Candidate Creation Thread Group 1-1066,text,true,,335,494,854,854,http://localhost:8080/web/index.php/api/v2/recruitment/candidates,24275,0,0
1768409831921,24335,Create Candidate Request,200,OK,Candidate Creation Thread Group 1-1060,text,true,,335,494,853,853,http://localhost:8080/web/index.php/api/v2/recruitment/candidates,24334,0,0
1768409831928,24347,Create Candidate Request,200,OK,Candidate Creation Thread Group 1-1067,text,true,,335,494,852,852,http://localhost:8080/web/index.php/api/v2/recruitment/candidates,24347,0,0
1768409831847,24448,Create Candidate Request,200,OK,Candidate Creation Thread Group 1-986,text,true,,335,494,851,851,http://localhost:8080/web/index.php/api/v2/recruitment/candidates,24448,0,0
1768409831846,24505,Create Candidate Request,200,OK,Candidate Creation Thread Group 1-985,text,true,,335,494,850,850,http://localhost:8080/web/index.php/api/v2/recruitment/candidates,24504,0,0
1768409832085,24282,Create Candidate Request,200,OK,Candidate Creation Thread Group 1-1224,text,true,,335,494,849,849,http://localhost:8080/web/index.php/api/v2/recruitment/candidates,24282,0,0
1768409831919,24467,Create Candidate Request,200,OK,Candidate Creation Thread Group 1-1056,text,true,,332,491,848,848,http://localhost:8080/web/index.php/api/v2/recruitment/candidates,24467,0,0
1768409831952,24453,Create Candidate Request,200,OK,Candidate Creation Thread Group 1-1091,text,true,,335,494,847,847,http://localhost:8080/web/index.php/api/v2/recruitment/candidates,24452,0,0
1768409831958,24500,Create Candidate Request,200,OK,Candidate Creation Thread Group 1-1098,text,true,,335,494,846,846,http://localhost:8080/web/index.php/api/v2/recruitment/candidates,24500,0,1
1768409832230,24246,Create Candidate Request,200,OK,Candidate Creation Thread Group 1-1370,text,true,,335,494,845,845,http://localhost:8080/web/index.php/api/v2/recruitment/candidates,24245,0,0
1768409832194,24303,Create Candidate Request,200,OK,Candidate Creation Thread Group 1-1334,text,true,,335,494,844,844,http://localhost:8080/web/index.php/api/v2/recruitment/candidates,24302,0,0
1768409832075,24473,Create Candidate Request,200,OK,Candidate Creation Thread Group 1-1212,text,true,,332,491,843,843,http://localhost:8080/web/index.php/api/v2/recruitment/candidates,24472,0,1
1768409832101,24463,Create Candidate Request,200,OK,Candidate Creation Thread Group 1-1240,text,true,,335,494,842,842,http://localhost:8080/web/index.php/api/v2/recruitment/candidates,24463,0,0
1768409832074,24507,Create Candidate Request,200,OK,Candidate Creation Thread Group 1-1214,text,true,,332,491,841,841,http://localhost:8080/web/index.php/api/v2/recruitment/candidates,24507,0,0
1768409832334,24267,Create Candidate Request,200,OK,Candidate Creation Thread Group 1-1473,text,true,,335,494,840,840,http://localhost:8080/web/index.php/api/v2/recruitment/candidates,24266,0,0
1768409832330,24321,Create Candidate Request,200,OK,Candidate Creation Thread Group 1-1470,text,true,,335,494,839,839,http://localhost:8080/web/index.php/api/v2/recruitment/candidates,24320,0,0
1768409831577,25089,Create Candidate Request,200,OK,Candidate Creation Thread Group 1-716,text,true,,335,494,838,838,http://localhost:8080/web/index.php/api/v2/recruitment/candidates,25089,0,0
1768409831575,25106,Create Candidate Request,200,OK,Candidate Creation Thread Group 1-714,text,true,,335,494,837,837,http://localhost:8080/web/index.php/api/v2/recruitment/candidates,25106,0,0
1768409831580,25119,Create Candidate Request,200,OK,Candidate Creation Thread Group 1-719,text,true,,335,494,836,836,http://localhost:8080/web/index.php/api/v2/recruitment/candidates,25118,0,1
1768409832089,24662,Create Candidate Request,200,OK,Candidate Creation Thread Group 1-1228,text,true,,335,494,835,835,http://localhost:8080/web/index.php/api/v2/recruitment/candidates,24662,0,0
1768409832042,24725,Create Candidate Request,200,OK,Candidate Creation Thread Group 1-1181,text,true,,335,494,834,834,http://localhost:8080/web/index.php/api/v2/recruitment/candidates,24725,0,0
1768409831489,25296,Create Candidate Request,200,OK,Candidate Creation Thread Group 1-629,text,true,,335,494,833,833,http://localhost:8080/web/index.php/api/v2/recruitment/candidates,25295,0,1
1768409832338,24463,Create Candidate Request,200,OK,Candidate Creation Thread Group 1-1477,text,true,,335,494,832,832,http://localhost:8080/web/index.php/api/v2/recruitment/candidates,24463,0,0
1768409832355,24498,Create Candidate Request,200,OK,Candidate Creation Thread Group 1-1494,text,true,,335,494,831,831,http://localhost:8080/web/index.php/api/v2/recruitment/candidates,24498,0,0
1768409831923,24948,Create Candidate Request,200,OK,Candidate Creation Thread Group 1-1063,text,true,,335,494,830,830,http://localhost:8080/web/index.php/api/v2/recruitment/candidates,24948,0,0
1768409831938,24951,Create Candidate Request,200,OK,Candidate Creation Thread Group 1-1078,text,true,,335,494,829,829,http://localhost:8080/web/index.php/api/v2/recruitment/candidates,24951,0,0
1768409831973,24976,Create Candidate Request,200,OK,Candidate Creation Thread Group 1-1113,text,true,,335,494,828,828,http://localhost:8080/web/index.php/api/v2/recruitment/candidates,24976,0,1
1768409831920,25047,Create Candidate Request,200,OK,Candidate Creation Thread Group 1-1059,text,true,,332,491,827,827,http://localhost:8080/web/index.php/api/v2/recruitment/candidates,25047,0,0
1768409831923,25061,Create Candidate Request,200,OK,Candidate Creation Thread Group 1-1062,text,true,,335,494,826,826,http://localhost:8080/web/index.php/api/v2/recruitment/candidates,25061,0,0
1768409831945,25059,Create Candidate Request,200,OK,Candidate Creation Thread Group 1-1084,text,true,,335,494,825,825,http://localhost:8080/web/index.php/api/v2/recruitment/candidates,25058,0,0
1768409831942,25110,Create Candidate Request,200,OK,Candidate Creation Thread Group 1-1081,text,true,,335,494,824,824,http://localhost:8080/web/index.php/api/v2/recruitment/candidates,25110,0,0
1768409831918,25155,Create Candidate Request,200,OK,Candidate Creation Thread Group 1-1054,text,true,,332,491,823,823,http://localhost:8080/web/index.php/api/v2/recruitment/candidates,25154,0,1
1768409831971,25122,Create Candidate Request,200,OK,Candidate Creation Thread Group 1-1110,text,true,,332,491,822,822,http://localhost:8080/web/index.php/api/v2/recruitment/candidates,25122,0,0
1768409831461,25685,Create Candidate Request,200,OK,Candidate Creation Thread Group 1-600,text,true,,335,494,821,821,http://localhost:8080/web/index.php/api/v2/recruitment/candidates,25685,0,0
1768409831442,25721,Create Candidate Request,200,OK,Candidate Creation Thread Group 1-581,text,true,,335,494,820,820,http://localhost:8080/web/index.php/api/v2/recruitment/candidates,25721,0,0
1768409831432,25751,Create Candidate Request,200,OK,Candidate Creation Thread Group 1-571,text,true,,335,494,819,819,http://localhost:8080/web/index.php/api/v2/recruitment/candidates,25751,0,0
1768409831440,25813,Create Candidate Request,200,OK,Candidate Creation Thread Group 1-579,text,true,,335,494,818,818,http://localhost:8080/web/index.php/api/v2/recruitment/candidates,25812,0,0
1768409831445,25825,Create Candidate Request,200,OK,Candidate Creation Thread Group 1-584,text,true,,335,494,817,817,http://localhost:8080/web/index.php/api/v2/recruitment/candidates,25824,0,0
1768409831407,25880,Create Candidate Request,200,OK,Candidate Creation Thread Group 1-547,text,true,,335,494,816,816,http://localhost:8080/web/index.php/api/v2/recruitment/candidates,25880,0,0
1768409831452,25853,Create Candidate Request,200,OK,Candidate Creation Thread Group 1-591,text,true,,335,494,815,815,http://localhost:8080/web/index.php/api/v2/recruitment/candidates,25852,0,0
1768409832036,25314,Create Candidate Request,200,OK,Candidate Creation Thread Group 1-1176,text,true,,335,494,814,814,http://localhost:8080/web/index.php/api/v2/recruitment/candidates,25314,0,0
1768409832030,25338,Create Candidate Request,200,OK,Candidate Creation Thread Group 1-1169,text,true,,335,494,813,813,http://localhost:8080/web/index.php/api/v2/recruitment/candidates,25338,0,0
1768409832019,25368,Create Candidate Request,200,OK,Candidate Creation Thread Group 1-1151,text,true,,332,491,812,812,http://localhost:8080/web/index.php/api/v2/recruitment/candidates,25368,0,1
1768409832031,25373,Create Candidate Request,200,OK,Candidate Creation Thread Group 1-1171,text,true,,335,494,811,811,http://localhost:8080/web/index.php/api/v2/recruitment/candidates,25373,0,0
1768409831619,25836,Create Candidate Request,200,OK,Candidate Creation Thread Group 1-757,text,true,,332,491,810,810,http://localhost:8080/web/index.php/api/v2/recruitment/candidates,25835,0,1
1768409831619,25857,Create Candidate Request,200,OK,Candidate Creation Thread Group 1-751,text,true,,332,491,809,809,http://localhost:8080/web/index.php/api/v2/recruitment/candidates,25856,0,1
1768409832071,25420,Create Candidate Request,200,OK,Candidate Creation Thread Group 1-1201,text,true,,332,491,808,808,http://localhost:8080/web/index.php/api/v2/recruitment/candidates,25419,0,1
1768409831663,25846,Create Candidate Request,200,OK,Candidate Creation Thread Group 1-801,text,true,,335,494,807,807,http://localhost:8080/web/index.php/api/v2/recruitment/candidates,25846,0,9
1768409832060,25496,Create Candidate Request,200,OK,Candidate Creation Thread Group 1-1199,text,true,,335,494,806,806,http://localhost:8080/web/index.php/api/v2/recruitment/candidates,25496,0,0
1768409832055,25519,Create Candidate Request,200,OK,Candidate Creation Thread Group 1-1194,text,true,,335,494,805,805,http://localhost:8080/web/index.php/api/v2/recruitment/candidates,25519,0,0
1768409832075,25518,Create Candidate Request,200,OK,Candidate Creation Thread Group 1-1209,text,true,,335,494,804,804,http://localhost:8080/web/index.php/api/v2/recruitment/candidates,25518,0,1
1768409832057,25594,Create Candidate Request,200,OK,Candidate Creation Thread Group 1-1196,text,true,,335,494,803,803,http://localhost:8080/web/index.php/api/v2/recruitment/candidates,25594,0,0
1768409832052,25617,Create Candidate Request,200,OK,Candidate Creation Thread Group 1-1190,text,true,,335,494,802,802,http://localhost:8080/web/index.php/api/v2/recruitment/candidates,25617,0,0
1768409832223,25462,Create Candidate Request,200,OK,Candidate Creation Thread Group 1-1362,text,true,,335,494,801,801,http://localhost:8080/web/index.php/api/v2/recruitment/candidates,25462,0,0
1768409832226,25475,Create Candidate Request,200,OK,Candidate Creation Thread Group 1-1365,text,true,,335,494,800,800,http://localhost:8080/web/index.php/api/v2/recruitment/candidates,25474,0,0
1768409832221,25535,Create Candidate Request,200,OK,Candidate Creation Thread Group 1-1351,text,true,,332,491,799,799,http://localhost:8080/web/index.php/api/v2/recruitment/candidates,25534,0,0
1768409832191,25581,Create Candidate Request,200,OK,Candidate Creation Thread Group 1-1330,text,true,,335,494,798,798,http://localhost:8080/web/index.php/api/v2/recruitment/candidates,25580,0,0
1768409832196,25592,Create Candidate Request,200,OK,Candidate Creation Thread Group 1-1336,text,true,,335,494,797,797,http://localhost:8080/web/index.php/api/v2/recruitment/candidates,25591,0,1
1768409832221,25583,Create Candidate Request,200,OK,Candidate Creation Thread Group 1-1356,text,true,,332,491,796,796,http://localhost:8080/web/index.php/api/v2/recruitment/candidates,25583,0,0
1768409832172,25683,Create Candidate Request,200,OK,Candidate Creation Thread Group 1-1306,text,true,,332,491,795,795,http://localhost:8080/web/index.php/api/v2/recruitment/candidates,25683,0,0
1768409832171,25705,Create Candidate Request,200,OK,Candidate Creation Thread Group 1-1310,text,true,,332,491,794,794,http://localhost:8080/web/index.php/api/v2/recruitment/candidates,25705,0,1
1768409832171,25724,Create Candidate Request,200,OK,Candidate Creation Thread Group 1-1301,text,true,,332,491,793,793,http://localhost:8080/web/index.php/api/v2/recruitment/candidates,25724,0,1
1768409831804,26142,Create Candidate Request,200,OK,Candidate Creation Thread Group 1-925,text,true,,335,494,792,792,http://localhost:8080/web/index.php/api/v2/recruitment/candidates,26142,0,1
1768409831803,26159,Create Candidate Request,200,OK,Candidate Creation Thread Group 1-926,text,true,,335,494,791,791,http://localhost:8080/web/index.php/api/v2/recruitment/candidates,26159,0,3
1768409831603,26376,Create Candidate Request,200,OK,Candidate Creation Thread Group 1-743,text,true,,335,494,790,790,http://localhost:8080/web/index.php/api/v2/recruitment/candidates,26376,0,1
1768409831649,26348,Create Candidate Request,200,OK,Candidate Creation Thread Group 1-784,text,true,,335,494,789,789,http://localhost:8080/web/index.php/api/v2/recruitment/candidates,26348,0,0
1768409832342,25712,Create Candidate Request,200,OK,Candidate Creation Thread Group 1-1481,text,true,,335,494,788,788,http://localhost:8080/web/index.php/api/v2/recruitment/candidates,25712,0,0
1768409832336,25737,Create Candidate Request,200,OK,Candidate Creation Thread Group 1-1475,text,true,,335,494,787,787,http://localhost:8080/web/index.php/api/v2/recruitment/candidates,25737,0,0
1768409832321,25775,Create Candidate Request,200,OK,Candidate Creation Thread Group 1-1454,text,true,,332,491,786,786,http://localhost:8080/web/index.php/api/v2/recruitment/candidates,25774,0,0
1768409832343,25804,Create Candidate Request,200,OK,Candidate Creation Thread Group 1-1482,text,true,,335,494,785,785,http://localhost:8080/web/index.php/api/v2/recruitment/candidates,25804,0,0
1768409831823,26341,Create Candidate Request,200,OK,Candidate Creation Thread Group 1-963,text,true,,335,494,784,784,http://localhost:8080/web/index.php/api/v2/recruitment/candidates,26340,0,1
1768409831824,26357,Create Candidate Request,200,OK,Candidate Creation Thread Group 1-957,text,true,,335,494,783,783,http://localhost:8080/web/index.php/api/v2/recruitment/candidates,26356,0,0
1768409831805,26392,Create Candidate Request,200,OK,Candidate Creation Thread Group 1-935,text,true,,335,494,782,782,http://localhost:8080/web/index.php/api/v2/recruitment/candidates,26392,0,1
1768409831805,26444,Create Candidate Request,200,OK,Candidate Creation Thread Group 1-938,text,true,,335,494,781,781,http://localhost:8080/web/index.php/api/v2/recruitment/candidates,26444,0,0
1768409831805,26463,Create Candidate Request,200,OK,Candidate Creation Thread Group 1-934,text,true,,335,494,780,780,http://localhost:8080/web/index.php/api/v2/recruitment/candidates,26462,0,0
1768409831805,26480,Create Candidate Request,200,OK,Candidate Creation Thread Group 1-919,text,true,,335,494,779,779,http://localhost:8080/web/index.php/api/v2/recruitment/candidates,26480,0,1
1768409831804,26499,Create Candidate Request,200,OK,Candidate Creation Thread Group 1-928,text,true,,335,494,778,778,http://localhost:8080/web/index.php/api/v2/recruitment/candidates,26498,0,0
1768409831822,26529,Create Candidate Request,200,OK,Candidate Creation Thread Group 1-955,text,true,,332,491,777,777,http://localhost:8080/web/index.php/api/v2/recruitment/candidates,26528,0,1
1768409831806,26564,Create Candidate Request,200,OK,Candidate Creation Thread Group 1-942,text,true,,335,494,776,776,http://localhost:8080/web/index.php/api/v2/recruitment/candidates,26563,0,0
1768409831934,26453,Create Candidate Request,200,OK,Candidate Creation Thread Group 1-1073,text,true,,335,494,775,775,http://localhost:8080/web/index.php/api/v2/recruitment/candidates,26453,0,0
1768409831922,26482,Create Candidate Request,200,OK,Candidate Creation Thread Group 1-1061,text,true,,335,494,774,774,http://localhost:8080/web/index.php/api/v2/recruitment/candidates,26482,0,0
1768409831929,26529,Create Candidate Request,200,OK,Candidate Creation Thread Group 1-1068,text,true,,335,494,773,773,http://localhost:8080/web/index.php/api/v2/recruitment/candidates,26528,0,0
1768409831627,26850,Create Candidate Request,200,OK,Candidate Creation Thread Group 1-767,text,true,,335,494,772,772,http://localhost:8080/web/index.php/api/v2/recruitment/candidates,26850,0,1
1768409831626,26868,Create Candidate Request,200,OK,Candidate Creation Thread Group 1-766,text,true,,335,494,771,771,http://localhost:8080/web/index.php/api/v2/recruitment/candidates,26868,0,0
1768409831593,26947,Create Candidate Request,200,OK,Candidate Creation Thread Group 1-732,text,true,,335,494,770,770,http://localhost:8080/web/index.php/api/v2/recruitment/candidates,26919,0,0
1768409831629,26930,Create Candidate Request,200,OK,Candidate Creation Thread Group 1-768,text,true,,335,494,769,769,http://localhost:8080/web/index.php/api/v2/recruitment/candidates,26930,0,0
1768409831646,26931,Create Candidate Request,200,OK,Candidate Creation Thread Group 1-785,text,true,,335,494,768,768,http://localhost:8080/web/index.php/api/v2/recruitment/candidates,26931,0,1
1768409831619,26976,Create Candidate Request,200,OK,Candidate Creation Thread Group 1-756,text,true,,332,491,767,767,http://localhost:8080/web/index.php/api/v2/recruitment/candidates,26976,0,1
1768409831620,27031,Create Candidate Request,200,OK,Candidate Creation Thread Group 1-758,text,true,,332,491,766,766,http://localhost:8080/web/index.php/api/v2/recruitment/candidates,27030,0,0
1768409831645,27024,Create Candidate Request,200,OK,Candidate Creation Thread Group 1-783,text,true,,335,494,765,765,http://localhost:8080/web/index.php/api/v2/recruitment/candidates,27024,0,1
1768409832076,26612,Create Candidate Request,200,OK,Candidate Creation Thread Group 1-1215,text,true,,335,494,764,764,http://localhost:8080/web/index.php/api/v2/recruitment/candidates,26612,0,0
1768409832072,26632,Create Candidate Request,200,OK,Candidate Creation Thread Group 1-1204,text,true,,332,491,763,763,http://localhost:8080/web/index.php/api/v2/recruitment/candidates,26632,0,0
1768409832047,26713,Create Candidate Request,200,OK,Candidate Creation Thread Group 1-1186,text,true,,335,494,762,762,http://localhost:8080/web/index.php/api/v2/recruitment/candidates,26712,0,0
1768409831392,27385,Create Candidate Request,200,OK,Candidate Creation Thread Group 1-530,text,true,,335,494,761,761,http://localhost:8080/web/index.php/api/v2/recruitment/candidates,27385,0,1
1768409832203,26591,Create Candidate Request,200,OK,Candidate Creation Thread Group 1-1342,text,true,,335,494,760,760,http://localhost:8080/web/index.php/api/v2/recruitment/candidates,26590,0,0
1768409832224,26617,Create Candidate Request,200,OK,Candidate Creation Thread Group 1-1363,text,true,,335,494,759,759,http://localhost:8080/web/index.php/api/v2/recruitment/candidates,26586,0,0
1768409832326,26536,Create Candidate Request,200,OK,Candidate Creation Thread Group 1-1465,text,true,,335,494,758,758,http://localhost:8080/web/index.php/api/v2/recruitment/candidates,26536,0,0
1768409832330,26552,Create Candidate Request,200,OK,Candidate Creation Thread Group 1-1469,text,true,,335,494,757,757,http://localhost:8080/web/index.php/api/v2/recruitment/candidates,26551,0,0
1768409832331,26572,Create Candidate Request,200,OK,Candidate Creation Thread Group 1-1471,text,true,,335,494,756,756,http://localhost:8080/web/index.php/api/v2/recruitment/candidates,26572,0,1
1768409832328,26626,Create Candidate Request,200,OK,Candidate Creation Thread Group 1-1468,text,true,,335,494,755,755,http://localhost:8080/web/index.php/api/v2/recruitment/candidates,26625,0,0
1768409832336,26635,Create Candidate Request,200,OK,Candidate Creation Thread Group 1-1476,text,true,,335,494,754,754,http://localhost:8080/web/index.php/api/v2/recruitment/candidates,26635,0,0
1768409831495,27493,Create Candidate Request,200,OK,Candidate Creation Thread Group 1-634,text,true,,335,494,753,753,http://localhost:8080/web/index.php/api/v2/recruitment/candidates,27493,0,0
1768409831503,27502,Create Candidate Request,200,OK,Candidate Creation Thread Group 1-642,text,true,,335,494,752,752,http://localhost:8080/web/index.php/api/v2/recruitment/candidates,27502,0,0
1768409831503,27551,Create Candidate Request,200,OK,Candidate Creation Thread Group 1-643,text,true,,335,494,751,751,http://localhost:8080/web/index.php/api/v2/recruitment/candidates,27550,0,0
1768409831521,27548,Create Candidate Request,200,OK,Candidate Creation Thread Group 1-660,text,true,,335,494,750,750,http://localhost:8080/web/index.php/api/v2/recruitment/candidates,27548,0,0
1768409831507,27582,Create Candidate Request,200,OK,Candidate Creation Thread Group 1-647,text,true,,335,494,749,749,http://localhost:8080/web/index.php/api/v2/recruitment/candidates,27582,0,1
1768409831398,27708,Create Candidate Request,200,OK,Candidate Creation Thread Group 1-536,text,true,,335,494,748,748,http://localhost:8080/web/index.php/api/v2/recruitment/candidates,27708,0,0
1768409831423,27733,Create Candidate Request,200,OK,Candidate Creation Thread Group 1-552,text,true,,335,494,747,747,http://localhost:8080/web/index.php/api/v2/recruitment/candidates,27733,0,0
1768409831551,27621,Create Candidate Request,200,OK,Candidate Creation Thread Group 1-690,text,true,,335,494,746,746,http://localhost:8080/web/index.php/api/v2/recruitment/candidates,27621,0,0
1768409831587,27601,Create Candidate Request,200,OK,Candidate Creation Thread Group 1-726,text,true,,335,494,745,745,http://localhost:8080/web/index.php/api/v2/recruitment/candidates,27601,0,0
1768409831591,27614,Create Candidate Request,200,OK,Candidate Creation Thread Group 1-730,text,true,,335,494,744,744,http://localhost:8080/web/index.php/api/v2/recruitment/candidates,27614,0,0
1768409831584,27671,Create Candidate Request,200,OK,Candidate Creation Thread Group 1-723,text,true,,335,494,743,743,http://localhost:8080/web/index.php/api/v2/recruitment/candidates,27671,0,0
1768409831895,27378,Create Candidate Request,200,OK,Candidate Creation Thread Group 1-1034,text,true,,335,494,742,742,http://localhost:8080/web/index.php/api/v2/recruitment/candidates,27378,0,0
1768409831851,27440,Create Candidate Request,200,OK,Candidate Creation Thread Group 1-990,text,true,,335,494,741,741,http://localhost:8080/web/index.php/api/v2/recruitment/candidates,27440,0,2
1768409831855,27454,Create Candidate Request,200,OK,Candidate Creation Thread Group 1-992,text,true,,335,494,740,740,http://localhost:8080/web/index.php/api/v2/recruitment/candidates,27454,0,1
1768409831650,27709,Create Candidate Request,200,OK,Candidate Creation Thread Group 1-788,text,true,,335,494,739,739,http://localhost:8080/web/index.php/api/v2/recruitment/candidates,27709,0,0
1768409831935,27441,Create Candidate Request,200,OK,Candidate Creation Thread Group 1-1075,text,true,,335,494,738,738,http://localhost:8080/web/index.php/api/v2/recruitment/candidates,27441,0,0
1768409831931,27464,Create Candidate Request,200,OK,Candidate Creation Thread Group 1-1070,text,true,,335,494,737,737,http://localhost:8080/web/index.php/api/v2/recruitment/candidates,27463,0,0
1768409831972,27482,Create Candidate Request,200,OK,Candidate Creation Thread Group 1-1108,text,true,,332,491,736,736,http://localhost:8080/web/index.php/api/v2/recruitment/candidates,27481,0,0
1768409831924,27550,Create Candidate Request,200,OK,Candidate Creation Thread Group 1-1064,text,true,,335,494,735,735,http://localhost:8080/web/index.php/api/v2/recruitment/candidates,27550,0,0
1768409831950,27543,Create Candidate Request,200,OK,Candidate Creation Thread Group 1-1089,text,true,,335,494,734,734,http://localhost:8080/web/index.php/api/v2/recruitment/candidates,27543,0,0
1768409831919,27630,Create Candidate Request,200,OK,Candidate Creation Thread Group 1-1058,text,true,,332,491,733,733,http://localhost:8080/web/index.php/api/v2/recruitment/candidates,27630,0,0
1768409831919,27648,Create Candidate Request,200,OK,Candidate Creation Thread Group 1-1053,text,true,,332,491,732,732,http://localhost:8080/web/index.php/api/v2/recruitment/candidates,27648,0,0
1768409831918,27670,Create Candidate Request,200,OK,Candidate Creation Thread Group 1-1052,text,true,,332,491,731,731,http://localhost:8080/web/index.php/api/v2/recruitment/candidates,27670,0,1
1768409831918,27690,Create Candidate Request,200,OK,Candidate Creation Thread Group 1-1055,text,true,,332,491,730,730,http://localhost:8080/web/index.php/api/v2/recruitment/candidates,27689,0,1
1768409831932,27722,Create Candidate Request,200,OK,Candidate Creation Thread Group 1-1071,text,true,,335,494,729,729,http://localhost:8080/web/index.php/api/v2/recruitment/candidates,27722,0,0
1768409831951,27720,Create Candidate Request,200,OK,Candidate Creation Thread Group 1-1090,text,true,,335,494,728,728,http://localhost:8080/web/index.php/api/v2/recruitment/candidates,27720,0,0
1768409831931,27755,Create Candidate Request,200,OK,Candidate Creation Thread Group 1-1069,text,true,,335,494,727,727,http://localhost:8080/web/index.php/api/v2/recruitment/candidates,27755,0,0
1768409831971,27734,Create Candidate Request,200,OK,Candidate Creation Thread Group 1-1109,text,true,,332,491,726,726,http://localhost:8080/web/index.php/api/v2/recruitment/candidates,27733,0,0
1768409831936,27821,Create Candidate Request,200,OK,Candidate Creation Thread Group 1-1076,text,true,,335,494,725,725,http://localhost:8080/web/index.php/api/v2/recruitment/candidates,27821,0,0
1768409832338,27436,Create Candidate Request,200,OK,Candidate Creation Thread Group 1-1478,text,true,,335,494,724,724,http://localhost:8080/web/index.php/api/v2/recruitment/candidates,27435,0,0
1768409832321,27468,Create Candidate Request,200,OK,Candidate Creation Thread Group 1-1452,text,true,,332,491,723,723,http://localhost:8080/web/index.php/api/v2/recruitment/candidates,27468,0,0
1768409832359,27445,Create Candidate Request,200,OK,Candidate Creation Thread Group 1-1498,text,true,,335,494,722,722,http://localhost:8080/web/index.php/api/v2/recruitment/candidates,27445,0,0
1768409832347,27508,Create Candidate Request,200,OK,Candidate Creation Thread Group 1-1487,text,true,,335,494,721,721,http://localhost:8080/web/index.php/api/v2/recruitment/candidates,27508,0,0
1768409832304,27566,Create Candidate Request,200,OK,Candidate Creation Thread Group 1-1443,text,true,,335,494,720,720,http://localhost:8080/web/index.php/api/v2/recruitment/candidates,27566,0,0
1768409832321,27564,Create Candidate Request,200,OK,Candidate Creation Thread Group 1-1458,text,true,,332,491,719,719,http://localhost:8080/web/index.php/api/v2/recruitment/candidates,27564,0,0
1768409832298,27606,Create Candidate Request,200,OK,Candidate Creation Thread Group 1-1438,text,true,,335,494,718,718,http://localhost:8080/web/index.php/api/v2/recruitment/candidates,27605,0,1
1768409832296,27659,Create Candidate Request,200,OK,Candidate Creation Thread Group 1-1435,text,true,,335,494,717,717,http://localhost:8080/web/index.php/api/v2/recruitment/candidates,27659,0,0
1768409832303,27667,Create Candidate Request,200,OK,Candidate Creation Thread Group 1-1442,text,true,,335,494,716,716,http://localhost:8080/web/index.php/api/v2/recruitment/candidates,27667,0,0
1768409831570,28416,Create Candidate Request,200,OK,Candidate Creation Thread Group 1-709,text,true,,332,491,715,715,http://localhost:8080/web/index.php/api/v2/recruitment/candidates,28415,0,0
1768409831557,28448,Create Candidate Request,200,OK,Candidate Creation Thread Group 1-697,text,true,,335,494,714,714,http://localhost:8080/web/index.php/api/v2/recruitment/candidates,28447,0,0
1768409831586,28471,Create Candidate Request,200,OK,Candidate Creation Thread Group 1-725,text,true,,335,494,713,713,http://localhost:8080/web/index.php/api/v2/recruitment/candidates,28470,0,1
1768409831569,28509,Create Candidate Request,200,OK,Candidate Creation Thread Group 1-704,text,true,,332,491,712,712,http://localhost:8080/web/index.php/api/v2/recruitment/candidates,28508,0,0
1768409831554,28545,Create Candidate Request,200,OK,Candidate Creation Thread Group 1-694,text,true,,335,494,711,711,http://localhost:8080/web/index.php/api/v2/recruitment/candidates,28544,0,1
1768409831546,28608,Create Candidate Request,200,OK,Candidate Creation Thread Group 1-685,text,true,,335,494,710,710,http://localhost:8080/web/index.php/api/v2/recruitment/candidates,28607,0,0
1768409831559,28610,Create Candidate Request,200,OK,Candidate Creation Thread Group 1-699,text,true,,335,494,709,709,http://localhost:8080/web/index.php/api/v2/recruitment/candidates,28610,0,0
1768409831581,28607,Create Candidate Request,200,OK,Candidate Creation Thread Group 1-721,text,true,,335,494,708,708,http://localhost:8080/web/index.php/api/v2/recruitment/candidates,28606,0,1
1768409831547,28658,Create Candidate Request,200,OK,Candidate Creation Thread Group 1-686,text,true,,335,494,707,707,http://localhost:8080/web/index.php/api/v2/recruitment/candidates,28658,0,0
1768409831552,28701,Create Candidate Request,200,OK,Candidate Creation Thread Group 1-692,text,true,,335,494,706,706,http://localhost:8080/web/index.php/api/v2/recruitment/candidates,28701,0,0
1768409831573,28697,Create Candidate Request,200,OK,Candidate Creation Thread Group 1-712,text,true,,335,494,705,705,http://localhost:8080/web/index.php/api/v2/recruitment/candidates,28696,0,0
1768409832091,28194,Create Candidate Request,200,OK,Candidate Creation Thread Group 1-1231,text,true,,335,494,704,704,http://localhost:8080/web/index.php/api/v2/recruitment/candidates,28194,0,0
1768409832091,28210,Create Candidate Request,200,OK,Candidate Creation Thread Group 1-1230,text,true,,335,494,703,703,http://localhost:8080/web/index.php/api/v2/recruitment/candidates,28209,0,0
1768409832324,28034,Create Candidate Request,200,OK,Candidate Creation Thread Group 1-1464,text,true,,335,494,702,702,http://localhost:8080/web/index.php/api/v2/recruitment/candidates,28034,0,1
1768409832322,28053,Create Candidate Request,200,OK,Candidate Creation Thread Group 1-1462,text,true,,335,494,701,701,http://localhost:8080/web/index.php/api/v2/recruitment/candidates,28053,0,0
1768409832333,28057,Create Candidate Request,200,OK,Candidate Creation Thread Group 1-1472,text,true,,335,494,700,700,http://localhost:8080/web/index.php/api/v2/recruitment/candidates,28057,0,0
1768409832340,28066,Create Candidate Request,200,OK,Candidate Creation Thread Group 1-1480,text,true,,335,494,699,699,http://localhost:8080/web/index.php/api/v2/recruitment/candidates,28065,0,0
1768409831508,28949,Create Candidate Request,200,OK,Candidate Creation Thread Group 1-648,text,true,,335,494,698,698,http://localhost:8080/web/index.php/api/v2/recruitment/candidates,28949,0,1
1768409831520,28967,Create Candidate Request,200,OK,Candidate Creation Thread Group 1-659,text,true,,332,491,697,697,http://localhost:8080/web/index.php/api/v2/recruitment/candidates,28961,0,0
1768409831518,28994,Create Candidate Request,200,OK,Candidate Creation Thread Group 1-653,text,true,,332,491,696,696,http://localhost:8080/web/index.php/api/v2/recruitment/candidates,28994,0,0
1768409831496,29071,Create Candidate Request,200,OK,Candidate Creation Thread Group 1-635,text,true,,335,494,695,695,http://localhost:8080/web/index.php/api/v2/recruitment/candidates,29070,0,0
1768409831660,28924,Create Candidate Request,200,OK,Candidate Creation Thread Group 1-799,text,true,,335,494,694,694,http://localhost:8080/web/index.php/api/v2/recruitment/candidates,28924,0,0
1768409831662,28940,Create Candidate Request,200,OK,Candidate Creation Thread Group 1-793,text,true,,335,494,693,693,http://localhost:8080/web/index.php/api/v2/recruitment/candidates,28940,0,0
1768409831710,28943,Create Candidate Request,200,OK,Candidate Creation Thread Group 1-849,text,true,,335,494,692,692,http://localhost:8080/web/index.php/api/v2/recruitment/candidates,28943,0,0
1768409831703,28968,Create Candidate Request,200,OK,Candidate Creation Thread Group 1-842,text,true,,335,494,691,691,http://localhost:8080/web/index.php/api/v2/recruitment/candidates,28967,0,0
1768409831608,29080,Create Candidate Request,200,OK,Candidate Creation Thread Group 1-747,text,true,,335,494,690,690,http://localhost:8080/web/index.php/api/v2/recruitment/candidates,29080,0,0
1768409831638,29066,Create Candidate Request,200,OK,Candidate Creation Thread Group 1-778,text,true,,335,494,689,689,http://localhost:8080/web/index.php/api/v2/recruitment/candidates,29066,0,1
1768409831595,29160,Create Candidate Request,200,OK,Candidate Creation Thread Group 1-734,text,true,,335,494,688,688,http://localhost:8080/web/index.php/api/v2/recruitment/candidates,29160,0,0
1768409831621,29150,Create Candidate Request,200,OK,Candidate Creation Thread Group 1-760,text,true,,335,494,687,687,http://localhost:8080/web/index.php/api/v2/recruitment/candidates,29149,0,0
1768409831610,29177,Create Candidate Request,200,OK,Candidate Creation Thread Group 1-749,text,true,,335,494,686,686,http://localhost:8080/web/index.php/api/v2/recruitment/candidates,29177,0,0
1768409831623,29181,Create Candidate Request,200,OK,Candidate Creation Thread Group 1-762,text,true,,335,494,685,685,http://localhost:8080/web/index.php/api/v2/recruitment/candidates,29181,0,0
1768409831602,29253,Create Candidate Request,200,OK,Candidate Creation Thread Group 1-742,text,true,,335,494,684,684,http://localhost:8080/web/index.php/api/v2/recruitment/candidates,29253,0,0
1768409831630,29244,Create Candidate Request,200,OK,Candidate Creation Thread Group 1-769,text,true,,335,494,683,683,http://localhost:8080/web/index.php/api/v2/recruitment/candidates,29244,0,0
1768409831604,29286,Create Candidate Request,200,OK,Candidate Creation Thread Group 1-744,text,true,,335,494,682,682,http://localhost:8080/web/index.php/api/v2/recruitment/candidates,29286,0,1
1768409831605,29346,Create Candidate Request,200,OK,Candidate Creation Thread Group 1-745,text,true,,335,494,681,681,http://localhost:8080/web/index.php/api/v2/recruitment/candidates,29346,0,1
1768409831631,29338,Create Candidate Request,200,OK,Candidate Creation Thread Group 1-770,text,true,,335,494,680,680,http://localhost:8080/web/index.php/api/v2/recruitment/candidates,29338,0,0
1768409831594,29391,Create Candidate Request,200,OK,Candidate Creation Thread Group 1-733,text,true,,335,494,679,679,http://localhost:8080/web/index.php/api/v2/recruitment/candidates,29390,0,0
1768409831602,29401,Create Candidate Request,200,OK,Candidate Creation Thread Group 1-741,text,true,,335,494,678,678,http://localhost:8080/web/index.php/api/v2/recruitment/candidates,29401,0,0
1768409831842,29215,Create Candidate Request,200,OK,Candidate Creation Thread Group 1-982,text,true,,335,494,677,677,http://localhost:8080/web/index.php/api/v2/recruitment/candidates,29215,0,1
1768409831845,29233,Create Candidate Request,200,OK,Candidate Creation Thread Group 1-984,text,true,,335,494,676,676,http://localhost:8080/web/index.php/api/v2/recruitment/candidates,29233,0,0
1768409831807,29291,Create Candidate Request,200,OK,Candidate Creation Thread Group 1-946,text,true,,335,494,675,675,http://localhost:8080/web/index.php/api/v2/recruitment/candidates,29290,0,0
1768409831807,29343,Create Candidate Request,200,OK,Candidate Creation Thread Group 1-947,text,true,,335,494,674,674,http://localhost:8080/web/index.php/api/v2/recruitment/candidates,29343,0,0
1768409831808,29359,Create Candidate Request,200,OK,Candidate Creation Thread Group 1-948,text,true,,335,494,673,673,http://localhost:8080/web/index.php/api/v2/recruitment/candidates,29359,0,0
1768409831805,29378,Create Candidate Request,200,OK,Candidate Creation Thread Group 1-930,text,true,,335,494,672,672,http://localhost:8080/web/index.php/api/v2/recruitment/candidates,29377,0,2
1768409831825,29375,Create Candidate Request,200,OK,Candidate Creation Thread Group 1-964,text,true,,335,494,671,671,http://localhost:8080/web/index.php/api/v2/recruitment/candidates,29375,0,0
1768409831953,29300,Create Candidate Request,200,OK,Candidate Creation Thread Group 1-1092,text,true,,335,494,670,670,http://localhost:8080/web/index.php/api/v2/recruitment/candidates,29300,0,0
1768409831971,29298,Create Candidate Request,200,OK,Candidate Creation Thread Group 1-1111,text,true,,332,491,669,669,http://localhost:8080/web/index.php/api/v2/recruitment/candidates,29298,0,0
1768409831974,29315,Create Candidate Request,200,OK,Candidate Creation Thread Group 1-1114,text,true,,335,494,668,668,http://localhost:8080/web/index.php/api/v2/recruitment/candidates,29315,0,0
1768409831823,29484,Create Candidate Request,200,OK,Candidate Creation Thread Group 1-954,text,true,,332,491,667,667,http://localhost:8080/web/index.php/api/v2/recruitment/candidates,29483,0,0
1768409831839,29514,Create Candidate Request,200,OK,Candidate Creation Thread Group 1-978,text,true,,335,494,666,666,http://localhost:8080/web/index.php/api/v2/recruitment/candidates,29514,0,0
1768409831843,29526,Create Candidate Request,200,OK,Candidate Creation Thread Group 1-983,text,true,,335,494,665,665,http://localhost:8080/web/index.php/api/v2/recruitment/candidates,29526,0,1
1768409832046,29340,Create Candidate Request,200,OK,Candidate Creation Thread Group 1-1184,text,true,,335,494,664,664,http://localhost:8080/web/index.php/api/v2/recruitment/candidates,29340,0,0
1768409831619,29786,Create Candidate Request,200,OK,Candidate Creation Thread Group 1-753,text,true,,332,491,663,663,http://localhost:8080/web/index.php/api/v2/recruitment/candidates,29786,0,1
1768409831620,29833,Create Candidate Request,200,OK,Candidate Creation Thread Group 1-759,text,true,,332,491,662,662,http://localhost:8080/web/index.php/api/v2/recruitment/candidates,29832,0,0
1768409831943,29527,Create Candidate Request,200,OK,Candidate Creation Thread Group 1-1082,text,true,,335,494,661,661,http://localhost:8080/web/index.php/api/v2/recruitment/candidates,29527,0,0
1768409832179,29307,Create Candidate Request,200,OK,Candidate Creation Thread Group 1-1319,text,true,,335,494,660,660,http://localhost:8080/web/index.php/api/v2/recruitment/candidates,29307,0,0
1768409832221,29283,Create Candidate Request,200,OK,Candidate Creation Thread Group 1-1354,text,true,,332,491,659,659,http://localhost:8080/web/index.php/api/v2/recruitment/candidates,29282,0,0
1768409832178,29375,Create Candidate Request,200,OK,Candidate Creation Thread Group 1-1318,text,true,,335,494,658,658,http://localhost:8080/web/index.php/api/v2/recruitment/candidates,29375,0,1
1768409831800,29772,Create Candidate Request,200,OK,Candidate Creation Thread Group 1-927,text,true,,335,494,657,657,http://localhost:8080/web/index.php/api/v2/recruitment/candidates,29772,0,1
1768409831798,29793,Create Candidate Request,200,OK,Candidate Creation Thread Group 1-933,text,true,,335,494,656,656,http://localhost:8080/web/index.php/api/v2/recruitment/candidates,29793,0,0
1768409831794,29816,Create Candidate Request,200,OK,Candidate Creation Thread Group 1-912,text,true,,335,494,655,655,http://localhost:8080/web/index.php/api/v2/recruitment/candidates,29816,0,3
1768409831953,29704,Create Candidate Request,200,OK,Candidate Creation Thread Group 1-1093,text,true,,335,494,654,654,http://localhost:8080/web/index.php/api/v2/recruitment/candidates,29703,0,0
1768409831957,29716,Create Candidate Request,200,OK,Candidate Creation Thread Group 1-1097,text,true,,335,494,653,653,http://localhost:8080/web/index.php/api/v2/recruitment/candidates,29716,0,0
1768409832363,29325,Create Candidate Request,200,OK,Candidate Creation Thread Group 1-1497,text,true,,335,494,652,652,http://localhost:8080/web/index.php/api/v2/recruitment/candidates,29325,0,0
1768409831632,30119,Create Candidate Request,200,OK,Candidate Creation Thread Group 1-771,text,true,,335,494,651,651,http://localhost:8080/web/index.php/api/v2/recruitment/candidates,30118,0,0
1768409831641,30128,Create Candidate Request,200,OK,Candidate Creation Thread Group 1-780,text,true,,335,494,650,650,http://localhost:8080/web/index.php/api/v2/recruitment/candidates,30128,0,0
1768409832349,29438,Create Candidate Request,200,OK,Candidate Creation Thread Group 1-1489,text,true,,335,494,649,649,http://localhost:8080/web/index.php/api/v2/recruitment/candidates,29438,0,0
1768409832353,29452,Create Candidate Request,200,OK,Candidate Creation Thread Group 1-1493,text,true,,335,494,648,648,http://localhost:8080/web/index.php/api/v2/recruitment/candidates,29452,0,0
1768409832361,29490,Create Candidate Request,200,OK,Candidate Creation Thread Group 1-1500,text,true,,335,494,647,647,http://localhost:8080/web/index.php/api/v2/recruitment/candidates,29490,0,0
1768409832362,29506,Create Candidate Request,200,OK,Candidate Creation Thread Group 1-1496,text,true,,335,494,646,646,http://localhost:8080/web/index.php/api/v2/recruitment/candidates,29505,0,0
1768409832360,29526,Create Candidate Request,200,OK,Candidate Creation Thread Group 1-1499,text,true,,335,494,645,645,http://localhost:8080/web/index.php/api/v2/recruitment/candidates,29525,0,0
1768409832186,29718,Create Candidate Request,200,OK,Candidate Creation Thread Group 1-1325,text,true,,335,494,644,644,http://localhost:8080/web/index.php/api/v2/recruitment/candidates,29718,0,0
1768409831939,30008,Create Candidate Request,200,OK,Candidate Creation Thread Group 1-1079,text,true,,335,494,643,643,http://localhost:8080/web/index.php/api/v2/recruitment/candidates,30008,0,0
1768409831944,30019,Create Candidate Request,200,OK,Candidate Creation Thread Group 1-1083,text,true,,335,494,642,642,http://localhost:8080/web/index.php/api/v2/recruitment/candidates,30018,0,0
1768409831955,30030,Create Candidate Request,200,OK,Candidate Creation Thread Group 1-1095,text,true,,335,494,641,641,http://localhost:8080/web/index.php/api/v2/recruitment/candidates,30030,0,0
1768409831918,30084,Create Candidate Request,200,OK,Candidate Creation Thread Group 1-1051,text,true,,332,491,640,640,http://localhost:8080/web/index.php/api/v2/recruitment/candidates,30084,0,1
1768409831947,30107,Create Candidate Request,200,OK,Candidate Creation Thread Group 1-1086,text,true,,335,494,639,639,http://localhost:8080/web/index.php/api/v2/recruitment/candidates,30107,0,0
1768409831960,30112,Create Candidate Request,200,OK,Candidate Creation Thread Group 1-1100,text,true,,335,494,638,638,http://localhost:8080/web/index.php/api/v2/recruitment/candidates,30112,0,0
1768409832177,29915,Create Candidate Request,200,OK,Candidate Creation Thread Group 1-1316,text,true,,335,494,637,637,http://localhost:8080/web/index.php/api/v2/recruitment/candidates,29915,0,1
1768409832209,29901,Create Candidate Request,200,OK,Candidate Creation Thread Group 1-1349,text,true,,335,494,636,636,http://localhost:8080/web/index.php/api/v2/recruitment/candidates,29901,0,0
1768409832185,29975,Create Candidate Request,200,OK,Candidate Creation Thread Group 1-1324,text,true,,335,494,635,635,http://localhost:8080/web/index.php/api/v2/recruitment/candidates,29975,0,0
1768409832188,29991,Create Candidate Request,200,OK,Candidate Creation Thread Group 1-1327,text,true,,335,494,634,634,http://localhost:8080/web/index.php/api/v2/recruitment/candidates,29990,0,0
1768409832182,30012,Create Candidate Request,200,OK,Candidate Creation Thread Group 1-1322,text,true,,335,494,633,633,http://localhost:8080/web/index.php/api/v2/recruitment/candidates,30011,0,1
1768409832181,30065,Create Candidate Request,200,OK,Candidate Creation Thread Group 1-1321,text,true,,335,494,632,632,http://localhost:8080/web/index.php/api/v2/recruitment/candidates,30065,0,0
1768409831607,30657,Create Candidate Request,200,OK,Candidate Creation Thread Group 1-746,text,true,,335,494,631,631,http://localhost:8080/web/index.php/api/v2/recruitment/candidates,30657,0,0
1768409831625,30656,Create Candidate Request,200,OK,Candidate Creation Thread Group 1-764,text,true,,335,494,630,630,http://localhost:8080/web/index.php/api/v2/recruitment/candidates,30656,0,0
1768409831625,30677,Create Candidate Request,200,OK,Candidate Creation Thread Group 1-765,text,true,,335,494,629,629,http://localhost:8080/web/index.php/api/v2/recruitment/candidates,30676,0,0
1768409831653,30712,Create Candidate Request,200,OK,Candidate Creation Thread Group 1-789,text,true,,335,494,628,628,http://localhost:8080/web/index.php/api/v2/recruitment/candidates,30711,0,0
1768409831609,30773,Create Candidate Request,200,OK,Candidate Creation Thread Group 1-748,text,true,,335,494,627,627,http://localhost:8080/web/index.php/api/v2/recruitment/candidates,30773,0,0
1768409831633,30768,Create Candidate Request,200,OK,Candidate Creation Thread Group 1-772,text,true,,335,494,626,626,http://localhost:8080/web/index.php/api/v2/recruitment/candidates,30768,0,0
1768409831634,30823,Create Candidate Request,200,OK,Candidate Creation Thread Group 1-773,text,true,,335,494,625,625,http://localhost:8080/web/index.php/api/v2/recruitment/candidates,30823,0,0
1768409831636,30839,Create Candidate Request,200,OK,Candidate Creation Thread Group 1-776,text,true,,335,494,624,624,http://localhost:8080/web/index.php/api/v2/recruitment/candidates,30838,0,1
1768409831653,30838,Create Candidate Request,200,OK,Candidate Creation Thread Group 1-791,text,true,,335,494,623,623,http://localhost:8080/web/index.php/api/v2/recruitment/candidates,30838,0,0
1768409831624,30885,Create Candidate Request,200,OK,Candidate Creation Thread Group 1-763,text,true,,335,494,622,622,http://localhost:8080/web/index.php/api/v2/recruitment/candidates,30885,0,0
1768409831634,30924,Create Candidate Request,200,OK,Candidate Creation Thread Group 1-774,text,true,,335,494,621,621,http://localhost:8080/web/index.php/api/v2/recruitment/candidates,30924,0,0
1768409831639,30935,Create Candidate Request,200,OK,Candidate Creation Thread Group 1-779,text,true,,335,494,620,620,http://localhost:8080/web/index.php/api/v2/recruitment/candidates,30935,0,1
1768409831568,31025,Create Candidate Request,200,OK,Candidate Creation Thread Group 1-702,text,true,,332,491,619,619,http://localhost:8080/web/index.php/api/v2/recruitment/candidates,31024,0,1
1768409831542,31108,Create Candidate Request,200,OK,Candidate Creation Thread Group 1-680,text,true,,335,494,618,618,http://localhost:8080/web/index.php/api/v2/recruitment/candidates,31108,0,3
1768409831785,30882,Create Candidate Request,200,OK,Candidate Creation Thread Group 1-922,text,true,,335,494,617,617,http://localhost:8080/web/index.php/api/v2/recruitment/candidates,30881,0,0
1768409831819,30866,Create Candidate Request,200,OK,Candidate Creation Thread Group 1-951,text,true,,332,491,616,616,http://localhost:8080/web/index.php/api/v2/recruitment/candidates,30865,0,1
1768409831804,30898,Create Candidate Request,200,OK,Candidate Creation Thread Group 1-943,text,true,,335,494,615,615,http://localhost:8080/web/index.php/api/v2/recruitment/candidates,30897,0,0
1768409831820,30930,Create Candidate Request,200,OK,Candidate Creation Thread Group 1-959,text,true,,332,491,614,614,http://localhost:8080/web/index.php/api/v2/recruitment/candidates,30929,0,0
1768409831806,30961,Create Candidate Request,200,OK,Candidate Creation Thread Group 1-945,text,true,,335,494,613,613,http://localhost:8080/web/index.php/api/v2/recruitment/candidates,30961,0,0
1768409831972,30811,Create Candidate Request,200,OK,Candidate Creation Thread Group 1-1107,text,true,,332,491,612,612,http://localhost:8080/web/index.php/api/v2/recruitment/candidates,30810,0,0
1768409831973,30825,Create Candidate Request,200,OK,Candidate Creation Thread Group 1-1112,text,true,,335,494,611,611,http://localhost:8080/web/index.php/api/v2/recruitment/candidates,30825,0,1
1768409831956,30894,Create Candidate Request,200,OK,Candidate Creation Thread Group 1-1096,text,true,,335,494,610,610,http://localhost:8080/web/index.php/api/v2/recruitment/candidates,30894,0,0
1768409831946,30922,Create Candidate Request,200,OK,Candidate Creation Thread Group 1-1085,text,true,,335,494,609,609,http://localhost:8080/web/index.php/api/v2/recruitment/candidates,30921,0,0
1768409831949,30936,Create Candidate Request,200,OK,Candidate Creation Thread Group 1-1088,text,true,,335,494,608,608,http://localhost:8080/web/index.php/api/v2/recruitment/candidates,30935,0,0
1768409831398,31503,Create Candidate Request,200,OK,Candidate Creation Thread Group 1-537,text,true,,335,494,607,607,http://localhost:8080/web/index.php/api/v2/recruitment/candidates,31503,0,0
1768409831493,31460,Create Candidate Request,200,OK,Candidate Creation Thread Group 1-632,text,true,,335,494,606,606,http://localhost:8080/web/index.php/api/v2/recruitment/candidates,31460,0,0
1768409831527,31443,Create Candidate Request,200,OK,Candidate Creation Thread Group 1-666,text,true,,335,494,605,605,http://localhost:8080/web/index.php/api/v2/recruitment/candidates,31442,0,0
1768409831482,31509,Create Candidate Request,200,OK,Candidate Creation Thread Group 1-621,text,true,,335,494,604,604,http://localhost:8080/web/index.php/api/v2/recruitment/candidates,31508,0,0
1768409831588,31418,Create Candidate Request,200,OK,Candidate Creation Thread Group 1-727,text,true,,335,494,603,603,http://localhost:8080/web/index.php/api/v2/recruitment/candidates,31418,0,1
1768409831502,31555,Create Candidate Request,200,OK,Candidate Creation Thread Group 1-641,text,true,,335,494,602,602,http://localhost:8080/web/index.php/api/v2/recruitment/candidates,31555,0,0
1768409831491,31582,Create Candidate Request,200,OK,Candidate Creation Thread Group 1-631,text,true,,335,494,601,601,http://localhost:8080/web/index.php/api/v2/recruitment/candidates,31581,0,1
1768409831479,31614,Create Candidate Request,200,OK,Candidate Creation Thread Group 1-618,text,true,,335,494,600,600,http://localhost:8080/web/index.php/api/v2/recruitment/candidates,31614,0,0
1768409831470,31670,Create Candidate Request,200,OK,Candidate Creation Thread Group 1-606,text,true,,332,491,599,599,http://localhost:8080/web/index.php/api/v2/recruitment/candidates,31641,0,0
1768409831506,31649,Create Candidate Request,200,OK,Candidate Creation Thread Group 1-646,text,true,,335,494,598,598,http://localhost:8080/web/index.php/api/v2/recruitment/candidates,31649,0,0
1768409831504,31668,Create Candidate Request,200,OK,Candidate Creation Thread Group 1-644,text,true,,335,494,597,597,http://localhost:8080/web/index.php/api/v2/recruitment/candidates,31668,0,1
1768409831524,31664,Create Candidate Request,200,OK,Candidate Creation Thread Group 1-664,text,true,,335,494,596,596,http://localhost:8080/web/index.php/api/v2/recruitment/candidates,31664,0,0
1768409831518,31734,Create Candidate Request,200,OK,Candidate Creation Thread Group 1-657,text,true,,332,491,595,595,http://localhost:8080/web/index.php/api/v2/recruitment/candidates,31734,0,0
1768409831488,31780,Create Candidate Request,200,OK,Candidate Creation Thread Group 1-628,text,true,,335,494,594,594,http://localhost:8080/web/index.php/api/v2/recruitment/candidates,31780,0,1
1768409831473,31810,Create Candidate Request,200,OK,Candidate Creation Thread Group 1-612,text,true,,335,494,593,593,http://localhost:8080/web/index.php/api/v2/recruitment/candidates,31810,0,0
1768409831518,31781,Create Candidate Request,200,OK,Candidate Creation Thread Group 1-651,text,true,,332,491,592,592,http://localhost:8080/web/index.php/api/v2/recruitment/candidates,31781,0,0
1768409831470,31882,Create Candidate Request,200,OK,Candidate Creation Thread Group 1-610,text,true,,335,494,591,591,http://localhost:8080/web/index.php/api/v2/recruitment/candidates,31882,0,0
1768409831404,31966,Create Candidate Request,200,OK,Candidate Creation Thread Group 1-543,text,true,,335,494,590,590,http://localhost:8080/web/index.php/api/v2/recruitment/candidates,31965,0,0
1768409831469,31920,Create Candidate Request,200,OK,Candidate Creation Thread Group 1-603,text,true,,332,491,589,589,http://localhost:8080/web/index.php/api/v2/recruitment/candidates,31920,0,1
1768409831518,31922,Create Candidate Request,200,OK,Candidate Creation Thread Group 1-655,text,true,,332,491,588,588,http://localhost:8080/web/index.php/api/v2/recruitment/candidates,31889,0,0
1768409831487,31969,Create Candidate Request,200,OK,Candidate Creation Thread Group 1-627,text,true,,335,494,587,587,http://localhost:8080/web/index.php/api/v2/recruitment/candidates,31969,0,1
1768409831486,31988,Create Candidate Request,200,OK,Candidate Creation Thread Group 1-626,text,true,,335,494,586,586,http://localhost:8080/web/index.php/api/v2/recruitment/candidates,31988,0,0
1768409831511,31978,Create Candidate Request,200,OK,Candidate Creation Thread Group 1-650,text,true,,335,494,585,585,http://localhost:8080/web/index.php/api/v2/recruitment/candidates,31978,0,0
1768409831518,31988,Create Candidate Request,200,OK,Candidate Creation Thread Group 1-652,text,true,,332,491,584,584,http://localhost:8080/web/index.php/api/v2/recruitment/candidates,31987,0,1
1768409831403,32156,Create Candidate Request,200,OK,Candidate Creation Thread Group 1-542,text,true,,335,494,583,583,http://localhost:8080/web/index.php/api/v2/recruitment/candidates,32156,0,0
1768409831505,32073,Create Candidate Request,200,OK,Candidate Creation Thread Group 1-645,text,true,,335,494,582,582,http://localhost:8080/web/index.php/api/v2/recruitment/candidates,32072,0,0
1768409831474,32124,Create Candidate Request,200,OK,Candidate Creation Thread Group 1-613,text,true,,335,494,581,581,http://localhost:8080/web/index.php/api/v2/recruitment/candidates,32123,0,0
1768409831497,32159,Create Candidate Request,200,OK,Candidate Creation Thread Group 1-636,text,true,,335,494,580,580,http://localhost:8080/web/index.php/api/v2/recruitment/candidates,32159,0,0
1768409832010,31664,Create Candidate Request,200,OK,Candidate Creation Thread Group 1-1149,text,true,,335,494,579,579,http://localhost:8080/web/index.php/api/v2/recruitment/candidates,31664,0,0
1768409831998,31693,Create Candidate Request,200,OK,Candidate Creation Thread Group 1-1137,text,true,,335,494,578,578,http://localhost:8080/web/index.php/api/v2/recruitment/candidates,31693,0,0
1768409832011,31697,Create Candidate Request,200,OK,Candidate Creation Thread Group 1-1150,text,true,,335,494,577,577,http://localhost:8080/web/index.php/api/v2/recruitment/candidates,31697,0,0
1768409831996,31764,Create Candidate Request,200,OK,Candidate Creation Thread Group 1-1135,text,true,,335,494,576,576,http://localhost:8080/web/index.php/api/v2/recruitment/candidates,31763,0,0
1768409832019,31762,Create Candidate Request,200,OK,Candidate Creation Thread Group 1-1154,text,true,,332,491,575,575,http://localhost:8080/web/index.php/api/v2/recruitment/candidates,31762,0,1
1768409831991,31806,Create Candidate Request,200,OK,Candidate Creation Thread Group 1-1130,text,true,,335,494,574,574,http://localhost:8080/web/index.php/api/v2/recruitment/candidates,31806,0,0
1768409832000,31854,Create Candidate Request,200,OK,Candidate Creation Thread Group 1-1139,text,true,,335,494,573,573,http://localhost:8080/web/index.php/api/v2/recruitment/candidates,31854,0,0
1768409832002,31870,Create Candidate Request,200,OK,Candidate Creation Thread Group 1-1142,text,true,,335,494,572,572,http://localhost:8080/web/index.php/api/v2/recruitment/candidates,31870,0,1
1768409832028,31861,Create Candidate Request,200,OK,Candidate Creation Thread Group 1-1167,text,true,,335,494,571,571,http://localhost:8080/web/index.php/api/v2/recruitment/candidates,31861,0,0
1768409831990,31951,Create Candidate Request,200,OK,Candidate Creation Thread Group 1-1129,text,true,,335,494,570,570,http://localhost:8080/web/index.php/api/v2/recruitment/candidates,31916,0,1
1768409831993,31965,Create Candidate Request,200,OK,Candidate Creation Thread Group 1-1132,text,true,,335,494,569,569,http://localhost:8080/web/index.php/api/v2/recruitment/candidates,31965,0,0
1768409831894,32080,Create Candidate Request,200,OK,Candidate Creation Thread Group 1-1033,text,true,,335,494,568,568,http://localhost:8080/web/index.php/api/v2/recruitment/candidates,32080,0,0
1768409831887,32104,Create Candidate Request,200,OK,Candidate Creation Thread Group 1-1026,text,true,,335,494,567,567,http://localhost:8080/web/index.php/api/v2/recruitment/candidates,32104,0,1
1768409831896,32154,Create Candidate Request,200,OK,Candidate Creation Thread Group 1-1035,text,true,,335,494,566,566,http://localhost:8080/web/index.php/api/v2/recruitment/candidates,32154,0,0
1768409831899,32168,Create Candidate Request,200,OK,Candidate Creation Thread Group 1-1039,text,true,,335,494,565,565,http://localhost:8080/web/index.php/api/v2/recruitment/candidates,32167,0,1
1768409831887,32199,Create Candidate Request,200,OK,Candidate Creation Thread Group 1-1025,text,true,,335,494,564,564,http://localhost:8080/web/index.php/api/v2/recruitment/candidates,32199,0,0
1768409831898,32206,Create Candidate Request,200,OK,Candidate Creation Thread Group 1-1038,text,true,,335,494,563,563,http://localhost:8080/web/index.php/api/v2/recruitment/candidates,32205,0,0
1768409831909,32246,Create Candidate Request,200,OK,Candidate Creation Thread Group 1-1049,text,true,,335,494,562,562,http://localhost:8080/web/index.php/api/v2/recruitment/candidates,32245,0,0
1768409831823,32347,Create Candidate Request,200,OK,Candidate Creation Thread Group 1-956,text,true,,335,494,561,561,http://localhost:8080/web/index.php/api/v2/recruitment/candidates,32347,0,0
1768409831836,32352,Create Candidate Request,200,OK,Candidate Creation Thread Group 1-975,text,true,,335,494,560,560,http://localhost:8080/web/index.php/api/v2/recruitment/candidates,32351,0,0
1768409831837,32369,Create Candidate Request,200,OK,Candidate Creation Thread Group 1-976,text,true,,335,494,559,559,http://localhost:8080/web/index.php/api/v2/recruitment/candidates,32368,0,0
1768409831806,32448,Create Candidate Request,200,OK,Candidate Creation Thread Group 1-941,text,true,,335,494,558,558,http://localhost:8080/web/index.php/api/v2/recruitment/candidates,32448,0,0
1768409831809,32464,Create Candidate Request,200,OK,Candidate Creation Thread Group 1-949,text,true,,335,494,557,557,http://localhost:8080/web/index.php/api/v2/recruitment/candidates,32464,0,0
1768409831806,32486,Create Candidate Request,200,OK,Candidate Creation Thread Group 1-937,text,true,,335,494,556,556,http://localhost:8080/web/index.php/api/v2/recruitment/candidates,32486,0,1
1768409831822,32568,Create Candidate Request,200,OK,Candidate Creation Thread Group 1-958,text,true,,332,491,555,555,http://localhost:8080/web/index.php/api/v2/recruitment/candidates,32566,0,0
1768409831918,32487,Create Candidate Request,200,OK,Candidate Creation Thread Group 1-1057,text,true,,332,491,554,554,http://localhost:8080/web/index.php/api/v2/recruitment/candidates,32487,0,1
1768409831972,32476,Create Candidate Request,200,OK,Candidate Creation Thread Group 1-1104,text,true,,335,494,553,553,http://localhost:8080/web/index.php/api/v2/recruitment/candidates,32476,0,0
1768409831937,32529,Create Candidate Request,200,OK,Candidate Creation Thread Group 1-1077,text,true,,335,494,552,552,http://localhost:8080/web/index.php/api/v2/recruitment/candidates,32529,0,0
1768409831971,32513,Create Candidate Request,200,OK,Candidate Creation Thread Group 1-1105,text,true,,332,491,551,551,http://localhost:8080/web/index.php/api/v2/recruitment/candidates,32512,0,1
1768409831933,32574,Create Candidate Request,200,OK,Candidate Creation Thread Group 1-1072,text,true,,335,494,550,550,http://localhost:8080/web/index.php/api/v2/recruitment/candidates,32574,0,0
1768409832128,32395,Create Candidate Request,200,OK,Candidate Creation Thread Group 1-1268,text,true,,335,494,549,549,http://localhost:8080/web/index.php/api/v2/recruitment/candidates,32394,0,0
1768409832108,32450,Create Candidate Request,200,OK,Candidate Creation Thread Group 1-1248,text,true,,335,494,548,548,http://localhost:8080/web/index.php/api/v2/recruitment/candidates,32450,0,1
1768409832161,32417,Create Candidate Request,200,OK,Candidate Creation Thread Group 1-1300,text,true,,335,494,547,547,http://localhost:8080/web/index.php/api/v2/recruitment/candidates,32416,0,0
1768409832130,32510,Create Candidate Request,200,OK,Candidate Creation Thread Group 1-1269,text,true,,335,494,546,546,http://localhost:8080/web/index.php/api/v2/recruitment/candidates,32465,0,0
1768409832146,32510,Create Candidate Request,200,OK,Candidate Creation Thread Group 1-1286,text,true,,335,494,545,545,http://localhost:8080/web/index.php/api/v2/recruitment/candidates,32510,0,0
1768409832140,32535,Create Candidate Request,200,OK,Candidate Creation Thread Group 1-1279,text,true,,335,494,544,544,http://localhost:8080/web/index.php/api/v2/recruitment/candidates,32534,0,0
1768409832105,32584,Create Candidate Request,200,OK,Candidate Creation Thread Group 1-1244,text,true,,335,494,543,543,http://localhost:8080/web/index.php/api/v2/recruitment/candidates,32584,0,0
1768409832151,32601,Create Candidate Request,200,OK,Candidate Creation Thread Group 1-1291,text,true,,335,494,542,542,http://localhost:8080/web/index.php/api/v2/recruitment/candidates,32600,0,1
1768409831534,33233,Create Candidate Request,200,OK,Candidate Creation Thread Group 1-674,text,true,,335,494,541,541,http://localhost:8080/web/index.php/api/v2/recruitment/candidates,33233,0,0
1768409831558,33231,Create Candidate Request,200,OK,Candidate Creation Thread Group 1-698,text,true,,335,494,540,540,http://localhost:8080/web/index.php/api/v2/recruitment/candidates,33231,0,0
1768409831531,33275,Create Candidate Request,200,OK,Candidate Creation Thread Group 1-670,text,true,,335,494,539,539,http://localhost:8080/web/index.php/api/v2/recruitment/candidates,33275,0,0
1768409831576,33278,Create Candidate Request,200,OK,Candidate Creation Thread Group 1-715,text,true,,335,494,538,538,http://localhost:8080/web/index.php/api/v2/recruitment/candidates,33278,0,0
1768409831539,33334,Create Candidate Request,200,OK,Candidate Creation Thread Group 1-678,text,true,,335,494,537,537,http://localhost:8080/web/index.php/api/v2/recruitment/candidates,33333,0,0
1768409831550,33338,Create Candidate Request,200,OK,Candidate Creation Thread Group 1-689,text,true,,335,494,536,536,http://localhost:8080/web/index.php/api/v2/recruitment/candidates,33338,0,0
1768409831538,33366,Create Candidate Request,200,OK,Candidate Creation Thread Group 1-677,text,true,,335,494,535,535,http://localhost:8080/web/index.php/api/v2/recruitment/candidates,33366,0,0
1768409831578,33379,Create Candidate Request,200,OK,Candidate Creation Thread Group 1-717,text,true,,335,494,534,534,http://localhost:8080/web/index.php/api/v2/recruitment/candidates,33379,0,0
1768409831570,33402,Create Candidate Request,200,OK,Candidate Creation Thread Group 1-708,text,true,,332,491,533,533,http://localhost:8080/web/index.php/api/v2/recruitment/candidates,33401,0,0
1768409831574,33417,Create Candidate Request,200,OK,Candidate Creation Thread Group 1-713,text,true,,335,494,532,532,http://localhost:8080/web/index.php/api/v2/recruitment/candidates,33417,0,0
1768409831569,33440,Create Candidate Request,200,OK,Candidate Creation Thread Group 1-705,text,true,,332,491,531,531,http://localhost:8080/web/index.php/api/v2/recruitment/candidates,33439,0,0
1768409831579,33476,Create Candidate Request,200,OK,Candidate Creation Thread Group 1-718,text,true,,335,494,530,530,http://localhost:8080/web/index.php/api/v2/recruitment/candidates,33476,0,1
1768409831572,33501,Create Candidate Request,200,OK,Candidate Creation Thread Group 1-711,text,true,,335,494,529,529,http://localhost:8080/web/index.php/api/v2/recruitment/candidates,33501,0,0
1768409831570,33521,Create Candidate Request,200,OK,Candidate Creation Thread Group 1-710,text,true,,335,494,528,528,http://localhost:8080/web/index.php/api/v2/recruitment/candidates,33520,0,0
1768409831585,33564,Create Candidate Request,200,OK,Candidate Creation Thread Group 1-724,text,true,,335,494,527,527,http://localhost:8080/web/index.php/api/v2/recruitment/candidates,33563,0,0
1768409831589,33578,Create Candidate Request,200,OK,Candidate Creation Thread Group 1-728,text,true,,335,494,526,526,http://localhost:8080/web/index.php/api/v2/recruitment/candidates,33578,0,0
1768409831581,33605,Create Candidate Request,200,OK,Candidate Creation Thread Group 1-720,text,true,,335,494,525,525,http://localhost:8080/web/index.php/api/v2/recruitment/candidates,33605,0,1
1768409831551,33650,Create Candidate Request,200,OK,Candidate Creation Thread Group 1-691,text,true,,335,494,524,524,http://localhost:8080/web/index.php/api/v2/recruitment/candidates,33650,0,0
1768409831548,33712,Create Candidate Request,200,OK,Candidate Creation Thread Group 1-687,text,true,,335,494,523,523,http://localhost:8080/web/index.php/api/v2/recruitment/candidates,33711,0,0
1768409831555,33723,Create Candidate Request,200,OK,Candidate Creation Thread Group 1-695,text,true,,335,494,522,522,http://localhost:8080/web/index.php/api/v2/recruitment/candidates,33723,0,0
1768409831549,33747,Create Candidate Request,200,OK,Candidate Creation Thread Group 1-688,text,true,,335,494,521,521,http://localhost:8080/web/index.php/api/v2/recruitment/candidates,33747,0,0
1768409832058,33295,Create Candidate Request,200,OK,Candidate Creation Thread Group 1-1197,text,true,,335,494,520,520,http://localhost:8080/web/index.php/api/v2/recruitment/candidates,33295,0,0
1768409832087,33284,Create Candidate Request,200,OK,Candidate Creation Thread Group 1-1226,text,true,,335,494,519,519,http://localhost:8080/web/index.php/api/v2/recruitment/candidates,33284,0,0
1768409832102,33286,Create Candidate Request,200,OK,Candidate Creation Thread Group 1-1242,text,true,,335,494,518,518,http://localhost:8080/web/index.php/api/v2/recruitment/candidates,33285,0,0
1768409832047,33357,Create Candidate Request,200,OK,Candidate Creation Thread Group 1-1185,text,true,,335,494,517,517,http://localhost:8080/web/index.php/api/v2/recruitment/candidates,33356,0,0
1768409832096,33358,Create Candidate Request,200,OK,Candidate Creation Thread Group 1-1235,text,true,,335,494,516,516,http://localhost:8080/web/index.php/api/v2/recruitment/candidates,33358,0,0
1768409832077,33392,Create Candidate Request,200,OK,Candidate Creation Thread Group 1-1216,text,true,,335,494,515,515,http://localhost:8080/web/index.php/api/v2/recruitment/candidates,33392,0,0
1768409832053,33433,Create Candidate Request,200,OK,Candidate Creation Thread Group 1-1192,text,true,,335,494,514,514,http://localhost:8080/web/index.php/api/v2/recruitment/candidates,33433,0,0
1768409832082,33421,Create Candidate Request,200,OK,Candidate Creation Thread Group 1-1221,text,true,,335,494,513,513,http://localhost:8080/web/index.php/api/v2/recruitment/candidates,33421,0,0
1768409832043,33513,Create Candidate Request,200,OK,Candidate Creation Thread Group 1-1183,text,true,,335,494,512,512,http://localhost:8080/web/index.php/api/v2/recruitment/candidates,33512,0,0
1768409832073,33501,Create Candidate Request,200,OK,Candidate Creation Thread Group 1-1205,text,true,,332,491,511,511,http://localhost:8080/web/index.php/api/v2/recruitment/candidates,33500,0,3
1768409832041,33552,Create Candidate Request,200,OK,Candidate Creation Thread Group 1-1180,text,true,,335,494,510,510,http://localhost:8080/web/index.php/api/v2/recruitment/candidates,33552,0,0
1768409832074,33535,Create Candidate Request,200,OK,Candidate Creation Thread Group 1-1207,text,true,,332,491,509,509,http://localhost:8080/web/index.php/api/v2/recruitment/candidates,33535,0,0
1768409832101,33557,Create Candidate Request,200,OK,Candidate Creation Thread Group 1-1241,text,true,,335,494,508,508,http://localhost:8080/web/index.php/api/v2/recruitment/candidates,33556,0,0
1768409832092,33583,Create Candidate Request,200,OK,Candidate Creation Thread Group 1-1232,text,true,,335,494,507,507,http://localhost:8080/web/index.php/api/v2/recruitment/candidates,33582,0,0
1768409832088,33602,Create Candidate Request,200,OK,Candidate Creation Thread Group 1-1227,text,true,,335,494,506,506,http://localhost:8080/web/index.php/api/v2/recruitment/candidates,33602,0,0
1768409832076,33676,Create Candidate Request,200,OK,Candidate Creation Thread Group 1-1211,text,true,,335,494,505,505,http://localhost:8080/web/index.php/api/v2/recruitment/candidates,33676,0,0
1768409832076,33691,Create Candidate Request,200,OK,Candidate Creation Thread Group 1-1206,text,true,,335,494,504,504,http://localhost:8080/web/index.php/api/v2/recruitment/candidates,33691,0,0
1768409832086,33699,Create Candidate Request,200,OK,Candidate Creation Thread Group 1-1225,text,true,,335,494,503,503,http://localhost:8080/web/index.php/api/v2/recruitment/candidates,33698,0,0
1768409832056,33747,Create Candidate Request,200,OK,Candidate Creation Thread Group 1-1195,text,true,,335,494,502,502,http://localhost:8080/web/index.php/api/v2/recruitment/candidates,33747,0,0
1768409832079,33776,Create Candidate Request,200,OK,Candidate Creation Thread Group 1-1219,text,true,,335,494,501,501,http://localhost:8080/web/index.php/api/v2/recruitment/candidates,33775,0,1
1768409832099,33772,Create Candidate Request,200,OK,Candidate Creation Thread Group 1-1238,text,true,,335,494,500,500,http://localhost:8080/web/index.php/api/v2/recruitment/candidates,33771,0,0
1768409832100,33791,Create Candidate Request,200,OK,Candidate Creation Thread Group 1-1239,text,true,,335,494,499,499,http://localhost:8080/web/index.php/api/v2/recruitment/candidates,33791,0,0
1768409832093,33814,Create Candidate Request,200,OK,Candidate Creation Thread Group 1-1233,text,true,,335,494,498,498,http://localhost:8080/web/index.php/api/v2/recruitment/candidates,33814,0,1
1768409832095,33862,Create Candidate Request,200,OK,Candidate Creation Thread Group 1-1234,text,true,,335,494,497,497,http://localhost:8080/web/index.php/api/v2/recruitment/candidates,33862,0,0
1768409832097,33876,Create Candidate Request,200,OK,Candidate Creation Thread Group 1-1236,text,true,,335,494,496,496,http://localhost:8080/web/index.php/api/v2/recruitment/candidates,33876,0,0
1768409832085,33906,Create Candidate Request,200,OK,Candidate Creation Thread Group 1-1223,text,true,,335,494,495,495,http://localhost:8080/web/index.php/api/v2/recruitment/candidates,33906,0,0
1768409832072,33974,Create Candidate Request,200,OK,Candidate Creation Thread Group 1-1202,text,true,,332,491,494,494,http://localhost:8080/web/index.php/api/v2/recruitment/candidates,33974,0,0
1768409832052,34011,Create Candidate Request,200,OK,Candidate Creation Thread Group 1-1191,text,true,,335,494,493,493,http://localhost:8080/web/index.php/api/v2/recruitment/candidates,34011,0,0
1768409832072,34008,Create Candidate Request,200,OK,Candidate Creation Thread Group 1-1203,text,true,,332,491,492,492,http://localhost:8080/web/index.php/api/v2/recruitment/candidates,34008,0,0
1768409832076,34022,Create Candidate Request,200,OK,Candidate Creation Thread Group 1-1208,text,true,,335,494,491,491,http://localhost:8080/web/index.php/api/v2/recruitment/candidates,34022,0,0
1768409832075,34065,Create Candidate Request,200,OK,Candidate Creation Thread Group 1-1213,text,true,,335,494,490,490,http://localhost:8080/web/index.php/api/v2/recruitment/candidates,34038,0,0
1768409832082,34074,Create Candidate Request,200,OK,Candidate Creation Thread Group 1-1222,text,true,,335,494,489,489,http://localhost:8080/web/index.php/api/v2/recruitment/candidates,34074,0,1
1768409832077,34099,Create Candidate Request,200,OK,Candidate Creation Thread Group 1-1217,text,true,,335,494,488,488,http://localhost:8080/web/index.php/api/v2/recruitment/candidates,34099,0,1
1768409832098,34099,Create Candidate Request,200,OK,Candidate Creation Thread Group 1-1237,text,true,,335,494,487,487,http://localhost:8080/web/index.php/api/v2/recruitment/candidates,34099,0,0
1768409832323,33932,Create Candidate Request,200,OK,Candidate Creation Thread Group 1-1463,text,true,,335,494,486,486,http://localhost:8080/web/index.php/api/v2/recruitment/candidates,33932,0,0
1768409832344,33928,Create Candidate Request,200,OK,Candidate Creation Thread Group 1-1483,text,true,,335,494,485,485,http://localhost:8080/web/index.php/api/v2/recruitment/candidates,33928,0,0
1768409832335,33954,Create Candidate Request,200,OK,Candidate Creation Thread Group 1-1474,text,true,,335,494,484,484,http://localhost:8080/web/index.php/api/v2/recruitment/candidates,33954,0,0
1768409832339,33968,Create Candidate Request,200,OK,Candidate Creation Thread Group 1-1479,text,true,,335,494,483,483,http://localhost:8080/web/index.php/api/v2/recruitment/candidates,33967,0,0
1768409832327,34027,Create Candidate Request,200,OK,Candidate Creation Thread Group 1-1466,text,true,,335,494,482,482,http://localhost:8080/web/index.php/api/v2/recruitment/candidates,34026,0,0
1768409832174,34197,Create Candidate Request,200,OK,Candidate Creation Thread Group 1-1314,text,true,,335,494,481,481,http://localhost:8080/web/index.php/api/v2/recruitment/candidates,34197,0,0
1768409832172,34217,Create Candidate Request,200,OK,Candidate Creation Thread Group 1-1311,text,true,,335,494,480,480,http://localhost:8080/web/index.php/api/v2/recruitment/candidates,34217,0,0
1768409832174,34233,Create Candidate Request,200,OK,Candidate Creation Thread Group 1-1313,text,true,,335,494,479,479,http://localhost:8080/web/index.php/api/v2/recruitment/candidates,34232,0,0
1768409832209,34246,Create Candidate Request,200,OK,Candidate Creation Thread Group 1-1348,text,true,,335,494,478,478,http://localhost:8080/web/index.php/api/v2/recruitment/candidates,34246,0,0
1768409832190,34283,Create Candidate Request,200,OK,Candidate Creation Thread Group 1-1329,text,true,,335,494,477,477,http://localhost:8080/web/index.php/api/v2/recruitment/candidates,34282,0,0
1768409832221,34268,Create Candidate Request,200,OK,Candidate Creation Thread Group 1-1353,text,true,,332,491,476,476,http://localhost:8080/web/index.php/api/v2/recruitment/candidates,34268,0,0
1768409832231,34315,Create Candidate Request,200,OK,Candidate Creation Thread Group 1-1371,text,true,,335,494,475,475,http://localhost:8080/web/index.php/api/v2/recruitment/candidates,34315,0,0
1768409832328,34237,Create Candidate Request,200,OK,Candidate Creation Thread Group 1-1467,text,true,,335,494,474,474,http://localhost:8080/web/index.php/api/v2/recruitment/candidates,34237,0,0
1768409832177,34408,Create Candidate Request,200,OK,Candidate Creation Thread Group 1-1317,text,true,,335,494,473,473,http://localhost:8080/web/index.php/api/v2/recruitment/candidates,34408,0,1
1768409832198,34404,Create Candidate Request,200,OK,Candidate Creation Thread Group 1-1337,text,true,,335,494,472,472,http://localhost:8080/web/index.php/api/v2/recruitment/candidates,34403,0,1
1768409832346,34302,Create Candidate Request,200,OK,Candidate Creation Thread Group 1-1485,text,true,,335,494,471,471,http://localhost:8080/web/index.php/api/v2/recruitment/candidates,34302,0,0
1768409832201,34464,Create Candidate Request,200,OK,Candidate Creation Thread Group 1-1341,text,true,,335,494,470,470,http://localhost:8080/web/index.php/api/v2/recruitment/candidates,34464,0,1
1768409832189,34492,Create Candidate Request,200,OK,Candidate Creation Thread Group 1-1328,text,true,,335,494,469,469,http://localhost:8080/web/index.php/api/v2/recruitment/candidates,34492,0,0
1768409832321,34378,Create Candidate Request,200,OK,Candidate Creation Thread Group 1-1453,text,true,,332,491,468,468,http://localhost:8080/web/index.php/api/v2/recruitment/candidates,34378,0,0
1768409832228,34520,Create Candidate Request,200,OK,Candidate Creation Thread Group 1-1367,text,true,,335,494,467,467,http://localhost:8080/web/index.php/api/v2/recruitment/candidates,34520,0,0
1768409831644,35120,Create Candidate Request,200,OK,Candidate Creation Thread Group 1-782,text,true,,335,494,466,466,http://localhost:8080/web/index.php/api/v2/recruitment/candidates,35120,0,8
1768409831651,35131,Create Candidate Request,200,OK,Candidate Creation Thread Group 1-787,text,true,,335,494,465,465,http://localhost:8080/web/index.php/api/v2/recruitment/candidates,35130,0,0
1768409831622,35175,Create Candidate Request,200,OK,Candidate Creation Thread Group 1-761,text,true,,335,494,464,464,http://localhost:8080/web/index.php/api/v2/recruitment/candidates,35174,0,0
1768409831637,35212,Create Candidate Request,200,OK,Candidate Creation Thread Group 1-777,text,true,,335,494,463,463,http://localhost:8080/web/index.php/api/v2/recruitment/candidates,35212,0,1
1768409831635,35230,Create Candidate Request,200,OK,Candidate Creation Thread Group 1-775,text,true,,335,494,462,462,http://localhost:8080/web/index.php/api/v2/recruitment/candidates,35230,0,0
1768409831796,35089,Create Candidate Request,200,OK,Candidate Creation Thread Group 1-932,text,true,,335,494,461,461,http://localhost:8080/web/index.php/api/v2/recruitment/candidates,35089,0,0
1768409831784,35117,Create Candidate Request,200,OK,Candidate Creation Thread Group 1-923,text,true,,335,494,460,460,http://localhost:8080/web/index.php/api/v2/recruitment/candidates,35117,0,0
1768409831786,35163,Create Candidate Request,200,OK,Candidate Creation Thread Group 1-924,text,true,,335,494,459,459,http://localhost:8080/web/index.php/api/v2/recruitment/candidates,35162,0,0
1768409831835,35132,Create Candidate Request,200,OK,Candidate Creation Thread Group 1-974,text,true,,335,494,458,458,http://localhost:8080/web/index.php/api/v2/recruitment/candidates,35132,0,0
1768409831833,35152,Create Candidate Request,200,OK,Candidate Creation Thread Group 1-972,text,true,,335,494,457,457,http://localhost:8080/web/index.php/api/v2/recruitment/candidates,35152,0,0
1768409831791,35209,Create Candidate Request,200,OK,Candidate Creation Thread Group 1-910,text,true,,335,494,456,456,http://localhost:8080/web/index.php/api/v2/recruitment/candidates,35209,0,0
1768409831821,35232,Create Candidate Request,200,OK,Candidate Creation Thread Group 1-960,text,true,,332,491,455,455,http://localhost:8080/web/index.php/api/v2/recruitment/candidates,35232,0,0
1768409831800,35272,Create Candidate Request,200,OK,Candidate Creation Thread Group 1-939,text,true,,335,494,454,454,http://localhost:8080/web/index.php/api/v2/recruitment/candidates,35272,0,0
1768409831793,35299,Create Candidate Request,200,OK,Candidate Creation Thread Group 1-913,text,true,,335,494,453,453,http://localhost:8080/web/index.php/api/v2/recruitment/candidates,35299,0,0
1768409831824,35284,Create Candidate Request,200,OK,Candidate Creation Thread Group 1-962,text,true,,335,494,452,452,http://localhost:8080/web/index.php/api/v2/recruitment/candidates,35284,0,0
1768409831822,35333,Create Candidate Request,200,OK,Candidate Creation Thread Group 1-961,text,true,,332,491,451,451,http://localhost:8080/web/index.php/api/v2/recruitment/candidates,35333,0,0
1768409831825,35346,Create Candidate Request,200,OK,Candidate Creation Thread Group 1-965,text,true,,335,494,450,450,http://localhost:8080/web/index.php/api/v2/recruitment/candidates,35346,0,0
1768409831831,35359,Create Candidate Request,200,OK,Candidate Creation Thread Group 1-970,text,true,,335,494,449,449,http://localhost:8080/web/index.php/api/v2/recruitment/candidates,35359,0,0
1768409831783,35423,Create Candidate Request,200,OK,Candidate Creation Thread Group 1-911,text,true,,335,494,448,448,http://localhost:8080/web/index.php/api/v2/recruitment/candidates,35422,0,0
1768409831805,35450,Create Candidate Request,200,OK,Candidate Creation Thread Group 1-936,text,true,,335,494,447,447,http://localhost:8080/web/index.php/api/v2/recruitment/candidates,35450,0,0
1768409831827,35446,Create Candidate Request,200,OK,Candidate Creation Thread Group 1-967,text,true,,335,494,446,446,http://localhost:8080/web/index.php/api/v2/recruitment/candidates,35446,0,0
1768409831829,35461,Create Candidate Request,200,OK,Candidate Creation Thread Group 1-969,text,true,,335,494,445,445,http://localhost:8080/web/index.php/api/v2/recruitment/candidates,35461,0,1
1768409831826,35482,Create Candidate Request,200,OK,Candidate Creation Thread Group 1-966,text,true,,335,494,444,444,http://localhost:8080/web/index.php/api/v2/recruitment/candidates,35482,0,0
1768409831753,35606,Create Candidate Request,200,OK,Candidate Creation Thread Group 1-892,text,true,,335,494,443,443,http://localhost:8080/web/index.php/api/v2/recruitment/candidates,35606,0,1
1768409831790,35589,Create Candidate Request,200,OK,Candidate Creation Thread Group 1-915,text,true,,335,494,442,442,http://localhost:8080/web/index.php/api/v2/recruitment/candidates,35588,0,0
1768409831828,35568,Create Candidate Request,200,OK,Candidate Creation Thread Group 1-968,text,true,,335,494,441,441,http://localhost:8080/web/index.php/api/v2/recruitment/candidates,35568,0,0
1768409831822,35629,Create Candidate Request,200,OK,Candidate Creation Thread Group 1-953,text,true,,332,491,440,440,http://localhost:8080/web/index.php/api/v2/recruitment/candidates,35629,0,0
1768409831795,35673,Create Candidate Request,200,OK,Candidate Creation Thread Group 1-904,text,true,,335,494,439,439,http://localhost:8080/web/index.php/api/v2/recruitment/candidates,35673,0,0
1768409831831,35654,Create Candidate Request,200,OK,Candidate Creation Thread Group 1-971,text,true,,335,494,438,438,http://localhost:8080/web/index.php/api/v2/recruitment/candidates,35654,0,1
1768409831805,35695,Create Candidate Request,200,OK,Candidate Creation Thread Group 1-944,text,true,,335,494,437,437,http://localhost:8080/web/index.php/api/v2/recruitment/candidates,35695,0,1
1768409831797,35755,Create Candidate Request,200,OK,Candidate Creation Thread Group 1-931,text,true,,335,494,436,436,http://localhost:8080/web/index.php/api/v2/recruitment/candidates,35755,0,0
1768409831840,35731,Create Candidate Request,200,OK,Candidate Creation Thread Group 1-980,text,true,,335,494,435,435,http://localhost:8080/web/index.php/api/v2/recruitment/candidates,35731,0,0
1768409831954,35635,Create Candidate Request,200,OK,Candidate Creation Thread Group 1-1094,text,true,,335,494,434,434,http://localhost:8080/web/index.php/api/v2/recruitment/candidates,35635,0,0
1768409831642,35965,Create Candidate Request,200,OK,Candidate Creation Thread Group 1-781,text,true,,335,494,433,433,http://localhost:8080/web/index.php/api/v2/recruitment/candidates,35965,0,0
1768409831650,36004,Create Candidate Request,200,OK,Candidate Creation Thread Group 1-786,text,true,,335,494,432,432,http://localhost:8080/web/index.php/api/v2/recruitment/candidates,36004,0,1
1768409831819,35852,Create Candidate Request,200,OK,Candidate Creation Thread Group 1-952,text,true,,332,491,431,431,http://localhost:8080/web/index.php/api/v2/recruitment/candidates,35852,0,1
1768409831611,36078,Create Candidate Request,200,OK,Candidate Creation Thread Group 1-750,text,true,,335,494,430,430,http://localhost:8080/web/index.php/api/v2/recruitment/candidates,36077,0,0
1768409831620,36085,Create Candidate Request,200,OK,Candidate Creation Thread Group 1-754,text,true,,332,491,429,429,http://localhost:8080/web/index.php/api/v2/recruitment/candidates,36084,0,0
1768409831801,35954,Create Candidate Request,200,OK,Candidate Creation Thread Group 1-940,text,true,,335,494,428,428,http://localhost:8080/web/index.php/api/v2/recruitment/candidates,35954,0,1
1768409831620,36152,Create Candidate Request,200,OK,Candidate Creation Thread Group 1-755,text,true,,332,491,427,427,http://localhost:8080/web/index.php/api/v2/recruitment/candidates,36152,0,0
1768409831799,35991,Create Candidate Request,200,OK,Candidate Creation Thread Group 1-929,text,true,,335,494,426,426,http://localhost:8080/web/index.php/api/v2/recruitment/candidates,35991,0,1
1768409831591,36215,Create Candidate Request,200,OK,Candidate Creation Thread Group 1-731,text,true,,335,494,425,425,http://localhost:8080/web/index.php/api/v2/recruitment/candidates,36215,0,1
1768409831596,36257,Create Candidate Request,200,OK,Candidate Creation Thread Group 1-735,text,true,,335,494,424,424,http://localhost:8080/web/index.php/api/v2/recruitment/candidates,36256,0,0
1768409831601,36268,Create Candidate Request,200,OK,Candidate Creation Thread Group 1-740,text,true,,335,494,423,423,http://localhost:8080/web/index.php/api/v2/recruitment/candidates,36267,0,0
1768409831599,36288,Create Candidate Request,200,OK,Candidate Creation Thread Group 1-738,text,true,,335,494,422,422,http://localhost:8080/web/index.php/api/v2/recruitment/candidates,36288,0,0
1768409831620,36334,Create Candidate Request,200,OK,Candidate Creation Thread Group 1-752,text,true,,332,491,421,421,http://localhost:8080/web/index.php/api/v2/recruitment/candidates,36333,0,0
1768409831600,36370,Create Candidate Request,200,OK,Candidate Creation Thread Group 1-739,text,true,,335,494,420,420,http://localhost:8080/web/index.php/api/v2/recruitment/candidates,36370,0,0
1768409831598,36387,Create Candidate Request,200,OK,Candidate Creation Thread Group 1-737,text,true,,335,494,419,419,http://localhost:8080/web/index.php/api/v2/recruitment/candidates,36387,0,0
1768409831597,36406,Create Candidate Request,200,OK,Candidate Creation Thread Group 1-736,text,true,,335,494,418,418,http://localhost:8080/web/index.php/api/v2/recruitment/candidates,36405,0,0
1768409832305,35748,Create Candidate Request,200,OK,Candidate Creation Thread Group 1-1444,text,true,,335,494,417,417,http://localhost:8080/web/index.php/api/v2/recruitment/candidates,35748,0,0
1768409832301,35769,Create Candidate Request,200,OK,Candidate Creation Thread Group 1-1440,text,true,,335,494,416,416,http://localhost:8080/web/index.php/api/v2/recruitment/candidates,35768,0,0
1768409832321,35768,Create Candidate Request,200,OK,Candidate Creation Thread Group 1-1461,text,true,,335,494,415,415,http://localhost:8080/web/index.php/api/v2/recruitment/candidates,35767,0,0
1768409832349,35792,Create Candidate Request,200,OK,Candidate Creation Thread Group 1-1488,text,true,,335,494,414,414,http://localhost:8080/web/index.php/api/v2/recruitment/candidates,35759,0,0
1768409832306,35854,Create Candidate Request,200,OK,Candidate Creation Thread Group 1-1445,text,true,,335,494,413,413,http://localhost:8080/web/index.php/api/v2/recruitment/candidates,35853,0,0
1768409832321,35855,Create Candidate Request,200,OK,Candidate Creation Thread Group 1-1455,text,true,,335,494,412,412,http://localhost:8080/web/index.php/api/v2/recruitment/candidates,35855,0,0
1768409832298,35896,Create Candidate Request,200,OK,Candidate Creation Thread Group 1-1437,text,true,,335,494,411,411,http://localhost:8080/web/index.php/api/v2/recruitment/candidates,35896,0,1
1768409832321,35927,Create Candidate Request,200,OK,Candidate Creation Thread Group 1-1457,text,true,,332,491,410,410,http://localhost:8080/web/index.php/api/v2/recruitment/candidates,35927,0,0
1768409832299,35964,Create Candidate Request,200,OK,Candidate Creation Thread Group 1-1439,text,true,,335,494,409,409,http://localhost:8080/web/index.php/api/v2/recruitment/candidates,35964,0,1
1768409832352,35928,Create Candidate Request,200,OK,Candidate Creation Thread Group 1-1492,text,true,,335,494,408,408,http://localhost:8080/web/index.php/api/v2/recruitment/candidates,35928,0,0
1768409832351,35946,Create Candidate Request,200,OK,Candidate Creation Thread Group 1-1491,text,true,,335,494,407,407,http://localhost:8080/web/index.php/api/v2/recruitment/candidates,35946,0,0
1768409832350,35964,Create Candidate Request,200,OK,Candidate Creation Thread Group 1-1490,text,true,,335,494,406,406,http://localhost:8080/web/index.php/api/v2/recruitment/candidates,35964,0,0
1768409832309,36050,Create Candidate Request,200,OK,Candidate Creation Thread Group 1-1449,text,true,,335,494,405,405,http://localhost:8080/web/index.php/api/v2/recruitment/candidates,36050,0,0
1768409832307,36070,Create Candidate Request,200,OK,Candidate Creation Thread Group 1-1447,text,true,,335,494,404,404,http://localhost:8080/web/index.php/api/v2/recruitment/candidates,36070,0,0
1768409832297,36095,Create Candidate Request,200,OK,Candidate Creation Thread Group 1-1436,text,true,,335,494,403,403,http://localhost:8080/web/index.php/api/v2/recruitment/candidates,36095,0,0
1768409832347,36105,Create Candidate Request,200,OK,Candidate Creation Thread Group 1-1486,text,true,,335,494,402,402,http://localhost:8080/web/index.php/api/v2/recruitment/candidates,36105,0,0
1768409832321,36148,Create Candidate Request,200,OK,Candidate Creation Thread Group 1-1456,text,true,,332,491,401,401,http://localhost:8080/web/index.php/api/v2/recruitment/candidates,36148,0,0
1768409832321,36165,Create Candidate Request,200,OK,Candidate Creation Thread Group 1-1460,text,true,,332,491,400,400,http://localhost:8080/web/index.php/api/v2/recruitment/candidates,36165,0,0
1768409832321,36184,Create Candidate Request,200,OK,Candidate Creation Thread Group 1-1459,text,true,,332,491,399,399,http://localhost:8080/web/index.php/api/v2/recruitment/candidates,36184,0,0
1768409832307,36251,Create Candidate Request,200,OK,Candidate Creation Thread Group 1-1446,text,true,,335,494,398,398,http://localhost:8080/web/index.php/api/v2/recruitment/candidates,36250,0,0
1768409832310,36265,Create Candidate Request,200,OK,Candidate Creation Thread Group 1-1450,text,true,,335,494,397,397,http://localhost:8080/web/index.php/api/v2/recruitment/candidates,36265,0,0
1768409832309,36285,Create Candidate Request,200,OK,Candidate Creation Thread Group 1-1448,text,true,,335,494,396,396,http://localhost:8080/web/index.php/api/v2/recruitment/candidates,36285,0,0
1768409832321,36320,Create Candidate Request,200,OK,Candidate Creation Thread Group 1-1451,text,true,,332,491,395,395,http://localhost:8080/web/index.php/api/v2/recruitment/candidates,36320,0,0
1768409832302,36354,Create Candidate Request,200,OK,Candidate Creation Thread Group 1-1441,text,true,,335,494,394,394,http://localhost:8080/web/index.php/api/v2/recruitment/candidates,36354,0,0
1768409831840,36835,Create Candidate Request,200,OK,Candidate Creation Thread Group 1-979,text,true,,335,494,393,393,http://localhost:8080/web/index.php/api/v2/recruitment/candidates,36835,0,0
1768409831805,36885,Create Candidate Request,200,OK,Candidate Creation Thread Group 1-914,text,true,,335,494,392,392,http://localhost:8080/web/index.php/api/v2/recruitment/candidates,36885,0,1
1768409831834,36923,Create Candidate Request,200,OK,Candidate Creation Thread Group 1-973,text,true,,335,494,391,391,http://localhost:8080/web/index.php/api/v2/recruitment/candidates,36923,0,0
1768409831810,36964,Create Candidate Request,200,OK,Candidate Creation Thread Group 1-950,text,true,,335,494,390,390,http://localhost:8080/web/index.php/api/v2/recruitment/candidates,36963,0,0
1768409831838,36951,Create Candidate Request,200,OK,Candidate Creation Thread Group 1-977,text,true,,335,494,389,389,http://localhost:8080/web/index.php/api/v2/recruitment/candidates,36951,0,0
1768409831842,36966,Create Candidate Request,200,OK,Candidate Creation Thread Group 1-981,text,true,,335,494,388,388,http://localhost:8080/web/index.php/api/v2/recruitment/candidates,36965,0,0
1768409831483,37374,Create Candidate Request,200,OK,Candidate Creation Thread Group 1-622,text,true,,335,494,387,387,http://localhost:8080/web/index.php/api/v2/recruitment/candidates,37374,0,0
1768409831469,37406,Create Candidate Request,200,OK,Candidate Creation Thread Group 1-608,text,true,,332,491,386,386,http://localhost:8080/web/index.php/api/v2/recruitment/candidates,37405,0,0
1768409831447,37443,Create Candidate Request,200,OK,Candidate Creation Thread Group 1-587,text,true,,335,494,385,385,http://localhost:8080/web/index.php/api/v2/recruitment/candidates,37443,0,0
1768409831424,37482,Create Candidate Request,200,OK,Candidate Creation Thread Group 1-563,text,true,,335,494,384,384,http://localhost:8080/web/index.php/api/v2/recruitment/candidates,37482,0,0
1768409831484,37473,Create Candidate Request,200,OK,Candidate Creation Thread Group 1-624,text,true,,335,494,383,383,http://localhost:8080/web/index.php/api/v2/recruitment/candidates,37473,0,0
1768409831410,37563,Create Candidate Request,200,OK,Candidate Creation Thread Group 1-550,text,true,,335,494,382,382,http://localhost:8080/web/index.php/api/v2/recruitment/candidates,37563,0,0
1768409831423,37568,Create Candidate Request,200,OK,Candidate Creation Thread Group 1-556,text,true,,332,491,381,381,http://localhost:8080/web/index.php/api/v2/recruitment/candidates,37568,0,0
1768409831525,37525,Create Candidate Request,200,OK,Candidate Creation Thread Group 1-665,text,true,,335,494,380,380,http://localhost:8080/web/index.php/api/v2/recruitment/candidates,37524,0,1
1768409831423,37645,Create Candidate Request,200,OK,Candidate Creation Thread Group 1-553,text,true,,332,491,379,379,http://localhost:8080/web/index.php/api/v2/recruitment/candidates,37645,0,0
1768409831424,37663,Create Candidate Request,200,OK,Candidate Creation Thread Group 1-564,text,true,,335,494,378,378,http://localhost:8080/web/index.php/api/v2/recruitment/candidates,37663,0,0
1768409831509,37595,Create Candidate Request,200,OK,Candidate Creation Thread Group 1-649,text,true,,335,494,377,377,http://localhost:8080/web/index.php/api/v2/recruitment/candidates,37595,0,1
1768409831393,37757,Create Candidate Request,200,OK,Candidate Creation Thread Group 1-532,text,true,,335,494,376,376,http://localhost:8080/web/index.php/api/v2/recruitment/candidates,37757,0,0
1768409831423,37742,Create Candidate Request,200,OK,Candidate Creation Thread Group 1-558,text,true,,332,491,375,375,http://localhost:8080/web/index.php/api/v2/recruitment/candidates,37742,0,0
1768409831444,37739,Create Candidate Request,200,OK,Candidate Creation Thread Group 1-583,text,true,,335,494,374,374,http://localhost:8080/web/index.php/api/v2/recruitment/candidates,37739,0,0
1768409831398,37802,Create Candidate Request,200,OK,Candidate Creation Thread Group 1-538,text,true,,335,494,373,373,http://localhost:8080/web/index.php/api/v2/recruitment/candidates,37802,0,1
1768409831449,37800,Create Candidate Request,200,OK,Candidate Creation Thread Group 1-589,text,true,,335,494,372,372,http://localhost:8080/web/index.php/api/v2/recruitment/candidates,37800,0,1
1768409831457,37810,Create Candidate Request,200,OK,Candidate Creation Thread Group 1-596,text,true,,335,494,371,371,http://localhost:8080/web/index.php/api/v2/recruitment/candidates,37810,0,0
1768409831423,37865,Create Candidate Request,200,OK,Candidate Creation Thread Group 1-562,text,true,,332,491,370,370,http://localhost:8080/web/index.php/api/v2/recruitment/candidates,37864,0,0
1768409831423,37880,Create Candidate Request,200,OK,Candidate Creation Thread Group 1-557,text,true,,332,491,369,369,http://localhost:8080/web/index.php/api/v2/recruitment/candidates,37880,0,0
1768409831408,37948,Create Candidate Request,200,OK,Candidate Creation Thread Group 1-548,text,true,,335,494,368,368,http://localhost:8080/web/index.php/api/v2/recruitment/candidates,37948,0,0
1768409831431,37944,Create Candidate Request,200,OK,Candidate Creation Thread Group 1-570,text,true,,335,494,367,367,http://localhost:8080/web/index.php/api/v2/recruitment/candidates,37943,0,0
1768409831400,37992,Create Candidate Request,200,OK,Candidate Creation Thread Group 1-540,text,true,,335,494,366,366,http://localhost:8080/web/index.php/api/v2/recruitment/candidates,37992,0,1
1768409831434,38018,Create Candidate Request,200,OK,Candidate Creation Thread Group 1-574,text,true,,335,494,365,365,http://localhost:8080/web/index.php/api/v2/recruitment/candidates,38018,0,0
1768409831423,38045,Create Candidate Request,200,OK,Candidate Creation Thread Group 1-551,text,true,,332,491,364,364,http://localhost:8080/web/index.php/api/v2/recruitment/candidates,38045,0,0
1768409831458,38028,Create Candidate Request,200,OK,Candidate Creation Thread Group 1-598,text,true,,335,494,363,363,http://localhost:8080/web/index.php/api/v2/recruitment/candidates,38028,0,0
1768409831423,38080,Create Candidate Request,200,OK,Candidate Creation Thread Group 1-560,text,true,,335,494,362,362,http://localhost:8080/web/index.php/api/v2/recruitment/candidates,38080,0,0
1768409831409,38146,Create Candidate Request,200,OK,Candidate Creation Thread Group 1-549,text,true,,335,494,361,361,http://localhost:8080/web/index.php/api/v2/recruitment/candidates,38146,0,0
1768409831438,38133,Create Candidate Request,200,OK,Candidate Creation Thread Group 1-577,text,true,,335,494,360,360,http://localhost:8080/web/index.php/api/v2/recruitment/candidates,38133,0,0
1768409831406,38185,Create Candidate Request,200,OK,Candidate Creation Thread Group 1-545,text,true,,335,494,359,359,http://localhost:8080/web/index.php/api/v2/recruitment/candidates,38185,0,0
1768409831423,38184,Create Candidate Request,200,OK,Candidate Creation Thread Group 1-561,text,true,,332,491,358,358,http://localhost:8080/web/index.php/api/v2/recruitment/candidates,38184,0,0
1768409831433,38225,Create Candidate Request,200,OK,Candidate Creation Thread Group 1-573,text,true,,335,494,357,357,http://localhost:8080/web/index.php/api/v2/recruitment/candidates,38224,0,0
1768409831436,38238,Create Candidate Request,200,OK,Candidate Creation Thread Group 1-576,text,true,,335,494,356,356,http://localhost:8080/web/index.php/api/v2/recruitment/candidates,38238,0,1
1768409831427,38265,Create Candidate Request,200,OK,Candidate Creation Thread Group 1-566,text,true,,335,494,355,355,http://localhost:8080/web/index.php/api/v2/recruitment/candidates,38264,0,0
1768409831438,38314,Create Candidate Request,200,OK,Candidate Creation Thread Group 1-578,text,true,,335,494,354,354,http://localhost:8080/web/index.php/api/v2/recruitment/candidates,38314,0,1
1768409831402,38367,Create Candidate Request,200,OK,Candidate Creation Thread Group 1-541,text,true,,335,494,353,353,http://localhost:8080/web/index.php/api/v2/recruitment/candidates,38366,0,0
1768409831399,38390,Create Candidate Request,200,OK,Candidate Creation Thread Group 1-539,text,true,,335,494,352,352,http://localhost:8080/web/index.php/api/v2/recruitment/candidates,38390,0,1
1768409831443,38363,Create Candidate Request,200,OK,Candidate Creation Thread Group 1-582,text,true,,335,494,351,351,http://localhost:8080/web/index.php/api/v2/recruitment/candidates,38362,0,0
1768409831484,38372,Create Candidate Request,200,OK,Candidate Creation Thread Group 1-623,text,true,,335,494,350,350,http://localhost:8080/web/index.php/api/v2/recruitment/candidates,38372,0,0
1768409831494,38377,Create Candidate Request,200,OK,Candidate Creation Thread Group 1-633,text,true,,335,494,349,349,http://localhost:8080/web/index.php/api/v2/recruitment/candidates,38377,0,0
1768409831469,38422,Create Candidate Request,200,OK,Candidate Creation Thread Group 1-604,text,true,,332,491,348,348,http://localhost:8080/web/index.php/api/v2/recruitment/candidates,38421,0,1
1768409831490,38458,Create Candidate Request,200,OK,Candidate Creation Thread Group 1-630,text,true,,335,494,347,347,http://localhost:8080/web/index.php/api/v2/recruitment/candidates,38458,0,1
1768409831523,38441,Create Candidate Request,200,OK,Candidate Creation Thread Group 1-663,text,true,,335,494,346,346,http://localhost:8080/web/index.php/api/v2/recruitment/candidates,38441,0,0
1768409831480,38500,Create Candidate Request,200,OK,Candidate Creation Thread Group 1-619,text,true,,335,494,345,345,http://localhost:8080/web/index.php/api/v2/recruitment/candidates,38500,0,0
1768409831499,38502,Create Candidate Request,200,OK,Candidate Creation Thread Group 1-638,text,true,,335,494,344,344,http://localhost:8080/web/index.php/api/v2/recruitment/candidates,38502,0,0
1768409831481,38574,Create Candidate Request,200,OK,Candidate Creation Thread Group 1-620,text,true,,335,494,343,343,http://localhost:8080/web/index.php/api/v2/recruitment/candidates,38573,0,0
1768409831518,38556,Create Candidate Request,200,OK,Candidate Creation Thread Group 1-656,text,true,,332,491,342,342,http://localhost:8080/web/index.php/api/v2/recruitment/candidates,38556,0,0
1768409831472,38621,Create Candidate Request,200,OK,Candidate Creation Thread Group 1-611,text,true,,335,494,341,341,http://localhost:8080/web/index.php/api/v2/recruitment/candidates,38621,0,0
1768409831521,38629,Create Candidate Request,200,OK,Candidate Creation Thread Group 1-661,text,true,,335,494,340,340,http://localhost:8080/web/index.php/api/v2/recruitment/candidates,38629,0,0
1768409831469,38697,Create Candidate Request,200,OK,Candidate Creation Thread Group 1-602,text,true,,332,491,339,339,http://localhost:8080/web/index.php/api/v2/recruitment/candidates,38697,0,0
1768409831519,38670,Create Candidate Request,200,OK,Candidate Creation Thread Group 1-658,text,true,,332,491,338,338,http://localhost:8080/web/index.php/api/v2/recruitment/candidates,38670,0,0
1768409831470,38734,Create Candidate Request,200,OK,Candidate Creation Thread Group 1-609,text,true,,332,491,337,337,http://localhost:8080/web/index.php/api/v2/recruitment/candidates,38733,0,0
1768409831448,38808,Create Candidate Request,200,OK,Candidate Creation Thread Group 1-588,text,true,,335,494,336,336,http://localhost:8080/web/index.php/api/v2/recruitment/candidates,38808,0,1
1768409831456,38815,Create Candidate Request,200,OK,Candidate Creation Thread Group 1-595,text,true,,335,494,335,335,http://localhost:8080/web/index.php/api/v2/recruitment/candidates,38815,0,0
1768409831454,38833,Create Candidate Request,200,OK,Candidate Creation Thread Group 1-593,text,true,,335,494,334,334,http://localhost:8080/web/index.php/api/v2/recruitment/candidates,38833,0,0
1768409831425,38880,Create Candidate Request,200,OK,Candidate Creation Thread Group 1-565,text,true,,335,494,333,333,http://localhost:8080/web/index.php/api/v2/recruitment/candidates,38880,0,1
1768409831446,38911,Create Candidate Request,200,OK,Candidate Creation Thread Group 1-585,text,true,,335,494,332,332,http://localhost:8080/web/index.php/api/v2/recruitment/candidates,38911,0,0
1768409831455,38922,Create Candidate Request,200,OK,Candidate Creation Thread Group 1-594,text,true,,335,494,331,331,http://localhost:8080/web/index.php/api/v2/recruitment/candidates,38922,0,0
1768409831423,38972,Create Candidate Request,200,OK,Candidate Creation Thread Group 1-559,text,true,,332,491,330,330,http://localhost:8080/web/index.php/api/v2/recruitment/candidates,38971,0,0
1768409831430,39024,Create Candidate Request,200,OK,Candidate Creation Thread Group 1-569,text,true,,335,494,329,329,http://localhost:8080/web/index.php/api/v2/recruitment/candidates,39024,0,0
1768409831432,39041,Create Candidate Request,200,OK,Candidate Creation Thread Group 1-572,text,true,,335,494,328,328,http://localhost:8080/web/index.php/api/v2/recruitment/candidates,39041,0,0
1768409831423,39067,Create Candidate Request,200,OK,Candidate Creation Thread Group 1-554,text,true,,332,491,327,327,http://localhost:8080/web/index.php/api/v2/recruitment/candidates,39067,0,0
1768409831451,39055,Create Candidate Request,200,OK,Candidate Creation Thread Group 1-590,text,true,,335,494,326,326,http://localhost:8080/web/index.php/api/v2/recruitment/candidates,39055,0,0
1768409831429,39129,Create Candidate Request,200,OK,Candidate Creation Thread Group 1-568,text,true,,335,494,325,325,http://localhost:8080/web/index.php/api/v2/recruitment/candidates,39128,0,0
1768409831453,39123,Create Candidate Request,200,OK,Candidate Creation Thread Group 1-592,text,true,,335,494,324,324,http://localhost:8080/web/index.php/api/v2/recruitment/candidates,39122,0,0
1768409831459,39136,Create Candidate Request,200,OK,Candidate Creation Thread Group 1-599,text,true,,335,494,323,323,http://localhost:8080/web/index.php/api/v2/recruitment/candidates,39136,0,0
1768409831435,39219,Create Candidate Request,200,OK,Candidate Creation Thread Group 1-575,text,true,,335,494,322,322,http://localhost:8080/web/index.php/api/v2/recruitment/candidates,39219,0,0
1768409831423,39248,Create Candidate Request,200,OK,Candidate Creation Thread Group 1-555,text,true,,335,494,321,321,http://localhost:8080/web/index.php/api/v2/recruitment/candidates,39248,0,0
1768409831501,39187,Create Candidate Request,200,OK,Candidate Creation Thread Group 1-640,text,true,,335,494,320,320,http://localhost:8080/web/index.php/api/v2/recruitment/candidates,39187,0,0
1768409831688,39016,Create Candidate Request,200,OK,Candidate Creation Thread Group 1-828,text,true,,335,494,319,319,http://localhost:8080/web/index.php/api/v2/recruitment/candidates,39016,0,1
1768409831658,39096,Create Candidate Request,200,OK,Candidate Creation Thread Group 1-795,text,true,,335,494,318,318,http://localhost:8080/web/index.php/api/v2/recruitment/candidates,39096,0,14
1768409831687,39085,Create Candidate Request,200,OK,Candidate Creation Thread Group 1-819,text,true,,335,494,317,317,http://localhost:8080/web/index.php/api/v2/recruitment/candidates,39084,0,0
1768409831674,39114,Create Candidate Request,200,OK,Candidate Creation Thread Group 1-810,text,true,,332,491,316,316,http://localhost:8080/web/index.php/api/v2/recruitment/candidates,39114,0,3
1768409831685,39119,Create Candidate Request,200,OK,Candidate Creation Thread Group 1-821,text,true,,335,494,315,315,http://localhost:8080/web/index.php/api/v2/recruitment/candidates,39119,0,1
1768409831737,39120,Create Candidate Request,200,OK,Candidate Creation Thread Group 1-876,text,true,,335,494,314,314,http://localhost:8080/web/index.php/api/v2/recruitment/candidates,39119,0,0
1768409831688,39185,Create Candidate Request,200,OK,Candidate Creation Thread Group 1-824,text,true,,335,494,313,313,http://localhost:8080/web/index.php/api/v2/recruitment/candidates,39185,0,1
1768409831706,39184,Create Candidate Request,200,OK,Candidate Creation Thread Group 1-845,text,true,,335,494,312,312,http://localhost:8080/web/index.php/api/v2/recruitment/candidates,39184,0,0
1768409831675,39273,Create Candidate Request,200,OK,Candidate Creation Thread Group 1-802,text,true,,332,491,311,311,http://localhost:8080/web/index.php/api/v2/recruitment/candidates,39272,0,0
1768409831683,39286,Create Candidate Request,200,OK,Candidate Creation Thread Group 1-813,text,true,,335,494,310,310,http://localhost:8080/web/index.php/api/v2/recruitment/candidates,39285,0,1
1768409831728,39256,Create Candidate Request,200,OK,Candidate Creation Thread Group 1-867,text,true,,335,494,309,309,http://localhost:8080/web/index.php/api/v2/recruitment/candidates,39256,0,0
1768409831690,39311,Create Candidate Request,200,OK,Candidate Creation Thread Group 1-829,text,true,,335,494,308,308,http://localhost:8080/web/index.php/api/v2/recruitment/candidates,39311,0,0
1768409831701,39351,Create Candidate Request,200,OK,Candidate Creation Thread Group 1-840,text,true,,335,494,307,307,http://localhost:8080/web/index.php/api/v2/recruitment/candidates,39351,0,0
1768409831659,39410,Create Candidate Request,200,OK,Candidate Creation Thread Group 1-798,text,true,,335,494,306,306,http://localhost:8080/web/index.php/api/v2/recruitment/candidates,39409,0,1
1768409831677,39411,Create Candidate Request,200,OK,Candidate Creation Thread Group 1-815,text,true,,332,491,305,305,http://localhost:8080/web/index.php/api/v2/recruitment/candidates,39411,0,0
1768409831748,39356,Create Candidate Request,200,OK,Candidate Creation Thread Group 1-887,text,true,,335,494,304,304,http://localhost:8080/web/index.php/api/v2/recruitment/candidates,39356,0,0
1768409831680,39475,Create Candidate Request,200,OK,Candidate Creation Thread Group 1-817,text,true,,335,494,303,303,http://localhost:8080/web/index.php/api/v2/recruitment/candidates,39475,0,0
1768409831776,39396,Create Candidate Request,200,OK,Candidate Creation Thread Group 1-905,text,true,,332,491,302,302,http://localhost:8080/web/index.php/api/v2/recruitment/candidates,39396,0,2
1768409831709,39480,Create Candidate Request,200,OK,Candidate Creation Thread Group 1-848,text,true,,335,494,301,301,http://localhost:8080/web/index.php/api/v2/recruitment/candidates,39480,0,0
1768409831678,39526,Create Candidate Request,200,OK,Candidate Creation Thread Group 1-806,text,true,,335,494,300,300,http://localhost:8080/web/index.php/api/v2/recruitment/candidates,39526,0,0
1768409831752,39500,Create Candidate Request,200,OK,Candidate Creation Thread Group 1-891,text,true,,335,494,299,299,http://localhost:8080/web/index.php/api/v2/recruitment/candidates,39500,0,1
1768409831679,39592,Create Candidate Request,200,OK,Candidate Creation Thread Group 1-807,text,true,,335,494,298,298,http://localhost:8080/web/index.php/api/v2/recruitment/candidates,39592,0,3
1768409831778,39514,Create Candidate Request,200,OK,Candidate Creation Thread Group 1-909,text,true,,332,491,297,297,http://localhost:8080/web/index.php/api/v2/recruitment/candidates,39513,0,0
1768409831661,39647,Create Candidate Request,200,OK,Candidate Creation Thread Group 1-800,text,true,,335,494,296,296,http://localhost:8080/web/index.php/api/v2/recruitment/candidates,39647,0,0
1768409831711,39647,Create Candidate Request,200,OK,Candidate Creation Thread Group 1-850,text,true,,335,494,295,295,http://localhost:8080/web/index.php/api/v2/recruitment/candidates,39647,0,0
1768409831658,39716,Create Candidate Request,200,OK,Candidate Creation Thread Group 1-792,text,true,,335,494,294,294,http://localhost:8080/web/index.php/api/v2/recruitment/candidates,39716,0,0
1768409831739,39654,Create Candidate Request,200,OK,Candidate Creation Thread Group 1-878,text,true,,335,494,293,293,http://localhost:8080/web/index.php/api/v2/recruitment/candidates,39654,0,0
1768409831751,39697,Create Candidate Request,200,OK,Candidate Creation Thread Group 1-890,text,true,,335,494,292,292,http://localhost:8080/web/index.php/api/v2/recruitment/candidates,39697,0,0
1768409831684,39783,Create Candidate Request,200,OK,Candidate Creation Thread Group 1-818,text,true,,335,494,291,291,http://localhost:8080/web/index.php/api/v2/recruitment/candidates,39782,0,2
1768409831726,39758,Create Candidate Request,200,OK,Candidate Creation Thread Group 1-865,text,true,,335,494,290,290,http://localhost:8080/web/index.php/api/v2/recruitment/candidates,39758,0,0
1768409831656,39844,Create Candidate Request,200,OK,Candidate Creation Thread Group 1-790,text,true,,335,494,289,289,http://localhost:8080/web/index.php/api/v2/recruitment/candidates,39844,0,0
1768409831779,39779,Create Candidate Request,200,OK,Candidate Creation Thread Group 1-917,text,true,,332,491,288,288,http://localhost:8080/web/index.php/api/v2/recruitment/candidates,39778,0,0
1768409831722,39853,Create Candidate Request,200,OK,Candidate Creation Thread Group 1-857,text,true,,332,491,287,287,http://localhost:8080/web/index.php/api/v2/recruitment/candidates,39853,0,0
1768409831687,39906,Create Candidate Request,200,OK,Candidate Creation Thread Group 1-822,text,true,,335,494,286,286,http://localhost:8080/web/index.php/api/v2/recruitment/candidates,39906,0,1
1768409831727,39884,Create Candidate Request,200,OK,Candidate Creation Thread Group 1-866,text,true,,335,494,285,285,http://localhost:8080/web/index.php/api/v2/recruitment/candidates,39883,0,0
1768409831707,39951,Create Candidate Request,200,OK,Candidate Creation Thread Group 1-846,text,true,,335,494,284,284,http://localhost:8080/web/index.php/api/v2/recruitment/candidates,39950,0,0
1768409831741,39935,Create Candidate Request,200,OK,Candidate Creation Thread Group 1-880,text,true,,335,494,283,283,http://localhost:8080/web/index.php/api/v2/recruitment/candidates,39935,0,0
1768409831730,39962,Create Candidate Request,200,OK,Candidate Creation Thread Group 1-870,text,true,,335,494,282,282,http://localhost:8080/web/index.php/api/v2/recruitment/candidates,39962,0,1
1768409831675,40077,Create Candidate Request,200,OK,Candidate Creation Thread Group 1-811,text,true,,332,491,281,281,http://localhost:8080/web/index.php/api/v2/recruitment/candidates,40077,0,1
1768409831780,39987,Create Candidate Request,200,OK,Candidate Creation Thread Group 1-918,text,true,,332,491,280,280,http://localhost:8080/web/index.php/api/v2/recruitment/candidates,39987,0,0
1768409831694,40095,Create Candidate Request,200,OK,Candidate Creation Thread Group 1-833,text,true,,335,494,279,279,http://localhost:8080/web/index.php/api/v2/recruitment/candidates,40095,0,0
1768409831754,40050,Create Candidate Request,200,OK,Candidate Creation Thread Group 1-893,text,true,,335,494,278,278,http://localhost:8080/web/index.php/api/v2/recruitment/candidates,40050,0,0
1768409831776,40078,Create Candidate Request,200,OK,Candidate Creation Thread Group 1-901,text,true,,332,491,277,277,http://localhost:8080/web/index.php/api/v2/recruitment/candidates,40078,0,0
1768409831676,40196,Create Candidate Request,200,OK,Candidate Creation Thread Group 1-812,text,true,,332,491,276,276,http://localhost:8080/web/index.php/api/v2/recruitment/candidates,40196,0,0
1768409831741,40151,Create Candidate Request,200,OK,Candidate Creation Thread Group 1-881,text,true,,335,494,275,275,http://localhost:8080/web/index.php/api/v2/recruitment/candidates,40150,0,0
1768409831691,40263,Create Candidate Request,200,OK,Candidate Creation Thread Group 1-826,text,true,,335,494,274,274,http://localhost:8080/web/index.php/api/v2/recruitment/candidates,40263,0,0
1768409831746,40226,Create Candidate Request,200,OK,Candidate Creation Thread Group 1-885,text,true,,335,494,273,273,http://localhost:8080/web/index.php/api/v2/recruitment/candidates,40225,0,0
1768409831777,40212,Create Candidate Request,200,OK,Candidate Creation Thread Group 1-903,text,true,,332,491,272,272,http://localhost:8080/web/index.php/api/v2/recruitment/candidates,40212,0,0
1768409831687,40321,Create Candidate Request,200,OK,Candidate Creation Thread Group 1-820,text,true,,335,494,271,271,http://localhost:8080/web/index.php/api/v2/recruitment/candidates,40320,0,1
1768409831783,40274,Create Candidate Request,200,OK,Candidate Creation Thread Group 1-907,text,true,,335,494,270,270,http://localhost:8080/web/index.php/api/v2/recruitment/candidates,40274,0,0
1768409831775,40300,Create Candidate Request,200,OK,Candidate Creation Thread Group 1-906,text,true,,332,491,269,269,http://localhost:8080/web/index.php/api/v2/recruitment/candidates,40300,0,1
1768409831747,40346,Create Candidate Request,200,OK,Candidate Creation Thread Group 1-886,text,true,,335,494,268,268,http://localhost:8080/web/index.php/api/v2/recruitment/candidates,40346,0,0
1768409831735,40419,Create Candidate Request,200,OK,Candidate Creation Thread Group 1-874,text,true,,335,494,267,267,http://localhost:8080/web/index.php/api/v2/recruitment/candidates,40418,0,0
1768409831692,40477,Create Candidate Request,200,OK,Candidate Creation Thread Group 1-831,text,true,,335,494,266,266,http://localhost:8080/web/index.php/api/v2/recruitment/candidates,40477,0,0
1768409831858,40328,Create Candidate Request,200,OK,Candidate Creation Thread Group 1-995,text,true,,335,494,265,265,http://localhost:8080/web/index.php/api/v2/recruitment/candidates,40327,0,0
1768409831721,40483,Create Candidate Request,200,OK,Candidate Creation Thread Group 1-852,text,true,,332,491,264,264,http://localhost:8080/web/index.php/api/v2/recruitment/candidates,40482,0,0
1768409831759,40498,Create Candidate Request,200,OK,Candidate Creation Thread Group 1-898,text,true,,335,494,263,263,http://localhost:8080/web/index.php/api/v2/recruitment/candidates,40498,0,1
1768409831742,40535,Create Candidate Request,200,OK,Candidate Creation Thread Group 1-882,text,true,,335,494,262,262,http://localhost:8080/web/index.php/api/v2/recruitment/candidates,40534,0,0
1768409831696,40603,Create Candidate Request,200,OK,Candidate Creation Thread Group 1-834,text,true,,335,494,261,261,http://localhost:8080/web/index.php/api/v2/recruitment/candidates,40603,0,1
1768409831857,40502,Create Candidate Request,200,OK,Candidate Creation Thread Group 1-997,text,true,,335,494,260,260,http://localhost:8080/web/index.php/api/v2/recruitment/candidates,40502,0,1
1768409831721,40658,Create Candidate Request,200,OK,Candidate Creation Thread Group 1-860,text,true,,332,491,259,259,http://localhost:8080/web/index.php/api/v2/recruitment/candidates,40658,0,0
1768409831761,40638,Create Candidate Request,200,OK,Candidate Creation Thread Group 1-900,text,true,,335,494,258,258,http://localhost:8080/web/index.php/api/v2/recruitment/candidates,40637,0,0
1768409831743,40714,Create Candidate Request,200,OK,Candidate Creation Thread Group 1-883,text,true,,335,494,257,257,http://localhost:8080/web/index.php/api/v2/recruitment/candidates,40714,0,0
1768409831702,40773,Create Candidate Request,200,OK,Candidate Creation Thread Group 1-841,text,true,,335,494,256,256,http://localhost:8080/web/index.php/api/v2/recruitment/candidates,40773,0,0
1768409831873,40619,Create Candidate Request,200,OK,Candidate Creation Thread Group 1-1003,text,true,,332,491,255,255,http://localhost:8080/web/index.php/api/v2/recruitment/candidates,40619,0,0
1768409831721,40787,Create Candidate Request,200,OK,Candidate Creation Thread Group 1-853,text,true,,332,491,254,254,http://localhost:8080/web/index.php/api/v2/recruitment/candidates,40787,0,0
1768409831721,40834,Create Candidate Request,200,OK,Candidate Creation Thread Group 1-851,text,true,,332,491,253,253,http://localhost:8080/web/index.php/api/v2/recruitment/candidates,40834,0,0
1768409831782,40792,Create Candidate Request,200,OK,Candidate Creation Thread Group 1-916,text,true,,335,494,252,252,http://localhost:8080/web/index.php/api/v2/recruitment/candidates,40792,0,0
1768409831760,40832,Create Candidate Request,200,OK,Candidate Creation Thread Group 1-896,text,true,,335,494,251,251,http://localhost:8080/web/index.php/api/v2/recruitment/candidates,40831,0,0
1768409831872,40780,Create Candidate Request,200,OK,Candidate Creation Thread Group 1-1000,text,true,,335,494,250,250,http://localhost:8080/web/index.php/api/v2/recruitment/candidates,40780,0,1
1768409831728,40940,Create Candidate Request,200,OK,Candidate Creation Thread Group 1-868,text,true,,335,494,249,249,http://localhost:8080/web/index.php/api/v2/recruitment/candidates,40939,0,0
1768409831731,40955,Create Candidate Request,200,OK,Candidate Creation Thread Group 1-871,text,true,,335,494,248,248,http://localhost:8080/web/index.php/api/v2/recruitment/candidates,40955,0,0
1768409831759,40946,Create Candidate Request,200,OK,Candidate Creation Thread Group 1-894,text,true,,335,494,247,247,http://localhost:8080/web/index.php/api/v2/recruitment/candidates,40946,0,0
1768409831777,40973,Create Candidate Request,200,OK,Candidate Creation Thread Group 1-902,text,true,,332,491,246,246,http://localhost:8080/web/index.php/api/v2/recruitment/candidates,40972,0,0
1768409831874,40893,Create Candidate Request,200,OK,Candidate Creation Thread Group 1-1010,text,true,,332,491,245,245,http://localhost:8080/web/index.php/api/v2/recruitment/candidates,40893,0,0
1768409831736,41049,Create Candidate Request,200,OK,Candidate Creation Thread Group 1-875,text,true,,335,494,244,244,http://localhost:8080/web/index.php/api/v2/recruitment/candidates,41049,0,0
1768409831874,40928,Create Candidate Request,200,OK,Candidate Creation Thread Group 1-1009,text,true,,332,491,243,243,http://localhost:8080/web/index.php/api/v2/recruitment/candidates,40928,0,0
1768409831759,41099,Create Candidate Request,200,OK,Candidate Creation Thread Group 1-895,text,true,,335,494,242,242,http://localhost:8080/web/index.php/api/v2/recruitment/candidates,41099,0,0
1768409831738,41138,Create Candidate Request,200,OK,Candidate Creation Thread Group 1-877,text,true,,335,494,241,241,http://localhost:8080/web/index.php/api/v2/recruitment/candidates,41138,0,0
1768409831897,40995,Create Candidate Request,200,OK,Candidate Creation Thread Group 1-1036,text,true,,335,494,240,240,http://localhost:8080/web/index.php/api/v2/recruitment/candidates,40994,0,1
1768409831740,41168,Create Candidate Request,200,OK,Candidate Creation Thread Group 1-879,text,true,,335,494,239,239,http://localhost:8080/web/index.php/api/v2/recruitment/candidates,41168,0,0
1768409831761,41195,Create Candidate Request,200,OK,Candidate Creation Thread Group 1-899,text,true,,335,494,238,238,http://localhost:8080/web/index.php/api/v2/recruitment/candidates,41195,0,1
1768409831722,41250,Create Candidate Request,200,OK,Candidate Creation Thread Group 1-861,text,true,,332,491,237,237,http://localhost:8080/web/index.php/api/v2/recruitment/candidates,41250,0,0
1768409832027,40964,Create Candidate Request,200,OK,Candidate Creation Thread Group 1-1166,text,true,,335,494,236,236,http://localhost:8080/web/index.php/api/v2/recruitment/candidates,40963,0,0
1768409831721,41329,Create Candidate Request,200,OK,Candidate Creation Thread Group 1-855,text,true,,332,491,235,235,http://localhost:8080/web/index.php/api/v2/recruitment/candidates,41329,0,0
1768409831877,41191,Create Candidate Request,200,OK,Candidate Creation Thread Group 1-1017,text,true,,335,494,234,234,http://localhost:8080/web/index.php/api/v2/recruitment/candidates,41191,0,0
1768409831722,41365,Create Candidate Request,200,OK,Candidate Creation Thread Group 1-858,text,true,,332,491,233,233,http://localhost:8080/web/index.php/api/v2/recruitment/candidates,41365,0,0
1768409831987,41118,Create Candidate Request,200,OK,Candidate Creation Thread Group 1-1125,text,true,,335,494,232,232,http://localhost:8080/web/index.php/api/v2/recruitment/candidates,41117,0,2
1768409831744,41408,Create Candidate Request,200,OK,Candidate Creation Thread Group 1-884,text,true,,335,494,231,231,http://localhost:8080/web/index.php/api/v2/recruitment/candidates,41408,0,1
1768409831885,41286,Create Candidate Request,200,OK,Candidate Creation Thread Group 1-1024,text,true,,335,494,230,230,http://localhost:8080/web/index.php/api/v2/recruitment/candidates,41286,0,0
1768409831723,41464,Create Candidate Request,200,OK,Candidate Creation Thread Group 1-862,text,true,,335,494,229,229,http://localhost:8080/web/index.php/api/v2/recruitment/candidates,41464,0,0
1768409832020,41182,Create Candidate Request,200,OK,Candidate Creation Thread Group 1-1159,text,true,,332,491,228,228,http://localhost:8080/web/index.php/api/v2/recruitment/candidates,41182,0,0
1768409831782,41473,Create Candidate Request,200,OK,Candidate Creation Thread Group 1-921,text,true,,335,494,227,227,http://localhost:8080/web/index.php/api/v2/recruitment/candidates,41472,0,1
1768409831878,41392,Create Candidate Request,200,OK,Candidate Creation Thread Group 1-1016,text,true,,335,494,226,226,http://localhost:8080/web/index.php/api/v2/recruitment/candidates,41392,0,0
1768409831725,41561,Create Candidate Request,200,OK,Candidate Creation Thread Group 1-864,text,true,,335,494,225,225,http://localhost:8080/web/index.php/api/v2/recruitment/candidates,41561,0,0
1768409832021,41284,Create Candidate Request,200,OK,Candidate Creation Thread Group 1-1160,text,true,,335,494,224,224,http://localhost:8080/web/index.php/api/v2/recruitment/candidates,41284,0,0
1768409831749,41609,Create Candidate Request,200,OK,Candidate Creation Thread Group 1-888,text,true,,335,494,223,223,http://localhost:8080/web/index.php/api/v2/recruitment/candidates,41609,0,0
1768409831898,41476,Create Candidate Request,200,OK,Candidate Creation Thread Group 1-1037,text,true,,335,494,222,222,http://localhost:8080/web/index.php/api/v2/recruitment/candidates,41476,0,0
1768409831733,41659,Create Candidate Request,200,OK,Candidate Creation Thread Group 1-873,text,true,,335,494,221,221,http://localhost:8080/web/index.php/api/v2/recruitment/candidates,41658,0,1
1768409832022,41385,Create Candidate Request,200,OK,Candidate Creation Thread Group 1-1162,text,true,,335,494,220,220,http://localhost:8080/web/index.php/api/v2/recruitment/candidates,41385,0,1
1768409831760,41697,Create Candidate Request,200,OK,Candidate Creation Thread Group 1-897,text,true,,335,494,219,219,http://localhost:8080/web/index.php/api/v2/recruitment/candidates,41697,0,0
1768409831901,41574,Create Candidate Request,200,OK,Candidate Creation Thread Group 1-1040,text,true,,335,494,218,218,http://localhost:8080/web/index.php/api/v2/recruitment/candidates,41573,0,0
1768409831724,41767,Create Candidate Request,200,OK,Candidate Creation Thread Group 1-863,text,true,,335,494,217,217,http://localhost:8080/web/index.php/api/v2/recruitment/candidates,41766,0,0
1768409831781,41766,Create Candidate Request,200,OK,Candidate Creation Thread Group 1-920,text,true,,335,494,216,216,http://localhost:8080/web/index.php/api/v2/recruitment/candidates,41766,0,0
1768409831908,41657,Create Candidate Request,200,OK,Candidate Creation Thread Group 1-1048,text,true,,335,494,215,215,http://localhost:8080/web/index.php/api/v2/recruitment/candidates,41656,0,0
1768409831855,41726,Create Candidate Request,200,OK,Candidate Creation Thread Group 1-993,text,true,,335,494,214,214,http://localhost:8080/web/index.php/api/v2/recruitment/candidates,41726,0,3
1768409831859,41740,Create Candidate Request,200,OK,Candidate Creation Thread Group 1-996,text,true,,335,494,213,213,http://localhost:8080/web/index.php/api/v2/recruitment/candidates,41740,0,0
1768409831889,41761,Create Candidate Request,200,OK,Candidate Creation Thread Group 1-1027,text,true,,335,494,212,212,http://localhost:8080/web/index.php/api/v2/recruitment/candidates,41761,0,0
1768409831855,41813,Create Candidate Request,200,OK,Candidate Creation Thread Group 1-991,text,true,,335,494,211,211,http://localhost:8080/web/index.php/api/v2/recruitment/candidates,41812,0,0
1768409831859,41827,Create Candidate Request,200,OK,Candidate Creation Thread Group 1-998,text,true,,335,494,210,210,http://localhost:8080/web/index.php/api/v2/recruitment/candidates,41827,0,12
1768409831891,41812,Create Candidate Request,200,OK,Candidate Creation Thread Group 1-1030,text,true,,335,494,209,209,http://localhost:8080/web/index.php/api/v2/recruitment/candidates,41812,0,0
1768409831856,41895,Create Candidate Request,200,OK,Candidate Creation Thread Group 1-994,text,true,,335,494,208,208,http://localhost:8080/web/index.php/api/v2/recruitment/candidates,41894,0,3
1768409831876,41893,Create Candidate Request,200,OK,Candidate Creation Thread Group 1-1015,text,true,,335,494,207,207,http://localhost:8080/web/index.php/api/v2/recruitment/candidates,41893,0,0
1768409831893,41891,Create Candidate Request,200,OK,Candidate Creation Thread Group 1-1032,text,true,,335,494,206,206,http://localhost:8080/web/index.php/api/v2/recruitment/candidates,41891,0,0
1768409831908,41892,Create Candidate Request,200,OK,Candidate Creation Thread Group 1-1047,text,true,,335,494,205,205,http://localhost:8080/web/index.php/api/v2/recruitment/candidates,41892,0,0
1768409831902,41953,Create Candidate Request,200,OK,Candidate Creation Thread Group 1-1041,text,true,,335,494,204,204,http://localhost:8080/web/index.php/api/v2/recruitment/candidates,41953,0,0
1768409832019,41855,Create Candidate Request,200,OK,Candidate Creation Thread Group 1-1158,text,true,,332,491,203,203,http://localhost:8080/web/index.php/api/v2/recruitment/candidates,41855,0,1
1768409831893,42000,Create Candidate Request,200,OK,Candidate Creation Thread Group 1-1031,text,true,,335,494,202,202,http://localhost:8080/web/index.php/api/v2/recruitment/candidates,42000,0,0
1768409831873,42038,Create Candidate Request,200,OK,Candidate Creation Thread Group 1-1001,text,true,,332,491,201,201,http://localhost:8080/web/index.php/api/v2/recruitment/candidates,42037,0,1
1768409832035,41923,Create Candidate Request,200,OK,Candidate Creation Thread Group 1-1175,text,true,,335,494,200,200,http://localhost:8080/web/index.php/api/v2/recruitment/candidates,41923,0,0
1768409831984,41992,Create Candidate Request,200,OK,Candidate Creation Thread Group 1-1123,text,true,,335,494,199,199,http://localhost:8080/web/index.php/api/v2/recruitment/candidates,41991,0,0
1768409831874,42121,Create Candidate Request,200,OK,Candidate Creation Thread Group 1-1005,text,true,,332,491,198,198,http://localhost:8080/web/index.php/api/v2/recruitment/candidates,42121,0,0
1768409832019,42035,Create Candidate Request,200,OK,Candidate Creation Thread Group 1-1153,text,true,,332,491,197,197,http://localhost:8080/web/index.php/api/v2/recruitment/candidates,42035,0,1
1768409832026,42044,Create Candidate Request,200,OK,Candidate Creation Thread Group 1-1165,text,true,,335,494,196,196,http://localhost:8080/web/index.php/api/v2/recruitment/candidates,42044,0,0
1768409831907,42185,Create Candidate Request,200,OK,Candidate Creation Thread Group 1-1046,text,true,,335,494,195,195,http://localhost:8080/web/index.php/api/v2/recruitment/candidates,42185,0,0
1768409832019,42121,Create Candidate Request,200,OK,Candidate Creation Thread Group 1-1152,text,true,,332,491,194,194,http://localhost:8080/web/index.php/api/v2/recruitment/candidates,42092,0,1
1768409832006,42151,Create Candidate Request,200,OK,Candidate Creation Thread Group 1-1146,text,true,,335,494,193,193,http://localhost:8080/web/index.php/api/v2/recruitment/candidates,42150,0,0
1768409832003,42171,Create Candidate Request,200,OK,Candidate Creation Thread Group 1-1143,text,true,,335,494,192,192,http://localhost:8080/web/index.php/api/v2/recruitment/candidates,42170,0,0
1768409832019,42174,Create Candidate Request,200,OK,Candidate Creation Thread Group 1-1156,text,true,,332,491,191,191,http://localhost:8080/web/index.php/api/v2/recruitment/candidates,42174,0,1
1768409831997,42257,Create Candidate Request,200,OK,Candidate Creation Thread Group 1-1136,text,true,,335,494,190,190,http://localhost:8080/web/index.php/api/v2/recruitment/candidates,42256,0,0
1768409832028,42242,Create Candidate Request,200,OK,Candidate Creation Thread Group 1-1168,text,true,,335,494,189,189,http://localhost:8080/web/index.php/api/v2/recruitment/candidates,42242,0,0
1768409831999,42289,Create Candidate Request,200,OK,Candidate Creation Thread Group 1-1138,text,true,,335,494,188,188,http://localhost:8080/web/index.php/api/v2/recruitment/candidates,42289,0,0
1768409831994,42356,Create Candidate Request,200,OK,Candidate Creation Thread Group 1-1133,text,true,,335,494,187,187,http://localhost:8080/web/index.php/api/v2/recruitment/candidates,42356,0,0
1768409832008,42359,Create Candidate Request,200,OK,Candidate Creation Thread Group 1-1147,text,true,,335,494,186,186,http://localhost:8080/web/index.php/api/v2/recruitment/candidates,42359,0,0
1768409832002,42383,Create Candidate Request,200,OK,Candidate Creation Thread Group 1-1141,text,true,,335,494,185,185,http://localhost:8080/web/index.php/api/v2/recruitment/candidates,42383,0,1
1768409832009,42394,Create Candidate Request,200,OK,Candidate Creation Thread Group 1-1148,text,true,,335,494,184,184,http://localhost:8080/web/index.php/api/v2/recruitment/candidates,42394,0,0
1768409831988,42462,Create Candidate Request,200,OK,Candidate Creation Thread Group 1-1126,text,true,,335,494,183,183,http://localhost:8080/web/index.php/api/v2/recruitment/candidates,42462,0,0
1768409832038,42427,Create Candidate Request,200,OK,Candidate Creation Thread Group 1-1177,text,true,,335,494,182,182,http://localhost:8080/web/index.php/api/v2/recruitment/candidates,42427,0,0
1768409831988,42494,Create Candidate Request,200,OK,Candidate Creation Thread Group 1-1127,text,true,,335,494,181,181,http://localhost:8080/web/index.php/api/v2/recruitment/candidates,42494,0,0
1768409831980,42519,Create Candidate Request,200,OK,Candidate Creation Thread Group 1-1119,text,true,,335,494,180,180,http://localhost:8080/web/index.php/api/v2/recruitment/candidates,42519,0,0
1768409832048,42503,Create Candidate Request,200,OK,Candidate Creation Thread Group 1-1187,text,true,,335,494,179,179,http://localhost:8080/web/index.php/api/v2/recruitment/candidates,42503,0,0
1768409831983,42584,Create Candidate Request,200,OK,Candidate Creation Thread Group 1-1122,text,true,,335,494,178,178,http://localhost:8080/web/index.php/api/v2/recruitment/candidates,42584,0,0
1768409832005,42582,Create Candidate Request,200,OK,Candidate Creation Thread Group 1-1145,text,true,,335,494,177,177,http://localhost:8080/web/index.php/api/v2/recruitment/candidates,42581,0,0
1768409832021,42586,Create Candidate Request,200,OK,Candidate Creation Thread Group 1-1161,text,true,,335,494,176,176,http://localhost:8080/web/index.php/api/v2/recruitment/candidates,42585,0,1
1768409831903,42754,Create Candidate Request,200,OK,Candidate Creation Thread Group 1-1042,text,true,,335,494,175,175,http://localhost:8080/web/index.php/api/v2/recruitment/candidates,42754,0,0
1768409831883,42790,Create Candidate Request,200,OK,Candidate Creation Thread Group 1-1020,text,true,,335,494,174,174,http://localhost:8080/web/index.php/api/v2/recruitment/candidates,42790,0,9
1768409831875,42818,Create Candidate Request,200,OK,Candidate Creation Thread Group 1-1013,text,true,,335,494,173,173,http://localhost:8080/web/index.php/api/v2/recruitment/candidates,42817,0,1
1768409831884,42865,Create Candidate Request,200,OK,Candidate Creation Thread Group 1-1023,text,true,,335,494,172,172,http://localhost:8080/web/index.php/api/v2/recruitment/candidates,42865,0,1
1768409831975,42791,Create Candidate Request,200,OK,Candidate Creation Thread Group 1-1115,text,true,,335,494,171,171,http://localhost:8080/web/index.php/api/v2/recruitment/candidates,42791,0,1
1768409831688,43100,Create Candidate Request,200,OK,Candidate Creation Thread Group 1-827,text,true,,335,494,170,170,http://localhost:8080/web/index.php/api/v2/recruitment/candidates,43100,0,2
1768409831680,43160,Create Candidate Request,200,OK,Candidate Creation Thread Group 1-816,text,true,,335,494,169,169,http://localhost:8080/web/index.php/api/v2/recruitment/candidates,43128,0,1
1768409831699,43159,Create Candidate Request,200,OK,Candidate Creation Thread Group 1-839,text,true,,335,494,168,168,http://localhost:8080/web/index.php/api/v2/recruitment/candidates,43159,0,1
1768409831700,43175,Create Candidate Request,200,OK,Candidate Creation Thread Group 1-836,text,true,,335,494,167,167,http://localhost:8080/web/index.php/api/v2/recruitment/candidates,43174,0,0
1768409831704,43189,Create Candidate Request,200,OK,Candidate Creation Thread Group 1-843,text,true,,335,494,166,166,http://localhost:8080/web/index.php/api/v2/recruitment/candidates,43189,0,0
1768409831675,43278,Create Candidate Request,200,OK,Candidate Creation Thread Group 1-803,text,true,,332,491,165,165,http://localhost:8080/web/index.php/api/v2/recruitment/candidates,43277,0,0
1768409831875,43097,Create Candidate Request,200,OK,Candidate Creation Thread Group 1-1002,text,true,,335,494,164,164,http://localhost:8080/web/index.php/api/v2/recruitment/candidates,43097,0,1
1768409831691,43298,Create Candidate Request,200,OK,Candidate Creation Thread Group 1-830,text,true,,335,494,163,163,http://localhost:8080/web/index.php/api/v2/recruitment/candidates,43298,0,0
1768409831910,43097,Create Candidate Request,200,OK,Candidate Creation Thread Group 1-1050,text,true,,335,494,162,162,http://localhost:8080/web/index.php/api/v2/recruitment/candidates,43097,0,0
1768409831686,43369,Create Candidate Request,200,OK,Candidate Creation Thread Group 1-823,text,true,,335,494,161,161,http://localhost:8080/web/index.php/api/v2/recruitment/candidates,43368,0,0
1768409831904,43169,Create Candidate Request,200,OK,Candidate Creation Thread Group 1-1043,text,true,,335,494,160,160,http://localhost:8080/web/index.php/api/v2/recruitment/candidates,43169,0,0
1768409831705,43387,Create Candidate Request,200,OK,Candidate Creation Thread Group 1-844,text,true,,335,494,159,159,http://localhost:8080/web/index.php/api/v2/recruitment/candidates,43387,0,0
1768409831883,43227,Create Candidate Request,200,OK,Candidate Creation Thread Group 1-1021,text,true,,335,494,158,158,http://localhost:8080/web/index.php/api/v2/recruitment/candidates,43227,0,0
1768409831674,43454,Create Candidate Request,200,OK,Candidate Creation Thread Group 1-796,text,true,,332,491,157,157,http://localhost:8080/web/index.php/api/v2/recruitment/candidates,43454,0,0
1768409831673,43472,Create Candidate Request,200,OK,Candidate Creation Thread Group 1-808,text,true,,332,491,156,156,http://localhost:8080/web/index.php/api/v2/recruitment/candidates,43471,0,2
1768409831681,43480,Create Candidate Request,200,OK,Candidate Creation Thread Group 1-814,text,true,,335,494,155,155,http://localhost:8080/web/index.php/api/v2/recruitment/candidates,43480,0,2
1768409831699,43478,Create Candidate Request,200,OK,Candidate Creation Thread Group 1-837,text,true,,335,494,154,154,http://localhost:8080/web/index.php/api/v2/recruitment/candidates,43478,0,0
1768409831700,43494,Create Candidate Request,200,OK,Candidate Creation Thread Group 1-838,text,true,,335,494,153,153,http://localhost:8080/web/index.php/api/v2/recruitment/candidates,43493,0,0
1768409831875,43336,Create Candidate Request,200,OK,Candidate Creation Thread Group 1-1014,text,true,,335,494,152,152,http://localhost:8080/web/index.php/api/v2/recruitment/candidates,43335,0,0
1768409831889,43338,Create Candidate Request,200,OK,Candidate Creation Thread Group 1-1028,text,true,,335,494,151,151,http://localhost:8080/web/index.php/api/v2/recruitment/candidates,43338,0,1
1768409831905,43340,Create Candidate Request,200,OK,Candidate Creation Thread Group 1-1044,text,true,,335,494,150,150,http://localhost:8080/web/index.php/api/v2/recruitment/candidates,43340,0,0
1768409831891,43370,Create Candidate Request,200,OK,Candidate Creation Thread Group 1-1029,text,true,,335,494,149,149,http://localhost:8080/web/index.php/api/v2/recruitment/candidates,43370,0,0
1768409831906,43372,Create Candidate Request,200,OK,Candidate Creation Thread Group 1-1045,text,true,,335,494,148,148,http://localhost:8080/web/index.php/api/v2/recruitment/candidates,43372,0,0
1768409831875,43419,Create Candidate Request,200,OK,Candidate Creation Thread Group 1-1011,text,true,,335,494,147,147,http://localhost:8080/web/index.php/api/v2/recruitment/candidates,43418,0,0
1768409831988,43323,Create Candidate Request,200,OK,Candidate Creation Thread Group 1-1128,text,true,,335,494,146,146,http://localhost:8080/web/index.php/api/v2/recruitment/candidates,43322,0,2
1768409832020,43309,Create Candidate Request,200,OK,Candidate Creation Thread Group 1-1155,text,true,,332,491,145,145,http://localhost:8080/web/index.php/api/v2/recruitment/candidates,43309,0,0
1768409832019,43327,Create Candidate Request,200,OK,Candidate Creation Thread Group 1-1157,text,true,,332,491,144,144,http://localhost:8080/web/index.php/api/v2/recruitment/candidates,43327,0,1
1768409832004,43360,Create Candidate Request,200,OK,Candidate Creation Thread Group 1-1144,text,true,,335,494,143,143,http://localhost:8080/web/index.php/api/v2/recruitment/candidates,43360,0,0
1768409832033,43348,Create Candidate Request,200,OK,Candidate Creation Thread Group 1-1173,text,true,,335,494,142,142,http://localhost:8080/web/index.php/api/v2/recruitment/candidates,43348,0,0
1768409832039,43359,Create Candidate Request,200,OK,Candidate Creation Thread Group 1-1178,text,true,,335,494,141,141,http://localhost:8080/web/index.php/api/v2/recruitment/candidates,43359,0,0
1768409831979,43435,Create Candidate Request,200,OK,Candidate Creation Thread Group 1-1118,text,true,,335,494,140,140,http://localhost:8080/web/index.php/api/v2/recruitment/candidates,43434,0,0
1768409832032,43398,Create Candidate Request,200,OK,Candidate Creation Thread Group 1-1172,text,true,,335,494,139,139,http://localhost:8080/web/index.php/api/v2/recruitment/candidates,43397,0,0
1768409832034,43420,Create Candidate Request,200,OK,Candidate Creation Thread Group 1-1174,text,true,,335,494,138,138,http://localhost:8080/web/index.php/api/v2/recruitment/candidates,43420,0,0
1768409832051,43422,Create Candidate Request,200,OK,Candidate Creation Thread Group 1-1189,text,true,,335,494,137,137,http://localhost:8080/web/index.php/api/v2/recruitment/candidates,43422,0,0
1768409832159,43329,Create Candidate Request,200,OK,Candidate Creation Thread Group 1-1299,text,true,,335,494,136,136,http://localhost:8080/web/index.php/api/v2/recruitment/candidates,43329,0,0
1768409832132,43372,Create Candidate Request,200,OK,Candidate Creation Thread Group 1-1272,text,true,,335,494,135,135,http://localhost:8080/web/index.php/api/v2/recruitment/candidates,43372,0,0
1768409832144,43377,Create Candidate Request,200,OK,Candidate Creation Thread Group 1-1284,text,true,,335,494,134,134,http://localhost:8080/web/index.php/api/v2/recruitment/candidates,43377,0,0
1768409832144,43394,Create Candidate Request,200,OK,Candidate Creation Thread Group 1-1283,text,true,,335,494,133,133,http://localhost:8080/web/index.php/api/v2/recruitment/candidates,43394,0,0
1768409832159,43394,Create Candidate Request,200,OK,Candidate Creation Thread Group 1-1298,text,true,,335,494,132,132,http://localhost:8080/web/index.php/api/v2/recruitment/candidates,43394,0,1
1768409832149,43422,Create Candidate Request,200,OK,Candidate Creation Thread Group 1-1289,text,true,,335,494,131,131,http://localhost:8080/web/index.php/api/v2/recruitment/candidates,43422,0,1
1768409832141,43452,Create Candidate Request,200,OK,Candidate Creation Thread Group 1-1280,text,true,,335,494,130,130,http://localhost:8080/web/index.php/api/v2/recruitment/candidates,43452,0,0
1768409832128,43483,Create Candidate Request,200,OK,Candidate Creation Thread Group 1-1267,text,true,,335,494,129,129,http://localhost:8080/web/index.php/api/v2/recruitment/candidates,43482,0,0
1768409832138,43489,Create Candidate Request,200,OK,Candidate Creation Thread Group 1-1277,text,true,,335,494,128,128,http://localhost:8080/web/index.php/api/v2/recruitment/candidates,43488,0,0
1768409832156,43487,Create Candidate Request,200,OK,Candidate Creation Thread Group 1-1295,text,true,,335,494,127,127,http://localhost:8080/web/index.php/api/v2/recruitment/candidates,43486,0,0
1768409832153,43509,Create Candidate Request,200,OK,Candidate Creation Thread Group 1-1292,text,true,,335,494,126,126,http://localhost:8080/web/index.php/api/v2/recruitment/candidates,43509,0,0
1768409832120,43560,Create Candidate Request,200,OK,Candidate Creation Thread Group 1-1255,text,true,,332,491,125,125,http://localhost:8080/web/index.php/api/v2/recruitment/candidates,43559,0,0
1768409832149,43549,Create Candidate Request,200,OK,Candidate Creation Thread Group 1-1288,text,true,,335,494,124,124,http://localhost:8080/web/index.php/api/v2/recruitment/candidates,43548,0,0
1768409832134,43581,Create Candidate Request,200,OK,Candidate Creation Thread Group 1-1274,text,true,,335,494,123,123,http://localhost:8080/web/index.php/api/v2/recruitment/candidates,43581,0,1
1768409832120,43612,Create Candidate Request,200,OK,Candidate Creation Thread Group 1-1254,text,true,,332,491,122,122,http://localhost:8080/web/index.php/api/v2/recruitment/candidates,43612,0,0
1768409832107,43642,Create Candidate Request,200,OK,Candidate Creation Thread Group 1-1246,text,true,,335,494,121,121,http://localhost:8080/web/index.php/api/v2/recruitment/candidates,43642,0,0
1768409832125,43641,Create Candidate Request,200,OK,Candidate Creation Thread Group 1-1264,text,true,,335,494,120,120,http://localhost:8080/web/index.php/api/v2/recruitment/candidates,43641,0,0
1768409832109,43674,Create Candidate Request,200,OK,Candidate Creation Thread Group 1-1249,text,true,,335,494,119,119,http://localhost:8080/web/index.php/api/v2/recruitment/candidates,43673,0,1
1768409832150,43649,Create Candidate Request,200,OK,Candidate Creation Thread Group 1-1290,text,true,,335,494,118,118,http://localhost:8080/web/index.php/api/v2/recruitment/candidates,43648,0,1
1768409832155,43660,Create Candidate Request,200,OK,Candidate Creation Thread Group 1-1294,text,true,,335,494,117,117,http://localhost:8080/web/index.php/api/v2/recruitment/candidates,43660,0,0
1768409832120,43710,Create Candidate Request,200,OK,Candidate Creation Thread Group 1-1260,text,true,,335,494,116,116,http://localhost:8080/web/index.php/api/v2/recruitment/candidates,43710,0,1
1768409832143,43704,Create Candidate Request,200,OK,Candidate Creation Thread Group 1-1282,text,true,,335,494,115,115,http://localhost:8080/web/index.php/api/v2/recruitment/candidates,43704,0,0
1768409832124,43741,Create Candidate Request,200,OK,Candidate Creation Thread Group 1-1263,text,true,,335,494,114,114,http://localhost:8080/web/index.php/api/v2/recruitment/candidates,43741,0,0
1768409832292,43589,Create Candidate Request,200,OK,Candidate Creation Thread Group 1-1431,text,true,,335,494,113,113,http://localhost:8080/web/index.php/api/v2/recruitment/candidates,43589,0,0
1768409832126,43774,Create Candidate Request,200,OK,Candidate Creation Thread Group 1-1265,text,true,,335,494,112,112,http://localhost:8080/web/index.php/api/v2/recruitment/candidates,43774,0,0
1768409832295,43624,Create Candidate Request,200,OK,Candidate Creation Thread Group 1-1434,text,true,,335,494,111,111,http://localhost:8080/web/index.php/api/v2/recruitment/candidates,43623,0,0
1768409832121,43814,Create Candidate Request,200,OK,Candidate Creation Thread Group 1-1261,text,true,,335,494,110,110,http://localhost:8080/web/index.php/api/v2/recruitment/candidates,43814,0,0
1768409832232,43720,Create Candidate Request,200,OK,Candidate Creation Thread Group 1-1372,text,true,,335,494,109,109,http://localhost:8080/web/index.php/api/v2/recruitment/candidates,43720,0,0
1768409832252,43717,Create Candidate Request,200,OK,Candidate Creation Thread Group 1-1391,text,true,,335,494,108,108,http://localhost:8080/web/index.php/api/v2/recruitment/candidates,43717,0,0
1768409832243,43743,Create Candidate Request,200,OK,Candidate Creation Thread Group 1-1382,text,true,,335,494,107,107,http://localhost:8080/web/index.php/api/v2/recruitment/candidates,43743,0,0
1768409832294,43707,Create Candidate Request,200,OK,Candidate Creation Thread Group 1-1433,text,true,,335,494,106,106,http://localhost:8080/web/index.php/api/v2/recruitment/candidates,43707,0,0
1768409832256,43762,Create Candidate Request,200,OK,Candidate Creation Thread Group 1-1395,text,true,,335,494,105,105,http://localhost:8080/web/index.php/api/v2/recruitment/candidates,43761,0,0
1768409832273,43765,Create Candidate Request,200,OK,Candidate Creation Thread Group 1-1412,text,true,,335,494,104,104,http://localhost:8080/web/index.php/api/v2/recruitment/candidates,43765,0,0
1768409832236,43822,Create Candidate Request,200,OK,Candidate Creation Thread Group 1-1376,text,true,,335,494,103,103,http://localhost:8080/web/index.php/api/v2/recruitment/candidates,43822,0,1
1768409832281,43794,Create Candidate Request,200,OK,Candidate Creation Thread Group 1-1420,text,true,,335,494,102,102,http://localhost:8080/web/index.php/api/v2/recruitment/candidates,43794,0,0
1768409832271,43822,Create Candidate Request,200,OK,Candidate Creation Thread Group 1-1410,text,true,,332,491,101,101,http://localhost:8080/web/index.php/api/v2/recruitment/candidates,43822,0,0
1768409832234,43877,Create Candidate Request,200,OK,Candidate Creation Thread Group 1-1374,text,true,,335,494,100,100,http://localhost:8080/web/index.php/api/v2/recruitment/candidates,43877,0,0
1768409832288,43841,Create Candidate Request,200,OK,Candidate Creation Thread Group 1-1427,text,true,,335,494,99,99,http://localhost:8080/web/index.php/api/v2/recruitment/candidates,43841,0,1
1768409832272,43874,Create Candidate Request,200,OK,Candidate Creation Thread Group 1-1411,text,true,,335,494,98,98,http://localhost:8080/web/index.php/api/v2/recruitment/candidates,43874,0,0
1768409832278,43884,Create Candidate Request,200,OK,Candidate Creation Thread Group 1-1418,text,true,,335,494,97,97,http://localhost:8080/web/index.php/api/v2/recruitment/candidates,43884,0,1
1768409832279,43900,Create Candidate Request,200,OK,Candidate Creation Thread Group 1-1419,text,true,,335,494,96,96,http://localhost:8080/web/index.php/api/v2/recruitment/candidates,43900,0,1
1768409832287,43909,Create Candidate Request,200,OK,Candidate Creation Thread Group 1-1426,text,true,,335,494,95,95,http://localhost:8080/web/index.php/api/v2/recruitment/candidates,43909,0,0
1768409832290,43923,Create Candidate Request,200,OK,Candidate Creation Thread Group 1-1429,text,true,,335,494,94,94,http://localhost:8080/web/index.php/api/v2/recruitment/candidates,43923,0,0
1768409832271,43959,Create Candidate Request,200,OK,Candidate Creation Thread Group 1-1407,text,true,,332,491,93,93,http://localhost:8080/web/index.php/api/v2/recruitment/candidates,43959,0,0
1768409832245,44000,Create Candidate Request,200,OK,Candidate Creation Thread Group 1-1385,text,true,,335,494,92,92,http://localhost:8080/web/index.php/api/v2/recruitment/candidates,44000,0,0
1768409832282,43979,Create Candidate Request,200,OK,Candidate Creation Thread Group 1-1421,text,true,,335,494,91,91,http://localhost:8080/web/index.php/api/v2/recruitment/candidates,43978,0,1
1768409832257,44021,Create Candidate Request,200,OK,Candidate Creation Thread Group 1-1396,text,true,,335,494,90,90,http://localhost:8080/web/index.php/api/v2/recruitment/candidates,44021,0,0
1768409832248,44046,Create Candidate Request,200,OK,Candidate Creation Thread Group 1-1388,text,true,,335,494,89,89,http://localhost:8080/web/index.php/api/v2/recruitment/candidates,44046,0,0
1768409832277,44032,Create Candidate Request,200,OK,Candidate Creation Thread Group 1-1417,text,true,,335,494,88,88,http://localhost:8080/web/index.php/api/v2/recruitment/candidates,44032,0,1
1768409832253,44074,Create Candidate Request,200,OK,Candidate Creation Thread Group 1-1392,text,true,,335,494,87,87,http://localhost:8080/web/index.php/api/v2/recruitment/candidates,44074,0,0
1768409832249,44095,Create Candidate Request,200,OK,Candidate Creation Thread Group 1-1389,text,true,,335,494,86,86,http://localhost:8080/web/index.php/api/v2/recruitment/candidates,44094,0,1
1768409832120,44242,Create Candidate Request,200,OK,Candidate Creation Thread Group 1-1257,text,true,,332,491,85,85,http://localhost:8080/web/index.php/api/v2/recruitment/candidates,44242,0,0
1768409832271,44108,Create Candidate Request,200,OK,Candidate Creation Thread Group 1-1408,text,true,,332,491,84,84,http://localhost:8080/web/index.php/api/v2/recruitment/candidates,44107,0,1
1768409832137,44262,Create Candidate Request,200,OK,Candidate Creation Thread Group 1-1276,text,true,,335,494,83,83,http://localhost:8080/web/index.php/api/v2/recruitment/candidates,44262,0,0
1768409832271,44146,Create Candidate Request,200,OK,Candidate Creation Thread Group 1-1406,text,true,,332,491,82,82,http://localhost:8080/web/index.php/api/v2/recruitment/candidates,44146,0,1
1768409832130,44303,Create Candidate Request,200,OK,Candidate Creation Thread Group 1-1270,text,true,,335,494,81,81,http://localhost:8080/web/index.php/api/v2/recruitment/candidates,44303,0,0
1768409832271,44179,Create Candidate Request,200,OK,Candidate Creation Thread Group 1-1403,text,true,,332,491,80,80,http://localhost:8080/web/index.php/api/v2/recruitment/candidates,44178,0,0
1768409832131,44334,Create Candidate Request,200,OK,Candidate Creation Thread Group 1-1271,text,true,,335,494,79,79,http://localhost:8080/web/index.php/api/v2/recruitment/candidates,44334,0,0
1768409832271,44212,Create Candidate Request,200,OK,Candidate Creation Thread Group 1-1409,text,true,,332,491,78,78,http://localhost:8080/web/index.php/api/v2/recruitment/candidates,44212,0,0
1768409832107,44392,Create Candidate Request,200,OK,Candidate Creation Thread Group 1-1247,text,true,,335,494,77,77,http://localhost:8080/web/index.php/api/v2/recruitment/candidates,44392,0,0
1768409832243,44272,Create Candidate Request,200,OK,Candidate Creation Thread Group 1-1383,text,true,,335,494,76,76,http://localhost:8080/web/index.php/api/v2/recruitment/candidates,44272,0,0
1768409832233,44297,Create Candidate Request,200,OK,Candidate Creation Thread Group 1-1373,text,true,,335,494,75,75,http://localhost:8080/web/index.php/api/v2/recruitment/candidates,44297,0,0
1768409832145,44403,Create Candidate Request,200,OK,Candidate Creation Thread Group 1-1285,text,true,,335,494,74,74,http://localhost:8080/web/index.php/api/v2/recruitment/candidates,44403,0,1
1768409832258,44306,Create Candidate Request,200,OK,Candidate Creation Thread Group 1-1398,text,true,,335,494,73,73,http://localhost:8080/web/index.php/api/v2/recruitment/candidates,44305,0,0
1768409832293,44286,Create Candidate Request,200,OK,Candidate Creation Thread Group 1-1432,text,true,,335,494,72,72,http://localhost:8080/web/index.php/api/v2/recruitment/candidates,44286,0,0
1768409832133,44462,Create Candidate Request,200,OK,Candidate Creation Thread Group 1-1273,text,true,,335,494,71,71,http://localhost:8080/web/index.php/api/v2/recruitment/candidates,44462,0,1
1768409832241,44372,Create Candidate Request,200,OK,Candidate Creation Thread Group 1-1380,text,true,,335,494,70,70,http://localhost:8080/web/index.php/api/v2/recruitment/candidates,44371,0,0
1768409832271,44358,Create Candidate Request,200,OK,Candidate Creation Thread Group 1-1404,text,true,,332,491,69,69,http://localhost:8080/web/index.php/api/v2/recruitment/candidates,44358,0,0
1768409832137,44507,Create Candidate Request,200,OK,Candidate Creation Thread Group 1-1275,text,true,,335,494,68,68,http://localhost:8080/web/index.php/api/v2/recruitment/candidates,44507,0,0
1768409832238,44424,Create Candidate Request,200,OK,Candidate Creation Thread Group 1-1377,text,true,,335,494,67,67,http://localhost:8080/web/index.php/api/v2/recruitment/candidates,44423,0,0
1768409832272,44406,Create Candidate Request,200,OK,Candidate Creation Thread Group 1-1405,text,true,,335,494,66,66,http://localhost:8080/web/index.php/api/v2/recruitment/candidates,44406,0,0
1768409832120,44573,Create Candidate Request,200,OK,Candidate Creation Thread Group 1-1259,text,true,,332,491,65,65,http://localhost:8080/web/index.php/api/v2/recruitment/candidates,44573,0,1
1768409832284,44426,Create Candidate Request,200,OK,Candidate Creation Thread Group 1-1423,text,true,,335,494,64,64,http://localhost:8080/web/index.php/api/v2/recruitment/candidates,44426,0,0
1768409832274,44454,Create Candidate Request,200,OK,Candidate Creation Thread Group 1-1413,text,true,,335,494,63,63,http://localhost:8080/web/index.php/api/v2/recruitment/candidates,44454,0,0
1768409832120,44627,Create Candidate Request,200,OK,Candidate Creation Thread Group 1-1252,text,true,,332,491,62,62,http://localhost:8080/web/index.php/api/v2/recruitment/candidates,44627,0,0
1768409832258,44505,Create Candidate Request,200,OK,Candidate Creation Thread Group 1-1397,text,true,,335,494,61,61,http://localhost:8080/web/index.php/api/v2/recruitment/candidates,44505,0,0
1768409832141,44639,Create Candidate Request,200,OK,Candidate Creation Thread Group 1-1281,text,true,,335,494,60,60,http://localhost:8080/web/index.php/api/v2/recruitment/candidates,44639,0,0
1768409832120,44678,Create Candidate Request,200,OK,Candidate Creation Thread Group 1-1256,text,true,,332,491,59,59,http://localhost:8080/web/index.php/api/v2/recruitment/candidates,44677,0,0
1768409832127,44689,Create Candidate Request,200,OK,Candidate Creation Thread Group 1-1266,text,true,,335,494,58,58,http://localhost:8080/web/index.php/api/v2/recruitment/candidates,44689,0,0
1768409832139,44694,Create Candidate Request,200,OK,Candidate Creation Thread Group 1-1278,text,true,,335,494,57,57,http://localhost:8080/web/index.php/api/v2/recruitment/candidates,44694,0,3
1768409832247,44604,Create Candidate Request,200,OK,Candidate Creation Thread Group 1-1387,text,true,,335,494,56,56,http://localhost:8080/web/index.php/api/v2/recruitment/candidates,44603,0,0
1768409832239,44629,Create Candidate Request,200,OK,Candidate Creation Thread Group 1-1378,text,true,,335,494,55,55,http://localhost:8080/web/index.php/api/v2/recruitment/candidates,44628,0,0
1768409832274,44611,Create Candidate Request,200,OK,Candidate Creation Thread Group 1-1414,text,true,,335,494,54,54,http://localhost:8080/web/index.php/api/v2/recruitment/candidates,44611,0,0
1768409832078,44826,Create Candidate Request,200,OK,Candidate Creation Thread Group 1-1218,text,true,,335,494,53,53,http://localhost:8080/web/index.php/api/v2/recruitment/candidates,44826,0,0
1768409832043,44878,Create Candidate Request,200,OK,Candidate Creation Thread Group 1-1182,text,true,,335,494,52,52,http://localhost:8080/web/index.php/api/v2/recruitment/candidates,44878,0,0
1768409832040,44895,Create Candidate Request,200,OK,Candidate Creation Thread Group 1-1179,text,true,,335,494,51,51,http://localhost:8080/web/index.php/api/v2/recruitment/candidates,44895,0,0
1768409832049,44903,Create Candidate Request,200,OK,Candidate Creation Thread Group 1-1188,text,true,,335,494,50,50,http://localhost:8080/web/index.php/api/v2/recruitment/candidates,44903,0,0
1768409832059,44910,Create Candidate Request,200,OK,Candidate Creation Thread Group 1-1198,text,true,,335,494,49,49,http://localhost:8080/web/index.php/api/v2/recruitment/candidates,44910,0,0
1768409832071,44915,Create Candidate Request,200,OK,Candidate Creation Thread Group 1-1210,text,true,,332,491,48,48,http://localhost:8080/web/index.php/api/v2/recruitment/candidates,44915,0,0
1768409832071,44930,Create Candidate Request,200,OK,Candidate Creation Thread Group 1-1200,text,true,,335,494,47,47,http://localhost:8080/web/index.php/api/v2/recruitment/candidates,44930,0,0
1768409832221,44796,Create Candidate Request,200,OK,Candidate Creation Thread Group 1-1359,text,true,,332,491,46,46,http://localhost:8080/web/index.php/api/v2/recruitment/candidates,44796,0,0
1768409832345,44695,Create Candidate Request,200,OK,Candidate Creation Thread Group 1-1484,text,true,,335,494,45,45,http://localhost:8080/web/index.php/api/v2/recruitment/candidates,44695,0,0
1768409832208,44848,Create Candidate Request,200,OK,Candidate Creation Thread Group 1-1347,text,true,,335,494,44,44,http://localhost:8080/web/index.php/api/v2/recruitment/candidates,44848,0,0
1768409832221,44853,Create Candidate Request,200,OK,Candidate Creation Thread Group 1-1360,text,true,,332,491,43,43,http://localhost:8080/web/index.php/api/v2/recruitment/candidates,44852,0,0
1768409832172,44922,Create Candidate Request,200,OK,Candidate Creation Thread Group 1-1305,text,true,,332,491,42,42,http://localhost:8080/web/index.php/api/v2/recruitment/candidates,44921,0,0
1768409832173,44938,Create Candidate Request,200,OK,Candidate Creation Thread Group 1-1312,text,true,,335,494,41,41,http://localhost:8080/web/index.php/api/v2/recruitment/candidates,44938,0,0
1768409832221,44908,Create Candidate Request,200,OK,Candidate Creation Thread Group 1-1355,text,true,,332,491,40,40,http://localhost:8080/web/index.php/api/v2/recruitment/candidates,44907,0,0
1768409832180,44965,Create Candidate Request,200,OK,Candidate Creation Thread Group 1-1320,text,true,,335,494,39,39,http://localhost:8080/web/index.php/api/v2/recruitment/candidates,44965,0,1
1768409832171,44990,Create Candidate Request,200,OK,Candidate Creation Thread Group 1-1307,text,true,,332,491,38,38,http://localhost:8080/web/index.php/api/v2/recruitment/candidates,44989,0,1
1768409832172,45007,Create Candidate Request,200,OK,Candidate Creation Thread Group 1-1303,text,true,,332,491,37,37,http://localhost:8080/web/index.php/api/v2/recruitment/candidates,45006,0,0
1768409832171,45024,Create Candidate Request,200,OK,Candidate Creation Thread Group 1-1309,text,true,,332,491,36,36,http://localhost:8080/web/index.php/api/v2/recruitment/candidates,45024,0,1
1768409832183,45030,Create Candidate Request,200,OK,Candidate Creation Thread Group 1-1323,text,true,,335,494,35,35,http://localhost:8080/web/index.php/api/v2/recruitment/candidates,45029,0,1
1768409832222,45009,Create Candidate Request,200,OK,Candidate Creation Thread Group 1-1361,text,true,,335,494,34,34,http://localhost:8080/web/index.php/api/v2/recruitment/candidates,45008,0,0
1768409832206,45042,Create Candidate Request,200,OK,Candidate Creation Thread Group 1-1345,text,true,,335,494,33,33,http://localhost:8080/web/index.php/api/v2/recruitment/candidates,45042,0,0
1768409832187,45077,Create Candidate Request,200,OK,Candidate Creation Thread Group 1-1326,text,true,,335,494,32,32,http://localhost:8080/web/index.php/api/v2/recruitment/candidates,45077,0,0
1768409832195,45087,Create Candidate Request,200,OK,Candidate Creation Thread Group 1-1335,text,true,,335,494,31,31,http://localhost:8080/web/index.php/api/v2/recruitment/candidates,45087,0,0
1768409832199,45101,Create Candidate Request,200,OK,Candidate Creation Thread Group 1-1338,text,true,,335,494,30,30,http://localhost:8080/web/index.php/api/v2/recruitment/candidates,45101,0,0
1768409832226,45091,Create Candidate Request,200,OK,Candidate Creation Thread Group 1-1366,text,true,,335,494,29,29,http://localhost:8080/web/index.php/api/v2/recruitment/candidates,45091,0,0
1768409832229,45106,Create Candidate Request,200,OK,Candidate Creation Thread Group 1-1369,text,true,,335,494,28,28,http://localhost:8080/web/index.php/api/v2/recruitment/candidates,45105,0,0
1768409832204,45147,Create Candidate Request,200,OK,Candidate Creation Thread Group 1-1343,text,true,,335,494,27,27,http://localhost:8080/web/index.php/api/v2/recruitment/candidates,45147,0,0
1768409832191,45177,Create Candidate Request,200,OK,Candidate Creation Thread Group 1-1331,text,true,,335,494,26,26,http://localhost:8080/web/index.php/api/v2/recruitment/candidates,45177,0,0
1768409832207,45178,Create Candidate Request,200,OK,Candidate Creation Thread Group 1-1346,text,true,,335,494,25,25,http://localhost:8080/web/index.php/api/v2/recruitment/candidates,45178,0,0
1768409832221,45184,Create Candidate Request,200,OK,Candidate Creation Thread Group 1-1358,text,true,,332,491,24,24,http://localhost:8080/web/index.php/api/v2/recruitment/candidates,45183,0,0
1768409832172,45249,Create Candidate Request,200,OK,Candidate Creation Thread Group 1-1304,text,true,,332,491,23,23,http://localhost:8080/web/index.php/api/v2/recruitment/candidates,45249,0,0
1768409832211,45226,Create Candidate Request,200,OK,Candidate Creation Thread Group 1-1350,text,true,,335,494,22,22,http://localhost:8080/web/index.php/api/v2/recruitment/candidates,45226,0,0
1768409832194,45258,Create Candidate Request,200,OK,Candidate Creation Thread Group 1-1333,text,true,,335,494,21,21,http://localhost:8080/web/index.php/api/v2/recruitment/candidates,45258,0,0
1768409832193,45275,Create Candidate Request,200,OK,Candidate Creation Thread Group 1-1332,text,true,,335,494,20,20,http://localhost:8080/web/index.php/api/v2/recruitment/candidates,45275,0,0
1768409832172,45314,Create Candidate Request,200,OK,Candidate Creation Thread Group 1-1302,text,true,,335,494,19,19,http://localhost:8080/web/index.php/api/v2/recruitment/candidates,45314,0,0
1768409832221,45281,Create Candidate Request,200,OK,Candidate Creation Thread Group 1-1352,text,true,,335,494,18,18,http://localhost:8080/web/index.php/api/v2/recruitment/candidates,45281,0,0
1768409832205,45314,Create Candidate Request,200,OK,Candidate Creation Thread Group 1-1344,text,true,,335,494,17,17,http://localhost:8080/web/index.php/api/v2/recruitment/candidates,45313,0,0
1768409832221,45314,Create Candidate Request,200,OK,Candidate Creation Thread Group 1-1357,text,true,,332,491,16,16,http://localhost:8080/web/index.php/api/v2/recruitment/candidates,45314,0,0
1768409832229,45323,Create Candidate Request,200,OK,Candidate Creation Thread Group 1-1368,text,true,,335,494,15,15,http://localhost:8080/web/index.php/api/v2/recruitment/candidates,45323,0,0
1768409832225,45344,Create Candidate Request,200,OK,Candidate Creation Thread Group 1-1364,text,true,,335,494,14,14,http://localhost:8080/web/index.php/api/v2/recruitment/candidates,45344,0,0
1768409832201,45384,Create Candidate Request,200,OK,Candidate Creation Thread Group 1-1340,text,true,,335,494,13,13,http://localhost:8080/web/index.php/api/v2/recruitment/candidates,45384,0,0
1768409832172,45431,Create Candidate Request,200,OK,Candidate Creation Thread Group 1-1308,text,true,,332,491,12,12,http://localhost:8080/web/index.php/api/v2/recruitment/candidates,45430,0,0
1768409832246,54016,Create Candidate Request,200,OK,Candidate Creation Thread Group 1-1386,text,true,,335,494,11,11,http://localhost:8080/web/index.php/api/v2/recruitment/candidates,54016,0,0
1768409832235,54124,Create Candidate Request,200,OK,Candidate Creation Thread Group 1-1375,text,true,,335,494,10,10,http://localhost:8080/web/index.php/api/v2/recruitment/candidates,54123,0,1
1768409832250,54126,Create Candidate Request,200,OK,Candidate Creation Thread Group 1-1390,text,true,,335,494,9,9,http://localhost:8080/web/index.php/api/v2/recruitment/candidates,54125,0,1
1768409832254,54139,Create Candidate Request,200,OK,Candidate Creation Thread Group 1-1393,text,true,,335,494,8,8,http://localhost:8080/web/index.php/api/v2/recruitment/candidates,54138,0,0
1768409832242,54166,Create Candidate Request,200,OK,Candidate Creation Thread Group 1-1381,text,true,,335,494,7,7,http://localhost:8080/web/index.php/api/v2/recruitment/candidates,54166,0,0
1768409832240,54212,Create Candidate Request,200,OK,Candidate Creation Thread Group 1-1379,text,true,,335,494,6,6,http://localhost:8080/web/index.php/api/v2/recruitment/candidates,54212,0,0
1768409832285,54184,Create Candidate Request,200,OK,Candidate Creation Thread Group 1-1424,text,true,,335,494,5,5,http://localhost:8080/web/index.php/api/v2/recruitment/candidates,54184,0,0
1768409832271,54216,Create Candidate Request,200,OK,Candidate Creation Thread Group 1-1402,text,true,,332,491,4,4,http://localhost:8080/web/index.php/api/v2/recruitment/candidates,54215,0,1
1768409832283,54220,Create Candidate Request,200,OK,Candidate Creation Thread Group 1-1422,text,true,,335,494,3,3,http://localhost:8080/web/index.php/api/v2/recruitment/candidates,54220,0,0
1768409832271,54251,Create Candidate Request,200,OK,Candidate Creation Thread Group 1-1401,text,true,,332,491,2,2,http://localhost:8080/web/index.php/api/v2/recruitment/candidates,54251,0,0
1768409832288,54251,Create Candidate Request,200,OK,Candidate Creation Thread Group 1-1428,text,true,,335,494,1,1,http://localhost:8080/web/index.php/api/v2/recruitment/candidates,54251,0,1
