timeStamp,elapsed,label,responseCode,responseMessage,threadName,dataType,success,failureMessage,bytes,sentBytes,grpThreads,allThreads,URL,Latency,IdleTime,Connect
1768393916968,46,Create Candidate Request,200,OK,Candidate Creation Thread Group 1-1,text,true,,332,491,4,4,http://localhost:8080/web/index.php/api/v2/recruitment/candidates,46,0,1
1768393916980,74,Create Candidate Request,200,OK,Candidate Creation Thread Group 1-2,text,true,,332,491,7,7,http://localhost:8080/web/index.php/api/v2/recruitment/candidates,74,0,0
1768393916993,250,Create Candidate Request,200,OK,Candidate Creation Thread Group 1-3,text,true,,332,491,22,22,http://localhost:8080/web/index.php/api/v2/recruitment/candidates,250,0,1
1768393917007,1039,Create Candidate Request,200,OK,Candidate Creation Thread Group 1-4,text,true,,332,491,80,80,http://localhost:8080/web/index.php/api/v2/recruitment/candidates,1039,0,0
1768393917019,3427,Create Candidate Request,200,OK,Candidate Creation Thread Group 1-5,text,true,,332,491,80,80,http://localhost:8080/web/index.php/api/v2/recruitment/candidates,3427,0,1
1768393917370,3871,Create Candidate Request,200,OK,Candidate Creation Thread Group 1-32,text,true,,335,494,80,80,http://localhost:8080/web/index.php/api/v2/recruitment/candidates,3871,0,0
1768393917853,3689,Create Candidate Request,200,OK,Candidate Creation Thread Group 1-69,text,true,,335,494,80,80,http://localhost:8080/web/index.php/api/v2/recruitment/candidates,3689,0,0
1768393917682,4067,Create Candidate Request,200,OK,Candidate Creation Thread Group 1-56,text,true,,332,491,80,80,http://localhost:8080/web/index.php/api/v2/recruitment/candidates,4067,0,0
1768393917188,4578,Create Candidate Request,200,OK,Candidate Creation Thread Group 1-18,text,true,,335,494,80,80,http://localhost:8080/web/index.php/api/v2/recruitment/candidates,4578,0,0
1768393917279,4504,Create Candidate Request,200,OK,Candidate Creation Thread Group 1-25,text,true,,335,494,80,80,http://localhost:8080/web/index.php/api/v2/recruitment/candidates,4504,0,1
1768393917318,4537,Create Candidate Request,200,OK,Candidate Creation Thread Group 1-28,text,true,,335,494,80,80,http://localhost:8080/web/index.php/api/v2/recruitment/candidates,4537,0,0
1768393917889,3985,Create Candidate Request,200,OK,Candidate Creation Thread Group 1-72,text,true,,335,494,80,80,http://localhost:8080/web/index.php/api/v2/recruitment/candidates,3984,0,1
1768393917071,4818,Create Candidate Request,200,OK,Candidate Creation Thread Group 1-9,text,true,,335,494,80,80,http://localhost:8080/web/index.php/api/v2/recruitment/candidates,4818,0,0
1768393917292,4659,Create Candidate Request,200,OK,Candidate Creation Thread Group 1-26,text,true,,335,494,80,80,http://localhost:8080/web/index.php/api/v2/recruitment/candidates,4659,0,0
1768393917175,4793,Create Candidate Request,200,OK,Candidate Creation Thread Group 1-17,text,true,,335,494,80,80,http://localhost:8080/web/index.php/api/v2/recruitment/candidates,4793,0,0
1768393917838,4146,Create Candidate Request,200,OK,Candidate Creation Thread Group 1-68,text,true,,335,494,80,80,http://localhost:8080/web/index.php/api/v2/recruitment/candidates,4146,0,0
1768393917526,4476,Create Candidate Request,200,OK,Candidate Creation Thread Group 1-44,text,true,,335,494,80,80,http://localhost:8080/web/index.php/api/v2/recruitment/candidates,4475,0,0
1768393917305,4751,Create Candidate Request,200,OK,Candidate Creation Thread Group 1-27,text,true,,335,494,80,80,http://localhost:8080/web/index.php/api/v2/recruitment/candidates,4751,0,0
1768393917137,4936,Create Candidate Request,200,OK,Candidate Creation Thread Group 1-14,text,true,,335,494,80,80,http://localhost:8080/web/index.php/api/v2/recruitment/candidates,4936,0,0
1768393917539,4551,Create Candidate Request,200,OK,Candidate Creation Thread Group 1-45,text,true,,335,494,80,80,http://localhost:8080/web/index.php/api/v2/recruitment/candidates,4550,0,0
1768393917240,4866,Create Candidate Request,200,OK,Candidate Creation Thread Group 1-22,text,true,,335,494,80,80,http://localhost:8080/web/index.php/api/v2/recruitment/candidates,4866,0,0
1768393917461,4693,Create Candidate Request,200,OK,Candidate Creation Thread Group 1-39,text,true,,335,494,80,80,http://localhost:8080/web/index.php/api/v2/recruitment/candidates,4693,0,0
1768393917396,4775,Create Candidate Request,200,OK,Candidate Creation Thread Group 1-34,text,true,,335,494,80,80,http://localhost:8080/web/index.php/api/v2/recruitment/candidates,4774,0,0
1768393917448,4743,Create Candidate Request,200,OK,Candidate Creation Thread Group 1-38,text,true,,335,494,80,80,http://localhost:8080/web/index.php/api/v2/recruitment/candidates,4743,0,1
1768393917123,5133,Create Candidate Request,200,OK,Candidate Creation Thread Group 1-13,text,true,,335,494,80,80,http://localhost:8080/web/index.php/api/v2/recruitment/candidates,5133,0,0
1768393917254,5028,Create Candidate Request,200,OK,Candidate Creation Thread Group 1-23,text,true,,335,494,80,80,http://localhost:8080/web/index.php/api/v2/recruitment/candidates,5027,0,0
1768393917110,5192,Create Candidate Request,200,OK,Candidate Creation Thread Group 1-12,text,true,,335,494,80,80,http://localhost:8080/web/index.php/api/v2/recruitment/candidates,5191,0,0
1768393917097,5225,Create Candidate Request,200,OK,Candidate Creation Thread Group 1-11,text,true,,335,494,80,80,http://localhost:8080/web/index.php/api/v2/recruitment/candidates,5225,0,0
1768393917553,4802,Create Candidate Request,200,OK,Candidate Creation Thread Group 1-46,text,true,,335,494,80,80,http://localhost:8080/web/index.php/api/v2/recruitment/candidates,4802,0,0
1768393917721,4659,Create Candidate Request,200,OK,Candidate Creation Thread Group 1-59,text,true,,335,494,80,80,http://localhost:8080/web/index.php/api/v2/recruitment/candidates,4659,0,0
1768393917084,5314,Create Candidate Request,200,OK,Candidate Creation Thread Group 1-10,text,true,,335,494,80,80,http://localhost:8080/web/index.php/api/v2/recruitment/candidates,5314,0,0
1768393917331,5126,Create Candidate Request,200,OK,Candidate Creation Thread Group 1-29,text,true,,335,494,80,80,http://localhost:8080/web/index.php/api/v2/recruitment/candidates,5126,0,0
1768393917214,5263,Create Candidate Request,200,OK,Candidate Creation Thread Group 1-20,text,true,,335,494,80,80,http://localhost:8080/web/index.php/api/v2/recruitment/candidates,5263,0,0
1768393917487,5011,Create Candidate Request,200,OK,Candidate Creation Thread Group 1-41,text,true,,335,494,80,80,http://localhost:8080/web/index.php/api/v2/recruitment/candidates,5010,0,0
1768393917474,5079,Create Candidate Request,200,OK,Candidate Creation Thread Group 1-40,text,true,,335,494,80,80,http://localhost:8080/web/index.php/api/v2/recruitment/candidates,5078,0,0
1768393917227,5346,Create Candidate Request,200,OK,Candidate Creation Thread Group 1-21,text,true,,335,494,80,80,http://localhost:8080/web/index.php/api/v2/recruitment/candidates,5345,0,0
1768393917994,4603,Create Candidate Request,200,OK,Candidate Creation Thread Group 1-80,text,true,,335,494,80,80,http://localhost:8080/web/index.php/api/v2/recruitment/candidates,4603,0,1
1768393917150,5500,Create Candidate Request,200,OK,Candidate Creation Thread Group 1-15,text,true,,335,494,80,80,http://localhost:8080/web/index.php/api/v2/recruitment/candidates,5499,0,0
1768393917773,4897,Create Candidate Request,200,OK,Candidate Creation Thread Group 1-63,text,true,,335,494,80,80,http://localhost:8080/web/index.php/api/v2/recruitment/candidates,4897,0,0
1768393917357,5331,Create Candidate Request,200,OK,Candidate Creation Thread Group 1-31,text,true,,335,494,80,80,http://localhost:8080/web/index.php/api/v2/recruitment/candidates,5331,0,0
1768393917201,5502,Create Candidate Request,200,OK,Candidate Creation Thread Group 1-19,text,true,,335,494,80,80,http://localhost:8080/web/index.php/api/v2/recruitment/candidates,5502,0,0
1768393917592,5163,Create Candidate Request,200,OK,Candidate Creation Thread Group 1-49,text,true,,332,491,80,80,http://localhost:8080/web/index.php/api/v2/recruitment/candidates,5162,0,0
1768393917566,5208,Create Candidate Request,200,OK,Candidate Creation Thread Group 1-47,text,true,,335,494,80,80,http://localhost:8080/web/index.php/api/v2/recruitment/candidates,5207,0,0
1768393917434,5357,Create Candidate Request,200,OK,Candidate Creation Thread Group 1-37,text,true,,335,494,80,80,http://localhost:8080/web/index.php/api/v2/recruitment/candidates,5357,0,1
1768393917244,5566,Create Candidate Request,200,OK,Candidate Creation Thread Group 1-3,text,true,,335,494,80,80,http://localhost:8080/web/index.php/api/v2/recruitment/candidates,5566,0,8
1768393917864,4995,Create Candidate Request,200,OK,Candidate Creation Thread Group 1-70,text,true,,335,494,80,80,http://localhost:8080/web/index.php/api/v2/recruitment/candidates,4994,0,1
1768393917643,5236,Create Candidate Request,200,OK,Candidate Creation Thread Group 1-53,text,true,,332,491,80,80,http://localhost:8080/web/index.php/api/v2/recruitment/candidates,5236,0,2
1768393917734,5163,Create Candidate Request,200,OK,Candidate Creation Thread Group 1-60,text,true,,335,494,80,80,http://localhost:8080/web/index.php/api/v2/recruitment/candidates,5163,0,0
1768393917943,5012,Create Candidate Request,200,OK,Candidate Creation Thread Group 1-76,text,true,,335,494,80,80,http://localhost:8080/web/index.php/api/v2/recruitment/candidates,5011,0,0
1768393917630,5344,Create Candidate Request,200,OK,Candidate Creation Thread Group 1-52,text,true,,332,491,80,80,http://localhost:8080/web/index.php/api/v2/recruitment/candidates,5343,0,0
1768393917812,5180,Create Candidate Request,200,OK,Candidate Creation Thread Group 1-66,text,true,,335,494,80,80,http://localhost:8080/web/index.php/api/v2/recruitment/candidates,5179,0,0
1768393918047,5008,Create Candidate Request,200,OK,Candidate Creation Thread Group 1-4,text,true,,335,494,80,80,http://localhost:8080/web/index.php/api/v2/recruitment/candidates,5007,0,0
1768393917616,5457,Create Candidate Request,200,OK,Candidate Creation Thread Group 1-51,text,true,,332,491,80,80,http://localhost:8080/web/index.php/api/v2/recruitment/candidates,5456,0,1
1768393917786,5306,Create Candidate Request,200,OK,Candidate Creation Thread Group 1-64,text,true,,335,494,80,80,http://localhost:8080/web/index.php/api/v2/recruitment/candidates,5305,0,0
1768393917422,5689,Create Candidate Request,200,OK,Candidate Creation Thread Group 1-36,text,true,,335,494,80,80,http://localhost:8080/web/index.php/api/v2/recruitment/candidates,5689,0,0
1768393917760,5393,Create Candidate Request,200,OK,Candidate Creation Thread Group 1-62,text,true,,335,494,80,80,http://localhost:8080/web/index.php/api/v2/recruitment/candidates,5393,0,0
1768393917014,6155,Create Candidate Request,200,OK,Candidate Creation Thread Group 1-1,text,true,,332,491,80,80,http://localhost:8080/web/index.php/api/v2/recruitment/candidates,6155,0,0
1768393917032,6154,Create Candidate Request,200,OK,Candidate Creation Thread Group 1-6,text,true,,332,491,80,80,http://localhost:8080/web/index.php/api/v2/recruitment/candidates,6153,0,0
1768393917045,6204,Create Candidate Request,200,OK,Candidate Creation Thread Group 1-7,text,true,,332,491,80,80,http://localhost:8080/web/index.php/api/v2/recruitment/candidates,6204,0,0
1768393917656,5612,Create Candidate Request,200,OK,Candidate Creation Thread Group 1-54,text,true,,332,491,80,80,http://localhost:8080/web/index.php/api/v2/recruitment/candidates,5611,0,1
1768393917409,5877,Create Candidate Request,200,OK,Candidate Creation Thread Group 1-35,text,true,,335,494,80,80,http://localhost:8080/web/index.php/api/v2/recruitment/candidates,5877,0,0
1768393917163,6141,Create Candidate Request,200,OK,Candidate Creation Thread Group 1-16,text,true,,335,494,80,80,http://localhost:8080/web/index.php/api/v2/recruitment/candidates,6140,0,0
1768393917054,6301,Create Candidate Request,200,OK,Candidate Creation Thread Group 1-2,text,true,,332,491,80,80,http://localhost:8080/web/index.php/api/v2/recruitment/candidates,6301,0,1
1768393917058,6313,Create Candidate Request,200,OK,Candidate Creation Thread Group 1-8,text,true,,335,494,80,80,http://localhost:8080/web/index.php/api/v2/recruitment/candidates,6313,0,0
1768393917266,6122,Create Candidate Request,200,OK,Candidate Creation Thread Group 1-24,text,true,,335,494,80,80,http://localhost:8080/web/index.php/api/v2/recruitment/candidates,6121,0,1
1768393917750,5701,Create Candidate Request,200,OK,Candidate Creation Thread Group 1-61,text,true,,335,494,80,80,http://localhost:8080/web/index.php/api/v2/recruitment/candidates,5701,0,1
1768393917980,5487,Create Candidate Request,200,OK,Candidate Creation Thread Group 1-79,text,true,,335,494,80,80,http://localhost:8080/web/index.php/api/v2/recruitment/candidates,5487,0,0
1768393917513,5976,Create Candidate Request,200,OK,Candidate Creation Thread Group 1-43,text,true,,335,494,80,80,http://localhost:8080/web/index.php/api/v2/recruitment/candidates,5975,0,0
1768393917968,5581,Create Candidate Request,200,OK,Candidate Creation Thread Group 1-78,text,true,,335,494,80,80,http://localhost:8080/web/index.php/api/v2/recruitment/candidates,5581,0,1
1768393917603,5963,Create Candidate Request,200,OK,Candidate Creation Thread Group 1-50,text,true,,332,491,80,80,http://localhost:8080/web/index.php/api/v2/recruitment/candidates,5963,0,1
1768393917955,5630,Create Candidate Request,200,OK,Candidate Creation Thread Group 1-77,text,true,,335,494,80,80,http://localhost:8080/web/index.php/api/v2/recruitment/candidates,5629,0,1
1768393917345,6257,Create Candidate Request,200,OK,Candidate Creation Thread Group 1-30,text,true,,335,494,80,80,http://localhost:8080/web/index.php/api/v2/recruitment/candidates,6257,0,0
1768393917902,5747,Create Candidate Request,200,OK,Candidate Creation Thread Group 1-73,text,true,,335,494,80,80,http://localhost:8080/web/index.php/api/v2/recruitment/candidates,5747,0,1
1768393917670,5998,Create Candidate Request,200,OK,Candidate Creation Thread Group 1-55,text,true,,332,491,80,80,http://localhost:8080/web/index.php/api/v2/recruitment/candidates,5998,0,0
1768393917695,5994,Create Candidate Request,200,OK,Candidate Creation Thread Group 1-57,text,true,,335,494,80,80,http://localhost:8080/web/index.php/api/v2/recruitment/candidates,5993,0,0
1768393917383,6322,Create Candidate Request,200,OK,Candidate Creation Thread Group 1-33,text,true,,335,494,80,80,http://localhost:8080/web/index.php/api/v2/recruitment/candidates,6322,0,0
1768393917929,5824,Create Candidate Request,200,OK,Candidate Creation Thread Group 1-75,text,true,,335,494,80,80,http://localhost:8080/web/index.php/api/v2/recruitment/candidates,5824,0,0
1768393917916,5860,Create Candidate Request,200,OK,Candidate Creation Thread Group 1-74,text,true,,335,494,80,80,http://localhost:8080/web/index.php/api/v2/recruitment/candidates,5860,0,0
1768393917500,6293,Create Candidate Request,200,OK,Candidate Creation Thread Group 1-42,text,true,,335,494,80,80,http://localhost:8080/web/index.php/api/v2/recruitment/candidates,6293,0,0
1768393917579,6232,Create Candidate Request,200,OK,Candidate Creation Thread Group 1-48,text,true,,332,491,80,80,http://localhost:8080/web/index.php/api/v2/recruitment/candidates,6231,0,1
1768393917825,6034,Create Candidate Request,200,OK,Candidate Creation Thread Group 1-67,text,true,,335,494,80,80,http://localhost:8080/web/index.php/api/v2/recruitment/candidates,6033,0,0
1768393917877,5999,Create Candidate Request,200,OK,Candidate Creation Thread Group 1-71,text,true,,335,494,80,80,http://localhost:8080/web/index.php/api/v2/recruitment/candidates,5999,0,0
1768393917708,6188,Create Candidate Request,200,OK,Candidate Creation Thread Group 1-58,text,true,,335,494,80,80,http://localhost:8080/web/index.php/api/v2/recruitment/candidates,6188,0,0
1768393917799,6141,Create Candidate Request,200,OK,Candidate Creation Thread Group 1-65,text,true,,335,494,80,80,http://localhost:8080/web/index.php/api/v2/recruitment/candidates,6112,0,0
1768393921543,2417,Create Candidate Request,200,OK,Candidate Creation Thread Group 1-69,text,true,,335,494,80,80,http://localhost:8080/web/index.php/api/v2/recruitment/candidates,2416,0,0
1768393920446,3532,Create Candidate Request,200,OK,Candidate Creation Thread Group 1-5,text,true,,335,494,80,80,http://localhost:8080/web/index.php/api/v2/recruitment/candidates,3531,0,1
1768393921242,2759,Create Candidate Request,200,OK,Candidate Creation Thread Group 1-32,text,true,,335,494,80,80,http://localhost:8080/web/index.php/api/v2/recruitment/candidates,2758,0,0
1768393921750,2304,Create Candidate Request,200,OK,Candidate Creation Thread Group 1-56,text,true,,335,494,80,80,http://localhost:8080/web/index.php/api/v2/recruitment/candidates,2304,0,0
1768393921766,2307,Create Candidate Request,200,OK,Candidate Creation Thread Group 1-18,text,true,,335,494,80,80,http://localhost:8080/web/index.php/api/v2/recruitment/candidates,2307,0,0
1768393921784,2310,Create Candidate Request,200,OK,Candidate Creation Thread Group 1-25,text,true,,335,494,80,80,http://localhost:8080/web/index.php/api/v2/recruitment/candidates,2310,0,0
1768393921856,2298,Create Candidate Request,200,OK,Candidate Creation Thread Group 1-28,text,true,,335,494,80,80,http://localhost:8080/web/index.php/api/v2/recruitment/candidates,2297,0,0
1768393921874,2299,Create Candidate Request,200,OK,Candidate Creation Thread Group 1-72,text,true,,335,494,80,80,http://localhost:8080/web/index.php/api/v2/recruitment/candidates,2299,0,0
1768393921889,2305,Create Candidate Request,200,OK,Candidate Creation Thread Group 1-9,text,true,,335,494,80,80,http://localhost:8080/web/index.php/api/v2/recruitment/candidates,2305,0,0
1768393921951,2269,Create Candidate Request,200,OK,Candidate Creation Thread Group 1-26,text,true,,335,494,80,80,http://localhost:8080/web/index.php/api/v2/recruitment/candidates,2269,0,1
1768393921968,2294,Create Candidate Request,200,OK,Candidate Creation Thread Group 1-17,text,true,,335,494,80,80,http://localhost:8080/web/index.php/api/v2/recruitment/candidates,2294,0,1
1768393921984,2298,Create Candidate Request,200,OK,Candidate Creation Thread Group 1-68,text,true,,335,494,80,80,http://localhost:8080/web/index.php/api/v2/recruitment/candidates,2298,0,0
1768393922002,2301,Create Candidate Request,200,OK,Candidate Creation Thread Group 1-44,text,true,,335,494,80,80,http://localhost:8080/web/index.php/api/v2/recruitment/candidates,2300,0,0
1768393922057,2299,Create Candidate Request,200,OK,Candidate Creation Thread Group 1-27,text,true,,335,494,80,80,http://localhost:8080/web/index.php/api/v2/recruitment/candidates,2298,0,0
1768393922074,2301,Create Candidate Request,200,OK,Candidate Creation Thread Group 1-14,text,true,,335,494,80,80,http://localhost:8080/web/index.php/api/v2/recruitment/candidates,2301,0,0
1768393922090,2307,Create Candidate Request,200,OK,Candidate Creation Thread Group 1-45,text,true,,335,494,80,80,http://localhost:8080/web/index.php/api/v2/recruitment/candidates,2307,0,0
1768393922108,2312,Create Candidate Request,200,OK,Candidate Creation Thread Group 1-22,text,true,,332,491,80,80,http://localhost:8080/web/index.php/api/v2/recruitment/candidates,2311,0,0
1768393922155,2299,Create Candidate Request,200,OK,Candidate Creation Thread Group 1-39,text,true,,332,491,80,80,http://localhost:8080/web/index.php/api/v2/recruitment/candidates,2299,0,0
1768393922171,2303,Create Candidate Request,200,OK,Candidate Creation Thread Group 1-34,text,true,,332,491,80,80,http://localhost:8080/web/index.php/api/v2/recruitment/candidates,2303,0,0
1768393922191,2304,Create Candidate Request,200,OK,Candidate Creation Thread Group 1-38,text,true,,332,491,80,80,http://localhost:8080/web/index.php/api/v2/recruitment/candidates,2304,0,0
1768393922256,2257,Create Candidate Request,200,OK,Candidate Creation Thread Group 1-13,text,true,,332,491,80,80,http://localhost:8080/web/index.php/api/v2/recruitment/candidates,2257,0,1
1768393922282,2274,Create Candidate Request,200,OK,Candidate Creation Thread Group 1-23,text,true,,332,491,80,80,http://localhost:8080/web/index.php/api/v2/recruitment/candidates,2274,0,0
1768393922302,2275,Create Candidate Request,200,OK,Candidate Creation Thread Group 1-12,text,true,,332,491,80,80,http://localhost:8080/web/index.php/api/v2/recruitment/candidates,2275,0,0
1768393922322,2274,Create Candidate Request,200,OK,Candidate Creation Thread Group 1-11,text,true,,332,491,80,80,http://localhost:8080/web/index.php/api/v2/recruitment/candidates,2273,0,0
1768393922355,2262,Create Candidate Request,200,OK,Candidate Creation Thread Group 1-46,text,true,,332,491,80,80,http://localhost:8080/web/index.php/api/v2/recruitment/candidates,2261,0,0
1768393922380,2276,Create Candidate Request,200,OK,Candidate Creation Thread Group 1-59,text,true,,335,494,80,80,http://localhost:8080/web/index.php/api/v2/recruitment/candidates,2276,0,1
1768393922398,2278,Create Candidate Request,200,OK,Candidate Creation Thread Group 1-10,text,true,,335,494,80,80,http://localhost:8080/web/index.php/api/v2/recruitment/candidates,2277,0,1
1768393922458,2238,Create Candidate Request,200,OK,Candidate Creation Thread Group 1-29,text,true,,335,494,80,80,http://localhost:8080/web/index.php/api/v2/recruitment/candidates,2237,0,0
1768393922478,2274,Create Candidate Request,200,OK,Candidate Creation Thread Group 1-20,text,true,,335,494,80,80,http://localhost:8080/web/index.php/api/v2/recruitment/candidates,2274,0,0
1768393922498,2275,Create Candidate Request,200,OK,Candidate Creation Thread Group 1-41,text,true,,335,494,80,80,http://localhost:8080/web/index.php/api/v2/recruitment/candidates,2275,0,0
1768393922553,2239,Create Candidate Request,200,OK,Candidate Creation Thread Group 1-40,text,true,,335,494,80,80,http://localhost:8080/web/index.php/api/v2/recruitment/candidates,2239,0,0
1768393922573,2240,Create Candidate Request,200,OK,Candidate Creation Thread Group 1-21,text,true,,335,494,80,80,http://localhost:8080/web/index.php/api/v2/recruitment/candidates,2239,0,0
1768393922597,2256,Create Candidate Request,200,OK,Candidate Creation Thread Group 1-80,text,true,,335,494,80,80,http://localhost:8080/web/index.php/api/v2/recruitment/candidates,2256,0,1
1768393922650,2228,Create Candidate Request,200,OK,Candidate Creation Thread Group 1-15,text,true,,335,494,80,80,http://localhost:8080/web/index.php/api/v2/recruitment/candidates,2228,0,0
1768393922670,2225,Create Candidate Request,200,OK,Candidate Creation Thread Group 1-63,text,true,,335,494,80,80,http://localhost:8080/web/index.php/api/v2/recruitment/candidates,2225,0,1
1768393922688,2226,Create Candidate Request,200,OK,Candidate Creation Thread Group 1-31,text,true,,335,494,80,80,http://localhost:8080/web/index.php/api/v2/recruitment/candidates,2226,0,0
1768393922704,2251,Create Candidate Request,200,OK,Candidate Creation Thread Group 1-19,text,true,,335,494,80,80,http://localhost:8080/web/index.php/api/v2/recruitment/candidates,2251,0,0
1768393922755,2221,Create Candidate Request,200,OK,Candidate Creation Thread Group 1-49,text,true,,335,494,80,80,http://localhost:8080/web/index.php/api/v2/recruitment/candidates,2220,0,0
1768393922774,2218,Create Candidate Request,200,OK,Candidate Creation Thread Group 1-47,text,true,,335,494,80,80,http://localhost:8080/web/index.php/api/v2/recruitment/candidates,2218,0,0
1768393922791,2249,Create Candidate Request,200,OK,Candidate Creation Thread Group 1-37,text,true,,335,494,80,80,http://localhost:8080/web/index.php/api/v2/recruitment/candidates,2221,0,0
1768393922811,2249,Create Candidate Request,200,OK,Candidate Creation Thread Group 1-3,text,true,,335,494,80,80,http://localhost:8080/web/index.php/api/v2/recruitment/candidates,2249,0,0
1768393922859,2219,Create Candidate Request,200,OK,Candidate Creation Thread Group 1-70,text,true,,335,494,80,80,http://localhost:8080/web/index.php/api/v2/recruitment/candidates,2219,0,0
1768393922879,2219,Create Candidate Request,200,OK,Candidate Creation Thread Group 1-53,text,true,,335,494,80,80,http://localhost:8080/web/index.php/api/v2/recruitment/candidates,2219,0,0
1768393922898,2256,Create Candidate Request,200,OK,Candidate Creation Thread Group 1-60,text,true,,335,494,80,80,http://localhost:8080/web/index.php/api/v2/recruitment/candidates,2256,0,0
1768393922955,2217,Create Candidate Request,200,OK,Candidate Creation Thread Group 1-76,text,true,,335,494,80,80,http://localhost:8080/web/index.php/api/v2/recruitment/candidates,2217,0,0
1768393922974,2216,Create Candidate Request,200,OK,Candidate Creation Thread Group 1-52,text,true,,335,494,80,80,http://localhost:8080/web/index.php/api/v2/recruitment/candidates,2216,0,0
1768393922992,2264,Create Candidate Request,200,OK,Candidate Creation Thread Group 1-66,text,true,,335,494,80,80,http://localhost:8080/web/index.php/api/v2/recruitment/candidates,2264,0,0
1768393923055,2222,Create Candidate Request,200,OK,Candidate Creation Thread Group 1-4,text,true,,335,494,80,80,http://localhost:8080/web/index.php/api/v2/recruitment/candidates,2221,0,0
1768393923073,2223,Create Candidate Request,200,OK,Candidate Creation Thread Group 1-51,text,true,,335,494,80,80,http://localhost:8080/web/index.php/api/v2/recruitment/candidates,2223,0,0
1768393923092,2224,Create Candidate Request,200,OK,Candidate Creation Thread Group 1-64,text,true,,335,494,80,80,http://localhost:8080/web/index.php/api/v2/recruitment/candidates,2223,0,1
1768393923111,2244,Create Candidate Request,200,OK,Candidate Creation Thread Group 1-36,text,true,,335,494,80,80,http://localhost:8080/web/index.php/api/v2/recruitment/candidates,2244,0,0
1768393923153,2222,Create Candidate Request,200,OK,Candidate Creation Thread Group 1-62,text,true,,335,494,80,80,http://localhost:8080/web/index.php/api/v2/recruitment/candidates,2222,0,1
1768393923169,2230,Create Candidate Request,200,OK,Candidate Creation Thread Group 1-1,text,true,,335,494,80,80,http://localhost:8080/web/index.php/api/v2/recruitment/candidates,2229,0,1
1768393923186,2233,Create Candidate Request,200,OK,Candidate Creation Thread Group 1-6,text,true,,335,494,80,80,http://localhost:8080/web/index.php/api/v2/recruitment/candidates,2233,0,0
1768393923249,2208,Create Candidate Request,200,OK,Candidate Creation Thread Group 1-7,text,true,,335,494,80,80,http://localhost:8080/web/index.php/api/v2/recruitment/candidates,2208,0,1
1768393923268,2205,Create Candidate Request,200,OK,Candidate Creation Thread Group 1-54,text,true,,335,494,80,80,http://localhost:8080/web/index.php/api/v2/recruitment/candidates,2204,0,0
1768393923286,2208,Create Candidate Request,200,OK,Candidate Creation Thread Group 1-35,text,true,,335,494,80,80,http://localhost:8080/web/index.php/api/v2/recruitment/candidates,2207,0,1
1768393923304,2211,Create Candidate Request,200,OK,Candidate Creation Thread Group 1-16,text,true,,335,494,80,80,http://localhost:8080/web/index.php/api/v2/recruitment/candidates,2211,0,0
1768393923355,2199,Create Candidate Request,200,OK,Candidate Creation Thread Group 1-2,text,true,,335,494,80,80,http://localhost:8080/web/index.php/api/v2/recruitment/candidates,2199,0,1
1768393923372,2229,Create Candidate Request,200,OK,Candidate Creation Thread Group 1-8,text,true,,335,494,80,80,http://localhost:8080/web/index.php/api/v2/recruitment/candidates,2229,0,0
1768393923388,2234,Create Candidate Request,200,OK,Candidate Creation Thread Group 1-24,text,true,,335,494,80,80,http://localhost:8080/web/index.php/api/v2/recruitment/candidates,2233,0,0
1768393923451,2229,Create Candidate Request,200,OK,Candidate Creation Thread Group 1-61,text,true,,335,494,80,80,http://localhost:8080/web/index.php/api/v2/recruitment/candidates,2229,0,1
1768393923468,2234,Create Candidate Request,200,OK,Candidate Creation Thread Group 1-79,text,true,,335,494,80,80,http://localhost:8080/web/index.php/api/v2/recruitment/candidates,2234,0,0
1768393923489,2232,Create Candidate Request,200,OK,Candidate Creation Thread Group 1-43,text,true,,335,494,80,80,http://localhost:8080/web/index.php/api/v2/recruitment/candidates,2232,0,0
1768393923549,2195,Create Candidate Request,200,OK,Candidate Creation Thread Group 1-78,text,true,,335,494,80,80,http://localhost:8080/web/index.php/api/v2/recruitment/candidates,2195,0,1
1768393923566,2199,Create Candidate Request,200,OK,Candidate Creation Thread Group 1-50,text,true,,335,494,80,80,http://localhost:8080/web/index.php/api/v2/recruitment/candidates,2199,0,1
1768393923586,2200,Create Candidate Request,200,OK,Candidate Creation Thread Group 1-77,text,true,,332,491,80,80,http://localhost:8080/web/index.php/api/v2/recruitment/candidates,2200,0,0
1768393923604,2203,Create Candidate Request,200,OK,Candidate Creation Thread Group 1-30,text,true,,332,491,80,80,http://localhost:8080/web/index.php/api/v2/recruitment/candidates,2203,0,0
1768393923650,2206,Create Candidate Request,200,OK,Candidate Creation Thread Group 1-73,text,true,,332,491,80,80,http://localhost:8080/web/index.php/api/v2/recruitment/candidates,2205,0,0
1768393923668,2208,Create Candidate Request,200,OK,Candidate Creation Thread Group 1-55,text,true,,332,491,80,80,http://localhost:8080/web/index.php/api/v2/recruitment/candidates,2208,0,0
1768393923689,2208,Create Candidate Request,200,OK,Candidate Creation Thread Group 1-57,text,true,,332,491,80,80,http://localhost:8080/web/index.php/api/v2/recruitment/candidates,2208,0,0
1768393923705,2215,Create Candidate Request,200,OK,Candidate Creation Thread Group 1-33,text,true,,332,491,80,80,http://localhost:8080/web/index.php/api/v2/recruitment/candidates,2215,0,0
1768393923753,2206,Create Candidate Request,200,OK,Candidate Creation Thread Group 1-75,text,true,,332,491,80,80,http://localhost:8080/web/index.php/api/v2/recruitment/candidates,2206,0,0
1768393923776,2202,Create Candidate Request,200,OK,Candidate Creation Thread Group 1-74,text,true,,332,491,80,80,http://localhost:8080/web/index.php/api/v2/recruitment/candidates,2201,0,0
1768393923794,2206,Create Candidate Request,200,OK,Candidate Creation Thread Group 1-42,text,true,,332,491,80,80,http://localhost:8080/web/index.php/api/v2/recruitment/candidates,2205,0,0
1768393923811,2212,Create Candidate Request,200,OK,Candidate Creation Thread Group 1-48,text,true,,335,494,80,80,http://localhost:8080/web/index.php/api/v2/recruitment/candidates,2211,0,0
1768393923859,2200,Create Candidate Request,200,OK,Candidate Creation Thread Group 1-67,text,true,,335,494,80,80,http://localhost:8080/web/index.php/api/v2/recruitment/candidates,2200,0,0
1768393923876,2212,Create Candidate Request,200,OK,Candidate Creation Thread Group 1-71,text,true,,335,494,80,80,http://localhost:8080/web/index.php/api/v2/recruitment/candidates,2212,0,1
1768393923896,2212,Create Candidate Request,200,OK,Candidate Creation Thread Group 1-58,text,true,,335,494,80,80,http://localhost:8080/web/index.php/api/v2/recruitment/candidates,2212,0,1
1768393923941,2199,Create Candidate Request,200,OK,Candidate Creation Thread Group 1-65,text,true,,335,494,80,80,http://localhost:8080/web/index.php/api/v2/recruitment/candidates,2192,0,0
1768393923960,2203,Create Candidate Request,200,OK,Candidate Creation Thread Group 1-69,text,true,,335,494,80,80,http://localhost:8080/web/index.php/api/v2/recruitment/candidates,2203,0,0
1768393923978,2209,Create Candidate Request,200,OK,Candidate Creation Thread Group 1-5,text,true,,335,494,80,80,http://localhost:8080/web/index.php/api/v2/recruitment/candidates,2209,0,0
1768393924001,2207,Create Candidate Request,200,OK,Candidate Creation Thread Group 1-32,text,true,,335,494,80,80,http://localhost:8080/web/index.php/api/v2/recruitment/candidates,2207,0,1
1768393924054,2207,Create Candidate Request,200,OK,Candidate Creation Thread Group 1-56,text,true,,335,494,80,80,http://localhost:8080/web/index.php/api/v2/recruitment/candidates,2207,0,0
1768393924073,2215,Create Candidate Request,200,OK,Candidate Creation Thread Group 1-18,text,true,,335,494,80,80,http://localhost:8080/web/index.php/api/v2/recruitment/candidates,2215,0,1
1768393924094,2216,Create Candidate Request,200,OK,Candidate Creation Thread Group 1-25,text,true,,335,494,80,80,http://localhost:8080/web/index.php/api/v2/recruitment/candidates,2216,0,0
1768393924154,2178,Create Candidate Request,200,OK,Candidate Creation Thread Group 1-28,text,true,,335,494,80,80,http://localhost:8080/web/index.php/api/v2/recruitment/candidates,2178,0,0
1768393924173,2188,Create Candidate Request,200,OK,Candidate Creation Thread Group 1-72,text,true,,335,494,80,80,http://localhost:8080/web/index.php/api/v2/recruitment/candidates,2187,0,1
1768393924195,2191,Create Candidate Request,200,OK,Candidate Creation Thread Group 1-9,text,true,,335,494,80,80,http://localhost:8080/web/index.php/api/v2/recruitment/candidates,2190,0,0
1768393924221,2187,Create Candidate Request,200,OK,Candidate Creation Thread Group 1-26,text,true,,335,494,80,80,http://localhost:8080/web/index.php/api/v2/recruitment/candidates,2187,0,0
1768393924263,2197,Create Candidate Request,200,OK,Candidate Creation Thread Group 1-17,text,true,,335,494,80,80,http://localhost:8080/web/index.php/api/v2/recruitment/candidates,2197,0,0
1768393924282,2196,Create Candidate Request,200,OK,Candidate Creation Thread Group 1-68,text,true,,335,494,80,80,http://localhost:8080/web/index.php/api/v2/recruitment/candidates,2196,0,0
1768393924303,2197,Create Candidate Request,200,OK,Candidate Creation Thread Group 1-44,text,true,,335,494,80,80,http://localhost:8080/web/index.php/api/v2/recruitment/candidates,2197,0,0
1768393924356,2165,Create Candidate Request,200,OK,Candidate Creation Thread Group 1-27,text,true,,335,494,80,80,http://localhost:8080/web/index.php/api/v2/recruitment/candidates,2165,0,0
1768393924376,2182,Create Candidate Request,200,OK,Candidate Creation Thread Group 1-14,text,true,,335,494,80,80,http://localhost:8080/web/index.php/api/v2/recruitment/candidates,2182,0,0
1768393924397,2185,Create Candidate Request,200,OK,Candidate Creation Thread Group 1-45,text,true,,335,494,80,80,http://localhost:8080/web/index.php/api/v2/recruitment/candidates,2185,0,1
1768393924420,2187,Create Candidate Request,200,OK,Candidate Creation Thread Group 1-22,text,true,,335,494,80,80,http://localhost:8080/web/index.php/api/v2/recruitment/candidates,2186,0,0
1768393924454,2202,Create Candidate Request,200,OK,Candidate Creation Thread Group 1-39,text,true,,335,494,80,80,http://localhost:8080/web/index.php/api/v2/recruitment/candidates,2202,0,0
1768393924474,2199,Create Candidate Request,200,OK,Candidate Creation Thread Group 1-34,text,true,,335,494,80,80,http://localhost:8080/web/index.php/api/v2/recruitment/candidates,2199,0,0
1768393924495,2200,Create Candidate Request,200,OK,Candidate Creation Thread Group 1-38,text,true,,335,494,80,80,http://localhost:8080/web/index.php/api/v2/recruitment/candidates,2200,0,0
1768393924513,2203,Create Candidate Request,200,OK,Candidate Creation Thread Group 1-13,text,true,,335,494,80,80,http://localhost:8080/web/index.php/api/v2/recruitment/candidates,2203,0,0
1768393924556,2198,Create Candidate Request,200,OK,Candidate Creation Thread Group 1-23,text,true,,335,494,80,80,http://localhost:8080/web/index.php/api/v2/recruitment/candidates,2198,0,1
1768393924577,2198,Create Candidate Request,200,OK,Candidate Creation Thread Group 1-12,text,true,,335,494,80,80,http://localhost:8080/web/index.php/api/v2/recruitment/candidates,2198,0,1
1768393924596,2202,Create Candidate Request,200,OK,Candidate Creation Thread Group 1-11,text,true,,335,494,80,80,http://localhost:8080/web/index.php/api/v2/recruitment/candidates,2202,0,0
1768393924617,2203,Create Candidate Request,200,OK,Candidate Creation Thread Group 1-46,text,true,,335,494,80,80,http://localhost:8080/web/index.php/api/v2/recruitment/candidates,2203,0,0
1768393924657,2203,Create Candidate Request,200,OK,Candidate Creation Thread Group 1-59,text,true,,335,494,80,80,http://localhost:8080/web/index.php/api/v2/recruitment/candidates,2202,0,0
1768393924676,2205,Create Candidate Request,200,OK,Candidate Creation Thread Group 1-10,text,true,,335,494,80,80,http://localhost:8080/web/index.php/api/v2/recruitment/candidates,2204,0,0
1768393924696,2205,Create Candidate Request,200,OK,Candidate Creation Thread Group 1-29,text,true,,335,494,80,80,http://localhost:8080/web/index.php/api/v2/recruitment/candidates,2205,0,0
1768393924752,2201,Create Candidate Request,200,OK,Candidate Creation Thread Group 1-20,text,true,,335,494,80,80,http://localhost:8080/web/index.php/api/v2/recruitment/candidates,2201,0,0
1768393924773,2224,Create Candidate Request,200,OK,Candidate Creation Thread Group 1-41,text,true,,335,494,80,80,http://localhost:8080/web/index.php/api/v2/recruitment/candidates,2223,0,0
1768393924793,2228,Create Candidate Request,200,OK,Candidate Creation Thread Group 1-40,text,true,,335,494,80,80,http://localhost:8080/web/index.php/api/v2/recruitment/candidates,2227,0,0
1768393924813,2253,Create Candidate Request,200,OK,Candidate Creation Thread Group 1-21,text,true,,335,494,80,80,http://localhost:8080/web/index.php/api/v2/recruitment/candidates,2252,0,0
1768393924854,2235,Create Candidate Request,200,OK,Candidate Creation Thread Group 1-80,text,true,,335,494,80,80,http://localhost:8080/web/index.php/api/v2/recruitment/candidates,2235,0,0
1768393924878,2235,Create Candidate Request,200,OK,Candidate Creation Thread Group 1-15,text,true,,335,494,80,80,http://localhost:8080/web/index.php/api/v2/recruitment/candidates,2235,0,0
1768393924895,2239,Create Candidate Request,200,OK,Candidate Creation Thread Group 1-63,text,true,,335,494,80,80,http://localhost:8080/web/index.php/api/v2/recruitment/candidates,2238,0,0
1768393924914,2241,Create Candidate Request,200,OK,Candidate Creation Thread Group 1-31,text,true,,335,494,80,80,http://localhost:8080/web/index.php/api/v2/recruitment/candidates,2241,0,1
1768393924957,2215,Create Candidate Request,200,OK,Candidate Creation Thread Group 1-19,text,true,,332,491,80,80,http://localhost:8080/web/index.php/api/v2/recruitment/candidates,2215,0,0
1768393924976,2212,Create Candidate Request,200,OK,Candidate Creation Thread Group 1-49,text,true,,332,491,80,80,http://localhost:8080/web/index.php/api/v2/recruitment/candidates,2211,0,0
1768393924992,2211,Create Candidate Request,200,OK,Candidate Creation Thread Group 1-47,text,true,,332,491,80,80,http://localhost:8080/web/index.php/api/v2/recruitment/candidates,2211,0,1
1768393925041,2212,Create Candidate Request,200,OK,Candidate Creation Thread Group 1-37,text,true,,332,491,80,80,http://localhost:8080/web/index.php/api/v2/recruitment/candidates,2212,0,0
1768393925060,2210,Create Candidate Request,200,OK,Candidate Creation Thread Group 1-3,text,true,,332,491,80,80,http://localhost:8080/web/index.php/api/v2/recruitment/candidates,2210,0,0
1768393925078,2209,Create Candidate Request,200,OK,Candidate Creation Thread Group 1-70,text,true,,332,491,80,80,http://localhost:8080/web/index.php/api/v2/recruitment/candidates,2209,0,0
1768393925098,2249,Create Candidate Request,200,OK,Candidate Creation Thread Group 1-53,text,true,,332,491,80,80,http://localhost:8080/web/index.php/api/v2/recruitment/candidates,2249,0,0
1768393925154,2210,Create Candidate Request,200,OK,Candidate Creation Thread Group 1-60,text,true,,332,491,80,80,http://localhost:8080/web/index.php/api/v2/recruitment/candidates,2209,0,1
1768393925172,2214,Create Candidate Request,200,OK,Candidate Creation Thread Group 1-76,text,true,,332,491,80,80,http://localhost:8080/web/index.php/api/v2/recruitment/candidates,2213,0,1
1768393925190,2214,Create Candidate Request,200,OK,Candidate Creation Thread Group 1-52,text,true,,335,494,80,80,http://localhost:8080/web/index.php/api/v2/recruitment/candidates,2213,0,1
1768393925256,2202,Create Candidate Request,200,OK,Candidate Creation Thread Group 1-66,text,true,,335,494,80,80,http://localhost:8080/web/index.php/api/v2/recruitment/candidates,2202,0,1
1768393925277,2201,Create Candidate Request,200,OK,Candidate Creation Thread Group 1-4,text,true,,335,494,80,80,http://localhost:8080/web/index.php/api/v2/recruitment/candidates,2201,0,0
1768393925296,2200,Create Candidate Request,200,OK,Candidate Creation Thread Group 1-51,text,true,,335,494,80,80,http://localhost:8080/web/index.php/api/v2/recruitment/candidates,2199,0,1
1768393925316,2200,Create Candidate Request,200,OK,Candidate Creation Thread Group 1-64,text,true,,335,494,80,80,http://localhost:8080/web/index.php/api/v2/recruitment/candidates,2199,0,0
1768393925355,2208,Create Candidate Request,200,OK,Candidate Creation Thread Group 1-36,text,true,,335,494,80,80,http://localhost:8080/web/index.php/api/v2/recruitment/candidates,2208,0,0
1768393925375,2207,Create Candidate Request,200,OK,Candidate Creation Thread Group 1-62,text,true,,335,494,80,80,http://localhost:8080/web/index.php/api/v2/recruitment/candidates,2207,0,1
1768393925399,2199,Create Candidate Request,200,OK,Candidate Creation Thread Group 1-1,text,true,,335,494,80,80,http://localhost:8080/web/index.php/api/v2/recruitment/candidates,2198,0,0
1768393925419,2233,Create Candidate Request,200,OK,Candidate Creation Thread Group 1-6,text,true,,335,494,80,80,http://localhost:8080/web/index.php/api/v2/recruitment/candidates,2232,0,1
1768393925457,2213,Create Candidate Request,200,OK,Candidate Creation Thread Group 1-7,text,true,,335,494,80,80,http://localhost:8080/web/index.php/api/v2/recruitment/candidates,2213,0,0
1768393925473,2215,Create Candidate Request,200,OK,Candidate Creation Thread Group 1-54,text,true,,335,494,80,80,http://localhost:8080/web/index.php/api/v2/recruitment/candidates,2215,0,0
1768393925494,2211,Create Candidate Request,200,OK,Candidate Creation Thread Group 1-35,text,true,,335,494,80,80,http://localhost:8080/web/index.php/api/v2/recruitment/candidates,2211,0,0
1768393925515,2242,Create Candidate Request,200,OK,Candidate Creation Thread Group 1-16,text,true,,335,494,80,80,http://localhost:8080/web/index.php/api/v2/recruitment/candidates,2242,0,0
1768393925554,2223,Create Candidate Request,200,OK,Candidate Creation Thread Group 1-2,text,true,,335,494,80,80,http://localhost:8080/web/index.php/api/v2/recruitment/candidates,2223,0,0
1768393925602,2192,Create Candidate Request,200,OK,Candidate Creation Thread Group 1-8,text,true,,335,494,80,80,http://localhost:8080/web/index.php/api/v2/recruitment/candidates,2192,0,0
1768393925622,2231,Create Candidate Request,200,OK,Candidate Creation Thread Group 1-24,text,true,,335,494,80,80,http://localhost:8080/web/index.php/api/v2/recruitment/candidates,2231,0,0
1768393925680,2192,Create Candidate Request,200,OK,Candidate Creation Thread Group 1-61,text,true,,335,494,80,80,http://localhost:8080/web/index.php/api/v2/recruitment/candidates,2192,0,0
1768393925702,2186,Create Candidate Request,200,OK,Candidate Creation Thread Group 1-79,text,true,,335,494,80,80,http://localhost:8080/web/index.php/api/v2/recruitment/candidates,2186,0,1
1768393925721,2184,Create Candidate Request,200,OK,Candidate Creation Thread Group 1-43,text,true,,335,494,80,80,http://localhost:8080/web/index.php/api/v2/recruitment/candidates,2183,0,0
1768393925744,2213,Create Candidate Request,200,OK,Candidate Creation Thread Group 1-78,text,true,,335,494,80,80,http://localhost:8080/web/index.php/api/v2/recruitment/candidates,2213,0,1
1768393925766,2209,Create Candidate Request,200,OK,Candidate Creation Thread Group 1-50,text,true,,335,494,80,80,http://localhost:8080/web/index.php/api/v2/recruitment/candidates,2209,0,0
1768393925786,2207,Create Candidate Request,200,OK,Candidate Creation Thread Group 1-77,text,true,,335,494,80,80,http://localhost:8080/web/index.php/api/v2/recruitment/candidates,2207,0,1
1768393925807,2205,Create Candidate Request,200,OK,Candidate Creation Thread Group 1-30,text,true,,335,494,80,80,http://localhost:8080/web/index.php/api/v2/recruitment/candidates,2205,0,0
1768393925856,2201,Create Candidate Request,200,OK,Candidate Creation Thread Group 1-73,text,true,,335,494,80,80,http://localhost:8080/web/index.php/api/v2/recruitment/candidates,2201,0,0
1768393925876,2201,Create Candidate Request,200,OK,Candidate Creation Thread Group 1-55,text,true,,335,494,80,80,http://localhost:8080/web/index.php/api/v2/recruitment/candidates,2200,0,1
1768393925898,2197,Create Candidate Request,200,OK,Candidate Creation Thread Group 1-57,text,true,,335,494,80,80,http://localhost:8080/web/index.php/api/v2/recruitment/candidates,2197,0,0
1768393925920,2232,Create Candidate Request,200,OK,Candidate Creation Thread Group 1-33,text,true,,335,494,80,80,http://localhost:8080/web/index.php/api/v2/recruitment/candidates,2231,0,0
1768393925959,2209,Create Candidate Request,200,OK,Candidate Creation Thread Group 1-75,text,true,,335,494,80,80,http://localhost:8080/web/index.php/api/v2/recruitment/candidates,2209,0,1
1768393925978,2207,Create Candidate Request,200,OK,Candidate Creation Thread Group 1-74,text,true,,335,494,80,80,http://localhost:8080/web/index.php/api/v2/recruitment/candidates,2206,0,0
1768393926000,2252,Create Candidate Request,200,OK,Candidate Creation Thread Group 1-42,text,true,,335,494,80,80,http://localhost:8080/web/index.php/api/v2/recruitment/candidates,2252,0,0
1768393926023,2246,Create Candidate Request,200,OK,Candidate Creation Thread Group 1-48,text,true,,335,494,80,80,http://localhost:8080/web/index.php/api/v2/recruitment/candidates,2246,0,0
1768393926059,2228,Create Candidate Request,200,OK,Candidate Creation Thread Group 1-67,text,true,,335,494,80,80,http://localhost:8080/web/index.php/api/v2/recruitment/candidates,2227,0,1
1768393926088,2217,Create Candidate Request,200,OK,Candidate Creation Thread Group 1-71,text,true,,335,494,80,80,http://localhost:8080/web/index.php/api/v2/recruitment/candidates,2216,0,0
1768393926108,2247,Create Candidate Request,200,OK,Candidate Creation Thread Group 1-58,text,true,,335,494,80,80,http://localhost:8080/web/index.php/api/v2/recruitment/candidates,2247,0,0
1768393926141,2232,Create Candidate Request,200,OK,Candidate Creation Thread Group 1-65,text,true,,335,494,80,80,http://localhost:8080/web/index.php/api/v2/recruitment/candidates,2232,0,0
1768393926164,2225,Create Candidate Request,200,OK,Candidate Creation Thread Group 1-69,text,true,,335,494,80,80,http://localhost:8080/web/index.php/api/v2/recruitment/candidates,2225,0,0
1768393926187,2266,Create Candidate Request,200,OK,Candidate Creation Thread Group 1-5,text,true,,335,494,80,80,http://localhost:8080/web/index.php/api/v2/recruitment/candidates,2266,0,0
1768393926208,2263,Create Candidate Request,200,OK,Candidate Creation Thread Group 1-32,text,true,,335,494,80,80,http://localhost:8080/web/index.php/api/v2/recruitment/candidates,2263,0,0
1768393926261,2226,Create Candidate Request,200,OK,Candidate Creation Thread Group 1-56,text,true,,335,494,80,80,http://localhost:8080/web/index.php/api/v2/recruitment/candidates,2226,0,1
1768393926288,2220,Create Candidate Request,200,OK,Candidate Creation Thread Group 1-18,text,true,,335,494,80,80,http://localhost:8080/web/index.php/api/v2/recruitment/candidates,2220,0,1
1768393926310,2244,Create Candidate Request,200,OK,Candidate Creation Thread Group 1-25,text,true,,335,494,80,80,http://localhost:8080/web/index.php/api/v2/recruitment/candidates,2244,0,1
1768393926333,2240,Create Candidate Request,200,OK,Candidate Creation Thread Group 1-28,text,true,,332,491,80,80,http://localhost:8080/web/index.php/api/v2/recruitment/candidates,2239,0,0
1768393926361,2230,Create Candidate Request,200,OK,Candidate Creation Thread Group 1-72,text,true,,332,491,80,80,http://localhost:8080/web/index.php/api/v2/recruitment/candidates,2230,0,0
1768393926386,2254,Create Candidate Request,200,OK,Candidate Creation Thread Group 1-9,text,true,,332,491,80,80,http://localhost:8080/web/index.php/api/v2/recruitment/candidates,2224,0,0
1768393926408,2251,Create Candidate Request,200,OK,Candidate Creation Thread Group 1-26,text,true,,332,491,80,80,http://localhost:8080/web/index.php/api/v2/recruitment/candidates,2250,0,0
1768393926460,2220,Create Candidate Request,200,OK,Candidate Creation Thread Group 1-17,text,true,,332,491,80,80,http://localhost:8080/web/index.php/api/v2/recruitment/candidates,2219,0,1
1768393926479,2219,Create Candidate Request,200,OK,Candidate Creation Thread Group 1-68,text,true,,332,491,80,80,http://localhost:8080/web/index.php/api/v2/recruitment/candidates,2218,0,0
1768393926500,2257,Create Candidate Request,200,OK,Candidate Creation Thread Group 1-44,text,true,,332,491,80,80,http://localhost:8080/web/index.php/api/v2/recruitment/candidates,2257,0,1
1768393926522,2255,Create Candidate Request,200,OK,Candidate Creation Thread Group 1-27,text,true,,332,491,80,80,http://localhost:8080/web/index.php/api/v2/recruitment/candidates,2255,0,0
1768393926558,2235,Create Candidate Request,200,OK,Candidate Creation Thread Group 1-14,text,true,,332,491,80,80,http://localhost:8080/web/index.php/api/v2/recruitment/candidates,2235,0,0
1768393926583,2227,Create Candidate Request,200,OK,Candidate Creation Thread Group 1-45,text,true,,335,494,80,80,http://localhost:8080/web/index.php/api/v2/recruitment/candidates,2227,0,0
1768393926607,2252,Create Candidate Request,200,OK,Candidate Creation Thread Group 1-22,text,true,,335,494,80,80,http://localhost:8080/web/index.php/api/v2/recruitment/candidates,2252,0,0
1768393926656,2221,Create Candidate Request,200,OK,Candidate Creation Thread Group 1-39,text,true,,335,494,80,80,http://localhost:8080/web/index.php/api/v2/recruitment/candidates,2220,0,0
1768393926673,2220,Create Candidate Request,200,OK,Candidate Creation Thread Group 1-34,text,true,,335,494,80,80,http://localhost:8080/web/index.php/api/v2/recruitment/candidates,2220,0,0
1768393926696,2257,Create Candidate Request,200,OK,Candidate Creation Thread Group 1-38,text,true,,335,494,80,80,http://localhost:8080/web/index.php/api/v2/recruitment/candidates,2257,0,0
1768393926716,2257,Create Candidate Request,200,OK,Candidate Creation Thread Group 1-13,text,true,,335,494,80,80,http://localhost:8080/web/index.php/api/v2/recruitment/candidates,2256,0,0
1768393926754,2235,Create Candidate Request,200,OK,Candidate Creation Thread Group 1-23,text,true,,335,494,80,80,http://localhost:8080/web/index.php/api/v2/recruitment/candidates,2235,0,0
1768393926775,2230,Create Candidate Request,200,OK,Candidate Creation Thread Group 1-12,text,true,,335,494,80,80,http://localhost:8080/web/index.php/api/v2/recruitment/candidates,2229,0,0
1768393926798,2258,Create Candidate Request,200,OK,Candidate Creation Thread Group 1-11,text,true,,335,494,80,80,http://localhost:8080/web/index.php/api/v2/recruitment/candidates,2257,0,1
1768393926820,2257,Create Candidate Request,200,OK,Candidate Creation Thread Group 1-46,text,true,,335,494,80,80,http://localhost:8080/web/index.php/api/v2/recruitment/candidates,2257,0,0
1768393926860,2237,Create Candidate Request,200,OK,Candidate Creation Thread Group 1-59,text,true,,335,494,80,80,http://localhost:8080/web/index.php/api/v2/recruitment/candidates,2237,0,0
1768393926881,2277,Create Candidate Request,200,OK,Candidate Creation Thread Group 1-10,text,true,,335,494,80,80,http://localhost:8080/web/index.php/api/v2/recruitment/candidates,2277,0,0
1768393926902,2273,Create Candidate Request,200,OK,Candidate Creation Thread Group 1-29,text,true,,335,494,80,80,http://localhost:8080/web/index.php/api/v2/recruitment/candidates,2272,0,0
1768393926953,2241,Create Candidate Request,200,OK,Candidate Creation Thread Group 1-20,text,true,,335,494,80,80,http://localhost:8080/web/index.php/api/v2/recruitment/candidates,2241,0,1
1768393926997,2243,Create Candidate Request,200,OK,Candidate Creation Thread Group 1-41,text,true,,335,494,80,80,http://localhost:8080/web/index.php/api/v2/recruitment/candidates,2214,0,0
1768393927021,2235,Create Candidate Request,200,OK,Candidate Creation Thread Group 1-40,text,true,,335,494,80,80,http://localhost:8080/web/index.php/api/v2/recruitment/candidates,2234,0,0
1768393927066,2205,Create Candidate Request,200,OK,Candidate Creation Thread Group 1-21,text,true,,335,494,80,80,http://localhost:8080/web/index.php/api/v2/recruitment/candidates,2205,0,0
1768393927090,2197,Create Candidate Request,200,OK,Candidate Creation Thread Group 1-80,text,true,,335,494,80,80,http://localhost:8080/web/index.php/api/v2/recruitment/candidates,2197,0,0
1768393927113,2244,Create Candidate Request,200,OK,Candidate Creation Thread Group 1-15,text,true,,335,494,80,80,http://localhost:8080/web/index.php/api/v2/recruitment/candidates,2244,0,1
1768393927134,2238,Create Candidate Request,200,OK,Candidate Creation Thread Group 1-63,text,true,,335,494,80,80,http://localhost:8080/web/index.php/api/v2/recruitment/candidates,2238,0,0
1768393927155,2231,Create Candidate Request,200,OK,Candidate Creation Thread Group 1-31,text,true,,335,494,80,80,http://localhost:8080/web/index.php/api/v2/recruitment/candidates,2231,0,0
1768393927172,2229,Create Candidate Request,200,OK,Candidate Creation Thread Group 1-19,text,true,,335,494,80,80,http://localhost:8080/web/index.php/api/v2/recruitment/candidates,2228,0,1
1768393927188,2273,Create Candidate Request,200,OK,Candidate Creation Thread Group 1-49,text,true,,335,494,80,80,http://localhost:8080/web/index.php/api/v2/recruitment/candidates,2272,0,0
1768393927204,2271,Create Candidate Request,200,OK,Candidate Creation Thread Group 1-47,text,true,,335,494,80,80,http://localhost:8080/web/index.php/api/v2/recruitment/candidates,2271,0,0
1768393927253,2240,Create Candidate Request,200,OK,Candidate Creation Thread Group 1-37,text,true,,335,494,80,80,http://localhost:8080/web/index.php/api/v2/recruitment/candidates,2240,0,1
1768393927270,2296,Create Candidate Request,200,OK,Candidate Creation Thread Group 1-3,text,true,,335,494,80,80,http://localhost:8080/web/index.php/api/v2/recruitment/candidates,2295,0,1
1768393927287,2299,Create Candidate Request,200,OK,Candidate Creation Thread Group 1-70,text,true,,335,494,80,80,http://localhost:8080/web/index.php/api/v2/recruitment/candidates,2299,0,1
1768393927347,2259,Create Candidate Request,200,OK,Candidate Creation Thread Group 1-53,text,true,,335,494,80,80,http://localhost:8080/web/index.php/api/v2/recruitment/candidates,2258,0,0
1768393927364,2292,Create Candidate Request,200,OK,Candidate Creation Thread Group 1-60,text,true,,335,494,80,80,http://localhost:8080/web/index.php/api/v2/recruitment/candidates,2292,0,0
1768393927386,2288,Create Candidate Request,200,OK,Candidate Creation Thread Group 1-76,text,true,,335,494,80,80,http://localhost:8080/web/index.php/api/v2/recruitment/candidates,2288,0,0
1768393927404,2287,Create Candidate Request,200,OK,Candidate Creation Thread Group 1-52,text,true,,335,494,80,80,http://localhost:8080/web/index.php/api/v2/recruitment/candidates,2287,0,0
1768393927459,2281,Create Candidate Request,200,OK,Candidate Creation Thread Group 1-66,text,true,,335,494,80,80,http://localhost:8080/web/index.php/api/v2/recruitment/candidates,2253,0,0
1768393927478,2279,Create Candidate Request,200,OK,Candidate Creation Thread Group 1-4,text,true,,335,494,80,80,http://localhost:8080/web/index.php/api/v2/recruitment/candidates,2279,0,0
1768393927496,2281,Create Candidate Request,200,OK,Candidate Creation Thread Group 1-51,text,true,,335,494,80,80,http://localhost:8080/web/index.php/api/v2/recruitment/candidates,2280,0,0
1768393927516,2278,Create Candidate Request,200,OK,Candidate Creation Thread Group 1-64,text,true,,335,494,80,80,http://localhost:8080/web/index.php/api/v2/recruitment/candidates,2278,0,0
1768393927563,2299,Create Candidate Request,200,OK,Candidate Creation Thread Group 1-36,text,true,,335,494,80,80,http://localhost:8080/web/index.php/api/v2/recruitment/candidates,2299,0,0
1768393927582,2296,Create Candidate Request,200,OK,Candidate Creation Thread Group 1-62,text,true,,335,494,80,80,http://localhost:8080/web/index.php/api/v2/recruitment/candidates,2296,0,1
1768393927598,2296,Create Candidate Request,200,OK,Candidate Creation Thread Group 1-1,text,true,,335,494,80,80,http://localhost:8080/web/index.php/api/v2/recruitment/candidates,2296,0,0
1768393927652,2288,Create Candidate Request,200,OK,Candidate Creation Thread Group 1-6,text,true,,335,494,80,80,http://localhost:8080/web/index.php/api/v2/recruitment/candidates,2258,0,0
1768393927670,2287,Create Candidate Request,200,OK,Candidate Creation Thread Group 1-7,text,true,,335,494,80,80,http://localhost:8080/web/index.php/api/v2/recruitment/candidates,2287,0,1
1768393927689,2285,Create Candidate Request,200,OK,Candidate Creation Thread Group 1-54,text,true,,335,494,80,80,http://localhost:8080/web/index.php/api/v2/recruitment/candidates,2284,0,0
1768393927707,2284,Create Candidate Request,200,OK,Candidate Creation Thread Group 1-35,text,true,,332,491,80,80,http://localhost:8080/web/index.php/api/v2/recruitment/candidates,2283,0,0
1768393927758,2248,Create Candidate Request,200,OK,Candidate Creation Thread Group 1-16,text,true,,332,491,80,80,http://localhost:8080/web/index.php/api/v2/recruitment/candidates,2248,0,0
1768393927778,2282,Create Candidate Request,200,OK,Candidate Creation Thread Group 1-2,text,true,,332,491,80,80,http://localhost:8080/web/index.php/api/v2/recruitment/candidates,2282,0,0
1768393927795,2283,Create Candidate Request,200,OK,Candidate Creation Thread Group 1-8,text,true,,332,491,80,80,http://localhost:8080/web/index.php/api/v2/recruitment/candidates,2282,0,0
1768393927853,2241,Create Candidate Request,200,OK,Candidate Creation Thread Group 1-24,text,true,,332,491,80,80,http://localhost:8080/web/index.php/api/v2/recruitment/candidates,2241,0,0
1768393927872,2275,Create Candidate Request,200,OK,Candidate Creation Thread Group 1-61,text,true,,332,491,80,80,http://localhost:8080/web/index.php/api/v2/recruitment/candidates,2275,0,0
1768393927888,2274,Create Candidate Request,200,OK,Candidate Creation Thread Group 1-79,text,true,,332,491,80,80,http://localhost:8080/web/index.php/api/v2/recruitment/candidates,2273,0,0
1768393927905,2272,Create Candidate Request,200,OK,Candidate Creation Thread Group 1-43,text,true,,332,491,80,80,http://localhost:8080/web/index.php/api/v2/recruitment/candidates,2272,0,0
1768393927957,2237,Create Candidate Request,200,OK,Candidate Creation Thread Group 1-78,text,true,,332,491,80,80,http://localhost:8080/web/index.php/api/v2/recruitment/candidates,2237,0,1
1768393927975,2271,Create Candidate Request,200,OK,Candidate Creation Thread Group 1-50,text,true,,335,494,80,80,http://localhost:8080/web/index.php/api/v2/recruitment/candidates,2271,0,0
1768393927994,2267,Create Candidate Request,200,OK,Candidate Creation Thread Group 1-77,text,true,,335,494,80,80,http://localhost:8080/web/index.php/api/v2/recruitment/candidates,2267,0,0
1768393928012,2266,Create Candidate Request,200,OK,Candidate Creation Thread Group 1-30,text,true,,335,494,80,80,http://localhost:8080/web/index.php/api/v2/recruitment/candidates,2265,0,1
1768393928057,2241,Create Candidate Request,200,OK,Candidate Creation Thread Group 1-73,text,true,,335,494,80,80,http://localhost:8080/web/index.php/api/v2/recruitment/candidates,2240,0,1
1768393928077,2274,Create Candidate Request,200,OK,Candidate Creation Thread Group 1-55,text,true,,335,494,80,80,http://localhost:8080/web/index.php/api/v2/recruitment/candidates,2274,0,0
1768393928095,2273,Create Candidate Request,200,OK,Candidate Creation Thread Group 1-57,text,true,,335,494,80,80,http://localhost:8080/web/index.php/api/v2/recruitment/candidates,2273,0,1
1768393928152,2234,Create Candidate Request,200,OK,Candidate Creation Thread Group 1-33,text,true,,335,494,80,80,http://localhost:8080/web/index.php/api/v2/recruitment/candidates,2234,0,0
1768393928168,2242,Create Candidate Request,200,OK,Candidate Creation Thread Group 1-75,text,true,,335,494,80,80,http://localhost:8080/web/index.php/api/v2/recruitment/candidates,2242,0,0
1768393928185,2276,Create Candidate Request,200,OK,Candidate Creation Thread Group 1-74,text,true,,335,494,80,80,http://localhost:8080/web/index.php/api/v2/recruitment/candidates,2276,0,0
1768393928252,2229,Create Candidate Request,200,OK,Candidate Creation Thread Group 1-42,text,true,,335,494,80,80,http://localhost:8080/web/index.php/api/v2/recruitment/candidates,2229,0,0
1768393928269,2230,Create Candidate Request,200,OK,Candidate Creation Thread Group 1-48,text,true,,335,494,80,80,http://localhost:8080/web/index.php/api/v2/recruitment/candidates,2230,0,1
1768393928287,2266,Create Candidate Request,200,OK,Candidate Creation Thread Group 1-67,text,true,,335,494,80,80,http://localhost:8080/web/index.php/api/v2/recruitment/candidates,2266,0,0
1768393928305,2265,Create Candidate Request,200,OK,Candidate Creation Thread Group 1-71,text,true,,335,494,80,80,http://localhost:8080/web/index.php/api/v2/recruitment/candidates,2265,0,0
1768393928356,2231,Create Candidate Request,200,OK,Candidate Creation Thread Group 1-58,text,true,,335,494,80,80,http://localhost:8080/web/index.php/api/v2/recruitment/candidates,2231,0,0
1768393928373,2232,Create Candidate Request,200,OK,Candidate Creation Thread Group 1-65,text,true,,335,494,80,80,http://localhost:8080/web/index.php/api/v2/recruitment/candidates,2232,0,1
1768393928389,2266,Create Candidate Request,200,OK,Candidate Creation Thread Group 1-69,text,true,,335,494,80,80,http://localhost:8080/web/index.php/api/v2/recruitment/candidates,2266,0,0
1768393928453,2222,Create Candidate Request,200,OK,Candidate Creation Thread Group 1-5,text,true,,335,494,80,80,http://localhost:8080/web/index.php/api/v2/recruitment/candidates,2221,0,0
1768393928471,2220,Create Candidate Request,200,OK,Candidate Creation Thread Group 1-32,text,true,,335,494,80,80,http://localhost:8080/web/index.php/api/v2/recruitment/candidates,2220,0,1
1768393928488,2252,Create Candidate Request,200,OK,Candidate Creation Thread Group 1-56,text,true,,335,494,80,80,http://localhost:8080/web/index.php/api/v2/recruitment/candidates,2224,0,0
1768393928508,2250,Create Candidate Request,200,OK,Candidate Creation Thread Group 1-18,text,true,,335,494,80,80,http://localhost:8080/web/index.php/api/v2/recruitment/candidates,2250,0,0
1768393928554,2220,Create Candidate Request,200,OK,Candidate Creation Thread Group 1-25,text,true,,335,494,80,80,http://localhost:8080/web/index.php/api/v2/recruitment/candidates,2220,0,0
1768393928573,2219,Create Candidate Request,200,OK,Candidate Creation Thread Group 1-28,text,true,,335,494,80,80,http://localhost:8080/web/index.php/api/v2/recruitment/candidates,2219,0,0
1768393928591,2261,Create Candidate Request,200,OK,Candidate Creation Thread Group 1-72,text,true,,335,494,80,80,http://localhost:8080/web/index.php/api/v2/recruitment/candidates,2260,0,1
1768393928641,2225,Create Candidate Request,200,OK,Candidate Creation Thread Group 1-9,text,true,,335,494,80,80,http://localhost:8080/web/index.php/api/v2/recruitment/candidates,2225,0,0
1768393928659,2224,Create Candidate Request,200,OK,Candidate Creation Thread Group 1-26,text,true,,335,494,80,80,http://localhost:8080/web/index.php/api/v2/recruitment/candidates,2223,0,0
1768393928680,2220,Create Candidate Request,200,OK,Candidate Creation Thread Group 1-17,text,true,,335,494,80,80,http://localhost:8080/web/index.php/api/v2/recruitment/candidates,2220,0,0
1768393928698,2262,Create Candidate Request,200,OK,Candidate Creation Thread Group 1-68,text,true,,335,494,80,80,http://localhost:8080/web/index.php/api/v2/recruitment/candidates,2262,0,0
1768393928757,2222,Create Candidate Request,200,OK,Candidate Creation Thread Group 1-44,text,true,,335,494,80,80,http://localhost:8080/web/index.php/api/v2/recruitment/candidates,2222,0,1
1768393928777,2218,Create Candidate Request,200,OK,Candidate Creation Thread Group 1-27,text,true,,335,494,80,80,http://localhost:8080/web/index.php/api/v2/recruitment/candidates,2218,0,1
1768393928794,2253,Create Candidate Request,200,OK,Candidate Creation Thread Group 1-14,text,true,,335,494,80,80,http://localhost:8080/web/index.php/api/v2/recruitment/candidates,2253,0,0
1768393928810,2252,Create Candidate Request,200,OK,Candidate Creation Thread Group 1-45,text,true,,335,494,80,80,http://localhost:8080/web/index.php/api/v2/recruitment/candidates,2252,0,0
1768393928859,2222,Create Candidate Request,200,OK,Candidate Creation Thread Group 1-22,text,true,,335,494,80,80,http://localhost:8080/web/index.php/api/v2/recruitment/candidates,2220,0,1
1768393928877,2227,Create Candidate Request,200,OK,Candidate Creation Thread Group 1-39,text,true,,335,494,80,80,http://localhost:8080/web/index.php/api/v2/recruitment/candidates,2226,0,0
1768393928893,2261,Create Candidate Request,200,OK,Candidate Creation Thread Group 1-34,text,true,,335,494,80,80,http://localhost:8080/web/index.php/api/v2/recruitment/candidates,2260,0,0
1768393928953,2217,Create Candidate Request,200,OK,Candidate Creation Thread Group 1-38,text,true,,335,494,80,80,http://localhost:8080/web/index.php/api/v2/recruitment/candidates,2217,0,0
1768393928973,2216,Create Candidate Request,200,OK,Candidate Creation Thread Group 1-13,text,true,,335,494,80,80,http://localhost:8080/web/index.php/api/v2/recruitment/candidates,2216,0,0
1768393928989,2217,Create Candidate Request,200,OK,Candidate Creation Thread Group 1-23,text,true,,335,494,80,80,http://localhost:8080/web/index.php/api/v2/recruitment/candidates,2217,0,1
1768393929005,2253,Create Candidate Request,200,OK,Candidate Creation Thread Group 1-12,text,true,,335,494,80,80,http://localhost:8080/web/index.php/api/v2/recruitment/candidates,2252,0,0
1768393929056,2218,Create Candidate Request,200,OK,Candidate Creation Thread Group 1-11,text,true,,335,494,80,80,http://localhost:8080/web/index.php/api/v2/recruitment/candidates,2218,0,0
1768393929078,2215,Create Candidate Request,200,OK,Candidate Creation Thread Group 1-46,text,true,,335,494,80,80,http://localhost:8080/web/index.php/api/v2/recruitment/candidates,2214,0,0
1768393929098,2250,Create Candidate Request,200,OK,Candidate Creation Thread Group 1-59,text,true,,335,494,80,80,http://localhost:8080/web/index.php/api/v2/recruitment/candidates,2250,0,0
1768393929159,2204,Create Candidate Request,200,OK,Candidate Creation Thread Group 1-10,text,true,,332,491,80,80,http://localhost:8080/web/index.php/api/v2/recruitment/candidates,2203,0,1
1768393929175,2206,Create Candidate Request,200,OK,Candidate Creation Thread Group 1-29,text,true,,332,491,80,80,http://localhost:8080/web/index.php/api/v2/recruitment/candidates,2206,0,1
1768393929195,2204,Create Candidate Request,200,OK,Candidate Creation Thread Group 1-20,text,true,,332,491,80,80,http://localhost:8080/web/index.php/api/v2/recruitment/candidates,2204,0,0
1768393929241,2212,Create Candidate Request,200,OK,Candidate Creation Thread Group 1-41,text,true,,332,491,80,80,http://localhost:8080/web/index.php/api/v2/recruitment/candidates,2212,0,0
1768393929256,2216,Create Candidate Request,200,OK,Candidate Creation Thread Group 1-40,text,true,,332,491,80,80,http://localhost:8080/web/index.php/api/v2/recruitment/candidates,2216,0,0
1768393929272,2216,Create Candidate Request,200,OK,Candidate Creation Thread Group 1-21,text,true,,332,491,80,80,http://localhost:8080/web/index.php/api/v2/recruitment/candidates,2216,0,0
1768393929287,2219,Create Candidate Request,200,OK,Candidate Creation Thread Group 1-80,text,true,,332,491,80,80,http://localhost:8080/web/index.php/api/v2/recruitment/candidates,2219,0,1
1768393929357,2201,Create Candidate Request,200,OK,Candidate Creation Thread Group 1-15,text,true,,332,491,80,80,http://localhost:8080/web/index.php/api/v2/recruitment/candidates,2201,0,1
1768393929372,2204,Create Candidate Request,200,OK,Candidate Creation Thread Group 1-63,text,true,,332,491,80,80,http://localhost:8080/web/index.php/api/v2/recruitment/candidates,2204,0,0
1768393929386,2209,Create Candidate Request,200,OK,Candidate Creation Thread Group 1-31,text,true,,335,494,80,80,http://localhost:8080/web/index.php/api/v2/recruitment/candidates,2209,0,1
1768393929401,2258,Create Candidate Request,200,OK,Candidate Creation Thread Group 1-19,text,true,,335,494,80,80,http://localhost:8080/web/index.php/api/v2/recruitment/candidates,2258,0,0
1768393929461,2216,Create Candidate Request,200,OK,Candidate Creation Thread Group 1-49,text,true,,335,494,80,80,http://localhost:8080/web/index.php/api/v2/recruitment/candidates,2216,0,0
1768393929476,2217,Create Candidate Request,200,OK,Candidate Creation Thread Group 1-47,text,true,,335,494,80,80,http://localhost:8080/web/index.php/api/v2/recruitment/candidates,2217,0,0
1768393929493,2215,Create Candidate Request,200,OK,Candidate Creation Thread Group 1-37,text,true,,335,494,80,80,http://localhost:8080/web/index.php/api/v2/recruitment/candidates,2215,0,0
1768393929566,2188,Create Candidate Request,200,OK,Candidate Creation Thread Group 1-3,text,true,,335,494,80,80,http://localhost:8080/web/index.php/api/v2/recruitment/candidates,2187,0,0
1768393929586,2185,Create Candidate Request,200,OK,Candidate Creation Thread Group 1-70,text,true,,335,494,80,80,http://localhost:8080/web/index.php/api/v2/recruitment/candidates,2185,0,1
1768393929606,2180,Create Candidate Request,200,OK,Candidate Creation Thread Group 1-53,text,true,,335,494,80,80,http://localhost:8080/web/index.php/api/v2/recruitment/candidates,2180,0,0
1768393929656,2145,Create Candidate Request,200,OK,Candidate Creation Thread Group 1-60,text,true,,335,494,80,80,http://localhost:8080/web/index.php/api/v2/recruitment/candidates,2145,0,1
1768393929674,2188,Create Candidate Request,200,OK,Candidate Creation Thread Group 1-76,text,true,,335,494,80,80,http://localhost:8080/web/index.php/api/v2/recruitment/candidates,2188,0,1
1768393929691,2189,Create Candidate Request,200,OK,Candidate Creation Thread Group 1-52,text,true,,335,494,80,80,http://localhost:8080/web/index.php/api/v2/recruitment/candidates,2188,0,1
1768393929741,2153,Create Candidate Request,200,OK,Candidate Creation Thread Group 1-66,text,true,,335,494,80,80,http://localhost:8080/web/index.php/api/v2/recruitment/candidates,2153,0,0
1768393929757,2197,Create Candidate Request,200,OK,Candidate Creation Thread Group 1-4,text,true,,335,494,80,80,http://localhost:8080/web/index.php/api/v2/recruitment/candidates,2197,0,0
1768393929777,2194,Create Candidate Request,200,OK,Candidate Creation Thread Group 1-51,text,true,,335,494,80,80,http://localhost:8080/web/index.php/api/v2/recruitment/candidates,2194,0,0
1768393929794,2192,Create Candidate Request,200,OK,Candidate Creation Thread Group 1-64,text,true,,335,494,80,80,http://localhost:8080/web/index.php/api/v2/recruitment/candidates,2191,0,1
1768393929862,2191,Create Candidate Request,200,OK,Candidate Creation Thread Group 1-36,text,true,,335,494,80,80,http://localhost:8080/web/index.php/api/v2/recruitment/candidates,2191,0,0
1768393929878,2190,Create Candidate Request,200,OK,Candidate Creation Thread Group 1-62,text,true,,335,494,80,80,http://localhost:8080/web/index.php/api/v2/recruitment/candidates,2190,0,0
1768393929895,2193,Create Candidate Request,200,OK,Candidate Creation Thread Group 1-1,text,true,,335,494,80,80,http://localhost:8080/web/index.php/api/v2/recruitment/candidates,2192,0,0
1768393929941,2163,Create Candidate Request,200,OK,Candidate Creation Thread Group 1-6,text,true,,335,494,80,80,http://localhost:8080/web/index.php/api/v2/recruitment/candidates,2163,0,0
1768393929957,2202,Create Candidate Request,200,OK,Candidate Creation Thread Group 1-7,text,true,,335,494,80,80,http://localhost:8080/web/index.php/api/v2/recruitment/candidates,2201,0,1
1768393929974,2199,Create Candidate Request,200,OK,Candidate Creation Thread Group 1-54,text,true,,335,494,80,80,http://localhost:8080/web/index.php/api/v2/recruitment/candidates,2199,0,1
1768393929991,2201,Create Candidate Request,200,OK,Candidate Creation Thread Group 1-35,text,true,,335,494,80,80,http://localhost:8080/web/index.php/api/v2/recruitment/candidates,2201,0,0
1768393930007,2234,Create Candidate Request,200,OK,Candidate Creation Thread Group 1-16,text,true,,335,494,80,80,http://localhost:8080/web/index.php/api/v2/recruitment/candidates,2201,0,0
1768393930060,2206,Create Candidate Request,200,OK,Candidate Creation Thread Group 1-2,text,true,,335,494,80,80,http://localhost:8080/web/index.php/api/v2/recruitment/candidates,2205,0,0
1768393930078,2205,Create Candidate Request,200,OK,Candidate Creation Thread Group 1-8,text,true,,335,494,80,80,http://localhost:8080/web/index.php/api/v2/recruitment/candidates,2205,0,0
1768393930094,2253,Create Candidate Request,200,OK,Candidate Creation Thread Group 1-24,text,true,,335,494,80,80,http://localhost:8080/web/index.php/api/v2/recruitment/candidates,2253,0,0
1768393930147,2215,Create Candidate Request,200,OK,Candidate Creation Thread Group 1-61,text,true,,335,494,80,80,http://localhost:8080/web/index.php/api/v2/recruitment/candidates,2214,0,0
1768393930162,2214,Create Candidate Request,200,OK,Candidate Creation Thread Group 1-79,text,true,,335,494,80,80,http://localhost:8080/web/index.php/api/v2/recruitment/candidates,2214,0,0
1768393930178,2215,Create Candidate Request,200,OK,Candidate Creation Thread Group 1-43,text,true,,335,494,80,80,http://localhost:8080/web/index.php/api/v2/recruitment/candidates,2215,0,0
1768393930195,2254,Create Candidate Request,200,OK,Candidate Creation Thread Group 1-78,text,true,,335,494,80,80,http://localhost:8080/web/index.php/api/v2/recruitment/candidates,2253,0,0
1768393930246,2227,Create Candidate Request,200,OK,Candidate Creation Thread Group 1-50,text,true,,335,494,80,80,http://localhost:8080/web/index.php/api/v2/recruitment/candidates,2226,0,1
1768393930261,2228,Create Candidate Request,200,OK,Candidate Creation Thread Group 1-77,text,true,,335,494,80,80,http://localhost:8080/web/index.php/api/v2/recruitment/candidates,2228,0,0
1768393930278,2273,Create Candidate Request,200,OK,Candidate Creation Thread Group 1-30,text,true,,335,494,80,80,http://localhost:8080/web/index.php/api/v2/recruitment/candidates,2273,0,0
1768393930298,2269,Create Candidate Request,200,OK,Candidate Creation Thread Group 1-73,text,true,,335,494,80,80,http://localhost:8080/web/index.php/api/v2/recruitment/candidates,2269,0,0
1768393930351,2233,Create Candidate Request,200,OK,Candidate Creation Thread Group 1-55,text,true,,335,494,80,80,http://localhost:8080/web/index.php/api/v2/recruitment/candidates,2233,0,0
1768393930369,2231,Create Candidate Request,200,OK,Candidate Creation Thread Group 1-57,text,true,,335,494,80,80,http://localhost:8080/web/index.php/api/v2/recruitment/candidates,2231,0,0
1768393930386,2266,Create Candidate Request,200,OK,Candidate Creation Thread Group 1-33,text,true,,335,494,80,80,http://localhost:8080/web/index.php/api/v2/recruitment/candidates,2266,0,1
1768393930410,2257,Create Candidate Request,200,OK,Candidate Creation Thread Group 1-75,text,true,,335,494,80,80,http://localhost:8080/web/index.php/api/v2/recruitment/candidates,2257,0,1
1768393930462,2222,Create Candidate Request,200,OK,Candidate Creation Thread Group 1-74,text,true,,335,494,80,80,http://localhost:8080/web/index.php/api/v2/recruitment/candidates,2222,0,0
1768393930481,2218,Create Candidate Request,200,OK,Candidate Creation Thread Group 1-42,text,true,,335,494,80,80,http://localhost:8080/web/index.php/api/v2/recruitment/candidates,2217,0,1
1768393930500,2250,Create Candidate Request,200,OK,Candidate Creation Thread Group 1-48,text,true,,335,494,80,80,http://localhost:8080/web/index.php/api/v2/recruitment/candidates,2249,0,0
1768393930554,2212,Create Candidate Request,200,OK,Candidate Creation Thread Group 1-67,text,true,,332,491,80,80,http://localhost:8080/web/index.php/api/v2/recruitment/candidates,2212,0,0
1768393930571,2212,Create Candidate Request,200,OK,Candidate Creation Thread Group 1-71,text,true,,332,491,80,80,http://localhost:8080/web/index.php/api/v2/recruitment/candidates,2211,0,0
1768393930587,2212,Create Candidate Request,200,OK,Candidate Creation Thread Group 1-58,text,true,,332,491,80,80,http://localhost:8080/web/index.php/api/v2/recruitment/candidates,2212,0,1
1768393930605,2254,Create Candidate Request,200,OK,Candidate Creation Thread Group 1-65,text,true,,332,491,80,80,http://localhost:8080/web/index.php/api/v2/recruitment/candidates,2254,0,1
1768393930655,2220,Create Candidate Request,200,OK,Candidate Creation Thread Group 1-69,text,true,,332,491,80,80,http://localhost:8080/web/index.php/api/v2/recruitment/candidates,2220,0,0
1768393930675,2215,Create Candidate Request,200,OK,Candidate Creation Thread Group 1-5,text,true,,332,491,80,80,http://localhost:8080/web/index.php/api/v2/recruitment/candidates,2215,0,0
1768393930692,2255,Create Candidate Request,200,OK,Candidate Creation Thread Group 1-32,text,true,,332,491,80,80,http://localhost:8080/web/index.php/api/v2/recruitment/candidates,2255,0,0
1768393930741,2223,Create Candidate Request,200,OK,Candidate Creation Thread Group 1-56,text,true,,332,491,80,80,http://localhost:8080/web/index.php/api/v2/recruitment/candidates,2223,0,0
1768393930758,2222,Create Candidate Request,200,OK,Candidate Creation Thread Group 1-18,text,true,,332,491,80,80,http://localhost:8080/web/index.php/api/v2/recruitment/candidates,2222,0,0
1768393930774,2223,Create Candidate Request,200,OK,Candidate Creation Thread Group 1-25,text,true,,335,494,80,80,http://localhost:8080/web/index.php/api/v2/recruitment/candidates,2223,0,1
1768393930792,2260,Create Candidate Request,200,OK,Candidate Creation Thread Group 1-28,text,true,,335,494,80,80,http://localhost:8080/web/index.php/api/v2/recruitment/candidates,2260,0,1
1768393930852,2215,Create Candidate Request,200,OK,Candidate Creation Thread Group 1-72,text,true,,335,494,80,80,http://localhost:8080/web/index.php/api/v2/recruitment/candidates,2214,0,0
1768393930866,2217,Create Candidate Request,200,OK,Candidate Creation Thread Group 1-9,text,true,,335,494,80,80,http://localhost:8080/web/index.php/api/v2/recruitment/candidates,2217,0,1
1768393930883,2221,Create Candidate Request,200,OK,Candidate Creation Thread Group 1-26,text,true,,335,494,80,80,http://localhost:8080/web/index.php/api/v2/recruitment/candidates,2220,0,0
1768393930900,2270,Create Candidate Request,200,OK,Candidate Creation Thread Group 1-17,text,true,,335,494,80,80,http://localhost:8080/web/index.php/api/v2/recruitment/candidates,2270,0,0
1768393930961,2224,Create Candidate Request,200,OK,Candidate Creation Thread Group 1-68,text,true,,335,494,80,80,http://localhost:8080/web/index.php/api/v2/recruitment/candidates,2224,0,0
1768393930979,2224,Create Candidate Request,200,OK,Candidate Creation Thread Group 1-44,text,true,,335,494,80,80,http://localhost:8080/web/index.php/api/v2/recruitment/candidates,2224,0,1
1768393930996,2271,Create Candidate Request,200,OK,Candidate Creation Thread Group 1-27,text,true,,335,494,80,80,http://localhost:8080/web/index.php/api/v2/recruitment/candidates,2271,0,0
1768393931047,2237,Create Candidate Request,200,OK,Candidate Creation Thread Group 1-14,text,true,,335,494,80,80,http://localhost:8080/web/index.php/api/v2/recruitment/candidates,2237,0,0
1768393931062,2278,Create Candidate Request,200,OK,Candidate Creation Thread Group 1-45,text,true,,335,494,80,80,http://localhost:8080/web/index.php/api/v2/recruitment/candidates,2236,0,1
1768393931081,2276,Create Candidate Request,200,OK,Candidate Creation Thread Group 1-22,text,true,,335,494,80,80,http://localhost:8080/web/index.php/api/v2/recruitment/candidates,2275,0,0
1768393931104,2269,Create Candidate Request,200,OK,Candidate Creation Thread Group 1-39,text,true,,335,494,80,80,http://localhost:8080/web/index.php/api/v2/recruitment/candidates,2269,0,0
1768393931154,2238,Create Candidate Request,200,OK,Candidate Creation Thread Group 1-34,text,true,,335,494,80,80,http://localhost:8080/web/index.php/api/v2/recruitment/candidates,2237,0,0
1768393931170,2282,Create Candidate Request,200,OK,Candidate Creation Thread Group 1-38,text,true,,335,494,80,80,http://localhost:8080/web/index.php/api/v2/recruitment/candidates,2282,0,0
1768393931189,2279,Create Candidate Request,200,OK,Candidate Creation Thread Group 1-13,text,true,,335,494,80,80,http://localhost:8080/web/index.php/api/v2/recruitment/candidates,2279,0,1
1768393931206,2281,Create Candidate Request,200,OK,Candidate Creation Thread Group 1-23,text,true,,335,494,80,80,http://localhost:8080/web/index.php/api/v2/recruitment/candidates,2281,0,1
1768393931258,2289,Create Candidate Request,200,OK,Candidate Creation Thread Group 1-12,text,true,,335,494,80,80,http://localhost:8080/web/index.php/api/v2/recruitment/candidates,2289,0,0
1768393931275,2289,Create Candidate Request,200,OK,Candidate Creation Thread Group 1-11,text,true,,335,494,80,80,http://localhost:8080/web/index.php/api/v2/recruitment/candidates,2289,0,0
1768393931293,2288,Create Candidate Request,200,OK,Candidate Creation Thread Group 1-46,text,true,,335,494,80,80,http://localhost:8080/web/index.php/api/v2/recruitment/candidates,2288,0,0
1768393931348,2252,Create Candidate Request,200,OK,Candidate Creation Thread Group 1-59,text,true,,335,494,80,80,http://localhost:8080/web/index.php/api/v2/recruitment/candidates,2251,0,0
1768393931363,2291,Create Candidate Request,200,OK,Candidate Creation Thread Group 1-10,text,true,,335,494,80,80,http://localhost:8080/web/index.php/api/v2/recruitment/candidates,2291,0,0
1768393931381,2288,Create Candidate Request,200,OK,Candidate Creation Thread Group 1-29,text,true,,335,494,80,80,http://localhost:8080/web/index.php/api/v2/recruitment/candidates,2288,0,0
1768393931399,2288,Create Candidate Request,200,OK,Candidate Creation Thread Group 1-20,text,true,,335,494,80,80,http://localhost:8080/web/index.php/api/v2/recruitment/candidates,2288,0,0
1768393931454,2250,Create Candidate Request,200,OK,Candidate Creation Thread Group 1-41,text,true,,335,494,80,80,http://localhost:8080/web/index.php/api/v2/recruitment/candidates,2250,0,0
1768393931472,2296,Create Candidate Request,200,OK,Candidate Creation Thread Group 1-40,text,true,,335,494,80,80,http://localhost:8080/web/index.php/api/v2/recruitment/candidates,2295,0,0
1768393931488,2298,Create Candidate Request,200,OK,Candidate Creation Thread Group 1-21,text,true,,335,494,80,80,http://localhost:8080/web/index.php/api/v2/recruitment/candidates,2298,0,0
1768393931507,2341,Create Candidate Request,200,OK,Candidate Creation Thread Group 1-80,text,true,,335,494,80,80,http://localhost:8080/web/index.php/api/v2/recruitment/candidates,2341,0,0
1768393931558,2307,Create Candidate Request,200,OK,Candidate Creation Thread Group 1-15,text,true,,335,494,80,80,http://localhost:8080/web/index.php/api/v2/recruitment/candidates,2307,0,0
1768393931576,2306,Create Candidate Request,200,OK,Candidate Creation Thread Group 1-63,text,true,,335,494,80,80,http://localhost:8080/web/index.php/api/v2/recruitment/candidates,2305,0,1
1768393931596,2302,Create Candidate Request,200,OK,Candidate Creation Thread Group 1-31,text,true,,335,494,80,80,http://localhost:8080/web/index.php/api/v2/recruitment/candidates,2302,0,0
1768393931659,2301,Create Candidate Request,200,OK,Candidate Creation Thread Group 1-19,text,true,,335,494,80,80,http://localhost:8080/web/index.php/api/v2/recruitment/candidates,2301,0,0
1768393931677,2303,Create Candidate Request,200,OK,Candidate Creation Thread Group 1-49,text,true,,335,494,80,80,http://localhost:8080/web/index.php/api/v2/recruitment/candidates,2302,0,1
1768393931693,2307,Create Candidate Request,200,OK,Candidate Creation Thread Group 1-47,text,true,,335,494,80,80,http://localhost:8080/web/index.php/api/v2/recruitment/candidates,2306,0,0
1768393931708,2351,Create Candidate Request,200,OK,Candidate Creation Thread Group 1-37,text,true,,335,494,80,80,http://localhost:8080/web/index.php/api/v2/recruitment/candidates,2351,0,1
1768393931754,2323,Create Candidate Request,200,OK,Candidate Creation Thread Group 1-3,text,true,,335,494,80,80,http://localhost:8080/web/index.php/api/v2/recruitment/candidates,2322,0,0
1768393931771,2325,Create Candidate Request,200,OK,Candidate Creation Thread Group 1-70,text,true,,335,494,80,80,http://localhost:8080/web/index.php/api/v2/recruitment/candidates,2325,0,0
1768393931786,2327,Create Candidate Request,200,OK,Candidate Creation Thread Group 1-53,text,true,,335,494,80,80,http://localhost:8080/web/index.php/api/v2/recruitment/candidates,2327,0,0
1768393931802,2354,Create Candidate Request,200,OK,Candidate Creation Thread Group 1-60,text,true,,335,494,80,80,http://localhost:8080/web/index.php/api/v2/recruitment/candidates,2353,0,0
1768393931862,2312,Create Candidate Request,200,OK,Candidate Creation Thread Group 1-76,text,true,,335,494,80,80,http://localhost:8080/web/index.php/api/v2/recruitment/candidates,2312,0,0
1768393931880,2314,Create Candidate Request,200,OK,Candidate Creation Thread Group 1-52,text,true,,335,494,80,80,http://localhost:8080/web/index.php/api/v2/recruitment/candidates,2313,0,0
1768393931896,2355,Create Candidate Request,200,OK,Candidate Creation Thread Group 1-66,text,true,,332,491,80,80,http://localhost:8080/web/index.php/api/v2/recruitment/candidates,2355,0,0
1768393931955,2311,Create Candidate Request,200,OK,Candidate Creation Thread Group 1-4,text,true,,332,491,80,80,http://localhost:8080/web/index.php/api/v2/recruitment/candidates,2311,0,0
1768393931971,2310,Create Candidate Request,200,OK,Candidate Creation Thread Group 1-51,text,true,,332,491,80,80,http://localhost:8080/web/index.php/api/v2/recruitment/candidates,2310,0,0
1768393931986,2311,Create Candidate Request,200,OK,Candidate Creation Thread Group 1-64,text,true,,332,491,80,80,http://localhost:8080/web/index.php/api/v2/recruitment/candidates,2311,0,0
1768393932053,2300,Create Candidate Request,200,OK,Candidate Creation Thread Group 1-36,text,true,,332,491,80,80,http://localhost:8080/web/index.php/api/v2/recruitment/candidates,2300,0,1
1768393932068,2301,Create Candidate Request,200,OK,Candidate Creation Thread Group 1-62,text,true,,332,491,80,80,http://localhost:8080/web/index.php/api/v2/recruitment/candidates,2300,0,0
1768393932088,2297,Create Candidate Request,200,OK,Candidate Creation Thread Group 1-1,text,true,,332,491,80,80,http://localhost:8080/web/index.php/api/v2/recruitment/candidates,2297,0,0
1768393932104,2296,Create Candidate Request,200,OK,Candidate Creation Thread Group 1-6,text,true,,332,491,80,80,http://localhost:8080/web/index.php/api/v2/recruitment/candidates,2295,0,1
1768393932159,2305,Create Candidate Request,200,OK,Candidate Creation Thread Group 1-7,text,true,,332,491,80,80,http://localhost:8080/web/index.php/api/v2/recruitment/candidates,2305,0,0
1768393932173,2306,Create Candidate Request,200,OK,Candidate Creation Thread Group 1-54,text,true,,335,494,80,80,http://localhost:8080/web/index.php/api/v2/recruitment/candidates,2305,0,1
1768393932192,2303,Create Candidate Request,200,OK,Candidate Creation Thread Group 1-35,text,true,,335,494,80,80,http://localhost:8080/web/index.php/api/v2/recruitment/candidates,2303,0,0
1768393932241,2308,Create Candidate Request,200,OK,Candidate Creation Thread Group 1-16,text,true,,335,494,80,80,http://localhost:8080/web/index.php/api/v2/recruitment/candidates,2308,0,0
1768393932266,2308,Create Candidate Request,200,OK,Candidate Creation Thread Group 1-2,text,true,,335,494,80,80,http://localhost:8080/web/index.php/api/v2/recruitment/candidates,2308,0,0
1768393932283,2310,Create Candidate Request,200,OK,Candidate Creation Thread Group 1-8,text,true,,335,494,80,80,http://localhost:8080/web/index.php/api/v2/recruitment/candidates,2310,0,0
1768393932347,2319,Create Candidate Request,200,OK,Candidate Creation Thread Group 1-24,text,true,,335,494,80,80,http://localhost:8080/web/index.php/api/v2/recruitment/candidates,2318,0,1
1768393932362,2324,Create Candidate Request,200,OK,Candidate Creation Thread Group 1-61,text,true,,335,494,80,80,http://localhost:8080/web/index.php/api/v2/recruitment/candidates,2324,0,0
1768393932377,2324,Create Candidate Request,200,OK,Candidate Creation Thread Group 1-79,text,true,,335,494,80,80,http://localhost:8080/web/index.php/api/v2/recruitment/candidates,2324,0,0
1768393932393,2327,Create Candidate Request,200,OK,Candidate Creation Thread Group 1-43,text,true,,335,494,80,80,http://localhost:8080/web/index.php/api/v2/recruitment/candidates,2327,0,0
1768393932449,2307,Create Candidate Request,200,OK,Candidate Creation Thread Group 1-78,text,true,,335,494,80,80,http://localhost:8080/web/index.php/api/v2/recruitment/candidates,2306,0,0
1768393932473,2301,Create Candidate Request,200,OK,Candidate Creation Thread Group 1-50,text,true,,335,494,80,80,http://localhost:8080/web/index.php/api/v2/recruitment/candidates,2300,0,0
1768393932489,2351,Create Candidate Request,200,OK,Candidate Creation Thread Group 1-77,text,true,,335,494,80,80,http://localhost:8080/web/index.php/api/v2/recruitment/candidates,2304,0,0
1768393932551,2306,Create Candidate Request,200,OK,Candidate Creation Thread Group 1-30,text,true,,335,494,80,80,http://localhost:8080/web/index.php/api/v2/recruitment/candidates,2306,0,0
1768393932567,2307,Create Candidate Request,200,OK,Candidate Creation Thread Group 1-73,text,true,,335,494,80,80,http://localhost:8080/web/index.php/api/v2/recruitment/candidates,2307,0,0
1768393932584,2305,Create Candidate Request,200,OK,Candidate Creation Thread Group 1-55,text,true,,335,494,80,80,http://localhost:8080/web/index.php/api/v2/recruitment/candidates,2305,0,0
1768393932601,2306,Create Candidate Request,200,OK,Candidate Creation Thread Group 1-57,text,true,,335,494,80,80,http://localhost:8080/web/index.php/api/v2/recruitment/candidates,2306,0,0
1768393932652,2305,Create Candidate Request,200,OK,Candidate Creation Thread Group 1-33,text,true,,335,494,80,80,http://localhost:8080/web/index.php/api/v2/recruitment/candidates,2305,0,0
1768393932668,2306,Create Candidate Request,200,OK,Candidate Creation Thread Group 1-75,text,true,,335,494,80,80,http://localhost:8080/web/index.php/api/v2/recruitment/candidates,2305,0,0
1768393932684,2305,Create Candidate Request,200,OK,Candidate Creation Thread Group 1-74,text,true,,335,494,80,80,http://localhost:8080/web/index.php/api/v2/recruitment/candidates,2304,0,1
1768393932699,2349,Create Candidate Request,200,OK,Candidate Creation Thread Group 1-42,text,true,,335,494,80,80,http://localhost:8080/web/index.php/api/v2/recruitment/candidates,2348,0,0
1768393932750,2314,Create Candidate Request,200,OK,Candidate Creation Thread Group 1-48,text,true,,335,494,80,80,http://localhost:8080/web/index.php/api/v2/recruitment/candidates,2313,0,0
1768393932766,2314,Create Candidate Request,200,OK,Candidate Creation Thread Group 1-67,text,true,,335,494,80,80,http://localhost:8080/web/index.php/api/v2/recruitment/candidates,2314,0,0
1768393932783,2313,Create Candidate Request,200,OK,Candidate Creation Thread Group 1-71,text,true,,335,494,80,80,http://localhost:8080/web/index.php/api/v2/recruitment/candidates,2312,0,0
1768393932799,2368,Create Candidate Request,200,OK,Candidate Creation Thread Group 1-58,text,true,,335,494,80,80,http://localhost:8080/web/index.php/api/v2/recruitment/candidates,2367,0,0
1768393932859,2325,Create Candidate Request,200,OK,Candidate Creation Thread Group 1-65,text,true,,335,494,80,80,http://localhost:8080/web/index.php/api/v2/recruitment/candidates,2324,0,1
1768393932875,2324,Create Candidate Request,200,OK,Candidate Creation Thread Group 1-69,text,true,,335,494,80,80,http://localhost:8080/web/index.php/api/v2/recruitment/candidates,2324,0,1
1768393932890,2362,Create Candidate Request,200,OK,Candidate Creation Thread Group 1-5,text,true,,335,494,80,80,http://localhost:8080/web/index.php/api/v2/recruitment/candidates,2362,0,1
1768393932947,2322,Create Candidate Request,200,OK,Candidate Creation Thread Group 1-32,text,true,,335,494,80,80,http://localhost:8080/web/index.php/api/v2/recruitment/candidates,2322,0,0
1768393932964,2320,Create Candidate Request,200,OK,Candidate Creation Thread Group 1-56,text,true,,335,494,80,80,http://localhost:8080/web/index.php/api/v2/recruitment/candidates,2319,0,1
1768393932981,2317,Create Candidate Request,200,OK,Candidate Creation Thread Group 1-18,text,true,,335,494,80,80,http://localhost:8080/web/index.php/api/v2/recruitment/candidates,2317,0,0
1768393932998,2357,Create Candidate Request,200,OK,Candidate Creation Thread Group 1-25,text,true,,335,494,80,80,http://localhost:8080/web/index.php/api/v2/recruitment/candidates,2356,0,0
1768393933052,2319,Create Candidate Request,200,OK,Candidate Creation Thread Group 1-28,text,true,,335,494,80,80,http://localhost:8080/web/index.php/api/v2/recruitment/candidates,2319,0,0
1768393933067,2319,Create Candidate Request,200,OK,Candidate Creation Thread Group 1-72,text,true,,335,494,80,80,http://localhost:8080/web/index.php/api/v2/recruitment/candidates,2319,0,0
1768393933084,2322,Create Candidate Request,200,OK,Candidate Creation Thread Group 1-9,text,true,,335,494,80,80,http://localhost:8080/web/index.php/api/v2/recruitment/candidates,2321,0,0
1768393933104,2353,Create Candidate Request,200,OK,Candidate Creation Thread Group 1-26,text,true,,335,494,80,80,http://localhost:8080/web/index.php/api/v2/recruitment/candidates,2353,0,0
1768393933170,2302,Create Candidate Request,200,OK,Candidate Creation Thread Group 1-17,text,true,,335,494,80,80,http://localhost:8080/web/index.php/api/v2/recruitment/candidates,2302,0,1
1768393933185,2305,Create Candidate Request,200,OK,Candidate Creation Thread Group 1-68,text,true,,335,494,80,80,http://localhost:8080/web/index.php/api/v2/recruitment/candidates,2305,0,0
1768393933203,2350,Create Candidate Request,200,OK,Candidate Creation Thread Group 1-44,text,true,,335,494,80,80,http://localhost:8080/web/index.php/api/v2/recruitment/candidates,2350,0,0
1768393933267,2300,Create Candidate Request,200,OK,Candidate Creation Thread Group 1-27,text,true,,335,494,80,80,http://localhost:8080/web/index.php/api/v2/recruitment/candidates,2300,0,0
1768393933284,2303,Create Candidate Request,200,OK,Candidate Creation Thread Group 1-14,text,true,,335,494,80,80,http://localhost:8080/web/index.php/api/v2/recruitment/candidates,2303,0,0
1768393933341,2261,Create Candidate Request,200,OK,Candidate Creation Thread Group 1-45,text,true,,335,494,80,80,http://localhost:8080/web/index.php/api/v2/recruitment/candidates,2261,0,0
1768393933358,2300,Create Candidate Request,200,OK,Candidate Creation Thread Group 1-22,text,true,,332,491,80,80,http://localhost:8080/web/index.php/api/v2/recruitment/candidates,2299,0,0
1768393933374,2300,Create Candidate Request,200,OK,Candidate Creation Thread Group 1-39,text,true,,332,491,80,80,http://localhost:8080/web/index.php/api/v2/recruitment/candidates,2300,0,0
1768393933392,2299,Create Candidate Request,200,OK,Candidate Creation Thread Group 1-34,text,true,,332,491,80,80,http://localhost:8080/web/index.php/api/v2/recruitment/candidates,2299,0,0
1768393933452,2254,Create Candidate Request,200,OK,Candidate Creation Thread Group 1-38,text,true,,332,491,80,80,http://localhost:8080/web/index.php/api/v2/recruitment/candidates,2253,0,1
1768393933469,2296,Create Candidate Request,200,OK,Candidate Creation Thread Group 1-13,text,true,,332,491,80,80,http://localhost:8080/web/index.php/api/v2/recruitment/candidates,2295,0,0
1768393933487,2298,Create Candidate Request,200,OK,Candidate Creation Thread Group 1-23,text,true,,332,491,80,80,http://localhost:8080/web/index.php/api/v2/recruitment/candidates,2298,0,0
1768393933548,2251,Create Candidate Request,200,OK,Candidate Creation Thread Group 1-12,text,true,,332,491,80,80,http://localhost:8080/web/index.php/api/v2/recruitment/candidates,2251,0,0
1768393933564,2297,Create Candidate Request,200,OK,Candidate Creation Thread Group 1-11,text,true,,332,491,80,80,http://localhost:8080/web/index.php/api/v2/recruitment/candidates,2296,0,1
1768393933582,2296,Create Candidate Request,200,OK,Candidate Creation Thread Group 1-46,text,true,,332,491,80,80,http://localhost:8080/web/index.php/api/v2/recruitment/candidates,2296,0,0
1768393933600,2294,Create Candidate Request,200,OK,Candidate Creation Thread Group 1-59,text,true,,335,494,80,80,http://localhost:8080/web/index.php/api/v2/recruitment/candidates,2294,0,0
1768393933654,2294,Create Candidate Request,200,OK,Candidate Creation Thread Group 1-10,text,true,,335,494,80,80,http://localhost:8080/web/index.php/api/v2/recruitment/candidates,2294,0,0
1768393933669,2296,Create Candidate Request,200,OK,Candidate Creation Thread Group 1-29,text,true,,335,494,80,80,http://localhost:8080/web/index.php/api/v2/recruitment/candidates,2296,0,1
1768393933688,2293,Create Candidate Request,200,OK,Candidate Creation Thread Group 1-20,text,true,,335,494,80,80,http://localhost:8080/web/index.php/api/v2/recruitment/candidates,2293,0,0
1768393933704,2295,Create Candidate Request,200,OK,Candidate Creation Thread Group 1-41,text,true,,335,494,80,80,http://localhost:8080/web/index.php/api/v2/recruitment/candidates,2295,0,0
1768393933768,2285,Create Candidate Request,200,OK,Candidate Creation Thread Group 1-40,text,true,,335,494,80,80,http://localhost:8080/web/index.php/api/v2/recruitment/candidates,2285,0,0
1768393933786,2282,Create Candidate Request,200,OK,Candidate Creation Thread Group 1-21,text,true,,335,494,80,80,http://localhost:8080/web/index.php/api/v2/recruitment/candidates,2282,0,0
1768393933848,2238,Create Candidate Request,200,OK,Candidate Creation Thread Group 1-80,text,true,,335,494,80,80,http://localhost:8080/web/index.php/api/v2/recruitment/candidates,2238,0,0
1768393933866,2239,Create Candidate Request,200,OK,Candidate Creation Thread Group 1-15,text,true,,335,494,80,80,http://localhost:8080/web/index.php/api/v2/recruitment/candidates,2239,0,0
1768393933882,2280,Create Candidate Request,200,OK,Candidate Creation Thread Group 1-63,text,true,,335,494,80,80,http://localhost:8080/web/index.php/api/v2/recruitment/candidates,2280,0,0
1768393933898,2281,Create Candidate Request,200,OK,Candidate Creation Thread Group 1-31,text,true,,335,494,80,80,http://localhost:8080/web/index.php/api/v2/recruitment/candidates,2281,0,0
1768393936162,35,Create Candidate Request,200,OK,Candidate Creation Thread Group 1-63,text,true,,335,494,80,80,http://localhost:8080/web/index.php/api/v2/recruitment/candidates,35,0,1
1768393933960,2286,Create Candidate Request,200,OK,Candidate Creation Thread Group 1-19,text,true,,335,494,80,80,http://localhost:8080/web/index.php/api/v2/recruitment/candidates,2286,0,1
1768393933980,2283,Create Candidate Request,200,OK,Candidate Creation Thread Group 1-49,text,true,,335,494,80,80,http://localhost:8080/web/index.php/api/v2/recruitment/candidates,2283,0,0
1768393934000,2283,Create Candidate Request,200,OK,Candidate Creation Thread Group 1-47,text,true,,335,494,80,80,http://localhost:8080/web/index.php/api/v2/recruitment/candidates,2283,0,0
1768393934059,2240,Create Candidate Request,200,OK,Candidate Creation Thread Group 1-37,text,true,,335,494,80,80,http://localhost:8080/web/index.php/api/v2/recruitment/candidates,2240,0,1
1768393934077,2271,Create Candidate Request,200,OK,Candidate Creation Thread Group 1-3,text,true,,335,494,80,80,http://localhost:8080/web/index.php/api/v2/recruitment/candidates,2271,0,0
1768393934096,2267,Create Candidate Request,200,OK,Candidate Creation Thread Group 1-70,text,true,,335,494,80,80,http://localhost:8080/web/index.php/api/v2/recruitment/candidates,2266,0,0
1768393934113,2267,Create Candidate Request,200,OK,Candidate Creation Thread Group 1-53,text,true,,335,494,80,80,http://localhost:8080/web/index.php/api/v2/recruitment/candidates,2267,0,1
1768393934156,2239,Create Candidate Request,200,OK,Candidate Creation Thread Group 1-60,text,true,,335,494,80,80,http://localhost:8080/web/index.php/api/v2/recruitment/candidates,2239,0,0
1768393934174,2274,Create Candidate Request,200,OK,Candidate Creation Thread Group 1-76,text,true,,335,494,80,80,http://localhost:8080/web/index.php/api/v2/recruitment/candidates,2274,0,1
1768393934194,2271,Create Candidate Request,200,OK,Candidate Creation Thread Group 1-52,text,true,,335,494,80,80,http://localhost:8080/web/index.php/api/v2/recruitment/candidates,2270,0,0
1768393934251,2230,Create Candidate Request,200,OK,Candidate Creation Thread Group 1-66,text,true,,335,494,80,80,http://localhost:8080/web/index.php/api/v2/recruitment/candidates,2230,0,1
1768393934266,2230,Create Candidate Request,200,OK,Candidate Creation Thread Group 1-4,text,true,,335,494,80,80,http://localhost:8080/web/index.php/api/v2/recruitment/candidates,2230,0,0
1768393934281,2278,Create Candidate Request,200,OK,Candidate Creation Thread Group 1-51,text,true,,335,494,80,80,http://localhost:8080/web/index.php/api/v2/recruitment/candidates,2278,0,1
1768393934297,2279,Create Candidate Request,200,OK,Candidate Creation Thread Group 1-64,text,true,,335,494,80,80,http://localhost:8080/web/index.php/api/v2/recruitment/candidates,2279,0,0
1768393934353,2241,Create Candidate Request,200,OK,Candidate Creation Thread Group 1-36,text,true,,335,494,80,80,http://localhost:8080/web/index.php/api/v2/recruitment/candidates,2241,0,0
1768393934369,2285,Create Candidate Request,200,OK,Candidate Creation Thread Group 1-62,text,true,,335,494,80,80,http://localhost:8080/web/index.php/api/v2/recruitment/candidates,2285,0,0
1768393934385,2284,Create Candidate Request,200,OK,Candidate Creation Thread Group 1-1,text,true,,335,494,80,80,http://localhost:8080/web/index.php/api/v2/recruitment/candidates,2284,0,0
1768393934400,2287,Create Candidate Request,200,OK,Candidate Creation Thread Group 1-6,text,true,,335,494,80,80,http://localhost:8080/web/index.php/api/v2/recruitment/candidates,2287,0,0
1768393934464,2238,Create Candidate Request,200,OK,Candidate Creation Thread Group 1-7,text,true,,335,494,80,80,http://localhost:8080/web/index.php/api/v2/recruitment/candidates,2238,0,0
1768393934479,2285,Create Candidate Request,200,OK,Candidate Creation Thread Group 1-54,text,true,,335,494,80,80,http://localhost:8080/web/index.php/api/v2/recruitment/candidates,2285,0,0
1768393934495,2284,Create Candidate Request,200,OK,Candidate Creation Thread Group 1-35,text,true,,335,494,80,80,http://localhost:8080/web/index.php/api/v2/recruitment/candidates,2284,0,1
1768393934550,2245,Create Candidate Request,200,OK,Candidate Creation Thread Group 1-16,text,true,,335,494,80,80,http://localhost:8080/web/index.php/api/v2/recruitment/candidates,2245,0,0
1768393934574,2280,Create Candidate Request,200,OK,Candidate Creation Thread Group 1-2,text,true,,335,494,80,80,http://localhost:8080/web/index.php/api/v2/recruitment/candidates,2280,0,1
1768393934593,2278,Create Candidate Request,200,OK,Candidate Creation Thread Group 1-8,text,true,,335,494,80,80,http://localhost:8080/web/index.php/api/v2/recruitment/candidates,2278,0,0
1768393934666,2225,Create Candidate Request,200,OK,Candidate Creation Thread Group 1-24,text,true,,335,494,80,80,http://localhost:8080/web/index.php/api/v2/recruitment/candidates,2224,0,0
1768393934686,2222,Create Candidate Request,200,OK,Candidate Creation Thread Group 1-61,text,true,,335,494,80,80,http://localhost:8080/web/index.php/api/v2/recruitment/candidates,2222,0,0
1768393934720,2233,Create Candidate Request,200,OK,Candidate Creation Thread Group 1-43,text,true,,335,494,80,80,http://localhost:8080/web/index.php/api/v2/recruitment/candidates,2233,0,1
1768393934701,2267,Create Candidate Request,200,OK,Candidate Creation Thread Group 1-79,text,true,,335,494,80,80,http://localhost:8080/web/index.php/api/v2/recruitment/candidates,2266,0,1
1768393934756,2228,Create Candidate Request,200,OK,Candidate Creation Thread Group 1-78,text,true,,335,494,80,80,http://localhost:8080/web/index.php/api/v2/recruitment/candidates,2228,0,0
1768393934774,2228,Create Candidate Request,200,OK,Candidate Creation Thread Group 1-50,text,true,,335,494,80,80,http://localhost:8080/web/index.php/api/v2/recruitment/candidates,2227,0,0
1768393934842,2220,Create Candidate Request,200,OK,Candidate Creation Thread Group 1-77,text,true,,332,491,80,80,http://localhost:8080/web/index.php/api/v2/recruitment/candidates,2220,0,0
1768393934858,2222,Create Candidate Request,200,OK,Candidate Creation Thread Group 1-30,text,true,,332,491,80,80,http://localhost:8080/web/index.php/api/v2/recruitment/candidates,2222,0,0
1768393934875,2221,Create Candidate Request,200,OK,Candidate Creation Thread Group 1-73,text,true,,332,491,80,80,http://localhost:8080/web/index.php/api/v2/recruitment/candidates,2221,0,0
1768393934889,2223,Create Candidate Request,200,OK,Candidate Creation Thread Group 1-55,text,true,,332,491,80,80,http://localhost:8080/web/index.php/api/v2/recruitment/candidates,2223,0,1
1768393934908,2249,Create Candidate Request,200,OK,Candidate Creation Thread Group 1-57,text,true,,332,491,80,80,http://localhost:8080/web/index.php/api/v2/recruitment/candidates,2248,0,0
1768393934957,2216,Create Candidate Request,200,OK,Candidate Creation Thread Group 1-33,text,true,,332,491,80,80,http://localhost:8080/web/index.php/api/v2/recruitment/candidates,2216,0,0
1768393934974,2217,Create Candidate Request,200,OK,Candidate Creation Thread Group 1-75,text,true,,332,491,80,80,http://localhost:8080/web/index.php/api/v2/recruitment/candidates,2216,0,0
1768393934989,2216,Create Candidate Request,200,OK,Candidate Creation Thread Group 1-74,text,true,,332,491,80,80,http://localhost:8080/web/index.php/api/v2/recruitment/candidates,2216,0,0
1768393935048,2216,Create Candidate Request,200,OK,Candidate Creation Thread Group 1-42,text,true,,332,491,80,80,http://localhost:8080/web/index.php/api/v2/recruitment/candidates,2216,0,0
1768393935064,2216,Create Candidate Request,200,OK,Candidate Creation Thread Group 1-48,text,true,,335,494,80,80,http://localhost:8080/web/index.php/api/v2/recruitment/candidates,2216,0,0
1768393935080,2217,Create Candidate Request,200,OK,Candidate Creation Thread Group 1-67,text,true,,335,494,80,80,http://localhost:8080/web/index.php/api/v2/recruitment/candidates,2216,0,0
1768393935096,2256,Create Candidate Request,200,OK,Candidate Creation Thread Group 1-71,text,true,,335,494,80,80,http://localhost:8080/web/index.php/api/v2/recruitment/candidates,2256,0,0
1768393935167,2201,Create Candidate Request,200,OK,Candidate Creation Thread Group 1-58,text,true,,335,494,80,80,http://localhost:8080/web/index.php/api/v2/recruitment/candidates,2200,0,0
1768393935184,2199,Create Candidate Request,200,OK,Candidate Creation Thread Group 1-65,text,true,,335,494,80,80,http://localhost:8080/web/index.php/api/v2/recruitment/candidates,2199,0,0
1768393935199,2200,Create Candidate Request,200,OK,Candidate Creation Thread Group 1-69,text,true,,335,494,80,80,http://localhost:8080/web/index.php/api/v2/recruitment/candidates,2199,0,0
1768393935252,2207,Create Candidate Request,200,OK,Candidate Creation Thread Group 1-5,text,true,,335,494,80,80,http://localhost:8080/web/index.php/api/v2/recruitment/candidates,2207,0,0
1768393935269,2209,Create Candidate Request,200,OK,Candidate Creation Thread Group 1-32,text,true,,335,494,80,80,http://localhost:8080/web/index.php/api/v2/recruitment/candidates,2209,0,0
1768393935284,2211,Create Candidate Request,200,OK,Candidate Creation Thread Group 1-56,text,true,,335,494,80,80,http://localhost:8080/web/index.php/api/v2/recruitment/candidates,2211,0,0
1768393935298,2261,Create Candidate Request,200,OK,Candidate Creation Thread Group 1-18,text,true,,335,494,80,80,http://localhost:8080/web/index.php/api/v2/recruitment/candidates,2261,0,1
1768393935355,2219,Create Candidate Request,200,OK,Candidate Creation Thread Group 1-25,text,true,,335,494,80,80,http://localhost:8080/web/index.php/api/v2/recruitment/candidates,2219,0,0
1768393935371,2219,Create Candidate Request,200,OK,Candidate Creation Thread Group 1-28,text,true,,335,494,80,80,http://localhost:8080/web/index.php/api/v2/recruitment/candidates,2219,0,1
1768393935386,2272,Create Candidate Request,200,OK,Candidate Creation Thread Group 1-72,text,true,,335,494,80,80,http://localhost:8080/web/index.php/api/v2/recruitment/candidates,2272,0,0
1768393935406,2267,Create Candidate Request,200,OK,Candidate Creation Thread Group 1-9,text,true,,335,494,80,80,http://localhost:8080/web/index.php/api/v2/recruitment/candidates,2266,0,0
1768393935458,2309,Create Candidate Request,200,OK,Candidate Creation Thread Group 1-26,text,true,,335,494,80,80,http://localhost:8080/web/index.php/api/v2/recruitment/candidates,2309,0,0
1768393935472,2310,Create Candidate Request,200,OK,Candidate Creation Thread Group 1-17,text,true,,335,494,80,80,http://localhost:8080/web/index.php/api/v2/recruitment/candidates,2310,0,1
1768393935490,2307,Create Candidate Request,200,OK,Candidate Creation Thread Group 1-68,text,true,,335,494,80,80,http://localhost:8080/web/index.php/api/v2/recruitment/candidates,2307,0,1
1768393935553,2299,Create Candidate Request,200,OK,Candidate Creation Thread Group 1-44,text,true,,335,494,80,80,http://localhost:8080/web/index.php/api/v2/recruitment/candidates,2298,0,0
1768393935568,2298,Create Candidate Request,200,OK,Candidate Creation Thread Group 1-27,text,true,,335,494,80,80,http://localhost:8080/web/index.php/api/v2/recruitment/candidates,2298,0,0
1768393935587,2295,Create Candidate Request,200,OK,Candidate Creation Thread Group 1-14,text,true,,335,494,80,80,http://localhost:8080/web/index.php/api/v2/recruitment/candidates,2295,0,0
1768393935602,2294,Create Candidate Request,200,OK,Candidate Creation Thread Group 1-45,text,true,,335,494,80,80,http://localhost:8080/web/index.php/api/v2/recruitment/candidates,2294,0,1
1768393935658,2311,Create Candidate Request,200,OK,Candidate Creation Thread Group 1-22,text,true,,335,494,80,80,http://localhost:8080/web/index.php/api/v2/recruitment/candidates,2311,0,0
1768393935674,2313,Create Candidate Request,200,OK,Candidate Creation Thread Group 1-39,text,true,,335,494,80,80,http://localhost:8080/web/index.php/api/v2/recruitment/candidates,2313,0,0
1768393935691,2312,Create Candidate Request,200,OK,Candidate Creation Thread Group 1-34,text,true,,335,494,80,80,http://localhost:8080/web/index.php/api/v2/recruitment/candidates,2312,0,0
1768393935706,2343,Create Candidate Request,200,OK,Candidate Creation Thread Group 1-38,text,true,,335,494,80,80,http://localhost:8080/web/index.php/api/v2/recruitment/candidates,2342,0,0
1768393935765,2300,Create Candidate Request,200,OK,Candidate Creation Thread Group 1-13,text,true,,335,494,80,80,http://localhost:8080/web/index.php/api/v2/recruitment/candidates,2300,0,0
1768393935785,2297,Create Candidate Request,200,OK,Candidate Creation Thread Group 1-23,text,true,,335,494,80,80,http://localhost:8080/web/index.php/api/v2/recruitment/candidates,2296,0,0
1768393935799,2298,Create Candidate Request,200,OK,Candidate Creation Thread Group 1-12,text,true,,335,494,80,80,http://localhost:8080/web/index.php/api/v2/recruitment/candidates,2298,0,1
1768393935861,2292,Create Candidate Request,200,OK,Candidate Creation Thread Group 1-11,text,true,,335,494,80,80,http://localhost:8080/web/index.php/api/v2/recruitment/candidates,2292,0,0
1768393935878,2290,Create Candidate Request,200,OK,Candidate Creation Thread Group 1-46,text,true,,335,494,80,80,http://localhost:8080/web/index.php/api/v2/recruitment/candidates,2290,0,0
1768393935894,2292,Create Candidate Request,200,OK,Candidate Creation Thread Group 1-59,text,true,,335,494,80,80,http://localhost:8080/web/index.php/api/v2/recruitment/candidates,2292,0,0
1768393935949,2254,Create Candidate Request,200,OK,Candidate Creation Thread Group 1-10,text,true,,335,494,80,80,http://localhost:8080/web/index.php/api/v2/recruitment/candidates,2254,0,0
1768393935965,2305,Create Candidate Request,200,OK,Candidate Creation Thread Group 1-29,text,true,,335,494,80,80,http://localhost:8080/web/index.php/api/v2/recruitment/candidates,2304,0,0
1768393935981,2304,Create Candidate Request,200,OK,Candidate Creation Thread Group 1-20,text,true,,335,494,80,80,http://localhost:8080/web/index.php/api/v2/recruitment/candidates,2303,0,0
1768393935999,2302,Create Candidate Request,200,OK,Candidate Creation Thread Group 1-41,text,true,,335,494,80,80,http://localhost:8080/web/index.php/api/v2/recruitment/candidates,2302,0,1
1768393936053,2304,Create Candidate Request,200,OK,Candidate Creation Thread Group 1-40,text,true,,335,494,80,80,http://localhost:8080/web/index.php/api/v2/recruitment/candidates,2303,0,1
1768393936068,2305,Create Candidate Request,200,OK,Candidate Creation Thread Group 1-21,text,true,,335,494,80,80,http://localhost:8080/web/index.php/api/v2/recruitment/candidates,2305,0,0
1768393936087,2303,Create Candidate Request,200,OK,Candidate Creation Thread Group 1-80,text,true,,335,494,80,80,http://localhost:8080/web/index.php/api/v2/recruitment/candidates,2303,0,0
1768393936105,2300,Create Candidate Request,200,OK,Candidate Creation Thread Group 1-15,text,true,,335,494,80,80,http://localhost:8080/web/index.php/api/v2/recruitment/candidates,2300,0,0
1768393936179,2277,Create Candidate Request,200,OK,Candidate Creation Thread Group 1-31,text,true,,335,494,80,80,http://localhost:8080/web/index.php/api/v2/recruitment/candidates,2277,0,0
1768393936198,2274,Create Candidate Request,200,OK,Candidate Creation Thread Group 1-63,text,true,,332,491,80,80,http://localhost:8080/web/index.php/api/v2/recruitment/candidates,2274,0,1
1768393936247,2240,Create Candidate Request,200,OK,Candidate Creation Thread Group 1-19,text,true,,332,491,80,80,http://localhost:8080/web/index.php/api/v2/recruitment/candidates,2240,0,0
1768393936263,2240,Create Candidate Request,200,OK,Candidate Creation Thread Group 1-49,text,true,,332,491,80,80,http://localhost:8080/web/index.php/api/v2/recruitment/candidates,2240,0,0
1768393936283,2263,Create Candidate Request,200,OK,Candidate Creation Thread Group 1-47,text,true,,332,491,80,80,http://localhost:8080/web/index.php/api/v2/recruitment/candidates,2263,0,1
1768393936300,2263,Create Candidate Request,200,OK,Candidate Creation Thread Group 1-37,text,true,,332,491,80,80,http://localhost:8080/web/index.php/api/v2/recruitment/candidates,2263,0,0
1768393936348,2230,Create Candidate Request,200,OK,Candidate Creation Thread Group 1-3,text,true,,332,491,80,80,http://localhost:8080/web/index.php/api/v2/recruitment/candidates,2230,0,0
1768393936363,2232,Create Candidate Request,200,OK,Candidate Creation Thread Group 1-70,text,true,,332,491,80,80,http://localhost:8080/web/index.php/api/v2/recruitment/candidates,2232,0,0
1768393936380,2287,Create Candidate Request,200,OK,Candidate Creation Thread Group 1-53,text,true,,332,491,80,80,http://localhost:8080/web/index.php/api/v2/recruitment/candidates,2286,0,1
1768393936395,2291,Create Candidate Request,200,OK,Candidate Creation Thread Group 1-60,text,true,,332,491,80,80,http://localhost:8080/web/index.php/api/v2/recruitment/candidates,2291,0,0
1768393936448,2254,Create Candidate Request,200,OK,Candidate Creation Thread Group 1-76,text,true,,335,494,80,80,http://localhost:8080/web/index.php/api/v2/recruitment/candidates,2254,0,0
1768393936465,2302,Create Candidate Request,200,OK,Candidate Creation Thread Group 1-52,text,true,,335,494,80,80,http://localhost:8080/web/index.php/api/v2/recruitment/candidates,2302,0,0
1768393936481,2301,Create Candidate Request,200,OK,Candidate Creation Thread Group 1-66,text,true,,335,494,80,80,http://localhost:8080/web/index.php/api/v2/recruitment/candidates,2301,0,0
1768393936496,2302,Create Candidate Request,200,OK,Candidate Creation Thread Group 1-4,text,true,,335,494,80,80,http://localhost:8080/web/index.php/api/v2/recruitment/candidates,2301,0,0
1768393936559,2295,Create Candidate Request,200,OK,Candidate Creation Thread Group 1-51,text,true,,335,494,80,80,http://localhost:8080/web/index.php/api/v2/recruitment/candidates,2295,0,0
1768393936576,2294,Create Candidate Request,200,OK,Candidate Creation Thread Group 1-64,text,true,,335,494,80,80,http://localhost:8080/web/index.php/api/v2/recruitment/candidates,2294,0,0
1768393936594,2293,Create Candidate Request,200,OK,Candidate Creation Thread Group 1-36,text,true,,335,494,80,80,http://localhost:8080/web/index.php/api/v2/recruitment/candidates,2292,0,0
1768393936654,2251,Create Candidate Request,200,OK,Candidate Creation Thread Group 1-62,text,true,,335,494,80,80,http://localhost:8080/web/index.php/api/v2/recruitment/candidates,2251,0,1
1768393936669,2298,Create Candidate Request,200,OK,Candidate Creation Thread Group 1-1,text,true,,335,494,80,80,http://localhost:8080/web/index.php/api/v2/recruitment/candidates,2298,0,0
1768393936687,2296,Create Candidate Request,200,OK,Candidate Creation Thread Group 1-6,text,true,,335,494,80,80,http://localhost:8080/web/index.php/api/v2/recruitment/candidates,2296,0,1
1768393936702,2298,Create Candidate Request,200,OK,Candidate Creation Thread Group 1-7,text,true,,335,494,80,80,http://localhost:8080/web/index.php/api/v2/recruitment/candidates,2298,0,0
1768393936764,2291,Create Candidate Request,200,OK,Candidate Creation Thread Group 1-54,text,true,,335,494,80,80,http://localhost:8080/web/index.php/api/v2/recruitment/candidates,2290,0,0
1768393936780,2291,Create Candidate Request,200,OK,Candidate Creation Thread Group 1-35,text,true,,335,494,80,80,http://localhost:8080/web/index.php/api/v2/recruitment/candidates,2290,0,0
1768393936795,2294,Create Candidate Request,200,OK,Candidate Creation Thread Group 1-16,text,true,,335,494,80,80,http://localhost:8080/web/index.php/api/v2/recruitment/candidates,2293,0,0
1768393936854,2256,Create Candidate Request,200,OK,Candidate Creation Thread Group 1-2,text,true,,335,494,80,80,http://localhost:8080/web/index.php/api/v2/recruitment/candidates,2256,0,1
1768393936871,2284,Create Candidate Request,200,OK,Candidate Creation Thread Group 1-8,text,true,,335,494,80,80,http://localhost:8080/web/index.php/api/v2/recruitment/candidates,2283,0,0
1768393936891,2280,Create Candidate Request,200,OK,Candidate Creation Thread Group 1-24,text,true,,335,494,80,80,http://localhost:8080/web/index.php/api/v2/recruitment/candidates,2280,0,0
1768393936908,2278,Create Candidate Request,200,OK,Candidate Creation Thread Group 1-61,text,true,,335,494,80,80,http://localhost:8080/web/index.php/api/v2/recruitment/candidates,2278,0,0
1768393936953,2251,Create Candidate Request,200,OK,Candidate Creation Thread Group 1-43,text,true,,335,494,80,80,http://localhost:8080/web/index.php/api/v2/recruitment/candidates,2251,0,1
1768393936968,2290,Create Candidate Request,200,OK,Candidate Creation Thread Group 1-79,text,true,,335,494,80,80,http://localhost:8080/web/index.php/api/v2/recruitment/candidates,2290,0,0
1768393936984,2292,Create Candidate Request,200,OK,Candidate Creation Thread Group 1-78,text,true,,335,494,80,80,http://localhost:8080/web/index.php/api/v2/recruitment/candidates,2292,0,0
1768393937002,2290,Create Candidate Request,200,OK,Candidate Creation Thread Group 1-50,text,true,,335,494,80,80,http://localhost:8080/web/index.php/api/v2/recruitment/candidates,2290,0,0
1768393937063,2294,Create Candidate Request,200,OK,Candidate Creation Thread Group 1-77,text,true,,335,494,80,80,http://localhost:8080/web/index.php/api/v2/recruitment/candidates,2294,0,0
1768393937080,2292,Create Candidate Request,200,OK,Candidate Creation Thread Group 1-30,text,true,,335,494,80,80,http://localhost:8080/web/index.php/api/v2/recruitment/candidates,2291,0,1
1768393937096,2296,Create Candidate Request,200,OK,Candidate Creation Thread Group 1-73,text,true,,335,494,80,80,http://localhost:8080/web/index.php/api/v2/recruitment/candidates,2295,0,1
1768393937113,2295,Create Candidate Request,200,OK,Candidate Creation Thread Group 1-55,text,true,,335,494,80,80,http://localhost:8080/web/index.php/api/v2/recruitment/candidates,2295,0,0
1768393937157,2307,Create Candidate Request,200,OK,Candidate Creation Thread Group 1-57,text,true,,335,494,80,80,http://localhost:8080/web/index.php/api/v2/recruitment/candidates,2307,0,0
1768393937174,2307,Create Candidate Request,200,OK,Candidate Creation Thread Group 1-33,text,true,,335,494,80,80,http://localhost:8080/web/index.php/api/v2/recruitment/candidates,2307,0,0
1768393937191,2306,Create Candidate Request,200,OK,Candidate Creation Thread Group 1-75,text,true,,335,494,80,80,http://localhost:8080/web/index.php/api/v2/recruitment/candidates,2306,0,0
1768393937205,2364,Create Candidate Request,200,OK,Candidate Creation Thread Group 1-74,text,true,,335,494,80,80,http://localhost:8080/web/index.php/api/v2/recruitment/candidates,2364,0,1
1768393937265,2322,Create Candidate Request,200,OK,Candidate Creation Thread Group 1-42,text,true,,335,494,80,80,http://localhost:8080/web/index.php/api/v2/recruitment/candidates,2322,0,0
1768393937280,2361,Create Candidate Request,200,OK,Candidate Creation Thread Group 1-48,text,true,,335,494,80,80,http://localhost:8080/web/index.php/api/v2/recruitment/candidates,2324,0,0
1768393937297,2358,Create Candidate Request,200,OK,Candidate Creation Thread Group 1-67,text,true,,335,494,80,80,http://localhost:8080/web/index.php/api/v2/recruitment/candidates,2358,0,0
1768393937352,2322,Create Candidate Request,200,OK,Candidate Creation Thread Group 1-71,text,true,,335,494,80,80,http://localhost:8080/web/index.php/api/v2/recruitment/candidates,2322,0,0
1768393937368,2322,Create Candidate Request,200,OK,Candidate Creation Thread Group 1-58,text,true,,335,494,80,80,http://localhost:8080/web/index.php/api/v2/recruitment/candidates,2322,0,0
1768393937383,2325,Create Candidate Request,200,OK,Candidate Creation Thread Group 1-65,text,true,,335,494,80,80,http://localhost:8080/web/index.php/api/v2/recruitment/candidates,2324,0,1
1768393937399,2368,Create Candidate Request,200,OK,Candidate Creation Thread Group 1-69,text,true,,335,494,80,80,http://localhost:8080/web/index.php/api/v2/recruitment/candidates,2368,0,0
1768393937460,2322,Create Candidate Request,200,OK,Candidate Creation Thread Group 1-5,text,true,,335,494,80,80,http://localhost:8080/web/index.php/api/v2/recruitment/candidates,2322,0,0
1768393937478,2369,Create Candidate Request,200,OK,Candidate Creation Thread Group 1-32,text,true,,335,494,80,80,http://localhost:8080/web/index.php/api/v2/recruitment/candidates,2369,0,0
1768393937495,2370,Create Candidate Request,200,OK,Candidate Creation Thread Group 1-56,text,true,,335,494,80,80,http://localhost:8080/web/index.php/api/v2/recruitment/candidates,2370,0,0
1768393937559,2321,Create Candidate Request,200,OK,Candidate Creation Thread Group 1-18,text,true,,335,494,80,80,http://localhost:8080/web/index.php/api/v2/recruitment/candidates,2321,0,1
1768393937575,2322,Create Candidate Request,200,OK,Candidate Creation Thread Group 1-25,text,true,,332,491,80,80,http://localhost:8080/web/index.php/api/v2/recruitment/candidates,2321,0,1
1768393937591,2355,Create Candidate Request,200,OK,Candidate Creation Thread Group 1-28,text,true,,332,491,80,80,http://localhost:8080/web/index.php/api/v2/recruitment/candidates,2355,0,0
1768393937658,2302,Create Candidate Request,200,OK,Candidate Creation Thread Group 1-72,text,true,,332,491,80,80,http://localhost:8080/web/index.php/api/v2/recruitment/candidates,2302,0,0
1768393937673,2304,Create Candidate Request,200,OK,Candidate Creation Thread Group 1-9,text,true,,332,491,80,80,http://localhost:8080/web/index.php/api/v2/recruitment/candidates,2303,0,0
1768393937767,2226,Create Candidate Request,200,OK,Candidate Creation Thread Group 1-26,text,true,,332,491,80,80,http://localhost:8080/web/index.php/api/v2/recruitment/candidates,2226,0,0
1768393937782,2272,Create Candidate Request,200,OK,Candidate Creation Thread Group 1-17,text,true,,332,491,80,80,http://localhost:8080/web/index.php/api/v2/recruitment/candidates,2271,0,0
1768393937797,2274,Create Candidate Request,200,OK,Candidate Creation Thread Group 1-68,text,true,,332,491,80,80,http://localhost:8080/web/index.php/api/v2/recruitment/candidates,2274,0,1
1768393937852,2239,Create Candidate Request,200,OK,Candidate Creation Thread Group 1-44,text,true,,332,491,80,80,http://localhost:8080/web/index.php/api/v2/recruitment/candidates,2238,0,0
1768393937867,2293,Create Candidate Request,200,OK,Candidate Creation Thread Group 1-27,text,true,,332,491,80,80,http://localhost:8080/web/index.php/api/v2/recruitment/candidates,2293,0,0
1768393937882,2295,Create Candidate Request,200,OK,Candidate Creation Thread Group 1-14,text,true,,335,494,80,80,http://localhost:8080/web/index.php/api/v2/recruitment/candidates,2295,0,0
1768393937897,2298,Create Candidate Request,200,OK,Candidate Creation Thread Group 1-45,text,true,,335,494,80,80,http://localhost:8080/web/index.php/api/v2/recruitment/candidates,2297,0,0
1768393937970,2276,Create Candidate Request,200,OK,Candidate Creation Thread Group 1-22,text,true,,335,494,80,80,http://localhost:8080/web/index.php/api/v2/recruitment/candidates,2276,0,0
1768393937987,2273,Create Candidate Request,200,OK,Candidate Creation Thread Group 1-39,text,true,,335,494,80,80,http://localhost:8080/web/index.php/api/v2/recruitment/candidates,2273,0,0
1768393938003,2272,Create Candidate Request,200,OK,Candidate Creation Thread Group 1-34,text,true,,335,494,80,80,http://localhost:8080/web/index.php/api/v2/recruitment/candidates,2272,0,1
1768393938049,2243,Create Candidate Request,200,OK,Candidate Creation Thread Group 1-38,text,true,,335,494,80,80,http://localhost:8080/web/index.php/api/v2/recruitment/candidates,2242,0,0
1768393938065,2282,Create Candidate Request,200,OK,Candidate Creation Thread Group 1-13,text,true,,335,494,80,80,http://localhost:8080/web/index.php/api/v2/recruitment/candidates,2282,0,0
1768393938082,2284,Create Candidate Request,200,OK,Candidate Creation Thread Group 1-23,text,true,,335,494,80,80,http://localhost:8080/web/index.php/api/v2/recruitment/candidates,2284,0,0
1768393938097,2285,Create Candidate Request,200,OK,Candidate Creation Thread Group 1-12,text,true,,335,494,80,80,http://localhost:8080/web/index.php/api/v2/recruitment/candidates,2285,0,1
1768393938153,2247,Create Candidate Request,200,OK,Candidate Creation Thread Group 1-11,text,true,,335,494,80,80,http://localhost:8080/web/index.php/api/v2/recruitment/candidates,2247,0,0
1768393938169,2298,Create Candidate Request,200,OK,Candidate Creation Thread Group 1-46,text,true,,335,494,80,80,http://localhost:8080/web/index.php/api/v2/recruitment/candidates,2298,0,0
1768393938186,2298,Create Candidate Request,200,OK,Candidate Creation Thread Group 1-59,text,true,,335,494,80,80,http://localhost:8080/web/index.php/api/v2/recruitment/candidates,2297,0,1
1768393938203,2298,Create Candidate Request,200,OK,Candidate Creation Thread Group 1-10,text,true,,335,494,80,80,http://localhost:8080/web/index.php/api/v2/recruitment/candidates,2298,0,1
1768393938270,2276,Create Candidate Request,200,OK,Candidate Creation Thread Group 1-29,text,true,,335,494,80,80,http://localhost:8080/web/index.php/api/v2/recruitment/candidates,2276,0,0
1768393938285,2280,Create Candidate Request,200,OK,Candidate Creation Thread Group 1-20,text,true,,335,494,80,80,http://localhost:8080/web/index.php/api/v2/recruitment/candidates,2280,0,0
1768393938301,2282,Create Candidate Request,200,OK,Candidate Creation Thread Group 1-41,text,true,,335,494,80,80,http://localhost:8080/web/index.php/api/v2/recruitment/candidates,2282,0,0
1768393938357,2243,Create Candidate Request,200,OK,Candidate Creation Thread Group 1-40,text,true,,335,494,80,80,http://localhost:8080/web/index.php/api/v2/recruitment/candidates,2242,0,0
1768393938373,2293,Create Candidate Request,200,OK,Candidate Creation Thread Group 1-21,text,true,,335,494,80,80,http://localhost:8080/web/index.php/api/v2/recruitment/candidates,2293,0,1
1768393938391,2294,Create Candidate Request,200,OK,Candidate Creation Thread Group 1-80,text,true,,335,494,80,80,http://localhost:8080/web/index.php/api/v2/recruitment/candidates,2294,0,0
1768393938405,2298,Create Candidate Request,200,OK,Candidate Creation Thread Group 1-15,text,true,,335,494,80,80,http://localhost:8080/web/index.php/api/v2/recruitment/candidates,2297,0,0
1768393938456,2295,Create Candidate Request,200,OK,Candidate Creation Thread Group 1-31,text,true,,335,494,80,80,http://localhost:8080/web/index.php/api/v2/recruitment/candidates,2294,0,0
1768393938472,2296,Create Candidate Request,200,OK,Candidate Creation Thread Group 1-63,text,true,,335,494,80,80,http://localhost:8080/web/index.php/api/v2/recruitment/candidates,2296,0,0
1768393938487,2298,Create Candidate Request,200,OK,Candidate Creation Thread Group 1-19,text,true,,335,494,79,79,http://localhost:8080/web/index.php/api/v2/recruitment/candidates,2298,0,1
1768393938504,2299,Create Candidate Request,200,OK,Candidate Creation Thread Group 1-49,text,true,,335,494,79,79,http://localhost:8080/web/index.php/api/v2/recruitment/candidates,2299,0,0
1768393938546,2301,Create Candidate Request,200,OK,Candidate Creation Thread Group 1-47,text,true,,335,494,79,79,http://localhost:8080/web/index.php/api/v2/recruitment/candidates,2301,0,0
1768393938563,2303,Create Candidate Request,200,OK,Candidate Creation Thread Group 1-37,text,true,,335,494,79,79,http://localhost:8080/web/index.php/api/v2/recruitment/candidates,2302,0,1
1768393938579,2304,Create Candidate Request,200,OK,Candidate Creation Thread Group 1-3,text,true,,335,494,79,79,http://localhost:8080/web/index.php/api/v2/recruitment/candidates,2304,0,0
1768393938595,2303,Create Candidate Request,200,OK,Candidate Creation Thread Group 1-70,text,true,,335,494,78,78,http://localhost:8080/web/index.php/api/v2/recruitment/candidates,2303,0,1
1768393938667,2246,Create Candidate Request,200,OK,Candidate Creation Thread Group 1-53,text,true,,335,494,78,78,http://localhost:8080/web/index.php/api/v2/recruitment/candidates,2246,0,0
1768393938686,2270,Create Candidate Request,200,OK,Candidate Creation Thread Group 1-60,text,true,,335,494,78,78,http://localhost:8080/web/index.php/api/v2/recruitment/candidates,2270,0,0
1768393938703,2273,Create Candidate Request,200,OK,Candidate Creation Thread Group 1-76,text,true,,335,494,78,78,http://localhost:8080/web/index.php/api/v2/recruitment/candidates,2273,0,0
1768393938767,2226,Create Candidate Request,200,OK,Candidate Creation Thread Group 1-52,text,true,,335,494,78,78,http://localhost:8080/web/index.php/api/v2/recruitment/candidates,2226,0,0
1768393938782,2226,Create Candidate Request,200,OK,Candidate Creation Thread Group 1-66,text,true,,335,494,78,78,http://localhost:8080/web/index.php/api/v2/recruitment/candidates,2225,0,0
1768393938798,2262,Create Candidate Request,200,OK,Candidate Creation Thread Group 1-4,text,true,,335,494,78,78,http://localhost:8080/web/index.php/api/v2/recruitment/candidates,2262,0,0
1768393938854,2223,Create Candidate Request,200,OK,Candidate Creation Thread Group 1-51,text,true,,335,494,77,77,http://localhost:8080/web/index.php/api/v2/recruitment/candidates,2223,0,0
1768393938870,2223,Create Candidate Request,200,OK,Candidate Creation Thread Group 1-64,text,true,,335,494,77,77,http://localhost:8080/web/index.php/api/v2/recruitment/candidates,2223,0,0
1768393938887,2222,Create Candidate Request,200,OK,Candidate Creation Thread Group 1-36,text,true,,335,494,77,77,http://localhost:8080/web/index.php/api/v2/recruitment/candidates,2222,0,0
1768393938905,2247,Create Candidate Request,200,OK,Candidate Creation Thread Group 1-62,text,true,,335,494,77,77,http://localhost:8080/web/index.php/api/v2/recruitment/candidates,2247,0,0
1768393938967,2201,Create Candidate Request,200,OK,Candidate Creation Thread Group 1-1,text,true,,335,494,77,77,http://localhost:8080/web/index.php/api/v2/recruitment/candidates,2201,0,0
1768393938983,2204,Create Candidate Request,200,OK,Candidate Creation Thread Group 1-6,text,true,,335,494,76,76,http://localhost:8080/web/index.php/api/v2/recruitment/candidates,2203,0,1
1768393939000,2202,Create Candidate Request,200,OK,Candidate Creation Thread Group 1-7,text,true,,335,494,76,76,http://localhost:8080/web/index.php/api/v2/recruitment/candidates,2202,0,0
1768393939056,2197,Create Candidate Request,200,OK,Candidate Creation Thread Group 1-54,text,true,,332,491,76,76,http://localhost:8080/web/index.php/api/v2/recruitment/candidates,2196,0,0
1768393939071,2199,Create Candidate Request,200,OK,Candidate Creation Thread Group 1-35,text,true,,332,491,76,76,http://localhost:8080/web/index.php/api/v2/recruitment/candidates,2198,0,0
1768393939089,2197,Create Candidate Request,200,OK,Candidate Creation Thread Group 1-16,text,true,,332,491,76,76,http://localhost:8080/web/index.php/api/v2/recruitment/candidates,2197,0,0
1768393939110,2191,Create Candidate Request,200,OK,Candidate Creation Thread Group 1-2,text,true,,332,491,76,76,http://localhost:8080/web/index.php/api/v2/recruitment/candidates,2191,0,1
1768393939155,2197,Create Candidate Request,200,OK,Candidate Creation Thread Group 1-8,text,true,,332,491,75,75,http://localhost:8080/web/index.php/api/v2/recruitment/candidates,2197,0,0
1768393939171,2198,Create Candidate Request,200,OK,Candidate Creation Thread Group 1-24,text,true,,332,491,75,75,http://localhost:8080/web/index.php/api/v2/recruitment/candidates,2198,0,0
1768393939186,2198,Create Candidate Request,200,OK,Candidate Creation Thread Group 1-61,text,true,,332,491,75,75,http://localhost:8080/web/index.php/api/v2/recruitment/candidates,2198,0,0
1768393939204,2198,Create Candidate Request,200,OK,Candidate Creation Thread Group 1-43,text,true,,332,491,75,75,http://localhost:8080/web/index.php/api/v2/recruitment/candidates,2198,0,1
1768393939258,2201,Create Candidate Request,200,OK,Candidate Creation Thread Group 1-79,text,true,,332,491,75,75,http://localhost:8080/web/index.php/api/v2/recruitment/candidates,2201,0,0
1768393939276,2199,Create Candidate Request,200,OK,Candidate Creation Thread Group 1-78,text,true,,335,494,75,75,http://localhost:8080/web/index.php/api/v2/recruitment/candidates,2198,0,1
1768393939293,2198,Create Candidate Request,200,OK,Candidate Creation Thread Group 1-50,text,true,,335,494,75,75,http://localhost:8080/web/index.php/api/v2/recruitment/candidates,2198,0,0
1768393939357,2195,Create Candidate Request,200,OK,Candidate Creation Thread Group 1-77,text,true,,335,494,75,75,http://localhost:8080/web/index.php/api/v2/recruitment/candidates,2195,0,0
1768393939372,2196,Create Candidate Request,200,OK,Candidate Creation Thread Group 1-30,text,true,,335,494,75,75,http://localhost:8080/web/index.php/api/v2/recruitment/candidates,2196,0,0
1768393939392,2193,Create Candidate Request,200,OK,Candidate Creation Thread Group 1-73,text,true,,335,494,75,75,http://localhost:8080/web/index.php/api/v2/recruitment/candidates,2193,0,0
1768393939408,2196,Create Candidate Request,200,OK,Candidate Creation Thread Group 1-55,text,true,,335,494,75,75,http://localhost:8080/web/index.php/api/v2/recruitment/candidates,2195,0,0
1768393939464,2190,Create Candidate Request,200,OK,Candidate Creation Thread Group 1-57,text,true,,335,494,75,75,http://localhost:8080/web/index.php/api/v2/recruitment/candidates,2189,0,0
1768393939481,2193,Create Candidate Request,200,OK,Candidate Creation Thread Group 1-33,text,true,,335,494,75,75,http://localhost:8080/web/index.php/api/v2/recruitment/candidates,2193,0,1
1768393939497,2196,Create Candidate Request,200,OK,Candidate Creation Thread Group 1-75,text,true,,335,494,75,75,http://localhost:8080/web/index.php/api/v2/recruitment/candidates,2195,0,0
1768393939570,2193,Create Candidate Request,200,OK,Candidate Creation Thread Group 1-74,text,true,,335,494,75,75,http://localhost:8080/web/index.php/api/v2/recruitment/candidates,2193,0,0
1768393939587,2194,Create Candidate Request,200,OK,Candidate Creation Thread Group 1-42,text,true,,335,494,75,75,http://localhost:8080/web/index.php/api/v2/recruitment/candidates,2194,0,1
1768393939641,2157,Create Candidate Request,200,OK,Candidate Creation Thread Group 1-48,text,true,,335,494,75,75,http://localhost:8080/web/index.php/api/v2/recruitment/candidates,2156,0,0
1768393939656,2197,Create Candidate Request,200,OK,Candidate Creation Thread Group 1-67,text,true,,335,494,75,75,http://localhost:8080/web/index.php/api/v2/recruitment/candidates,2196,0,0
1768393939674,2193,Create Candidate Request,200,OK,Candidate Creation Thread Group 1-71,text,true,,335,494,75,75,http://localhost:8080/web/index.php/api/v2/recruitment/candidates,2193,0,0
1768393939690,2192,Create Candidate Request,200,OK,Candidate Creation Thread Group 1-58,text,true,,335,494,75,75,http://localhost:8080/web/index.php/api/v2/recruitment/candidates,2191,0,0
1768393939708,2191,Create Candidate Request,200,OK,Candidate Creation Thread Group 1-65,text,true,,335,494,75,75,http://localhost:8080/web/index.php/api/v2/recruitment/candidates,2191,0,0
1768393939768,2183,Create Candidate Request,200,OK,Candidate Creation Thread Group 1-69,text,true,,335,494,75,75,http://localhost:8080/web/index.php/api/v2/recruitment/candidates,2182,0,0
1768393939782,2187,Create Candidate Request,200,OK,Candidate Creation Thread Group 1-5,text,true,,335,494,74,74,http://localhost:8080/web/index.php/api/v2/recruitment/candidates,2186,0,0
1768393939847,2138,Create Candidate Request,200,OK,Candidate Creation Thread Group 1-32,text,true,,335,494,73,73,http://localhost:8080/web/index.php/api/v2/recruitment/candidates,2138,0,0
1768393939866,2134,Create Candidate Request,200,OK,Candidate Creation Thread Group 1-56,text,true,,335,494,72,72,http://localhost:8080/web/index.php/api/v2/recruitment/candidates,2134,0,0
1768393939880,2139,Create Candidate Request,200,OK,Candidate Creation Thread Group 1-18,text,true,,335,494,71,71,http://localhost:8080/web/index.php/api/v2/recruitment/candidates,2139,0,0
1768393939897,2139,Create Candidate Request,200,OK,Candidate Creation Thread Group 1-25,text,true,,335,494,70,70,http://localhost:8080/web/index.php/api/v2/recruitment/candidates,2139,0,0
1768393939946,2106,Create Candidate Request,200,OK,Candidate Creation Thread Group 1-28,text,true,,335,494,69,69,http://localhost:8080/web/index.php/api/v2/recruitment/candidates,2106,0,0
1768393939960,2109,Create Candidate Request,200,OK,Candidate Creation Thread Group 1-72,text,true,,335,494,68,68,http://localhost:8080/web/index.php/api/v2/recruitment/candidates,2109,0,1
1768393939978,2109,Create Candidate Request,200,OK,Candidate Creation Thread Group 1-9,text,true,,335,494,67,67,http://localhost:8080/web/index.php/api/v2/recruitment/candidates,2109,0,0
1768393939993,2110,Create Candidate Request,200,OK,Candidate Creation Thread Group 1-26,text,true,,335,494,66,66,http://localhost:8080/web/index.php/api/v2/recruitment/candidates,2110,0,0
1768393940054,2067,Create Candidate Request,200,OK,Candidate Creation Thread Group 1-17,text,true,,335,494,65,65,http://localhost:8080/web/index.php/api/v2/recruitment/candidates,2067,0,0
1768393940072,2064,Create Candidate Request,200,OK,Candidate Creation Thread Group 1-68,text,true,,335,494,64,64,http://localhost:8080/web/index.php/api/v2/recruitment/candidates,2064,0,0
1768393940091,2062,Create Candidate Request,200,OK,Candidate Creation Thread Group 1-44,text,true,,335,494,63,63,http://localhost:8080/web/index.php/api/v2/recruitment/candidates,2062,0,0
1768393940160,2009,Create Candidate Request,200,OK,Candidate Creation Thread Group 1-27,text,true,,335,494,62,62,http://localhost:8080/web/index.php/api/v2/recruitment/candidates,2008,0,0
1768393940177,2007,Create Candidate Request,200,OK,Candidate Creation Thread Group 1-14,text,true,,335,494,61,61,http://localhost:8080/web/index.php/api/v2/recruitment/candidates,2007,0,0
1768393940195,2005,Create Candidate Request,200,OK,Candidate Creation Thread Group 1-45,text,true,,335,494,60,60,http://localhost:8080/web/index.php/api/v2/recruitment/candidates,2005,0,0
1768393940247,1970,Create Candidate Request,200,OK,Candidate Creation Thread Group 1-22,text,true,,335,494,59,59,http://localhost:8080/web/index.php/api/v2/recruitment/candidates,1970,0,0
1768393940261,1973,Create Candidate Request,200,OK,Candidate Creation Thread Group 1-39,text,true,,335,494,58,58,http://localhost:8080/web/index.php/api/v2/recruitment/candidates,1973,0,0
1768393940275,1976,Create Candidate Request,200,OK,Candidate Creation Thread Group 1-34,text,true,,335,494,57,57,http://localhost:8080/web/index.php/api/v2/recruitment/candidates,1976,0,0
1768393940292,1974,Create Candidate Request,200,OK,Candidate Creation Thread Group 1-38,text,true,,335,494,56,56,http://localhost:8080/web/index.php/api/v2/recruitment/candidates,1974,0,0
1768393940347,1935,Create Candidate Request,200,OK,Candidate Creation Thread Group 1-13,text,true,,335,494,55,55,http://localhost:8080/web/index.php/api/v2/recruitment/candidates,1935,0,1
1768393940366,1932,Create Candidate Request,200,OK,Candidate Creation Thread Group 1-23,text,true,,335,494,54,54,http://localhost:8080/web/index.php/api/v2/recruitment/candidates,1932,0,0
1768393940382,1933,Create Candidate Request,200,OK,Candidate Creation Thread Group 1-12,text,true,,335,494,53,53,http://localhost:8080/web/index.php/api/v2/recruitment/candidates,1933,0,1
1768393940400,1930,Create Candidate Request,200,OK,Candidate Creation Thread Group 1-11,text,true,,335,494,52,52,http://localhost:8080/web/index.php/api/v2/recruitment/candidates,1930,0,1
1768393940467,1881,Create Candidate Request,200,OK,Candidate Creation Thread Group 1-46,text,true,,335,494,51,51,http://localhost:8080/web/index.php/api/v2/recruitment/candidates,1881,0,0
1768393940485,1882,Create Candidate Request,200,OK,Candidate Creation Thread Group 1-59,text,true,,332,491,50,50,http://localhost:8080/web/index.php/api/v2/recruitment/candidates,1882,0,0
1768393940502,1884,Create Candidate Request,200,OK,Candidate Creation Thread Group 1-10,text,true,,332,491,49,49,http://localhost:8080/web/index.php/api/v2/recruitment/candidates,1883,0,0
1768393940546,1856,Create Candidate Request,200,OK,Candidate Creation Thread Group 1-29,text,true,,332,491,48,48,http://localhost:8080/web/index.php/api/v2/recruitment/candidates,1856,0,1
1768393940565,1854,Create Candidate Request,200,OK,Candidate Creation Thread Group 1-20,text,true,,332,491,47,47,http://localhost:8080/web/index.php/api/v2/recruitment/candidates,1854,0,1
1768393940583,1851,Create Candidate Request,200,OK,Candidate Creation Thread Group 1-41,text,true,,332,491,46,46,http://localhost:8080/web/index.php/api/v2/recruitment/candidates,1851,0,1
1768393940600,1851,Create Candidate Request,200,OK,Candidate Creation Thread Group 1-40,text,true,,332,491,45,45,http://localhost:8080/web/index.php/api/v2/recruitment/candidates,1851,0,0
1768393940666,1802,Create Candidate Request,200,OK,Candidate Creation Thread Group 1-21,text,true,,332,491,44,44,http://localhost:8080/web/index.php/api/v2/recruitment/candidates,1802,0,0
1768393940685,1798,Create Candidate Request,200,OK,Candidate Creation Thread Group 1-80,text,true,,332,491,43,43,http://localhost:8080/web/index.php/api/v2/recruitment/candidates,1798,0,0
1768393940703,1798,Create Candidate Request,200,OK,Candidate Creation Thread Group 1-15,text,true,,332,491,42,42,http://localhost:8080/web/index.php/api/v2/recruitment/candidates,1797,0,0
1768393940751,1766,Create Candidate Request,200,OK,Candidate Creation Thread Group 1-31,text,true,,335,494,41,41,http://localhost:8080/web/index.php/api/v2/recruitment/candidates,1766,0,0
1768393940785,1750,Create Candidate Request,200,OK,Candidate Creation Thread Group 1-19,text,true,,335,494,40,40,http://localhost:8080/web/index.php/api/v2/recruitment/candidates,1749,0,0
1768393940803,1747,Create Candidate Request,200,OK,Candidate Creation Thread Group 1-49,text,true,,335,494,39,39,http://localhost:8080/web/index.php/api/v2/recruitment/candidates,1746,0,0
1768393940847,1720,Create Candidate Request,200,OK,Candidate Creation Thread Group 1-47,text,true,,335,494,38,38,http://localhost:8080/web/index.php/api/v2/recruitment/candidates,1719,0,0
1768393940866,1717,Create Candidate Request,200,OK,Candidate Creation Thread Group 1-37,text,true,,335,494,37,37,http://localhost:8080/web/index.php/api/v2/recruitment/candidates,1716,0,0
1768393940899,1699,Create Candidate Request,200,OK,Candidate Creation Thread Group 1-70,text,true,,335,494,36,36,http://localhost:8080/web/index.php/api/v2/recruitment/candidates,1699,0,0
1768393940913,1702,Create Candidate Request,200,OK,Candidate Creation Thread Group 1-53,text,true,,335,494,35,35,http://localhost:8080/web/index.php/api/v2/recruitment/candidates,1702,0,0
1768393940957,1674,Create Candidate Request,200,OK,Candidate Creation Thread Group 1-60,text,true,,335,494,34,34,http://localhost:8080/web/index.php/api/v2/recruitment/candidates,1674,0,0
1768393940977,1671,Create Candidate Request,200,OK,Candidate Creation Thread Group 1-76,text,true,,335,494,33,33,http://localhost:8080/web/index.php/api/v2/recruitment/candidates,1671,0,1
1768393940993,1674,Create Candidate Request,200,OK,Candidate Creation Thread Group 1-52,text,true,,335,494,32,32,http://localhost:8080/web/index.php/api/v2/recruitment/candidates,1674,0,1
1768393941008,1680,Create Candidate Request,200,OK,Candidate Creation Thread Group 1-66,text,true,,335,494,31,31,http://localhost:8080/web/index.php/api/v2/recruitment/candidates,1680,0,0
1768393941078,1630,Create Candidate Request,200,OK,Candidate Creation Thread Group 1-51,text,true,,335,494,30,30,http://localhost:8080/web/index.php/api/v2/recruitment/candidates,1629,0,0
1768393941093,1631,Create Candidate Request,200,OK,Candidate Creation Thread Group 1-64,text,true,,335,494,29,29,http://localhost:8080/web/index.php/api/v2/recruitment/candidates,1631,0,0
1768393941109,1630,Create Candidate Request,200,OK,Candidate Creation Thread Group 1-36,text,true,,335,494,28,28,http://localhost:8080/web/index.php/api/v2/recruitment/candidates,1630,0,1
1768393941152,1602,Create Candidate Request,200,OK,Candidate Creation Thread Group 1-62,text,true,,335,494,27,27,http://localhost:8080/web/index.php/api/v2/recruitment/candidates,1602,0,1
1768393941187,1584,Create Candidate Request,200,OK,Candidate Creation Thread Group 1-6,text,true,,335,494,26,26,http://localhost:8080/web/index.php/api/v2/recruitment/candidates,1584,0,0
1768393941202,1585,Create Candidate Request,200,OK,Candidate Creation Thread Group 1-7,text,true,,335,494,25,25,http://localhost:8080/web/index.php/api/v2/recruitment/candidates,1585,0,0
1768393941253,1550,Create Candidate Request,200,OK,Candidate Creation Thread Group 1-54,text,true,,335,494,24,24,http://localhost:8080/web/index.php/api/v2/recruitment/candidates,1550,0,0
1768393941270,1550,Create Candidate Request,200,OK,Candidate Creation Thread Group 1-35,text,true,,335,494,23,23,http://localhost:8080/web/index.php/api/v2/recruitment/candidates,1549,0,0
1768393941286,1550,Create Candidate Request,200,OK,Candidate Creation Thread Group 1-16,text,true,,335,494,22,22,http://localhost:8080/web/index.php/api/v2/recruitment/candidates,1550,0,0
1768393941352,1500,Create Candidate Request,200,OK,Candidate Creation Thread Group 1-8,text,true,,335,494,21,21,http://localhost:8080/web/index.php/api/v2/recruitment/candidates,1500,0,0
1768393941369,1499,Create Candidate Request,200,OK,Candidate Creation Thread Group 1-24,text,true,,335,494,20,20,http://localhost:8080/web/index.php/api/v2/recruitment/candidates,1499,0,1
1768393941384,1501,Create Candidate Request,200,OK,Candidate Creation Thread Group 1-61,text,true,,335,494,19,19,http://localhost:8080/web/index.php/api/v2/recruitment/candidates,1501,0,0
1768393941402,1501,Create Candidate Request,200,OK,Candidate Creation Thread Group 1-43,text,true,,335,494,18,18,http://localhost:8080/web/index.php/api/v2/recruitment/candidates,1501,0,0
1768393941459,1459,Create Candidate Request,200,OK,Candidate Creation Thread Group 1-79,text,true,,335,494,17,17,http://localhost:8080/web/index.php/api/v2/recruitment/candidates,1459,0,0
1768393941475,1458,Create Candidate Request,200,OK,Candidate Creation Thread Group 1-78,text,true,,335,494,16,16,http://localhost:8080/web/index.php/api/v2/recruitment/candidates,1458,0,0
1768393941491,1459,Create Candidate Request,200,OK,Candidate Creation Thread Group 1-50,text,true,,335,494,15,15,http://localhost:8080/web/index.php/api/v2/recruitment/candidates,1458,0,1
1768393941552,1415,Create Candidate Request,200,OK,Candidate Creation Thread Group 1-77,text,true,,335,494,14,14,http://localhost:8080/web/index.php/api/v2/recruitment/candidates,1414,0,0
1768393941568,1416,Create Candidate Request,200,OK,Candidate Creation Thread Group 1-30,text,true,,335,494,13,13,http://localhost:8080/web/index.php/api/v2/recruitment/candidates,1415,0,0
1768393941585,1415,Create Candidate Request,200,OK,Candidate Creation Thread Group 1-73,text,true,,335,494,12,12,http://localhost:8080/web/index.php/api/v2/recruitment/candidates,1415,0,0
1768393941604,1413,Create Candidate Request,200,OK,Candidate Creation Thread Group 1-55,text,true,,335,494,11,11,http://localhost:8080/web/index.php/api/v2/recruitment/candidates,1413,0,0
1768393941654,1379,Create Candidate Request,200,OK,Candidate Creation Thread Group 1-57,text,true,,335,494,10,10,http://localhost:8080/web/index.php/api/v2/recruitment/candidates,1379,0,0
1768393941674,1375,Create Candidate Request,200,OK,Candidate Creation Thread Group 1-33,text,true,,335,494,9,9,http://localhost:8080/web/index.php/api/v2/recruitment/candidates,1375,0,1
1768393941693,1371,Create Candidate Request,200,OK,Candidate Creation Thread Group 1-75,text,true,,335,494,8,8,http://localhost:8080/web/index.php/api/v2/recruitment/candidates,1371,0,0
1768393941764,1318,Create Candidate Request,200,OK,Candidate Creation Thread Group 1-74,text,true,,335,494,7,7,http://localhost:8080/web/index.php/api/v2/recruitment/candidates,1318,0,0
1768393941781,1317,Create Candidate Request,200,OK,Candidate Creation Thread Group 1-42,text,true,,335,494,6,6,http://localhost:8080/web/index.php/api/v2/recruitment/candidates,1317,0,0
1768393941798,1316,Create Candidate Request,200,OK,Candidate Creation Thread Group 1-48,text,true,,335,494,5,5,http://localhost:8080/web/index.php/api/v2/recruitment/candidates,1315,0,0
1768393941853,1276,Create Candidate Request,200,OK,Candidate Creation Thread Group 1-67,text,true,,335,494,4,4,http://localhost:8080/web/index.php/api/v2/recruitment/candidates,1276,0,0
1768393941867,1279,Create Candidate Request,200,OK,Candidate Creation Thread Group 1-71,text,true,,335,494,3,3,http://localhost:8080/web/index.php/api/v2/recruitment/candidates,1278,0,0
1768393941882,1279,Create Candidate Request,200,OK,Candidate Creation Thread Group 1-58,text,true,,335,494,2,2,http://localhost:8080/web/index.php/api/v2/recruitment/candidates,1279,0,0
1768393941899,1279,Create Candidate Request,200,OK,Candidate Creation Thread Group 1-65,text,true,,335,494,1,1,http://localhost:8080/web/index.php/api/v2/recruitment/candidates,1279,0,0
