timeStamp,elapsed,label,responseCode,responseMessage,threadName,dataType,success,failureMessage,bytes,sentBytes,grpThreads,allThreads,URL,Latency,IdleTime,Connect
1768483468713,465,Create Candidate Request,401,Unauthorized,Candidate Creation Thread Group 1-2,text,false,,261,491,233,233,http://localhost:8080/web/index.php/api/v2/recruitment/candidates,461,0,0
1768483468721,1152,Create Candidate Request,401,Unauthorized,Candidate Creation Thread Group 1-8,text,false,,261,491,583,583,http://localhost:8080/web/index.php/api/v2/recruitment/candidates,865,0,1
1768483468717,1265,Create Candidate Request,401,Unauthorized,Candidate Creation Thread Group 1-6,text,false,,261,491,635,635,http://localhost:8080/web/index.php/api/v2/recruitment/candidates,1265,0,1
1768483468788,1687,Create Candidate Request,401,Unauthorized,Candidate Creation Thread Group 1-41,text,false,,261,494,884,884,http://localhost:8080/web/index.php/api/v2/recruitment/candidates,1686,0,0
1768483468819,1753,Create Candidate Request,401,Unauthorized,Candidate Creation Thread Group 1-57,text,false,,261,491,932,932,http://localhost:8080/web/index.php/api/v2/recruitment/candidates,1752,0,0
1768483468829,1846,Create Candidate Request,401,Unauthorized,Candidate Creation Thread Group 1-62,text,false,,261,494,983,983,http://localhost:8080/web/index.php/api/v2/recruitment/candidates,1842,0,1
1768483468834,2048,Create Candidate Request,401,Unauthorized,Candidate Creation Thread Group 1-64,text,false,,261,494,1000,1000,http://localhost:8080/web/index.php/api/v2/recruitment/candidates,1946,0,0
1768483468791,3281,Create Candidate Request,401,Unauthorized,Candidate Creation Thread Group 1-43,text,false,,261,494,1000,1000,http://localhost:8080/web/index.php/api/v2/recruitment/candidates,3281,0,0
1768483468713,4959,Create Candidate Request,401,Unauthorized,Candidate Creation Thread Group 1-4,text,false,,261,491,1000,1000,http://localhost:8080/web/index.php/api/v2/recruitment/candidates,4959,0,0
1768483469020,4759,Create Candidate Request,401,Unauthorized,Candidate Creation Thread Group 1-151,text,false,,261,491,1000,1000,http://localhost:8080/web/index.php/api/v2/recruitment/candidates,4759,0,1
1768483469021,5056,Create Candidate Request,401,Unauthorized,Candidate Creation Thread Group 1-154,text,false,,261,491,1000,1000,http://localhost:8080/web/index.php/api/v2/recruitment/candidates,5054,0,0
1768483468783,5390,Create Candidate Request,401,Unauthorized,Candidate Creation Thread Group 1-34,text,false,,261,494,1000,1000,http://localhost:8080/web/index.php/api/v2/recruitment/candidates,5390,0,0
1768483468786,5790,Create Candidate Request,401,Unauthorized,Candidate Creation Thread Group 1-37,text,false,,261,494,1000,1000,http://localhost:8080/web/index.php/api/v2/recruitment/candidates,5694,0,0
1768483468785,7295,Create Candidate Request,401,Unauthorized,Candidate Creation Thread Group 1-35,text,false,,261,494,1000,1000,http://localhost:8080/web/index.php/api/v2/recruitment/candidates,7288,0,0
1768483468767,7608,Create Candidate Request,401,Unauthorized,Candidate Creation Thread Group 1-28,text,false,,261,494,1000,1000,http://localhost:8080/web/index.php/api/v2/recruitment/candidates,7105,0,3
1768483468888,8289,Create Candidate Request,401,Unauthorized,Candidate Creation Thread Group 1-90,text,false,,261,494,1000,1000,http://localhost:8080/web/index.php/api/v2/recruitment/candidates,8287,0,0
1768483468889,8491,Create Candidate Request,401,Unauthorized,Candidate Creation Thread Group 1-92,text,false,,261,494,1000,1000,http://localhost:8080/web/index.php/api/v2/recruitment/candidates,8488,0,1
1768483468919,8651,Create Candidate Request,401,Unauthorized,Candidate Creation Thread Group 1-107,text,false,,261,491,1000,1000,http://localhost:8080/web/index.php/api/v2/recruitment/candidates,8563,0,0
1768483468966,8710,Create Candidate Request,401,Unauthorized,Candidate Creation Thread Group 1-130,text,false,,261,494,1000,1000,http://localhost:8080/web/index.php/api/v2/recruitment/candidates,8620,0,1
1768483468945,8833,Create Candidate Request,401,Unauthorized,Candidate Creation Thread Group 1-120,text,false,,261,494,1000,1000,http://localhost:8080/web/index.php/api/v2/recruitment/candidates,8830,0,0
1768483468715,9266,Create Candidate Request,401,Unauthorized,Candidate Creation Thread Group 1-5,text,false,,261,491,1000,1000,http://localhost:8080/web/index.php/api/v2/recruitment/candidates,9255,0,0
1768483469003,9174,Create Candidate Request,401,Unauthorized,Candidate Creation Thread Group 1-149,text,false,,261,494,1000,1000,http://localhost:8080/web/index.php/api/v2/recruitment/candidates,9172,0,0
1768483469020,9856,Create Candidate Request,401,Unauthorized,Candidate Creation Thread Group 1-153,text,false,,261,491,1000,1000,http://localhost:8080/web/index.php/api/v2/recruitment/candidates,9756,0,1
1768483468903,10274,Create Candidate Request,401,Unauthorized,Candidate Creation Thread Group 1-99,text,false,,261,494,1000,1000,http://localhost:8080/web/index.php/api/v2/recruitment/candidates,10270,0,0
1768483468814,10456,Create Candidate Request,401,Unauthorized,Candidate Creation Thread Group 1-54,text,false,,261,491,1000,1000,http://localhost:8080/web/index.php/api/v2/recruitment/candidates,10371,0,0
1768483468827,10743,Create Candidate Request,401,Unauthorized,Candidate Creation Thread Group 1-61,text,false,,261,494,1000,1000,http://localhost:8080/web/index.php/api/v2/recruitment/candidates,10653,0,1
1768483468960,10816,Create Candidate Request,401,Unauthorized,Candidate Creation Thread Group 1-127,text,false,,261,494,1000,1000,http://localhost:8080/web/index.php/api/v2/recruitment/candidates,10813,0,0
1768483468746,11135,Create Candidate Request,401,Unauthorized,Candidate Creation Thread Group 1-20,text,false,,261,494,1000,1000,http://localhost:8080/web/index.php/api/v2/recruitment/candidates,11133,0,0
1768483468729,11255,Create Candidate Request,401,Unauthorized,Candidate Creation Thread Group 1-11,text,false,,261,494,1000,1000,http://localhost:8080/web/index.php/api/v2/recruitment/candidates,11254,0,2
1768483469023,11154,Create Candidate Request,401,Unauthorized,Candidate Creation Thread Group 1-155,text,false,,261,491,1000,1000,http://localhost:8080/web/index.php/api/v2/recruitment/candidates,11150,0,1
1768483468936,11440,Create Candidate Request,401,Unauthorized,Candidate Creation Thread Group 1-116,text,false,,261,494,1000,1000,http://localhost:8080/web/index.php/api/v2/recruitment/candidates,11438,0,1
1768483468949,11527,Create Candidate Request,401,Unauthorized,Candidate Creation Thread Group 1-122,text,false,,261,494,1000,1000,http://localhost:8080/web/index.php/api/v2/recruitment/candidates,11524,0,0
1768483468778,11898,Create Candidate Request,401,Unauthorized,Candidate Creation Thread Group 1-31,text,false,,261,494,1000,1000,http://localhost:8080/web/index.php/api/v2/recruitment/candidates,11892,0,6
1768483468837,12041,Create Candidate Request,401,Unauthorized,Candidate Creation Thread Group 1-65,text,false,,261,494,1000,1000,http://localhost:8080/web/index.php/api/v2/recruitment/candidates,12036,0,0
1768483468851,12133,Create Candidate Request,401,Unauthorized,Candidate Creation Thread Group 1-73,text,false,,261,494,1000,1000,http://localhost:8080/web/index.php/api/v2/recruitment/candidates,12133,0,1
1768483468843,12232,Create Candidate Request,401,Unauthorized,Candidate Creation Thread Group 1-69,text,false,,261,494,1000,1000,http://localhost:8080/web/index.php/api/v2/recruitment/candidates,12232,0,0
1768483469055,12116,Create Candidate Request,401,Unauthorized,Candidate Creation Thread Group 1-175,text,false,,261,494,1000,1000,http://localhost:8080/web/index.php/api/v2/recruitment/candidates,12115,0,0
1768483468931,12245,Create Candidate Request,401,Unauthorized,Candidate Creation Thread Group 1-113,text,false,,261,494,1000,1000,http://localhost:8080/web/index.php/api/v2/recruitment/candidates,12245,0,1
1768483468709,12561,Create Candidate Request,401,Unauthorized,Candidate Creation Thread Group 1-1,text,false,,261,491,1000,1000,http://localhost:8080/web/index.php/api/v2/recruitment/candidates,12473,0,1
1768483469022,12355,Create Candidate Request,401,Unauthorized,Candidate Creation Thread Group 1-158,text,false,,261,491,1000,1000,http://localhost:8080/web/index.php/api/v2/recruitment/candidates,12355,0,0
1768483468821,12653,Create Candidate Request,401,Unauthorized,Candidate Creation Thread Group 1-58,text,false,,261,491,1000,1000,http://localhost:8080/web/index.php/api/v2/recruitment/candidates,12652,0,0
1768483469022,12548,Create Candidate Request,401,Unauthorized,Candidate Creation Thread Group 1-157,text,false,,261,491,1000,1000,http://localhost:8080/web/index.php/api/v2/recruitment/candidates,12548,0,0
1768483468896,12691,Create Candidate Request,401,Unauthorized,Candidate Creation Thread Group 1-95,text,false,,261,494,1000,1000,http://localhost:8080/web/index.php/api/v2/recruitment/candidates,12690,0,0
1768483468984,12699,Create Candidate Request,401,Unauthorized,Candidate Creation Thread Group 1-136,text,false,,261,494,1000,1000,http://localhost:8080/web/index.php/api/v2/recruitment/candidates,12699,0,3
1768483469090,12690,Create Candidate Request,401,Unauthorized,Candidate Creation Thread Group 1-186,text,false,,261,494,1000,1000,http://localhost:8080/web/index.php/api/v2/recruitment/candidates,12689,0,0
1768483469083,12800,Create Candidate Request,401,Unauthorized,Candidate Creation Thread Group 1-187,text,false,,261,494,1000,1000,http://localhost:8080/web/index.php/api/v2/recruitment/candidates,12799,0,4
1768483468767,13208,Create Candidate Request,401,Unauthorized,Candidate Creation Thread Group 1-29,text,false,,261,494,1000,1000,http://localhost:8080/web/index.php/api/v2/recruitment/candidates,13207,0,1
1768483468811,13169,Create Candidate Request,401,Unauthorized,Candidate Creation Thread Group 1-51,text,false,,261,491,1000,1000,http://localhost:8080/web/index.php/api/v2/recruitment/candidates,13168,0,0
1768483468929,13143,Create Candidate Request,401,Unauthorized,Candidate Creation Thread Group 1-112,text,false,,261,494,1000,1000,http://localhost:8080/web/index.php/api/v2/recruitment/candidates,13143,0,0
1768483468813,13270,Create Candidate Request,401,Unauthorized,Candidate Creation Thread Group 1-53,text,false,,261,491,1000,1000,http://localhost:8080/web/index.php/api/v2/recruitment/candidates,13263,0,0
1768483468744,13427,Create Candidate Request,401,Unauthorized,Candidate Creation Thread Group 1-19,text,false,,261,494,1000,1000,http://localhost:8080/web/index.php/api/v2/recruitment/candidates,13427,0,0
1768483469065,13114,Create Candidate Request,401,Unauthorized,Candidate Creation Thread Group 1-180,text,false,,261,494,1000,1000,http://localhost:8080/web/index.php/api/v2/recruitment/candidates,13114,0,0
1768483468923,13256,Create Candidate Request,401,Unauthorized,Candidate Creation Thread Group 1-109,text,false,,261,491,1000,1000,http://localhost:8080/web/index.php/api/v2/recruitment/candidates,13256,0,1
1768483468760,13430,Create Candidate Request,401,Unauthorized,Candidate Creation Thread Group 1-23,text,false,,261,494,1000,1000,http://localhost:8080/web/index.php/api/v2/recruitment/candidates,13429,0,0
1768483468736,13544,Create Candidate Request,401,Unauthorized,Candidate Creation Thread Group 1-12,text,false,,261,494,1000,1000,http://localhost:8080/web/index.php/api/v2/recruitment/candidates,13543,0,1
1768483469027,13444,Create Candidate Request,401,Unauthorized,Candidate Creation Thread Group 1-160,text,false,,261,494,1000,1000,http://localhost:8080/web/index.php/api/v2/recruitment/candidates,13356,0,1
1768483468941,13534,Create Candidate Request,401,Unauthorized,Candidate Creation Thread Group 1-118,text,false,,261,494,1000,1000,http://localhost:8080/web/index.php/api/v2/recruitment/candidates,13534,0,0
1768483468951,13530,Create Candidate Request,401,Unauthorized,Candidate Creation Thread Group 1-123,text,false,,261,494,1000,1000,http://localhost:8080/web/index.php/api/v2/recruitment/candidates,13530,0,0
1768483468936,13637,Create Candidate Request,401,Unauthorized,Candidate Creation Thread Group 1-115,text,false,,261,494,1000,1000,http://localhost:8080/web/index.php/api/v2/recruitment/candidates,13637,0,0
1768483469037,13542,Create Candidate Request,401,Unauthorized,Candidate Creation Thread Group 1-166,text,false,,261,494,1000,1000,http://localhost:8080/web/index.php/api/v2/recruitment/candidates,13542,0,1
1768483468806,13864,Create Candidate Request,401,Unauthorized,Candidate Creation Thread Group 1-50,text,false,,261,494,1000,1000,http://localhost:8080/web/index.php/api/v2/recruitment/candidates,13864,0,0
1768483468995,13679,Create Candidate Request,401,Unauthorized,Candidate Creation Thread Group 1-145,text,false,,261,494,1000,1000,http://localhost:8080/web/index.php/api/v2/recruitment/candidates,13679,0,0
1768483468741,13944,Create Candidate Request,401,Unauthorized,Candidate Creation Thread Group 1-17,text,false,,261,494,1000,1000,http://localhost:8080/web/index.php/api/v2/recruitment/candidates,13944,0,1
1768483468989,13791,Create Candidate Request,401,Unauthorized,Candidate Creation Thread Group 1-142,text,false,,261,494,1000,1000,http://localhost:8080/web/index.php/api/v2/recruitment/candidates,13788,0,0
1768483469026,13848,Create Candidate Request,401,Unauthorized,Candidate Creation Thread Group 1-159,text,false,,261,491,1000,1000,http://localhost:8080/web/index.php/api/v2/recruitment/candidates,13847,0,0
1768483468994,13887,Create Candidate Request,401,Unauthorized,Candidate Creation Thread Group 1-141,text,false,,261,494,1000,1000,http://localhost:8080/web/index.php/api/v2/recruitment/candidates,13887,0,0
1768483468927,14046,Create Candidate Request,401,Unauthorized,Candidate Creation Thread Group 1-111,text,false,,261,494,1000,1000,http://localhost:8080/web/index.php/api/v2/recruitment/candidates,14044,0,0
1768483468993,14078,Create Candidate Request,401,Unauthorized,Candidate Creation Thread Group 1-144,text,false,,261,494,1000,1000,http://localhost:8080/web/index.php/api/v2/recruitment/candidates,14077,0,0
1768483468958,14118,Create Candidate Request,401,Unauthorized,Candidate Creation Thread Group 1-126,text,false,,261,494,1000,1000,http://localhost:8080/web/index.php/api/v2/recruitment/candidates,14117,0,0
1768483468762,14321,Create Candidate Request,401,Unauthorized,Candidate Creation Thread Group 1-26,text,false,,261,494,1000,1000,http://localhost:8080/web/index.php/api/v2/recruitment/candidates,14320,0,0
1768483468943,14232,Create Candidate Request,401,Unauthorized,Candidate Creation Thread Group 1-119,text,false,,261,494,1000,1000,http://localhost:8080/web/index.php/api/v2/recruitment/candidates,14231,0,0
1768483468853,14328,Create Candidate Request,401,Unauthorized,Candidate Creation Thread Group 1-74,text,false,,261,494,1000,1000,http://localhost:8080/web/index.php/api/v2/recruitment/candidates,14328,0,1
1768483469028,14343,Create Candidate Request,401,Unauthorized,Candidate Creation Thread Group 1-161,text,false,,261,494,1000,1000,http://localhost:8080/web/index.php/api/v2/recruitment/candidates,14342,0,0
1768483468761,14615,Create Candidate Request,401,Unauthorized,Candidate Creation Thread Group 1-24,text,false,,261,494,1000,1000,http://localhost:8080/web/index.php/api/v2/recruitment/candidates,14614,0,0
1768483468769,14613,Create Candidate Request,401,Unauthorized,Candidate Creation Thread Group 1-30,text,false,,261,494,1000,1000,http://localhost:8080/web/index.php/api/v2/recruitment/candidates,14612,0,14
1768483468974,14497,Create Candidate Request,401,Unauthorized,Candidate Creation Thread Group 1-132,text,false,,261,494,1000,1000,http://localhost:8080/web/index.php/api/v2/recruitment/candidates,14497,0,0
1768483468762,14714,Create Candidate Request,401,Unauthorized,Candidate Creation Thread Group 1-27,text,false,,261,494,1000,1000,http://localhost:8080/web/index.php/api/v2/recruitment/candidates,14714,0,1
1768483468848,14631,Create Candidate Request,401,Unauthorized,Candidate Creation Thread Group 1-71,text,false,,261,494,1000,1000,http://localhost:8080/web/index.php/api/v2/recruitment/candidates,14631,0,0
1768483468985,14585,Create Candidate Request,401,Unauthorized,Candidate Creation Thread Group 1-135,text,false,,261,494,1000,1000,http://localhost:8080/web/index.php/api/v2/recruitment/candidates,14585,0,0
1768483468838,14740,Create Candidate Request,401,Unauthorized,Candidate Creation Thread Group 1-66,text,false,,261,494,1000,1000,http://localhost:8080/web/index.php/api/v2/recruitment/candidates,14738,0,0
1768483468953,14720,Create Candidate Request,401,Unauthorized,Candidate Creation Thread Group 1-124,text,false,,261,494,1000,1000,http://localhost:8080/web/index.php/api/v2/recruitment/candidates,14719,0,0
1768483469034,14643,Create Candidate Request,401,Unauthorized,Candidate Creation Thread Group 1-163,text,false,,261,494,1000,1000,http://localhost:8080/web/index.php/api/v2/recruitment/candidates,14642,0,1
1768483468760,14921,Create Candidate Request,401,Unauthorized,Candidate Creation Thread Group 1-25,text,false,,261,494,1000,1000,http://localhost:8080/web/index.php/api/v2/recruitment/candidates,14921,0,0
1768483468933,14842,Create Candidate Request,401,Unauthorized,Candidate Creation Thread Group 1-114,text,false,,261,494,1000,1000,http://localhost:8080/web/index.php/api/v2/recruitment/candidates,14840,0,1
1768483469037,14834,Create Candidate Request,401,Unauthorized,Candidate Creation Thread Group 1-165,text,false,,261,494,1000,1000,http://localhost:8080/web/index.php/api/v2/recruitment/candidates,14833,0,0
1768483469067,14807,Create Candidate Request,401,Unauthorized,Candidate Creation Thread Group 1-181,text,false,,261,494,1000,1000,http://localhost:8080/web/index.php/api/v2/recruitment/candidates,14807,0,0
1768483468921,15050,Create Candidate Request,401,Unauthorized,Candidate Creation Thread Group 1-108,text,false,,261,491,1000,1000,http://localhost:8080/web/index.php/api/v2/recruitment/candidates,15049,0,0
1768483468901,15175,Create Candidate Request,401,Unauthorized,Candidate Creation Thread Group 1-98,text,false,,261,494,1000,1000,http://localhost:8080/web/index.php/api/v2/recruitment/candidates,15174,0,0
1768483468713,15459,Create Candidate Request,401,Unauthorized,Candidate Creation Thread Group 1-3,text,false,,261,491,1000,1000,http://localhost:8080/web/index.php/api/v2/recruitment/candidates,15458,0,0
1768483468863,15314,Create Candidate Request,401,Unauthorized,Candidate Creation Thread Group 1-79,text,false,,261,494,1000,1000,http://localhost:8080/web/index.php/api/v2/recruitment/candidates,15314,0,1
1768483468964,15220,Create Candidate Request,401,Unauthorized,Candidate Creation Thread Group 1-129,text,false,,261,494,1000,1000,http://localhost:8080/web/index.php/api/v2/recruitment/candidates,15219,0,0
1768483469043,15329,Create Candidate Request,401,Unauthorized,Candidate Creation Thread Group 1-169,text,false,,261,494,1000,1000,http://localhost:8080/web/index.php/api/v2/recruitment/candidates,15328,0,1
1768483468775,15696,Create Candidate Request,401,Unauthorized,Candidate Creation Thread Group 1-32,text,false,,261,494,1000,1000,http://localhost:8080/web/index.php/api/v2/recruitment/candidates,15696,0,9
1768483468825,15748,Create Candidate Request,401,Unauthorized,Candidate Creation Thread Group 1-60,text,false,,261,494,1000,1000,http://localhost:8080/web/index.php/api/v2/recruitment/candidates,15659,0,0
1768483468795,15784,Create Candidate Request,401,Unauthorized,Candidate Creation Thread Group 1-45,text,false,,261,494,1000,1000,http://localhost:8080/web/index.php/api/v2/recruitment/candidates,15780,0,1
1768483468841,15833,Create Candidate Request,401,Unauthorized,Candidate Creation Thread Group 1-68,text,false,,261,494,1000,1000,http://localhost:8080/web/index.php/api/v2/recruitment/candidates,15833,0,0
1768483468858,15829,Create Candidate Request,401,Unauthorized,Candidate Creation Thread Group 1-76,text,false,,261,494,1000,1000,http://localhost:8080/web/index.php/api/v2/recruitment/candidates,15828,0,0
1768483468962,15816,Create Candidate Request,401,Unauthorized,Candidate Creation Thread Group 1-128,text,false,,261,494,1000,1000,http://localhost:8080/web/index.php/api/v2/recruitment/candidates,15815,0,1
1768483468739,16140,Create Candidate Request,401,Unauthorized,Candidate Creation Thread Group 1-14,text,false,,261,494,1000,1000,http://localhost:8080/web/index.php/api/v2/recruitment/candidates,16139,0,0
1768483468939,16040,Create Candidate Request,401,Unauthorized,Candidate Creation Thread Group 1-117,text,false,,261,494,1000,1000,http://localhost:8080/web/index.php/api/v2/recruitment/candidates,16040,0,0
1768483468725,16445,Create Candidate Request,401,Unauthorized,Candidate Creation Thread Group 1-9,text,false,,261,491,1000,1000,http://localhost:8080/web/index.php/api/v2/recruitment/candidates,16361,0,4
1768483468883,16304,Create Candidate Request,401,Unauthorized,Candidate Creation Thread Group 1-88,text,false,,261,494,1000,1000,http://localhost:8080/web/index.php/api/v2/recruitment/candidates,16303,0,0
1768483469040,16150,Create Candidate Request,401,Unauthorized,Candidate Creation Thread Group 1-167,text,false,,261,494,1000,1000,http://localhost:8080/web/index.php/api/v2/recruitment/candidates,16150,0,0
1768483469022,16193,Create Candidate Request,401,Unauthorized,Candidate Creation Thread Group 1-156,text,false,,261,491,1000,1000,http://localhost:8080/web/index.php/api/v2/recruitment/candidates,16193,0,2
1768483468916,16361,Create Candidate Request,401,Unauthorized,Candidate Creation Thread Group 1-105,text,false,,261,491,1000,1000,http://localhost:8080/web/index.php/api/v2/recruitment/candidates,16360,0,0
1768483468999,16283,Create Candidate Request,401,Unauthorized,Candidate Creation Thread Group 1-147,text,false,,261,494,1000,1000,http://localhost:8080/web/index.php/api/v2/recruitment/candidates,16282,0,1
1768483468925,16451,Create Candidate Request,401,Unauthorized,Candidate Creation Thread Group 1-110,text,false,,261,494,1000,1000,http://localhost:8080/web/index.php/api/v2/recruitment/candidates,16451,0,0
1768483468832,16551,Create Candidate Request,401,Unauthorized,Candidate Creation Thread Group 1-63,text,false,,261,494,1000,1000,http://localhost:8080/web/index.php/api/v2/recruitment/candidates,16550,0,0
1768483468735,16735,Create Candidate Request,401,Unauthorized,Candidate Creation Thread Group 1-13,text,false,,261,494,1000,1000,http://localhost:8080/web/index.php/api/v2/recruitment/candidates,16735,0,5
1768483469047,16427,Create Candidate Request,401,Unauthorized,Candidate Creation Thread Group 1-168,text,false,,261,494,1000,1000,http://localhost:8080/web/index.php/api/v2/recruitment/candidates,16426,0,0
1768483468875,16608,Create Candidate Request,401,Unauthorized,Candidate Creation Thread Group 1-83,text,false,,261,494,1000,1000,http://localhost:8080/web/index.php/api/v2/recruitment/candidates,16608,0,7
1768483468947,16633,Create Candidate Request,401,Unauthorized,Candidate Creation Thread Group 1-121,text,false,,261,494,1000,1000,http://localhost:8080/web/index.php/api/v2/recruitment/candidates,16632,0,0
1768483468772,16900,Create Candidate Request,401,Unauthorized,Candidate Creation Thread Group 1-33,text,false,,261,494,1000,1000,http://localhost:8080/web/index.php/api/v2/recruitment/candidates,16899,0,0
1768483468895,16787,Create Candidate Request,401,Unauthorized,Candidate Creation Thread Group 1-94,text,false,,261,494,1000,1000,http://localhost:8080/web/index.php/api/v2/recruitment/candidates,16786,0,0
1768483469001,16774,Create Candidate Request,401,Unauthorized,Candidate Creation Thread Group 1-148,text,false,,261,494,1000,1000,http://localhost:8080/web/index.php/api/v2/recruitment/candidates,16773,0,1
1768483468789,17082,Create Candidate Request,401,Unauthorized,Candidate Creation Thread Group 1-42,text,false,,261,494,1000,1000,http://localhost:8080/web/index.php/api/v2/recruitment/candidates,17081,0,0
1768483468815,17157,Create Candidate Request,401,Unauthorized,Candidate Creation Thread Group 1-55,text,false,,261,491,1000,1000,http://localhost:8080/web/index.php/api/v2/recruitment/candidates,17156,0,0
1768483468876,17195,Create Candidate Request,401,Unauthorized,Candidate Creation Thread Group 1-82,text,false,,261,494,1000,1000,http://localhost:8080/web/index.php/api/v2/recruitment/candidates,17193,0,9
1768483468884,17199,Create Candidate Request,401,Unauthorized,Candidate Creation Thread Group 1-85,text,false,,261,494,1000,1000,http://localhost:8080/web/index.php/api/v2/recruitment/candidates,17198,0,0
1768483468738,17435,Create Candidate Request,401,Unauthorized,Candidate Creation Thread Group 1-10,text,false,,261,494,1000,1000,http://localhost:8080/web/index.php/api/v2/recruitment/candidates,17434,0,0
1768483468849,17421,Create Candidate Request,401,Unauthorized,Candidate Creation Thread Group 1-72,text,false,,261,494,1000,1000,http://localhost:8080/web/index.php/api/v2/recruitment/candidates,17334,0,1
1768483468861,17418,Create Candidate Request,401,Unauthorized,Candidate Creation Thread Group 1-78,text,false,,261,494,1000,1000,http://localhost:8080/web/index.php/api/v2/recruitment/candidates,17417,0,0
1768483468747,17634,Create Candidate Request,401,Unauthorized,Candidate Creation Thread Group 1-21,text,false,,261,494,1000,1000,http://localhost:8080/web/index.php/api/v2/recruitment/candidates,17632,0,0
1768483468887,17589,Create Candidate Request,401,Unauthorized,Candidate Creation Thread Group 1-91,text,false,,261,494,1000,1000,http://localhost:8080/web/index.php/api/v2/recruitment/candidates,17589,0,1
1768483468905,17576,Create Candidate Request,401,Unauthorized,Candidate Creation Thread Group 1-100,text,false,,261,494,1000,1000,http://localhost:8080/web/index.php/api/v2/recruitment/candidates,17576,0,1
1768483468865,17720,Create Candidate Request,401,Unauthorized,Candidate Creation Thread Group 1-80,text,false,,261,494,1000,1000,http://localhost:8080/web/index.php/api/v2/recruitment/candidates,17717,0,1
1768483468799,17881,Create Candidate Request,401,Unauthorized,Candidate Creation Thread Group 1-47,text,false,,261,494,1000,1000,http://localhost:8080/web/index.php/api/v2/recruitment/candidates,17880,0,1
1768483468856,17919,Create Candidate Request,401,Unauthorized,Candidate Creation Thread Group 1-75,text,false,,261,494,1000,1000,http://localhost:8080/web/index.php/api/v2/recruitment/candidates,17918,0,0
1768483468997,17875,Create Candidate Request,401,Unauthorized,Candidate Creation Thread Group 1-146,text,false,,261,494,1000,1000,http://localhost:8080/web/index.php/api/v2/recruitment/candidates,17874,0,0
1768483468912,18058,Create Candidate Request,401,Unauthorized,Candidate Creation Thread Group 1-102,text,false,,261,491,1000,1000,http://localhost:8080/web/index.php/api/v2/recruitment/candidates,17972,0,1
1768483468886,18088,Create Candidate Request,401,Unauthorized,Candidate Creation Thread Group 1-87,text,false,,261,494,1000,1000,http://localhost:8080/web/index.php/api/v2/recruitment/candidates,18088,0,1
1768483468884,18186,Create Candidate Request,401,Unauthorized,Candidate Creation Thread Group 1-89,text,false,,261,494,1000,1000,http://localhost:8080/web/index.php/api/v2/recruitment/candidates,18102,0,0
1768483468751,18328,Create Candidate Request,401,Unauthorized,Candidate Creation Thread Group 1-22,text,false,,261,494,1000,1000,http://localhost:8080/web/index.php/api/v2/recruitment/candidates,18327,0,1
1768483468882,18202,Create Candidate Request,401,Unauthorized,Candidate Creation Thread Group 1-86,text,false,,261,494,1000,1000,http://localhost:8080/web/index.php/api/v2/recruitment/candidates,18202,0,1
1768483469034,18136,Create Candidate Request,401,Unauthorized,Candidate Creation Thread Group 1-164,text,false,,261,494,1000,1000,http://localhost:8080/web/index.php/api/v2/recruitment/candidates,18136,0,2
1768483468882,18291,Create Candidate Request,401,Unauthorized,Candidate Creation Thread Group 1-84,text,false,,261,494,1000,1000,http://localhost:8080/web/index.php/api/v2/recruitment/candidates,18291,0,1
1768483469020,18158,Create Candidate Request,401,Unauthorized,Candidate Creation Thread Group 1-152,text,false,,261,491,1000,1000,http://localhost:8080/web/index.php/api/v2/recruitment/candidates,18158,0,1
1768483468992,18195,Create Candidate Request,401,Unauthorized,Candidate Creation Thread Group 1-139,text,false,,261,494,1000,1000,http://localhost:8080/web/index.php/api/v2/recruitment/candidates,18194,0,0
1768483468793,18490,Create Candidate Request,401,Unauthorized,Candidate Creation Thread Group 1-44,text,false,,261,494,1000,1000,http://localhost:8080/web/index.php/api/v2/recruitment/candidates,18490,0,1
1768483468992,18478,Create Candidate Request,401,Unauthorized,Candidate Creation Thread Group 1-138,text,false,,261,494,1000,1000,http://localhost:8080/web/index.php/api/v2/recruitment/candidates,18478,0,1
1768483468840,18635,Create Candidate Request,401,Unauthorized,Candidate Creation Thread Group 1-67,text,false,,261,494,1000,1000,http://localhost:8080/web/index.php/api/v2/recruitment/candidates,18635,0,0
1768483468785,18785,Create Candidate Request,401,Unauthorized,Candidate Creation Thread Group 1-39,text,false,,261,494,1000,1000,http://localhost:8080/web/index.php/api/v2/recruitment/candidates,18699,0,0
1768483468735,18842,Create Candidate Request,401,Unauthorized,Candidate Creation Thread Group 1-15,text,false,,261,494,1000,1000,http://localhost:8080/web/index.php/api/v2/recruitment/candidates,18842,0,3
1768483468898,18685,Create Candidate Request,401,Unauthorized,Candidate Creation Thread Group 1-96,text,false,,261,494,1000,1000,http://localhost:8080/web/index.php/api/v2/recruitment/candidates,18683,0,1
1768483468983,18690,Create Candidate Request,401,Unauthorized,Candidate Creation Thread Group 1-134,text,false,,261,494,1000,1000,http://localhost:8080/web/index.php/api/v2/recruitment/candidates,18688,0,4
1768483468967,18712,Create Candidate Request,401,Unauthorized,Candidate Creation Thread Group 1-131,text,false,,261,494,1000,1000,http://localhost:8080/web/index.php/api/v2/recruitment/candidates,18712,0,0
1768483468802,18969,Create Candidate Request,401,Unauthorized,Candidate Creation Thread Group 1-48,text,false,,261,494,1000,1000,http://localhost:8080/web/index.php/api/v2/recruitment/candidates,18968,0,1
1768483468912,18866,Create Candidate Request,401,Unauthorized,Candidate Creation Thread Group 1-101,text,false,,261,491,1000,1000,http://localhost:8080/web/index.php/api/v2/recruitment/candidates,18864,0,1
1768483469088,18703,Create Candidate Request,401,Unauthorized,Candidate Creation Thread Group 1-191,text,false,,261,494,1000,1000,http://localhost:8080/web/index.php/api/v2/recruitment/candidates,18703,0,3
1768483469286,18589,Create Candidate Request,401,Unauthorized,Candidate Creation Thread Group 1-290,text,false,,261,494,1000,1000,http://localhost:8080/web/index.php/api/v2/recruitment/candidates,18589,0,1
1768483468817,19153,Create Candidate Request,401,Unauthorized,Candidate Creation Thread Group 1-52,text,false,,261,491,1000,1000,http://localhost:8080/web/index.php/api/v2/recruitment/candidates,19066,0,0
1768483468783,19205,Create Candidate Request,401,Unauthorized,Candidate Creation Thread Group 1-38,text,false,,261,494,1000,1000,http://localhost:8080/web/index.php/api/v2/recruitment/candidates,19205,0,1
1768483468722,19347,Create Candidate Request,401,Unauthorized,Candidate Creation Thread Group 1-7,text,false,,261,491,1000,1000,http://localhost:8080/web/index.php/api/v2/recruitment/candidates,19266,0,0
1768483468789,19286,Create Candidate Request,401,Unauthorized,Candidate Creation Thread Group 1-40,text,false,,261,494,1000,1000,http://localhost:8080/web/index.php/api/v2/recruitment/candidates,19286,0,0
1768483468803,19368,Create Candidate Request,401,Unauthorized,Candidate Creation Thread Group 1-49,text,false,,261,494,1000,1000,http://localhost:8080/web/index.php/api/v2/recruitment/candidates,19368,0,1
1768483469162,19016,Create Candidate Request,401,Unauthorized,Candidate Creation Thread Group 1-228,text,false,,261,494,1000,1000,http://localhost:8080/web/index.php/api/v2/recruitment/candidates,19016,0,0
1768483469159,19122,Create Candidate Request,401,Unauthorized,Candidate Creation Thread Group 1-227,text,false,,261,494,1000,1000,http://localhost:8080/web/index.php/api/v2/recruitment/candidates,19120,0,1
1768483469163,19311,Create Candidate Request,401,Unauthorized,Candidate Creation Thread Group 1-229,text,false,,261,494,1000,1000,http://localhost:8080/web/index.php/api/v2/recruitment/candidates,19310,0,1
1768483469157,19414,Create Candidate Request,401,Unauthorized,Candidate Creation Thread Group 1-226,text,false,,261,494,1000,1000,http://localhost:8080/web/index.php/api/v2/recruitment/candidates,19414,0,0
1768483469167,19411,Create Candidate Request,401,Unauthorized,Candidate Creation Thread Group 1-231,text,false,,261,494,1000,1000,http://localhost:8080/web/index.php/api/v2/recruitment/candidates,19409,0,0
1768483469176,19495,Create Candidate Request,401,Unauthorized,Candidate Creation Thread Group 1-233,text,false,,261,494,1000,1000,http://localhost:8080/web/index.php/api/v2/recruitment/candidates,19494,0,0
1768483469167,19510,Create Candidate Request,401,Unauthorized,Candidate Creation Thread Group 1-230,text,false,,261,494,1000,1000,http://localhost:8080/web/index.php/api/v2/recruitment/candidates,19510,0,1
1768483469169,19514,Create Candidate Request,401,Unauthorized,Candidate Creation Thread Group 1-232,text,false,,261,494,1000,1000,http://localhost:8080/web/index.php/api/v2/recruitment/candidates,19514,0,14
1768483469317,19453,Create Candidate Request,401,Unauthorized,Candidate Creation Thread Group 1-306,text,false,,261,491,1000,1000,http://localhost:8080/web/index.php/api/v2/recruitment/candidates,19453,0,0
1768483469188,19588,Create Candidate Request,401,Unauthorized,Candidate Creation Thread Group 1-241,text,false,,261,494,1000,1000,http://localhost:8080/web/index.php/api/v2/recruitment/candidates,19587,0,0
1768483469189,19595,Create Candidate Request,401,Unauthorized,Candidate Creation Thread Group 1-242,text,false,,261,494,1000,1000,http://localhost:8080/web/index.php/api/v2/recruitment/candidates,19594,0,1
1768483469191,19683,Create Candidate Request,401,Unauthorized,Candidate Creation Thread Group 1-243,text,false,,261,494,1000,1000,http://localhost:8080/web/index.php/api/v2/recruitment/candidates,19682,0,1
1768483469193,19691,Create Candidate Request,401,Unauthorized,Candidate Creation Thread Group 1-244,text,false,,261,494,1000,1000,http://localhost:8080/web/index.php/api/v2/recruitment/candidates,19691,0,1
1768483469329,19650,Create Candidate Request,401,Unauthorized,Candidate Creation Thread Group 1-312,text,false,,261,494,1000,1000,http://localhost:8080/web/index.php/api/v2/recruitment/candidates,19650,0,2
1768483469193,19889,Create Candidate Request,401,Unauthorized,Candidate Creation Thread Group 1-237,text,false,,261,494,1000,1000,http://localhost:8080/web/index.php/api/v2/recruitment/candidates,19888,0,1
1768483469197,20075,Create Candidate Request,401,Unauthorized,Candidate Creation Thread Group 1-239,text,false,,261,494,1000,1000,http://localhost:8080/web/index.php/api/v2/recruitment/candidates,19985,0,0
1768483469275,20099,Create Candidate Request,401,Unauthorized,Candidate Creation Thread Group 1-284,text,false,,261,494,1000,1000,http://localhost:8080/web/index.php/api/v2/recruitment/candidates,20099,0,0
1768483469269,20203,Create Candidate Request,401,Unauthorized,Candidate Creation Thread Group 1-282,text,false,,261,494,1000,1000,http://localhost:8080/web/index.php/api/v2/recruitment/candidates,20202,0,0
1768483469273,20298,Create Candidate Request,401,Unauthorized,Candidate Creation Thread Group 1-283,text,false,,261,494,1000,1000,http://localhost:8080/web/index.php/api/v2/recruitment/candidates,20212,0,2
1768483469278,20396,Create Candidate Request,401,Unauthorized,Candidate Creation Thread Group 1-285,text,false,,261,494,1000,1000,http://localhost:8080/web/index.php/api/v2/recruitment/candidates,20395,0,0
1768483469283,20401,Create Candidate Request,401,Unauthorized,Candidate Creation Thread Group 1-286,text,false,,261,494,1000,1000,http://localhost:8080/web/index.php/api/v2/recruitment/candidates,20401,0,0
1768483469283,20588,Create Candidate Request,401,Unauthorized,Candidate Creation Thread Group 1-288,text,false,,261,494,1000,1000,http://localhost:8080/web/index.php/api/v2/recruitment/candidates,20587,0,0
1768483469285,20689,Create Candidate Request,401,Unauthorized,Candidate Creation Thread Group 1-289,text,false,,261,494,1000,1000,http://localhost:8080/web/index.php/api/v2/recruitment/candidates,20688,0,2
1768483469282,20793,Create Candidate Request,401,Unauthorized,Candidate Creation Thread Group 1-287,text,false,,261,494,1000,1000,http://localhost:8080/web/index.php/api/v2/recruitment/candidates,20791,0,0
1768483469287,20886,Create Candidate Request,401,Unauthorized,Candidate Creation Thread Group 1-291,text,false,,261,494,1000,1000,http://localhost:8080/web/index.php/api/v2/recruitment/candidates,20885,0,0
1768483468797,21381,Create Candidate Request,401,Unauthorized,Candidate Creation Thread Group 1-46,text,false,,261,494,1000,1000,http://localhost:8080/web/index.php/api/v2/recruitment/candidates,21381,0,0
1768483468914,21355,Create Candidate Request,401,Unauthorized,Candidate Creation Thread Group 1-104,text,false,,261,491,1000,1000,http://localhost:8080/web/index.php/api/v2/recruitment/candidates,21268,0,1
1768483468743,21534,Create Candidate Request,401,Unauthorized,Candidate Creation Thread Group 1-18,text,false,,261,494,1000,1000,http://localhost:8080/web/index.php/api/v2/recruitment/candidates,21533,0,1
1768483468993,21288,Create Candidate Request,401,Unauthorized,Candidate Creation Thread Group 1-133,text,false,,261,494,1000,1000,http://localhost:8080/web/index.php/api/v2/recruitment/candidates,21288,0,1
1768483468955,21424,Create Candidate Request,401,Unauthorized,Candidate Creation Thread Group 1-125,text,false,,261,494,1000,1000,http://localhost:8080/web/index.php/api/v2/recruitment/candidates,21423,0,1
1768483468993,21395,Create Candidate Request,401,Unauthorized,Candidate Creation Thread Group 1-137,text,false,,261,494,1000,1000,http://localhost:8080/web/index.php/api/v2/recruitment/candidates,21394,0,1
1768483469361,21211,Create Candidate Request,401,Unauthorized,Candidate Creation Thread Group 1-328,text,false,,261,494,1000,1000,http://localhost:8080/web/index.php/api/v2/recruitment/candidates,21210,0,0
1768483469051,21624,Create Candidate Request,401,Unauthorized,Candidate Creation Thread Group 1-173,text,false,,261,494,1000,1000,http://localhost:8080/web/index.php/api/v2/recruitment/candidates,21624,0,0
1768483469029,21749,Create Candidate Request,401,Unauthorized,Candidate Creation Thread Group 1-162,text,false,,261,494,1000,1000,http://localhost:8080/web/index.php/api/v2/recruitment/candidates,21747,0,0
1768483468817,22065,Create Candidate Request,401,Unauthorized,Candidate Creation Thread Group 1-56,text,false,,261,491,1000,1000,http://localhost:8080/web/index.php/api/v2/recruitment/candidates,22063,0,0
1768483468899,22177,Create Candidate Request,401,Unauthorized,Candidate Creation Thread Group 1-97,text,false,,261,494,1000,1000,http://localhost:8080/web/index.php/api/v2/recruitment/candidates,22175,0,3
1768483469057,22116,Create Candidate Request,401,Unauthorized,Candidate Creation Thread Group 1-176,text,false,,261,494,1000,1000,http://localhost:8080/web/index.php/api/v2/recruitment/candidates,22116,0,0
1768483468823,22358,Create Candidate Request,401,Unauthorized,Candidate Creation Thread Group 1-59,text,false,,261,491,1000,1000,http://localhost:8080/web/index.php/api/v2/recruitment/candidates,22356,0,0
1768483469059,22223,Create Candidate Request,401,Unauthorized,Candidate Creation Thread Group 1-177,text,false,,261,494,1000,1000,http://localhost:8080/web/index.php/api/v2/recruitment/candidates,22223,0,1
1768483469061,22418,Create Candidate Request,401,Unauthorized,Candidate Creation Thread Group 1-178,text,false,,261,494,1000,1000,http://localhost:8080/web/index.php/api/v2/recruitment/candidates,22417,0,1
1768483469085,22591,Create Candidate Request,401,Unauthorized,Candidate Creation Thread Group 1-185,text,false,,261,494,1000,1000,http://localhost:8080/web/index.php/api/v2/recruitment/candidates,22590,0,2
1768483468867,22913,Create Candidate Request,401,Unauthorized,Candidate Creation Thread Group 1-81,text,false,,261,494,1000,1000,http://localhost:8080/web/index.php/api/v2/recruitment/candidates,22911,0,0
1768483469047,22833,Create Candidate Request,401,Unauthorized,Candidate Creation Thread Group 1-170,text,false,,261,494,1000,1000,http://localhost:8080/web/index.php/api/v2/recruitment/candidates,22832,0,0
1768483468917,23090,Create Candidate Request,401,Unauthorized,Candidate Creation Thread Group 1-106,text,false,,261,491,1000,1000,http://localhost:8080/web/index.php/api/v2/recruitment/candidates,23089,0,0
1768483468737,23337,Create Candidate Request,401,Unauthorized,Candidate Creation Thread Group 1-16,text,false,,261,494,1000,1000,http://localhost:8080/web/index.php/api/v2/recruitment/candidates,23336,0,0
1768483469064,23018,Create Candidate Request,401,Unauthorized,Candidate Creation Thread Group 1-179,text,false,,261,494,1000,1000,http://localhost:8080/web/index.php/api/v2/recruitment/candidates,23016,0,0
1768483469048,23123,Create Candidate Request,401,Unauthorized,Candidate Creation Thread Group 1-171,text,false,,261,494,1000,1000,http://localhost:8080/web/index.php/api/v2/recruitment/candidates,23122,0,0
1768483468997,23179,Create Candidate Request,401,Unauthorized,Candidate Creation Thread Group 1-143,text,false,,261,494,1000,1000,http://localhost:8080/web/index.php/api/v2/recruitment/candidates,23178,0,0
1768483468891,23291,Create Candidate Request,401,Unauthorized,Candidate Creation Thread Group 1-93,text,false,,261,494,1000,1000,http://localhost:8080/web/index.php/api/v2/recruitment/candidates,23289,0,1
1768483468845,23431,Create Candidate Request,401,Unauthorized,Candidate Creation Thread Group 1-70,text,false,,261,494,1000,1000,http://localhost:8080/web/index.php/api/v2/recruitment/candidates,23431,0,0
1768483468995,23376,Create Candidate Request,401,Unauthorized,Candidate Creation Thread Group 1-140,text,false,,261,494,1000,1000,http://localhost:8080/web/index.php/api/v2/recruitment/candidates,23375,0,1
1768483468914,23462,Create Candidate Request,401,Unauthorized,Candidate Creation Thread Group 1-103,text,false,,261,491,1000,1000,http://localhost:8080/web/index.php/api/v2/recruitment/candidates,23462,0,1
1768483468781,23694,Create Candidate Request,401,Unauthorized,Candidate Creation Thread Group 1-36,text,false,,261,494,1000,1000,http://localhost:8080/web/index.php/api/v2/recruitment/candidates,23692,0,5
1768483468859,23711,Create Candidate Request,401,Unauthorized,Candidate Creation Thread Group 1-77,text,false,,261,494,1000,1000,http://localhost:8080/web/index.php/api/v2/recruitment/candidates,23627,0,0
1768483469086,23491,Create Candidate Request,401,Unauthorized,Candidate Creation Thread Group 1-188,text,false,,261,494,1000,1000,http://localhost:8080/web/index.php/api/v2/recruitment/candidates,23489,0,1
1768483469006,23666,Create Candidate Request,401,Unauthorized,Candidate Creation Thread Group 1-150,text,false,,261,494,1000,1000,http://localhost:8080/web/index.php/api/v2/recruitment/candidates,23666,0,0
1768483469049,23631,Create Candidate Request,401,Unauthorized,Candidate Creation Thread Group 1-172,text,false,,261,494,1000,1000,http://localhost:8080/web/index.php/api/v2/recruitment/candidates,23630,0,1
1768483469053,23723,Create Candidate Request,401,Unauthorized,Candidate Creation Thread Group 1-174,text,false,,261,494,1000,1000,http://localhost:8080/web/index.php/api/v2/recruitment/candidates,23721,0,1
1768483469069,23716,Create Candidate Request,401,Unauthorized,Candidate Creation Thread Group 1-182,text,false,,261,494,1000,1000,http://localhost:8080/web/index.php/api/v2/recruitment/candidates,23716,0,18
1768483469081,23802,Create Candidate Request,401,Unauthorized,Candidate Creation Thread Group 1-183,text,false,,261,494,1000,1000,http://localhost:8080/web/index.php/api/v2/recruitment/candidates,23802,0,6
1768483469419,23556,Create Candidate Request,401,Unauthorized,Candidate Creation Thread Group 1-357,text,false,,261,491,1000,1000,http://localhost:8080/web/index.php/api/v2/recruitment/candidates,23556,0,0
1768483469084,23987,Create Candidate Request,401,Unauthorized,Candidate Creation Thread Group 1-189,text,false,,261,494,1000,1000,http://localhost:8080/web/index.php/api/v2/recruitment/candidates,23986,0,3
1768483469092,23984,Create Candidate Request,401,Unauthorized,Candidate Creation Thread Group 1-192,text,false,,261,494,1000,1000,http://localhost:8080/web/index.php/api/v2/recruitment/candidates,23984,0,1
1768483469094,23988,Create Candidate Request,401,Unauthorized,Candidate Creation Thread Group 1-194,text,false,,261,494,1000,1000,http://localhost:8080/web/index.php/api/v2/recruitment/candidates,23988,0,0
1768483469293,23880,Create Candidate Request,401,Unauthorized,Candidate Creation Thread Group 1-294,text,false,,261,494,1000,1000,http://localhost:8080/web/index.php/api/v2/recruitment/candidates,23879,0,1
1768483469093,24085,Create Candidate Request,401,Unauthorized,Candidate Creation Thread Group 1-193,text,false,,261,494,1000,1000,http://localhost:8080/web/index.php/api/v2/recruitment/candidates,24084,0,0
1768483469094,24176,Create Candidate Request,401,Unauthorized,Candidate Creation Thread Group 1-190,text,false,,261,494,1000,1000,http://localhost:8080/web/index.php/api/v2/recruitment/candidates,24091,0,1
1768483469094,24180,Create Candidate Request,401,Unauthorized,Candidate Creation Thread Group 1-184,text,false,,261,494,1000,1000,http://localhost:8080/web/index.php/api/v2/recruitment/candidates,24179,0,1
1768483469099,24271,Create Candidate Request,401,Unauthorized,Candidate Creation Thread Group 1-197,text,false,,261,494,1000,1000,http://localhost:8080/web/index.php/api/v2/recruitment/candidates,24184,0,0
1768483469097,24287,Create Candidate Request,401,Unauthorized,Candidate Creation Thread Group 1-196,text,false,,261,494,1000,1000,http://localhost:8080/web/index.php/api/v2/recruitment/candidates,24284,0,0
1768483469095,24387,Create Candidate Request,401,Unauthorized,Candidate Creation Thread Group 1-195,text,false,,261,494,1000,1000,http://localhost:8080/web/index.php/api/v2/recruitment/candidates,24384,0,1
1768483469101,24481,Create Candidate Request,401,Unauthorized,Candidate Creation Thread Group 1-198,text,false,,261,494,1000,1000,http://localhost:8080/web/index.php/api/v2/recruitment/candidates,24480,0,1
1768483469443,24235,Create Candidate Request,401,Unauthorized,Candidate Creation Thread Group 1-369,text,false,,261,494,1000,1000,http://localhost:8080/web/index.php/api/v2/recruitment/candidates,24235,0,0
1768483469105,24670,Create Candidate Request,401,Unauthorized,Candidate Creation Thread Group 1-200,text,false,,261,494,1000,1000,http://localhost:8080/web/index.php/api/v2/recruitment/candidates,24669,0,1
1768483469433,24349,Create Candidate Request,401,Unauthorized,Candidate Creation Thread Group 1-364,text,false,,261,494,1000,1000,http://localhost:8080/web/index.php/api/v2/recruitment/candidates,24349,0,0
1768483469429,24542,Create Candidate Request,401,Unauthorized,Candidate Creation Thread Group 1-362,text,false,,261,494,1000,1000,http://localhost:8080/web/index.php/api/v2/recruitment/candidates,24541,0,0
1768483469435,24550,Create Candidate Request,401,Unauthorized,Candidate Creation Thread Group 1-365,text,false,,261,494,1000,1000,http://localhost:8080/web/index.php/api/v2/recruitment/candidates,24549,0,0
1768483469437,24646,Create Candidate Request,401,Unauthorized,Candidate Creation Thread Group 1-366,text,false,,261,494,1000,1000,http://localhost:8080/web/index.php/api/v2/recruitment/candidates,24645,0,0
1768483469441,24735,Create Candidate Request,401,Unauthorized,Candidate Creation Thread Group 1-368,text,false,,261,494,1000,1000,http://localhost:8080/web/index.php/api/v2/recruitment/candidates,24735,0,0
1768483469439,24743,Create Candidate Request,401,Unauthorized,Candidate Creation Thread Group 1-367,text,false,,261,494,1000,1000,http://localhost:8080/web/index.php/api/v2/recruitment/candidates,24743,0,0
1768483469290,24981,Create Candidate Request,401,Unauthorized,Candidate Creation Thread Group 1-292,text,false,,261,494,1000,1000,http://localhost:8080/web/index.php/api/v2/recruitment/candidates,24980,0,0
1768483469291,25080,Create Candidate Request,401,Unauthorized,Candidate Creation Thread Group 1-293,text,false,,261,494,1000,1000,http://localhost:8080/web/index.php/api/v2/recruitment/candidates,24993,0,0
1768483469103,25281,Create Candidate Request,401,Unauthorized,Candidate Creation Thread Group 1-199,text,false,,261,494,1000,1000,http://localhost:8080/web/index.php/api/v2/recruitment/candidates,25281,0,1
1768483469111,25372,Create Candidate Request,401,Unauthorized,Candidate Creation Thread Group 1-202,text,false,,261,491,1000,1000,http://localhost:8080/web/index.php/api/v2/recruitment/candidates,25372,0,1
1768483469111,25464,Create Candidate Request,401,Unauthorized,Candidate Creation Thread Group 1-203,text,false,,261,491,1000,1000,http://localhost:8080/web/index.php/api/v2/recruitment/candidates,25464,0,1
1768483469113,25468,Create Candidate Request,401,Unauthorized,Candidate Creation Thread Group 1-204,text,false,,261,491,1000,1000,http://localhost:8080/web/index.php/api/v2/recruitment/candidates,25467,0,0
1768483469111,25562,Create Candidate Request,401,Unauthorized,Candidate Creation Thread Group 1-201,text,false,,261,491,1000,1000,http://localhost:8080/web/index.php/api/v2/recruitment/candidates,25562,0,1
1768483469117,25565,Create Candidate Request,401,Unauthorized,Candidate Creation Thread Group 1-206,text,false,,261,491,1000,1000,http://localhost:8080/web/index.php/api/v2/recruitment/candidates,25563,0,0
1768483469115,25655,Create Candidate Request,401,Unauthorized,Candidate Creation Thread Group 1-205,text,false,,261,491,1000,1000,http://localhost:8080/web/index.php/api/v2/recruitment/candidates,25655,0,0
1768483469119,25660,Create Candidate Request,401,Unauthorized,Candidate Creation Thread Group 1-207,text,false,,261,491,1000,1000,http://localhost:8080/web/index.php/api/v2/recruitment/candidates,25659,0,0
1768483469301,25578,Create Candidate Request,401,Unauthorized,Candidate Creation Thread Group 1-298,text,false,,261,494,1000,1000,http://localhost:8080/web/index.php/api/v2/recruitment/candidates,25577,0,0
1768483469298,25683,Create Candidate Request,401,Unauthorized,Candidate Creation Thread Group 1-296,text,false,,261,494,1000,1000,http://localhost:8080/web/index.php/api/v2/recruitment/candidates,25682,0,0
1768483469121,25954,Create Candidate Request,401,Unauthorized,Candidate Creation Thread Group 1-208,text,false,,261,491,1000,1000,http://localhost:8080/web/index.php/api/v2/recruitment/candidates,25951,0,0
1768483469123,26048,Create Candidate Request,401,Unauthorized,Candidate Creation Thread Group 1-209,text,false,,261,491,1000,1000,http://localhost:8080/web/index.php/api/v2/recruitment/candidates,26047,0,0
1768483469125,26052,Create Candidate Request,401,Unauthorized,Candidate Creation Thread Group 1-210,text,false,,261,494,1000,1000,http://localhost:8080/web/index.php/api/v2/recruitment/candidates,26051,0,0
1768483469127,26153,Create Candidate Request,401,Unauthorized,Candidate Creation Thread Group 1-211,text,false,,261,494,1000,1000,http://localhost:8080/web/index.php/api/v2/recruitment/candidates,26152,0,0
1768483469129,26170,Create Candidate Request,401,Unauthorized,Candidate Creation Thread Group 1-212,text,false,,261,494,1000,1000,http://localhost:8080/web/index.php/api/v2/recruitment/candidates,26166,0,1
1768483469131,26243,Create Candidate Request,401,Unauthorized,Candidate Creation Thread Group 1-213,text,false,,261,494,1000,1000,http://localhost:8080/web/index.php/api/v2/recruitment/candidates,26242,0,1
1768483469133,26246,Create Candidate Request,401,Unauthorized,Candidate Creation Thread Group 1-214,text,false,,261,494,1000,1000,http://localhost:8080/web/index.php/api/v2/recruitment/candidates,26245,0,1
1768483469134,26250,Create Candidate Request,401,Unauthorized,Candidate Creation Thread Group 1-215,text,false,,261,494,1000,1000,http://localhost:8080/web/index.php/api/v2/recruitment/candidates,26250,0,1
1768483469299,26183,Create Candidate Request,401,Unauthorized,Candidate Creation Thread Group 1-295,text,false,,261,494,1000,1000,http://localhost:8080/web/index.php/api/v2/recruitment/candidates,26182,0,0
1768483469137,26445,Create Candidate Request,401,Unauthorized,Candidate Creation Thread Group 1-216,text,false,,261,494,1000,1000,http://localhost:8080/web/index.php/api/v2/recruitment/candidates,26442,0,1
1768483469299,26377,Create Candidate Request,401,Unauthorized,Candidate Creation Thread Group 1-297,text,false,,261,494,1000,1000,http://localhost:8080/web/index.php/api/v2/recruitment/candidates,26376,0,0
1768483469141,26641,Create Candidate Request,401,Unauthorized,Candidate Creation Thread Group 1-218,text,false,,261,494,1000,1000,http://localhost:8080/web/index.php/api/v2/recruitment/candidates,26639,0,0
1768483469143,26731,Create Candidate Request,401,Unauthorized,Candidate Creation Thread Group 1-219,text,false,,261,494,1000,1000,http://localhost:8080/web/index.php/api/v2/recruitment/candidates,26730,0,0
1768483469139,26834,Create Candidate Request,401,Unauthorized,Candidate Creation Thread Group 1-217,text,false,,261,494,1000,1000,http://localhost:8080/web/index.php/api/v2/recruitment/candidates,26832,0,2
1768483469149,26924,Create Candidate Request,401,Unauthorized,Candidate Creation Thread Group 1-222,text,false,,261,494,1000,1000,http://localhost:8080/web/index.php/api/v2/recruitment/candidates,26922,0,0
1768483469147,27025,Create Candidate Request,401,Unauthorized,Candidate Creation Thread Group 1-221,text,false,,261,494,1000,1000,http://localhost:8080/web/index.php/api/v2/recruitment/candidates,27025,0,0
1768483469145,27034,Create Candidate Request,401,Unauthorized,Candidate Creation Thread Group 1-220,text,false,,261,494,1000,1000,http://localhost:8080/web/index.php/api/v2/recruitment/candidates,27034,0,0
1768483469151,27123,Create Candidate Request,401,Unauthorized,Candidate Creation Thread Group 1-223,text,false,,261,494,1000,1000,http://localhost:8080/web/index.php/api/v2/recruitment/candidates,27122,0,0
1768483469153,27134,Create Candidate Request,401,Unauthorized,Candidate Creation Thread Group 1-224,text,false,,261,494,1000,1000,http://localhost:8080/web/index.php/api/v2/recruitment/candidates,27134,0,0
1768483469155,27219,Create Candidate Request,401,Unauthorized,Candidate Creation Thread Group 1-225,text,false,,261,494,1000,1000,http://localhost:8080/web/index.php/api/v2/recruitment/candidates,27218,0,1
1768483469303,27167,Create Candidate Request,401,Unauthorized,Candidate Creation Thread Group 1-299,text,false,,261,494,1000,1000,http://localhost:8080/web/index.php/api/v2/recruitment/candidates,27167,0,0
1768483469313,27167,Create Candidate Request,401,Unauthorized,Candidate Creation Thread Group 1-300,text,false,,261,491,1000,1000,http://localhost:8080/web/index.php/api/v2/recruitment/candidates,27166,0,0
1768483469313,27270,Create Candidate Request,401,Unauthorized,Candidate Creation Thread Group 1-304,text,false,,261,491,1000,1000,http://localhost:8080/web/index.php/api/v2/recruitment/candidates,27267,0,0
1768483469313,27360,Create Candidate Request,401,Unauthorized,Candidate Creation Thread Group 1-303,text,false,,261,491,1000,1000,http://localhost:8080/web/index.php/api/v2/recruitment/candidates,27360,0,0
1768483469314,27366,Create Candidate Request,401,Unauthorized,Candidate Creation Thread Group 1-301,text,false,,261,491,1000,1000,http://localhost:8080/web/index.php/api/v2/recruitment/candidates,27366,0,0
1768483469315,27370,Create Candidate Request,401,Unauthorized,Candidate Creation Thread Group 1-305,text,false,,261,491,1000,1000,http://localhost:8080/web/index.php/api/v2/recruitment/candidates,27370,0,0
1768483469314,27463,Create Candidate Request,401,Unauthorized,Candidate Creation Thread Group 1-302,text,false,,261,491,1000,1000,http://localhost:8080/web/index.php/api/v2/recruitment/candidates,27463,0,0
1768483469319,27464,Create Candidate Request,401,Unauthorized,Candidate Creation Thread Group 1-307,text,false,,261,491,1000,1000,http://localhost:8080/web/index.php/api/v2/recruitment/candidates,27464,0,0
1768483469182,27691,Create Candidate Request,401,Unauthorized,Candidate Creation Thread Group 1-235,text,false,,261,494,1000,1000,http://localhost:8080/web/index.php/api/v2/recruitment/candidates,27691,0,1
1768483469185,27692,Create Candidate Request,401,Unauthorized,Candidate Creation Thread Group 1-234,text,false,,261,494,1000,1000,http://localhost:8080/web/index.php/api/v2/recruitment/candidates,27692,0,0
1768483469185,27700,Create Candidate Request,401,Unauthorized,Candidate Creation Thread Group 1-238,text,false,,261,494,1000,1000,http://localhost:8080/web/index.php/api/v2/recruitment/candidates,27699,0,0
1768483469185,27786,Create Candidate Request,401,Unauthorized,Candidate Creation Thread Group 1-2,text,false,,261,494,1000,1000,http://localhost:8080/web/index.php/api/v2/recruitment/candidates,27785,0,1
1768483469184,27797,Create Candidate Request,401,Unauthorized,Candidate Creation Thread Group 1-236,text,false,,261,494,1000,1000,http://localhost:8080/web/index.php/api/v2/recruitment/candidates,27796,0,0
1768483469186,27892,Create Candidate Request,401,Unauthorized,Candidate Creation Thread Group 1-240,text,false,,261,494,1000,1000,http://localhost:8080/web/index.php/api/v2/recruitment/candidates,27891,0,1
1768483469325,27848,Create Candidate Request,401,Unauthorized,Candidate Creation Thread Group 1-310,text,false,,261,494,1000,1000,http://localhost:8080/web/index.php/api/v2/recruitment/candidates,27848,0,6
1768483469323,27857,Create Candidate Request,401,Unauthorized,Candidate Creation Thread Group 1-309,text,false,,261,491,1000,1000,http://localhost:8080/web/index.php/api/v2/recruitment/candidates,27857,0,0
1768483469333,27939,Create Candidate Request,401,Unauthorized,Candidate Creation Thread Group 1-314,text,false,,261,494,1000,1000,http://localhost:8080/web/index.php/api/v2/recruitment/candidates,27938,0,0
1768483469196,28085,Create Candidate Request,401,Unauthorized,Candidate Creation Thread Group 1-245,text,false,,261,494,1000,1000,http://localhost:8080/web/index.php/api/v2/recruitment/candidates,28083,0,0
1768483469198,28178,Create Candidate Request,401,Unauthorized,Candidate Creation Thread Group 1-246,text,false,,261,494,1000,1000,http://localhost:8080/web/index.php/api/v2/recruitment/candidates,28175,0,0
1768483469199,28275,Create Candidate Request,401,Unauthorized,Candidate Creation Thread Group 1-247,text,false,,261,494,1000,1000,http://localhost:8080/web/index.php/api/v2/recruitment/candidates,28274,0,0
1768483469201,28374,Create Candidate Request,401,Unauthorized,Candidate Creation Thread Group 1-248,text,false,,261,494,1000,1000,http://localhost:8080/web/index.php/api/v2/recruitment/candidates,28374,0,0
1768483469203,28378,Create Candidate Request,401,Unauthorized,Candidate Creation Thread Group 1-249,text,false,,261,494,1000,1000,http://localhost:8080/web/index.php/api/v2/recruitment/candidates,28378,0,0
1768483469212,28469,Create Candidate Request,401,Unauthorized,Candidate Creation Thread Group 1-252,text,false,,261,491,1000,1000,http://localhost:8080/web/index.php/api/v2/recruitment/candidates,28469,0,1
1768483469212,28560,Create Candidate Request,401,Unauthorized,Candidate Creation Thread Group 1-250,text,false,,261,491,1000,1000,http://localhost:8080/web/index.php/api/v2/recruitment/candidates,28560,0,1
1768483469213,28565,Create Candidate Request,401,Unauthorized,Candidate Creation Thread Group 1-254,text,false,,261,491,1000,1000,http://localhost:8080/web/index.php/api/v2/recruitment/candidates,28564,0,0
1768483469213,28571,Create Candidate Request,401,Unauthorized,Candidate Creation Thread Group 1-251,text,false,,261,491,1000,1000,http://localhost:8080/web/index.php/api/v2/recruitment/candidates,28571,0,0
1768483469215,28659,Create Candidate Request,401,Unauthorized,Candidate Creation Thread Group 1-255,text,false,,261,491,1000,1000,http://localhost:8080/web/index.php/api/v2/recruitment/candidates,28659,0,2
1768483469213,28669,Create Candidate Request,401,Unauthorized,Candidate Creation Thread Group 1-253,text,false,,261,491,1000,1000,http://localhost:8080/web/index.php/api/v2/recruitment/candidates,28667,0,1
1768483469217,28763,Create Candidate Request,401,Unauthorized,Candidate Creation Thread Group 1-256,text,false,,261,491,1000,1000,http://localhost:8080/web/index.php/api/v2/recruitment/candidates,28763,0,0
1768483469219,28859,Create Candidate Request,401,Unauthorized,Candidate Creation Thread Group 1-257,text,false,,261,491,1000,1000,http://localhost:8080/web/index.php/api/v2/recruitment/candidates,28858,0,0
1768483469221,28948,Create Candidate Request,401,Unauthorized,Candidate Creation Thread Group 1-258,text,false,,261,491,1000,1000,http://localhost:8080/web/index.php/api/v2/recruitment/candidates,28868,0,0
1768483469223,28952,Create Candidate Request,401,Unauthorized,Candidate Creation Thread Group 1-259,text,false,,261,494,1000,1000,http://localhost:8080/web/index.php/api/v2/recruitment/candidates,28951,0,0
1768483469225,28953,Create Candidate Request,401,Unauthorized,Candidate Creation Thread Group 1-260,text,false,,261,494,1000,1000,http://localhost:8080/web/index.php/api/v2/recruitment/candidates,28953,0,0
1768483469327,28855,Create Candidate Request,401,Unauthorized,Candidate Creation Thread Group 1-311,text,false,,261,494,1000,1000,http://localhost:8080/web/index.php/api/v2/recruitment/candidates,28855,0,4
1768483469228,29044,Create Candidate Request,401,Unauthorized,Candidate Creation Thread Group 1-261,text,false,,261,494,1000,1000,http://localhost:8080/web/index.php/api/v2/recruitment/candidates,29044,0,0
1768483469229,29143,Create Candidate Request,401,Unauthorized,Candidate Creation Thread Group 1-262,text,false,,261,494,1000,1000,http://localhost:8080/web/index.php/api/v2/recruitment/candidates,29142,0,1
1768483469331,29142,Create Candidate Request,401,Unauthorized,Candidate Creation Thread Group 1-313,text,false,,261,494,1000,1000,http://localhost:8080/web/index.php/api/v2/recruitment/candidates,29141,0,1
1768483469232,29346,Create Candidate Request,401,Unauthorized,Candidate Creation Thread Group 1-263,text,false,,261,494,1000,1000,http://localhost:8080/web/index.php/api/v2/recruitment/candidates,29341,0,0
1768483469233,29438,Create Candidate Request,401,Unauthorized,Candidate Creation Thread Group 1-264,text,false,,261,494,1000,1000,http://localhost:8080/web/index.php/api/v2/recruitment/candidates,29438,0,0
1768483469235,29443,Create Candidate Request,401,Unauthorized,Candidate Creation Thread Group 1-265,text,false,,261,494,1000,1000,http://localhost:8080/web/index.php/api/v2/recruitment/candidates,29441,0,0
1768483469237,29541,Create Candidate Request,401,Unauthorized,Candidate Creation Thread Group 1-266,text,false,,261,494,1000,1000,http://localhost:8080/web/index.php/api/v2/recruitment/candidates,29540,0,0
1768483469243,29628,Create Candidate Request,401,Unauthorized,Candidate Creation Thread Group 1-269,text,false,,261,494,1000,1000,http://localhost:8080/web/index.php/api/v2/recruitment/candidates,29628,0,0
1768483469239,29736,Create Candidate Request,401,Unauthorized,Candidate Creation Thread Group 1-267,text,false,,261,494,1000,1000,http://localhost:8080/web/index.php/api/v2/recruitment/candidates,29734,0,0
1768483469241,29830,Create Candidate Request,401,Unauthorized,Candidate Creation Thread Group 1-268,text,false,,261,494,1000,1000,http://localhost:8080/web/index.php/api/v2/recruitment/candidates,29830,0,0
1768483469245,29929,Create Candidate Request,401,Unauthorized,Candidate Creation Thread Group 1-270,text,false,,261,494,1000,1000,http://localhost:8080/web/index.php/api/v2/recruitment/candidates,29929,0,0
1768483469247,30027,Create Candidate Request,401,Unauthorized,Candidate Creation Thread Group 1-271,text,false,,261,494,1000,1000,http://localhost:8080/web/index.php/api/v2/recruitment/candidates,30026,0,0
1768483469249,30034,Create Candidate Request,401,Unauthorized,Candidate Creation Thread Group 1-272,text,false,,261,494,1000,1000,http://localhost:8080/web/index.php/api/v2/recruitment/candidates,30033,0,0
1768483469253,30119,Create Candidate Request,401,Unauthorized,Candidate Creation Thread Group 1-274,text,false,,261,494,1000,1000,http://localhost:8080/web/index.php/api/v2/recruitment/candidates,30118,0,0
1768483469251,30125,Create Candidate Request,401,Unauthorized,Candidate Creation Thread Group 1-273,text,false,,261,494,1000,1000,http://localhost:8080/web/index.php/api/v2/recruitment/candidates,30125,0,0
1768483469257,30215,Create Candidate Request,401,Unauthorized,Candidate Creation Thread Group 1-276,text,false,,261,494,1000,1000,http://localhost:8080/web/index.php/api/v2/recruitment/candidates,30213,0,0
1768483469259,30311,Create Candidate Request,401,Unauthorized,Candidate Creation Thread Group 1-277,text,false,,261,494,1000,1000,http://localhost:8080/web/index.php/api/v2/recruitment/candidates,30311,0,0
1768483469255,30415,Create Candidate Request,401,Unauthorized,Candidate Creation Thread Group 1-275,text,false,,261,494,1000,1000,http://localhost:8080/web/index.php/api/v2/recruitment/candidates,30331,0,0
1768483469264,30410,Create Candidate Request,401,Unauthorized,Candidate Creation Thread Group 1-280,text,false,,261,494,1000,1000,http://localhost:8080/web/index.php/api/v2/recruitment/candidates,30410,0,1
1768483469261,30513,Create Candidate Request,401,Unauthorized,Candidate Creation Thread Group 1-278,text,false,,261,494,1000,1000,http://localhost:8080/web/index.php/api/v2/recruitment/candidates,30511,0,0
1768483469262,30613,Create Candidate Request,401,Unauthorized,Candidate Creation Thread Group 1-279,text,false,,261,494,1000,1000,http://localhost:8080/web/index.php/api/v2/recruitment/candidates,30611,0,1
1768483469267,30617,Create Candidate Request,401,Unauthorized,Candidate Creation Thread Group 1-281,text,false,,261,494,1000,1000,http://localhost:8080/web/index.php/api/v2/recruitment/candidates,30616,0,0
1768483469323,30657,Create Candidate Request,401,Unauthorized,Candidate Creation Thread Group 1-308,text,false,,261,494,1000,1000,http://localhost:8080/web/index.php/api/v2/recruitment/candidates,30656,0,8
1768483469336,30834,Create Candidate Request,401,Unauthorized,Candidate Creation Thread Group 1-316,text,false,,261,494,1000,1000,http://localhost:8080/web/index.php/api/v2/recruitment/candidates,30834,0,1
1768483469335,30842,Create Candidate Request,401,Unauthorized,Candidate Creation Thread Group 1-315,text,false,,261,494,1000,1000,http://localhost:8080/web/index.php/api/v2/recruitment/candidates,30841,0,1
1768483469342,30840,Create Candidate Request,401,Unauthorized,Candidate Creation Thread Group 1-318,text,false,,261,494,1000,1000,http://localhost:8080/web/index.php/api/v2/recruitment/candidates,30840,0,0
1768483469338,30934,Create Candidate Request,401,Unauthorized,Candidate Creation Thread Group 1-317,text,false,,261,494,1000,1000,http://localhost:8080/web/index.php/api/v2/recruitment/candidates,30933,0,1
1768483469343,30940,Create Candidate Request,401,Unauthorized,Candidate Creation Thread Group 1-319,text,false,,261,494,1000,1000,http://localhost:8080/web/index.php/api/v2/recruitment/candidates,30939,0,1
1768483469421,30956,Create Candidate Request,401,Unauthorized,Candidate Creation Thread Group 1-358,text,false,,261,491,1000,1000,http://localhost:8080/web/index.php/api/v2/recruitment/candidates,30952,0,0
1768483469344,31044,Create Candidate Request,401,Unauthorized,Candidate Creation Thread Group 1-320,text,false,,261,494,1000,1000,http://localhost:8080/web/index.php/api/v2/recruitment/candidates,31043,0,1
1768483469347,31135,Create Candidate Request,401,Unauthorized,Candidate Creation Thread Group 1-321,text,false,,261,494,1000,1000,http://localhost:8080/web/index.php/api/v2/recruitment/candidates,31134,0,0
1768483469349,31223,Create Candidate Request,401,Unauthorized,Candidate Creation Thread Group 1-322,text,false,,261,494,1000,1000,http://localhost:8080/web/index.php/api/v2/recruitment/candidates,31223,0,0
1768483469351,31231,Create Candidate Request,401,Unauthorized,Candidate Creation Thread Group 1-323,text,false,,261,494,1000,1000,http://localhost:8080/web/index.php/api/v2/recruitment/candidates,31230,0,0
1768483469357,31326,Create Candidate Request,401,Unauthorized,Candidate Creation Thread Group 1-326,text,false,,261,494,1000,1000,http://localhost:8080/web/index.php/api/v2/recruitment/candidates,31326,0,0
1768483469355,31418,Create Candidate Request,401,Unauthorized,Candidate Creation Thread Group 1-325,text,false,,261,494,1000,1000,http://localhost:8080/web/index.php/api/v2/recruitment/candidates,31417,0,0
1768483469353,31426,Create Candidate Request,401,Unauthorized,Candidate Creation Thread Group 1-324,text,false,,261,494,1000,1000,http://localhost:8080/web/index.php/api/v2/recruitment/candidates,31425,0,0
1768483469359,31520,Create Candidate Request,401,Unauthorized,Candidate Creation Thread Group 1-327,text,false,,261,494,1000,1000,http://localhost:8080/web/index.php/api/v2/recruitment/candidates,31520,0,0
1768483469363,31619,Create Candidate Request,401,Unauthorized,Candidate Creation Thread Group 1-329,text,false,,261,494,1000,1000,http://localhost:8080/web/index.php/api/v2/recruitment/candidates,31618,0,0
1768483469365,31713,Create Candidate Request,401,Unauthorized,Candidate Creation Thread Group 1-330,text,false,,261,494,1000,1000,http://localhost:8080/web/index.php/api/v2/recruitment/candidates,31713,0,0
1768483469366,31805,Create Candidate Request,401,Unauthorized,Candidate Creation Thread Group 1-331,text,false,,261,494,1000,1000,http://localhost:8080/web/index.php/api/v2/recruitment/candidates,31805,0,0
1768483469376,31800,Create Candidate Request,401,Unauthorized,Candidate Creation Thread Group 1-334,text,false,,261,494,1000,1000,http://localhost:8080/web/index.php/api/v2/recruitment/candidates,31799,0,0
1768483469673,31700,Create Candidate Request,401,Unauthorized,Candidate Creation Thread Group 1-484,text,false,,261,494,1000,1000,http://localhost:8080/web/index.php/api/v2/recruitment/candidates,31699,0,2
1768483469378,32004,Create Candidate Request,401,Unauthorized,Candidate Creation Thread Group 1-336,text,false,,261,494,1000,1000,http://localhost:8080/web/index.php/api/v2/recruitment/candidates,32003,0,1
1768483469373,32099,Create Candidate Request,401,Unauthorized,Candidate Creation Thread Group 1-333,text,false,,261,494,1000,1000,http://localhost:8080/web/index.php/api/v2/recruitment/candidates,32099,0,1
1768483469368,32203,Create Candidate Request,401,Unauthorized,Candidate Creation Thread Group 1-332,text,false,,261,494,1000,1000,http://localhost:8080/web/index.php/api/v2/recruitment/candidates,32202,0,1
1768483469379,32293,Create Candidate Request,401,Unauthorized,Candidate Creation Thread Group 1-335,text,false,,261,494,1000,1000,http://localhost:8080/web/index.php/api/v2/recruitment/candidates,32292,0,0
1768483469422,32255,Create Candidate Request,401,Unauthorized,Candidate Creation Thread Group 1-359,text,false,,261,494,1000,1000,http://localhost:8080/web/index.php/api/v2/recruitment/candidates,32255,0,1
1768483469381,32302,Create Candidate Request,401,Unauthorized,Candidate Creation Thread Group 1-338,text,false,,261,494,1000,1000,http://localhost:8080/web/index.php/api/v2/recruitment/candidates,32302,0,0
1768483469383,32396,Create Candidate Request,401,Unauthorized,Candidate Creation Thread Group 1-339,text,false,,261,494,1000,1000,http://localhost:8080/web/index.php/api/v2/recruitment/candidates,32396,0,0
1768483469380,32497,Create Candidate Request,401,Unauthorized,Candidate Creation Thread Group 1-337,text,false,,261,494,1000,1000,http://localhost:8080/web/index.php/api/v2/recruitment/candidates,32497,0,0
1768483469387,32583,Create Candidate Request,401,Unauthorized,Candidate Creation Thread Group 1-341,text,false,,261,494,1000,1000,http://localhost:8080/web/index.php/api/v2/recruitment/candidates,32506,0,1
1768483469385,32599,Create Candidate Request,401,Unauthorized,Candidate Creation Thread Group 1-340,text,false,,261,494,1000,1000,http://localhost:8080/web/index.php/api/v2/recruitment/candidates,32598,0,1
1768483469394,32690,Create Candidate Request,401,Unauthorized,Candidate Creation Thread Group 1-343,text,false,,261,494,1000,1000,http://localhost:8080/web/index.php/api/v2/recruitment/candidates,32689,0,0
1768483469389,32785,Create Candidate Request,401,Unauthorized,Candidate Creation Thread Group 1-342,text,false,,261,494,1000,1000,http://localhost:8080/web/index.php/api/v2/recruitment/candidates,32784,0,0
1768483469395,32787,Create Candidate Request,401,Unauthorized,Candidate Creation Thread Group 1-345,text,false,,261,494,1000,1000,http://localhost:8080/web/index.php/api/v2/recruitment/candidates,32787,0,1
1768483469398,32886,Create Candidate Request,401,Unauthorized,Candidate Creation Thread Group 1-346,text,false,,261,494,1000,1000,http://localhost:8080/web/index.php/api/v2/recruitment/candidates,32886,0,1
1768483469425,33051,Create Candidate Request,401,Unauthorized,Candidate Creation Thread Group 1-360,text,false,,261,494,1000,1000,http://localhost:8080/web/index.php/api/v2/recruitment/candidates,33047,0,0
1768483469397,33177,Create Candidate Request,401,Unauthorized,Candidate Creation Thread Group 1-344,text,false,,261,494,1000,1000,http://localhost:8080/web/index.php/api/v2/recruitment/candidates,33176,0,1
1768483469445,33228,Create Candidate Request,401,Unauthorized,Candidate Creation Thread Group 1-370,text,false,,261,494,1000,1000,http://localhost:8080/web/index.php/api/v2/recruitment/candidates,33227,0,1
1768483469399,33376,Create Candidate Request,401,Unauthorized,Candidate Creation Thread Group 1-347,text,false,,261,494,1000,1000,http://localhost:8080/web/index.php/api/v2/recruitment/candidates,33375,0,1
1768483469405,33465,Create Candidate Request,401,Unauthorized,Candidate Creation Thread Group 1-348,text,false,,261,494,1000,1000,http://localhost:8080/web/index.php/api/v2/recruitment/candidates,33381,0,0
1768483469408,33469,Create Candidate Request,401,Unauthorized,Candidate Creation Thread Group 1-351,text,false,,261,494,1000,1000,http://localhost:8080/web/index.php/api/v2/recruitment/candidates,33468,0,0
1768483469413,33469,Create Candidate Request,401,Unauthorized,Candidate Creation Thread Group 1-349,text,false,,261,491,1000,1000,http://localhost:8080/web/index.php/api/v2/recruitment/candidates,33469,0,0
1768483469716,33271,Create Candidate Request,401,Unauthorized,Candidate Creation Thread Group 1-505,text,false,,261,491,1000,1000,http://localhost:8080/web/index.php/api/v2/recruitment/candidates,33271,0,0
1768483469584,33498,Create Candidate Request,401,Unauthorized,Candidate Creation Thread Group 1-439,text,false,,261,494,1000,1000,http://localhost:8080/web/index.php/api/v2/recruitment/candidates,33498,0,1
1768483469574,33508,Create Candidate Request,401,Unauthorized,Candidate Creation Thread Group 1-434,text,false,,261,494,1000,1000,http://localhost:8080/web/index.php/api/v2/recruitment/candidates,33498,0,0
1768483469583,33594,Create Candidate Request,401,Unauthorized,Candidate Creation Thread Group 1-432,text,false,,261,494,1000,1000,http://localhost:8080/web/index.php/api/v2/recruitment/candidates,33594,0,1
1768483469587,33688,Create Candidate Request,401,Unauthorized,Candidate Creation Thread Group 1-436,text,false,,261,494,1000,1000,http://localhost:8080/web/index.php/api/v2/recruitment/candidates,33688,0,0
1768483469587,33783,Create Candidate Request,401,Unauthorized,Candidate Creation Thread Group 1-441,text,false,,261,494,1000,1000,http://localhost:8080/web/index.php/api/v2/recruitment/candidates,33782,0,1
1768483469588,33791,Create Candidate Request,401,Unauthorized,Candidate Creation Thread Group 1-438,text,false,,261,494,1000,1000,http://localhost:8080/web/index.php/api/v2/recruitment/candidates,33790,0,1
1768483469587,33799,Create Candidate Request,401,Unauthorized,Candidate Creation Thread Group 1-437,text,false,,261,494,1000,1000,http://localhost:8080/web/index.php/api/v2/recruitment/candidates,33799,0,1
1768483469589,33893,Create Candidate Request,401,Unauthorized,Candidate Creation Thread Group 1-442,text,false,,261,494,1000,1000,http://localhost:8080/web/index.php/api/v2/recruitment/candidates,33893,0,1
1768483469588,33992,Create Candidate Request,401,Unauthorized,Candidate Creation Thread Group 1-435,text,false,,261,494,1000,1000,http://localhost:8080/web/index.php/api/v2/recruitment/candidates,33991,0,1
1768483469589,34089,Create Candidate Request,401,Unauthorized,Candidate Creation Thread Group 1-440,text,false,,261,494,1000,1000,http://localhost:8080/web/index.php/api/v2/recruitment/candidates,34089,0,0
1768483469593,34187,Create Candidate Request,401,Unauthorized,Candidate Creation Thread Group 1-444,text,false,,261,494,1000,1000,http://localhost:8080/web/index.php/api/v2/recruitment/candidates,34186,0,0
1768483469591,34291,Create Candidate Request,401,Unauthorized,Candidate Creation Thread Group 1-443,text,false,,261,494,1000,1000,http://localhost:8080/web/index.php/api/v2/recruitment/candidates,34290,0,0
1768483469595,34385,Create Candidate Request,401,Unauthorized,Candidate Creation Thread Group 1-445,text,false,,261,494,1000,1000,http://localhost:8080/web/index.php/api/v2/recruitment/candidates,34384,0,0
1768483469597,34482,Create Candidate Request,401,Unauthorized,Candidate Creation Thread Group 1-446,text,false,,261,494,1000,1000,http://localhost:8080/web/index.php/api/v2/recruitment/candidates,34481,0,0
1768483469599,34574,Create Candidate Request,401,Unauthorized,Candidate Creation Thread Group 1-447,text,false,,261,494,1000,1000,http://localhost:8080/web/index.php/api/v2/recruitment/candidates,34573,0,0
1768483469601,34578,Create Candidate Request,401,Unauthorized,Candidate Creation Thread Group 1-448,text,false,,261,494,1000,1000,http://localhost:8080/web/index.php/api/v2/recruitment/candidates,34577,0,0
1768483469603,34674,Create Candidate Request,401,Unauthorized,Candidate Creation Thread Group 1-449,text,false,,261,494,1000,1000,http://localhost:8080/web/index.php/api/v2/recruitment/candidates,34674,0,0
1768483469681,34697,Create Candidate Request,401,Unauthorized,Candidate Creation Thread Group 1-488,text,false,,261,494,1000,1000,http://localhost:8080/web/index.php/api/v2/recruitment/candidates,34694,0,0
1768483469611,34867,Create Candidate Request,401,Unauthorized,Candidate Creation Thread Group 1-450,text,false,,261,491,1000,1000,http://localhost:8080/web/index.php/api/v2/recruitment/candidates,34866,0,0
1768483469611,34971,Create Candidate Request,401,Unauthorized,Candidate Creation Thread Group 1-451,text,false,,261,491,1000,1000,http://localhost:8080/web/index.php/api/v2/recruitment/candidates,34968,0,0
1768483469611,35063,Create Candidate Request,401,Unauthorized,Candidate Creation Thread Group 1-453,text,false,,261,491,1000,1000,http://localhost:8080/web/index.php/api/v2/recruitment/candidates,35063,0,0
1768483469611,35160,Create Candidate Request,401,Unauthorized,Candidate Creation Thread Group 1-452,text,false,,261,491,1000,1000,http://localhost:8080/web/index.php/api/v2/recruitment/candidates,35160,0,0
1768483469613,35170,Create Candidate Request,401,Unauthorized,Candidate Creation Thread Group 1-454,text,false,,261,491,1000,1000,http://localhost:8080/web/index.php/api/v2/recruitment/candidates,35170,0,0
1768483469615,35264,Create Candidate Request,401,Unauthorized,Candidate Creation Thread Group 1-455,text,false,,261,491,1000,1000,http://localhost:8080/web/index.php/api/v2/recruitment/candidates,35263,0,0
1768483469619,35362,Create Candidate Request,401,Unauthorized,Candidate Creation Thread Group 1-457,text,false,,261,491,1000,1000,http://localhost:8080/web/index.php/api/v2/recruitment/candidates,35360,0,0
1768483469621,35458,Create Candidate Request,401,Unauthorized,Candidate Creation Thread Group 1-458,text,false,,261,491,1000,1000,http://localhost:8080/web/index.php/api/v2/recruitment/candidates,35456,0,0
1768483469617,35557,Create Candidate Request,401,Unauthorized,Candidate Creation Thread Group 1-456,text,false,,261,491,1000,1000,http://localhost:8080/web/index.php/api/v2/recruitment/candidates,35556,0,0
1768483469624,35557,Create Candidate Request,401,Unauthorized,Candidate Creation Thread Group 1-460,text,false,,261,494,1000,1000,http://localhost:8080/web/index.php/api/v2/recruitment/candidates,35556,0,1
1768483469622,35651,Create Candidate Request,401,Unauthorized,Candidate Creation Thread Group 1-459,text,false,,261,494,1000,1000,http://localhost:8080/web/index.php/api/v2/recruitment/candidates,35650,0,0
1768483469627,35759,Create Candidate Request,401,Unauthorized,Candidate Creation Thread Group 1-461,text,false,,261,494,1000,1000,http://localhost:8080/web/index.php/api/v2/recruitment/candidates,35759,0,0
1768483469630,35846,Create Candidate Request,401,Unauthorized,Candidate Creation Thread Group 1-462,text,false,,261,494,1000,1000,http://localhost:8080/web/index.php/api/v2/recruitment/candidates,35843,0,0
1768483469631,35852,Create Candidate Request,401,Unauthorized,Candidate Creation Thread Group 1-463,text,false,,261,494,1000,1000,http://localhost:8080/web/index.php/api/v2/recruitment/candidates,35851,0,0
1768483469632,35941,Create Candidate Request,401,Unauthorized,Candidate Creation Thread Group 1-464,text,false,,261,494,1000,1000,http://localhost:8080/web/index.php/api/v2/recruitment/candidates,35941,0,0
1768483469634,36035,Create Candidate Request,401,Unauthorized,Candidate Creation Thread Group 1-465,text,false,,261,494,1000,1000,http://localhost:8080/web/index.php/api/v2/recruitment/candidates,35948,0,0
1768483469637,36036,Create Candidate Request,401,Unauthorized,Candidate Creation Thread Group 1-466,text,false,,261,494,1000,1000,http://localhost:8080/web/index.php/api/v2/recruitment/candidates,36036,0,0
1768483469639,36135,Create Candidate Request,401,Unauthorized,Candidate Creation Thread Group 1-467,text,false,,261,494,1000,1000,http://localhost:8080/web/index.php/api/v2/recruitment/candidates,36133,0,0
1768483469641,36231,Create Candidate Request,401,Unauthorized,Candidate Creation Thread Group 1-468,text,false,,261,494,1000,1000,http://localhost:8080/web/index.php/api/v2/recruitment/candidates,36230,0,0
1768483469643,36336,Create Candidate Request,401,Unauthorized,Candidate Creation Thread Group 1-469,text,false,,261,494,1000,1000,http://localhost:8080/web/index.php/api/v2/recruitment/candidates,36335,0,0
1768483469645,36437,Create Candidate Request,401,Unauthorized,Candidate Creation Thread Group 1-470,text,false,,261,494,1000,1000,http://localhost:8080/web/index.php/api/v2/recruitment/candidates,36436,0,0
1768483469647,36527,Create Candidate Request,401,Unauthorized,Candidate Creation Thread Group 1-471,text,false,,261,494,1000,1000,http://localhost:8080/web/index.php/api/v2/recruitment/candidates,36527,0,0
1768483469654,36525,Create Candidate Request,401,Unauthorized,Candidate Creation Thread Group 1-474,text,false,,261,494,1000,1000,http://localhost:8080/web/index.php/api/v2/recruitment/candidates,36525,0,0
1768483469683,36591,Create Candidate Request,401,Unauthorized,Candidate Creation Thread Group 1-489,text,false,,261,494,1000,1000,http://localhost:8080/web/index.php/api/v2/recruitment/candidates,36590,0,0
1768483469650,36721,Create Candidate Request,401,Unauthorized,Candidate Creation Thread Group 1-473,text,false,,261,494,1000,1000,http://localhost:8080/web/index.php/api/v2/recruitment/candidates,36720,0,0
1768483469653,36723,Create Candidate Request,401,Unauthorized,Candidate Creation Thread Group 1-472,text,false,,261,494,1000,1000,http://localhost:8080/web/index.php/api/v2/recruitment/candidates,36723,0,0
1768483469655,36816,Create Candidate Request,401,Unauthorized,Candidate Creation Thread Group 1-475,text,false,,261,494,1000,1000,http://localhost:8080/web/index.php/api/v2/recruitment/candidates,36815,0,0
1768483469656,36915,Create Candidate Request,401,Unauthorized,Candidate Creation Thread Group 1-476,text,false,,261,494,1000,1000,http://localhost:8080/web/index.php/api/v2/recruitment/candidates,36914,0,0
1768483469658,37016,Create Candidate Request,401,Unauthorized,Candidate Creation Thread Group 1-477,text,false,,261,494,1000,1000,http://localhost:8080/web/index.php/api/v2/recruitment/candidates,37013,0,1
1768483469660,37025,Create Candidate Request,401,Unauthorized,Candidate Creation Thread Group 1-478,text,false,,261,494,1000,1000,http://localhost:8080/web/index.php/api/v2/recruitment/candidates,37024,0,1
1768483469663,37208,Create Candidate Request,401,Unauthorized,Candidate Creation Thread Group 1-479,text,false,,261,494,1000,1000,http://localhost:8080/web/index.php/api/v2/recruitment/candidates,37208,0,0
1768483469665,37310,Create Candidate Request,401,Unauthorized,Candidate Creation Thread Group 1-480,text,false,,261,494,1000,1000,http://localhost:8080/web/index.php/api/v2/recruitment/candidates,37308,0,0
1768483469667,37409,Create Candidate Request,401,Unauthorized,Candidate Creation Thread Group 1-481,text,false,,261,494,1000,1000,http://localhost:8080/web/index.php/api/v2/recruitment/candidates,37407,0,0
1768483469669,37503,Create Candidate Request,401,Unauthorized,Candidate Creation Thread Group 1-482,text,false,,261,494,1000,1000,http://localhost:8080/web/index.php/api/v2/recruitment/candidates,37502,0,0
1768483469672,37503,Create Candidate Request,401,Unauthorized,Candidate Creation Thread Group 1-483,text,false,,261,494,1000,1000,http://localhost:8080/web/index.php/api/v2/recruitment/candidates,37503,0,0
1768483469687,37585,Create Candidate Request,401,Unauthorized,Candidate Creation Thread Group 1-491,text,false,,261,494,1000,1000,http://localhost:8080/web/index.php/api/v2/recruitment/candidates,37585,0,0
1768483469685,37685,Create Candidate Request,401,Unauthorized,Candidate Creation Thread Group 1-490,text,false,,261,494,1000,1000,http://localhost:8080/web/index.php/api/v2/recruitment/candidates,37685,0,0
1768483469693,37682,Create Candidate Request,401,Unauthorized,Candidate Creation Thread Group 1-494,text,false,,261,494,1000,1000,http://localhost:8080/web/index.php/api/v2/recruitment/candidates,37682,0,1
1768483469689,37781,Create Candidate Request,401,Unauthorized,Candidate Creation Thread Group 1-492,text,false,,261,494,1000,1000,http://localhost:8080/web/index.php/api/v2/recruitment/candidates,37695,0,0
1768483469691,37790,Create Candidate Request,401,Unauthorized,Candidate Creation Thread Group 1-493,text,false,,261,494,1000,1000,http://localhost:8080/web/index.php/api/v2/recruitment/candidates,37789,0,0
1768483469695,37877,Create Candidate Request,401,Unauthorized,Candidate Creation Thread Group 1-495,text,false,,261,494,1000,1000,http://localhost:8080/web/index.php/api/v2/recruitment/candidates,37876,0,1
1768483469699,37973,Create Candidate Request,401,Unauthorized,Candidate Creation Thread Group 1-497,text,false,,261,494,1000,1000,http://localhost:8080/web/index.php/api/v2/recruitment/candidates,37972,0,1
1768483469697,38074,Create Candidate Request,401,Unauthorized,Candidate Creation Thread Group 1-496,text,false,,261,494,1000,1000,http://localhost:8080/web/index.php/api/v2/recruitment/candidates,38073,0,0
1768483469700,38183,Create Candidate Request,401,Unauthorized,Candidate Creation Thread Group 1-498,text,false,,261,494,1000,1000,http://localhost:8080/web/index.php/api/v2/recruitment/candidates,38179,0,1
1768483469710,38263,Create Candidate Request,401,Unauthorized,Candidate Creation Thread Group 1-500,text,false,,261,491,1000,1000,http://localhost:8080/web/index.php/api/v2/recruitment/candidates,38263,0,1
1768483469714,38357,Create Candidate Request,401,Unauthorized,Candidate Creation Thread Group 1-501,text,false,,261,491,1000,1000,http://localhost:8080/web/index.php/api/v2/recruitment/candidates,38267,0,0
1768483469703,38378,Create Candidate Request,401,Unauthorized,Candidate Creation Thread Group 1-499,text,false,,261,494,1000,1000,http://localhost:8080/web/index.php/api/v2/recruitment/candidates,38377,0,0
1768483469714,38459,Create Candidate Request,401,Unauthorized,Candidate Creation Thread Group 1-503,text,false,,261,491,1000,1000,http://localhost:8080/web/index.php/api/v2/recruitment/candidates,38459,0,0
1768483469854,38324,Create Candidate Request,401,Unauthorized,Candidate Creation Thread Group 1-575,text,false,,261,494,1000,1000,http://localhost:8080/web/index.php/api/v2/recruitment/candidates,38323,0,1
1768483469714,38559,Create Candidate Request,401,Unauthorized,Candidate Creation Thread Group 1-502,text,false,,261,491,1000,1000,http://localhost:8080/web/index.php/api/v2/recruitment/candidates,38558,0,1
1768483469715,38655,Create Candidate Request,401,Unauthorized,Candidate Creation Thread Group 1-504,text,false,,261,491,1000,1000,http://localhost:8080/web/index.php/api/v2/recruitment/candidates,38654,0,0
1768483469719,38658,Create Candidate Request,401,Unauthorized,Candidate Creation Thread Group 1-506,text,false,,261,491,1000,1000,http://localhost:8080/web/index.php/api/v2/recruitment/candidates,38658,0,0
1768483469719,38664,Create Candidate Request,401,Unauthorized,Candidate Creation Thread Group 1-507,text,false,,261,491,1000,1000,http://localhost:8080/web/index.php/api/v2/recruitment/candidates,38664,0,2
1768483469861,38613,Create Candidate Request,401,Unauthorized,Candidate Creation Thread Group 1-578,text,false,,261,494,1000,1000,http://localhost:8080/web/index.php/api/v2/recruitment/candidates,38612,0,0
1768483469413,39260,Create Candidate Request,401,Unauthorized,Candidate Creation Thread Group 1-350,text,false,,261,491,1000,1000,http://localhost:8080/web/index.php/api/v2/recruitment/candidates,39260,0,0
1768483469447,39231,Create Candidate Request,401,Unauthorized,Candidate Creation Thread Group 1-371,text,false,,261,494,1000,1000,http://localhost:8080/web/index.php/api/v2/recruitment/candidates,39231,0,0
1768483469413,39271,Create Candidate Request,401,Unauthorized,Candidate Creation Thread Group 1-353,text,false,,261,491,1000,1000,http://localhost:8080/web/index.php/api/v2/recruitment/candidates,39270,0,1
1768483469413,39360,Create Candidate Request,401,Unauthorized,Candidate Creation Thread Group 1-354,text,false,,261,491,1000,1000,http://localhost:8080/web/index.php/api/v2/recruitment/candidates,39359,0,1
1768483469413,39458,Create Candidate Request,401,Unauthorized,Candidate Creation Thread Group 1-352,text,false,,261,491,1000,1000,http://localhost:8080/web/index.php/api/v2/recruitment/candidates,39458,0,0
1768483469415,39557,Create Candidate Request,401,Unauthorized,Candidate Creation Thread Group 1-355,text,false,,261,491,1000,1000,http://localhost:8080/web/index.php/api/v2/recruitment/candidates,39556,0,0
1768483469417,39656,Create Candidate Request,401,Unauthorized,Candidate Creation Thread Group 1-356,text,false,,261,491,1000,1000,http://localhost:8080/web/index.php/api/v2/recruitment/candidates,39653,0,0
1768483469427,39744,Create Candidate Request,401,Unauthorized,Candidate Creation Thread Group 1-361,text,false,,261,494,1000,1000,http://localhost:8080/web/index.php/api/v2/recruitment/candidates,39743,0,0
1768483469431,39746,Create Candidate Request,401,Unauthorized,Candidate Creation Thread Group 1-363,text,false,,261,494,1000,1000,http://localhost:8080/web/index.php/api/v2/recruitment/candidates,39746,0,0
1768483469449,39824,Create Candidate Request,401,Unauthorized,Candidate Creation Thread Group 1-372,text,false,,261,494,1000,1000,http://localhost:8080/web/index.php/api/v2/recruitment/candidates,39823,0,0
1768483469453,39829,Create Candidate Request,401,Unauthorized,Candidate Creation Thread Group 1-374,text,false,,261,494,1000,1000,http://localhost:8080/web/index.php/api/v2/recruitment/candidates,39828,0,0
1768483469450,39926,Create Candidate Request,401,Unauthorized,Candidate Creation Thread Group 1-373,text,false,,261,494,1000,1000,http://localhost:8080/web/index.php/api/v2/recruitment/candidates,39923,0,0
1768483469455,40026,Create Candidate Request,401,Unauthorized,Candidate Creation Thread Group 1-375,text,false,,261,494,1000,1000,http://localhost:8080/web/index.php/api/v2/recruitment/candidates,40025,0,0
1768483469457,40128,Create Candidate Request,401,Unauthorized,Candidate Creation Thread Group 1-376,text,false,,261,494,1000,1000,http://localhost:8080/web/index.php/api/v2/recruitment/candidates,40126,0,0
1768483469459,40221,Create Candidate Request,401,Unauthorized,Candidate Creation Thread Group 1-377,text,false,,261,494,1000,1000,http://localhost:8080/web/index.php/api/v2/recruitment/candidates,40220,0,0
1768483469461,40315,Create Candidate Request,401,Unauthorized,Candidate Creation Thread Group 1-378,text,false,,261,494,1000,1000,http://localhost:8080/web/index.php/api/v2/recruitment/candidates,40315,0,0
1768483469463,40416,Create Candidate Request,401,Unauthorized,Candidate Creation Thread Group 1-379,text,false,,261,494,1000,1000,http://localhost:8080/web/index.php/api/v2/recruitment/candidates,40416,0,0
1768483469465,40517,Create Candidate Request,401,Unauthorized,Candidate Creation Thread Group 1-380,text,false,,261,494,1000,1000,http://localhost:8080/web/index.php/api/v2/recruitment/candidates,40515,0,0
1768483469467,40704,Create Candidate Request,401,Unauthorized,Candidate Creation Thread Group 1-381,text,false,,261,494,1000,1000,http://localhost:8080/web/index.php/api/v2/recruitment/candidates,40703,0,0
1768483469469,40707,Create Candidate Request,401,Unauthorized,Candidate Creation Thread Group 1-382,text,false,,261,494,1000,1000,http://localhost:8080/web/index.php/api/v2/recruitment/candidates,40706,0,3
1768483469676,40504,Create Candidate Request,401,Unauthorized,Candidate Creation Thread Group 1-485,text,false,,261,494,1000,1000,http://localhost:8080/web/index.php/api/v2/recruitment/candidates,40504,0,0
1768483469473,40800,Create Candidate Request,401,Unauthorized,Candidate Creation Thread Group 1-383,text,false,,261,494,1000,1000,http://localhost:8080/web/index.php/api/v2/recruitment/candidates,40799,0,0
1768483469484,40798,Create Candidate Request,401,Unauthorized,Candidate Creation Thread Group 1-389,text,false,,261,494,1000,1000,http://localhost:8080/web/index.php/api/v2/recruitment/candidates,40796,0,0
1768483469477,40897,Create Candidate Request,401,Unauthorized,Candidate Creation Thread Group 1-384,text,false,,261,494,1000,1000,http://localhost:8080/web/index.php/api/v2/recruitment/candidates,40896,0,0
1768483469485,40987,Create Candidate Request,401,Unauthorized,Candidate Creation Thread Group 1-390,text,false,,261,494,1000,1000,http://localhost:8080/web/index.php/api/v2/recruitment/candidates,40897,0,0
1768483469484,41002,Create Candidate Request,401,Unauthorized,Candidate Creation Thread Group 1-386,text,false,,261,494,1000,1000,http://localhost:8080/web/index.php/api/v2/recruitment/candidates,41002,0,0
1768483469486,41088,Create Candidate Request,401,Unauthorized,Candidate Creation Thread Group 1-387,text,false,,261,494,1000,1000,http://localhost:8080/web/index.php/api/v2/recruitment/candidates,41087,0,0
1768483469486,41093,Create Candidate Request,401,Unauthorized,Candidate Creation Thread Group 1-385,text,false,,261,494,1000,1000,http://localhost:8080/web/index.php/api/v2/recruitment/candidates,41093,0,0
1768483469486,41102,Create Candidate Request,401,Unauthorized,Candidate Creation Thread Group 1-388,text,false,,261,494,1000,1000,http://localhost:8080/web/index.php/api/v2/recruitment/candidates,41102,0,0
1768483469487,41188,Create Candidate Request,401,Unauthorized,Candidate Creation Thread Group 1-391,text,false,,261,494,1000,1000,http://localhost:8080/web/index.php/api/v2/recruitment/candidates,41187,0,0
1768483469495,41193,Create Candidate Request,401,Unauthorized,Candidate Creation Thread Group 1-395,text,false,,261,494,1000,1000,http://localhost:8080/web/index.php/api/v2/recruitment/candidates,41192,0,0
1768483469489,41293,Create Candidate Request,401,Unauthorized,Candidate Creation Thread Group 1-392,text,false,,261,494,1000,1000,http://localhost:8080/web/index.php/api/v2/recruitment/candidates,41292,0,0
1768483469491,41389,Create Candidate Request,401,Unauthorized,Candidate Creation Thread Group 1-393,text,false,,261,494,1000,1000,http://localhost:8080/web/index.php/api/v2/recruitment/candidates,41388,0,0
1768483469495,41481,Create Candidate Request,401,Unauthorized,Candidate Creation Thread Group 1-394,text,false,,261,494,1000,1000,http://localhost:8080/web/index.php/api/v2/recruitment/candidates,41480,0,0
1768483469499,41673,Create Candidate Request,401,Unauthorized,Candidate Creation Thread Group 1-396,text,false,,261,494,1000,1000,http://localhost:8080/web/index.php/api/v2/recruitment/candidates,41586,0,0
1768483469501,41673,Create Candidate Request,401,Unauthorized,Candidate Creation Thread Group 1-398,text,false,,261,494,1000,1000,http://localhost:8080/web/index.php/api/v2/recruitment/candidates,41673,0,0
1768483469506,41672,Create Candidate Request,401,Unauthorized,Candidate Creation Thread Group 1-400,text,false,,261,494,1000,1000,http://localhost:8080/web/index.php/api/v2/recruitment/candidates,41671,0,0
1768483469501,41685,Create Candidate Request,401,Unauthorized,Candidate Creation Thread Group 1-397,text,false,,261,494,1000,1000,http://localhost:8080/web/index.php/api/v2/recruitment/candidates,41684,0,0
1768483469677,41599,Create Candidate Request,401,Unauthorized,Candidate Creation Thread Group 1-486,text,false,,261,494,1000,1000,http://localhost:8080/web/index.php/api/v2/recruitment/candidates,41599,0,1
1768483469520,41850,Create Candidate Request,401,Unauthorized,Candidate Creation Thread Group 1-402,text,false,,261,491,1000,1000,http://localhost:8080/web/index.php/api/v2/recruitment/candidates,41849,0,0
1768483469517,41859,Create Candidate Request,401,Unauthorized,Candidate Creation Thread Group 1-399,text,false,,261,491,1000,1000,http://localhost:8080/web/index.php/api/v2/recruitment/candidates,41859,0,3
1768483469520,41952,Create Candidate Request,401,Unauthorized,Candidate Creation Thread Group 1-403,text,false,,261,491,1000,1000,http://localhost:8080/web/index.php/api/v2/recruitment/candidates,41866,0,0
1768483469520,41962,Create Candidate Request,401,Unauthorized,Candidate Creation Thread Group 1-401,text,false,,261,491,1000,1000,http://localhost:8080/web/index.php/api/v2/recruitment/candidates,41962,0,0
1768483469947,41728,Create Candidate Request,401,Unauthorized,Candidate Creation Thread Group 1-621,text,false,,261,494,1000,1000,http://localhost:8080/web/index.php/api/v2/recruitment/candidates,41728,0,0
1768483469945,41830,Create Candidate Request,401,Unauthorized,Candidate Creation Thread Group 1-620,text,false,,261,494,1000,1000,http://localhost:8080/web/index.php/api/v2/recruitment/candidates,41829,0,0
1768483469520,42354,Create Candidate Request,401,Unauthorized,Candidate Creation Thread Group 1-406,text,false,,261,491,1000,1000,http://localhost:8080/web/index.php/api/v2/recruitment/candidates,42353,0,1
1768483469521,42454,Create Candidate Request,401,Unauthorized,Candidate Creation Thread Group 1-405,text,false,,261,491,1000,1000,http://localhost:8080/web/index.php/api/v2/recruitment/candidates,42452,0,0
1768483469521,42649,Create Candidate Request,401,Unauthorized,Candidate Creation Thread Group 1-404,text,false,,261,491,1000,1000,http://localhost:8080/web/index.php/api/v2/recruitment/candidates,42649,0,0
1768483469521,42654,Create Candidate Request,401,Unauthorized,Candidate Creation Thread Group 1-407,text,false,,261,491,1000,1000,http://localhost:8080/web/index.php/api/v2/recruitment/candidates,42654,0,0
1768483469522,42657,Create Candidate Request,401,Unauthorized,Candidate Creation Thread Group 1-408,text,false,,261,491,1000,1000,http://localhost:8080/web/index.php/api/v2/recruitment/candidates,42656,0,0
1768483469523,42749,Create Candidate Request,401,Unauthorized,Candidate Creation Thread Group 1-409,text,false,,261,494,1000,1000,http://localhost:8080/web/index.php/api/v2/recruitment/candidates,42748,0,0
1768483469527,42748,Create Candidate Request,401,Unauthorized,Candidate Creation Thread Group 1-410,text,false,,261,494,1000,1000,http://localhost:8080/web/index.php/api/v2/recruitment/candidates,42748,0,0
1768483469529,42751,Create Candidate Request,401,Unauthorized,Candidate Creation Thread Group 1-412,text,false,,261,494,1000,1000,http://localhost:8080/web/index.php/api/v2/recruitment/candidates,42750,0,0
1768483469679,42701,Create Candidate Request,401,Unauthorized,Candidate Creation Thread Group 1-487,text,false,,261,494,1000,1000,http://localhost:8080/web/index.php/api/v2/recruitment/candidates,42700,0,0
1768483469527,42951,Create Candidate Request,401,Unauthorized,Candidate Creation Thread Group 1-411,text,false,,261,494,1000,1000,http://localhost:8080/web/index.php/api/v2/recruitment/candidates,42949,0,1
1768483469533,43051,Create Candidate Request,401,Unauthorized,Candidate Creation Thread Group 1-414,text,false,,261,494,1000,1000,http://localhost:8080/web/index.php/api/v2/recruitment/candidates,43051,0,0
1768483469531,43143,Create Candidate Request,401,Unauthorized,Candidate Creation Thread Group 1-413,text,false,,261,494,1000,1000,http://localhost:8080/web/index.php/api/v2/recruitment/candidates,43143,0,1
1768483469535,43235,Create Candidate Request,401,Unauthorized,Candidate Creation Thread Group 1-415,text,false,,261,494,1000,1000,http://localhost:8080/web/index.php/api/v2/recruitment/candidates,43147,0,0
1768483469537,43246,Create Candidate Request,401,Unauthorized,Candidate Creation Thread Group 1-416,text,false,,261,494,1000,1000,http://localhost:8080/web/index.php/api/v2/recruitment/candidates,43246,0,0
1768483469539,43432,Create Candidate Request,401,Unauthorized,Candidate Creation Thread Group 1-417,text,false,,261,494,1000,1000,http://localhost:8080/web/index.php/api/v2/recruitment/candidates,43345,0,0
1768483469541,43532,Create Candidate Request,401,Unauthorized,Candidate Creation Thread Group 1-418,text,false,,261,494,1000,1000,http://localhost:8080/web/index.php/api/v2/recruitment/candidates,43531,0,0
1768483469543,43535,Create Candidate Request,401,Unauthorized,Candidate Creation Thread Group 1-419,text,false,,261,494,1000,1000,http://localhost:8080/web/index.php/api/v2/recruitment/candidates,43535,0,1
1768483469545,43540,Create Candidate Request,401,Unauthorized,Candidate Creation Thread Group 1-420,text,false,,261,494,1000,1000,http://localhost:8080/web/index.php/api/v2/recruitment/candidates,43540,0,0
1768483469549,43626,Create Candidate Request,401,Unauthorized,Candidate Creation Thread Group 1-422,text,false,,261,494,1000,1000,http://localhost:8080/web/index.php/api/v2/recruitment/candidates,43626,0,0
1768483469546,43638,Create Candidate Request,401,Unauthorized,Candidate Creation Thread Group 1-421,text,false,,261,494,1000,1000,http://localhost:8080/web/index.php/api/v2/recruitment/candidates,43638,0,1
1768483469551,43719,Create Candidate Request,401,Unauthorized,Candidate Creation Thread Group 1-423,text,false,,261,494,1000,1000,http://localhost:8080/web/index.php/api/v2/recruitment/candidates,43719,0,0
1768483469553,43720,Create Candidate Request,401,Unauthorized,Candidate Creation Thread Group 1-424,text,false,,261,494,1000,1000,http://localhost:8080/web/index.php/api/v2/recruitment/candidates,43720,0,0
1768483469555,43723,Create Candidate Request,401,Unauthorized,Candidate Creation Thread Group 1-425,text,false,,261,494,1000,1000,http://localhost:8080/web/index.php/api/v2/recruitment/candidates,43722,0,0
1768483469557,43727,Create Candidate Request,401,Unauthorized,Candidate Creation Thread Group 1-426,text,false,,261,494,1000,1000,http://localhost:8080/web/index.php/api/v2/recruitment/candidates,43726,0,0
1768483469563,43809,Create Candidate Request,401,Unauthorized,Candidate Creation Thread Group 1-429,text,false,,261,494,1000,1000,http://localhost:8080/web/index.php/api/v2/recruitment/candidates,43809,0,0
1768483469559,43816,Create Candidate Request,401,Unauthorized,Candidate Creation Thread Group 1-427,text,false,,261,494,1000,1000,http://localhost:8080/web/index.php/api/v2/recruitment/candidates,43816,0,0
1768483469561,43823,Create Candidate Request,401,Unauthorized,Candidate Creation Thread Group 1-428,text,false,,261,494,1000,1000,http://localhost:8080/web/index.php/api/v2/recruitment/candidates,43822,0,0
1768483469566,43906,Create Candidate Request,401,Unauthorized,Candidate Creation Thread Group 1-431,text,false,,261,494,1000,1000,http://localhost:8080/web/index.php/api/v2/recruitment/candidates,43906,0,1
1768483469565,43917,Create Candidate Request,401,Unauthorized,Candidate Creation Thread Group 1-430,text,false,,261,494,1000,1000,http://localhost:8080/web/index.php/api/v2/recruitment/candidates,43916,0,0
1768483469573,44000,Create Candidate Request,401,Unauthorized,Candidate Creation Thread Group 1-433,text,false,,261,494,1000,1000,http://localhost:8080/web/index.php/api/v2/recruitment/candidates,44000,0,0
1768483469721,43952,Create Candidate Request,401,Unauthorized,Candidate Creation Thread Group 1-508,text,false,,261,491,1000,1000,http://localhost:8080/web/index.php/api/v2/recruitment/candidates,43951,0,1
1768483469723,44147,Create Candidate Request,401,Unauthorized,Candidate Creation Thread Group 1-509,text,false,,261,494,1000,1000,http://localhost:8080/web/index.php/api/v2/recruitment/candidates,44055,0,0
1768483470011,43871,Create Candidate Request,401,Unauthorized,Candidate Creation Thread Group 1-653,text,false,,261,491,1000,1000,http://localhost:8080/web/index.php/api/v2/recruitment/candidates,43870,0,1
1768483469725,44257,Create Candidate Request,401,Unauthorized,Candidate Creation Thread Group 1-510,text,false,,261,494,1000,1000,http://localhost:8080/web/index.php/api/v2/recruitment/candidates,44257,0,0
1768483469729,44351,Create Candidate Request,401,Unauthorized,Candidate Creation Thread Group 1-512,text,false,,261,494,1000,1000,http://localhost:8080/web/index.php/api/v2/recruitment/candidates,44350,0,1
1768483469727,44446,Create Candidate Request,401,Unauthorized,Candidate Creation Thread Group 1-511,text,false,,261,494,1000,1000,http://localhost:8080/web/index.php/api/v2/recruitment/candidates,44445,0,0
1768483469731,44447,Create Candidate Request,401,Unauthorized,Candidate Creation Thread Group 1-513,text,false,,261,494,1000,1000,http://localhost:8080/web/index.php/api/v2/recruitment/candidates,44447,0,1
1768483469734,44536,Create Candidate Request,401,Unauthorized,Candidate Creation Thread Group 1-514,text,false,,261,494,1000,1000,http://localhost:8080/web/index.php/api/v2/recruitment/candidates,44454,0,0
1768483469737,44635,Create Candidate Request,401,Unauthorized,Candidate Creation Thread Group 1-516,text,false,,261,494,1000,1000,http://localhost:8080/web/index.php/api/v2/recruitment/candidates,44634,0,0
1768483469735,44744,Create Candidate Request,401,Unauthorized,Candidate Creation Thread Group 1-515,text,false,,261,494,1000,1000,http://localhost:8080/web/index.php/api/v2/recruitment/candidates,44744,0,0
1768483469739,44842,Create Candidate Request,401,Unauthorized,Candidate Creation Thread Group 1-517,text,false,,261,494,1000,1000,http://localhost:8080/web/index.php/api/v2/recruitment/candidates,44840,0,0
1768483469741,44940,Create Candidate Request,401,Unauthorized,Candidate Creation Thread Group 1-518,text,false,,261,494,1000,1000,http://localhost:8080/web/index.php/api/v2/recruitment/candidates,44940,0,0
1768483469743,45039,Create Candidate Request,401,Unauthorized,Candidate Creation Thread Group 1-519,text,false,,261,494,1000,1000,http://localhost:8080/web/index.php/api/v2/recruitment/candidates,45039,0,0
1768483470158,44724,Create Candidate Request,401,Unauthorized,Candidate Creation Thread Group 1-726,text,false,,261,494,1000,1000,http://localhost:8080/web/index.php/api/v2/recruitment/candidates,44722,0,0
1768483469745,45325,Create Candidate Request,401,Unauthorized,Candidate Creation Thread Group 1-520,text,false,,261,494,1000,1000,http://localhost:8080/web/index.php/api/v2/recruitment/candidates,45236,0,1
1768483469747,45425,Create Candidate Request,401,Unauthorized,Candidate Creation Thread Group 1-521,text,false,,261,494,1000,1000,http://localhost:8080/web/index.php/api/v2/recruitment/candidates,45424,0,0
1768483469749,45430,Create Candidate Request,401,Unauthorized,Candidate Creation Thread Group 1-522,text,false,,261,494,1000,1000,http://localhost:8080/web/index.php/api/v2/recruitment/candidates,45430,0,0
1768483469751,45522,Create Candidate Request,401,Unauthorized,Candidate Creation Thread Group 1-523,text,false,,261,494,1000,1000,http://localhost:8080/web/index.php/api/v2/recruitment/candidates,45522,0,1
1768483469857,45513,Create Candidate Request,401,Unauthorized,Candidate Creation Thread Group 1-576,text,false,,261,494,1000,1000,http://localhost:8080/web/index.php/api/v2/recruitment/candidates,45513,0,0
1768483469755,45621,Create Candidate Request,401,Unauthorized,Candidate Creation Thread Group 1-525,text,false,,261,494,1000,1000,http://localhost:8080/web/index.php/api/v2/recruitment/candidates,45620,0,0
1768483469754,45718,Create Candidate Request,401,Unauthorized,Candidate Creation Thread Group 1-524,text,false,,261,494,1000,1000,http://localhost:8080/web/index.php/api/v2/recruitment/candidates,45717,0,0
1768483469757,45725,Create Candidate Request,401,Unauthorized,Candidate Creation Thread Group 1-526,text,false,,261,494,1000,1000,http://localhost:8080/web/index.php/api/v2/recruitment/candidates,45724,0,0
1768483469759,45816,Create Candidate Request,401,Unauthorized,Candidate Creation Thread Group 1-527,text,false,,261,494,1000,1000,http://localhost:8080/web/index.php/api/v2/recruitment/candidates,45816,0,0
1768483469761,45915,Create Candidate Request,401,Unauthorized,Candidate Creation Thread Group 1-528,text,false,,261,494,1000,1000,http://localhost:8080/web/index.php/api/v2/recruitment/candidates,45914,0,0
1768483469764,46007,Create Candidate Request,401,Unauthorized,Candidate Creation Thread Group 1-529,text,false,,261,494,1000,1000,http://localhost:8080/web/index.php/api/v2/recruitment/candidates,46006,0,0
1768483469765,46105,Create Candidate Request,401,Unauthorized,Candidate Creation Thread Group 1-530,text,false,,261,494,1000,1000,http://localhost:8080/web/index.php/api/v2/recruitment/candidates,46020,0,0
1768483469767,46205,Create Candidate Request,401,Unauthorized,Candidate Creation Thread Group 1-531,text,false,,261,494,1000,1000,http://localhost:8080/web/index.php/api/v2/recruitment/candidates,46204,0,0
1768483469772,46214,Create Candidate Request,401,Unauthorized,Candidate Creation Thread Group 1-532,text,false,,261,494,1000,1000,http://localhost:8080/web/index.php/api/v2/recruitment/candidates,46209,0,1
1768483469773,46310,Create Candidate Request,401,Unauthorized,Candidate Creation Thread Group 1-533,text,false,,261,494,1000,1000,http://localhost:8080/web/index.php/api/v2/recruitment/candidates,46307,0,9
1768483469782,46391,Create Candidate Request,401,Unauthorized,Candidate Creation Thread Group 1-535,text,false,,261,494,1000,1000,http://localhost:8080/web/index.php/api/v2/recruitment/candidates,46391,0,1
1768483469783,46396,Create Candidate Request,401,Unauthorized,Candidate Creation Thread Group 1-539,text,false,,261,494,1000,1000,http://localhost:8080/web/index.php/api/v2/recruitment/candidates,46395,0,1
1768483469787,46491,Create Candidate Request,401,Unauthorized,Candidate Creation Thread Group 1-540,text,false,,261,494,1000,1000,http://localhost:8080/web/index.php/api/v2/recruitment/candidates,46491,0,0
1768483469787,46591,Create Candidate Request,401,Unauthorized,Candidate Creation Thread Group 1-537,text,false,,261,494,1000,1000,http://localhost:8080/web/index.php/api/v2/recruitment/candidates,46589,0,0
1768483469787,46601,Create Candidate Request,401,Unauthorized,Candidate Creation Thread Group 1-534,text,false,,261,494,1000,1000,http://localhost:8080/web/index.php/api/v2/recruitment/candidates,46601,0,0
1768483469786,46785,Create Candidate Request,401,Unauthorized,Candidate Creation Thread Group 1-538,text,false,,261,494,1000,1000,http://localhost:8080/web/index.php/api/v2/recruitment/candidates,46785,0,1
1768483469787,46793,Create Candidate Request,401,Unauthorized,Candidate Creation Thread Group 1-541,text,false,,261,494,1000,1000,http://localhost:8080/web/index.php/api/v2/recruitment/candidates,46793,0,0
1768483469785,46892,Create Candidate Request,401,Unauthorized,Candidate Creation Thread Group 1-536,text,false,,261,494,1000,1000,http://localhost:8080/web/index.php/api/v2/recruitment/candidates,46891,0,0
1768483469789,46897,Create Candidate Request,401,Unauthorized,Candidate Creation Thread Group 1-542,text,false,,261,494,1000,1000,http://localhost:8080/web/index.php/api/v2/recruitment/candidates,46896,0,0
1768483469791,46992,Create Candidate Request,401,Unauthorized,Candidate Creation Thread Group 1-543,text,false,,261,494,1000,1000,http://localhost:8080/web/index.php/api/v2/recruitment/candidates,46991,0,0
1768483469793,47085,Create Candidate Request,401,Unauthorized,Candidate Creation Thread Group 1-544,text,false,,261,494,1000,1000,http://localhost:8080/web/index.php/api/v2/recruitment/candidates,47084,0,0
1768483469797,47184,Create Candidate Request,401,Unauthorized,Candidate Creation Thread Group 1-546,text,false,,261,494,1000,1000,http://localhost:8080/web/index.php/api/v2/recruitment/candidates,47182,0,1
1768483469795,47287,Create Candidate Request,401,Unauthorized,Candidate Creation Thread Group 1-545,text,false,,261,494,1000,1000,http://localhost:8080/web/index.php/api/v2/recruitment/candidates,47287,0,0
1768483469799,47373,Create Candidate Request,401,Unauthorized,Candidate Creation Thread Group 1-547,text,false,,261,494,1000,1000,http://localhost:8080/web/index.php/api/v2/recruitment/candidates,47373,0,1
1768483469803,47377,Create Candidate Request,401,Unauthorized,Candidate Creation Thread Group 1-549,text,false,,261,494,1000,1000,http://localhost:8080/web/index.php/api/v2/recruitment/candidates,47374,0,1
1768483469800,47577,Create Candidate Request,401,Unauthorized,Candidate Creation Thread Group 1-548,text,false,,261,494,1000,1000,http://localhost:8080/web/index.php/api/v2/recruitment/candidates,47575,0,1
1768483469814,47661,Create Candidate Request,401,Unauthorized,Candidate Creation Thread Group 1-550,text,false,,261,491,1000,1000,http://localhost:8080/web/index.php/api/v2/recruitment/candidates,47659,0,0
1768483469814,47762,Create Candidate Request,401,Unauthorized,Candidate Creation Thread Group 1-552,text,false,,261,491,1000,1000,http://localhost:8080/web/index.php/api/v2/recruitment/candidates,47757,0,0
1768483469814,47870,Create Candidate Request,401,Unauthorized,Candidate Creation Thread Group 1-553,text,false,,261,491,1000,1000,http://localhost:8080/web/index.php/api/v2/recruitment/candidates,47869,0,1
1768483469815,47962,Create Candidate Request,401,Unauthorized,Candidate Creation Thread Group 1-554,text,false,,261,491,1000,1000,http://localhost:8080/web/index.php/api/v2/recruitment/candidates,47959,0,0
1768483469815,48055,Create Candidate Request,401,Unauthorized,Candidate Creation Thread Group 1-555,text,false,,261,491,1000,1000,http://localhost:8080/web/index.php/api/v2/recruitment/candidates,47971,0,0
1768483469814,48157,Create Candidate Request,401,Unauthorized,Candidate Creation Thread Group 1-551,text,false,,261,491,1000,1000,http://localhost:8080/web/index.php/api/v2/recruitment/candidates,48157,0,0
1768483469817,48162,Create Candidate Request,401,Unauthorized,Candidate Creation Thread Group 1-556,text,false,,261,491,1000,1000,http://localhost:8080/web/index.php/api/v2/recruitment/candidates,48160,0,0
1768483469820,48253,Create Candidate Request,401,Unauthorized,Candidate Creation Thread Group 1-557,text,false,,261,491,1000,1000,http://localhost:8080/web/index.php/api/v2/recruitment/candidates,48253,0,0
1768483469823,48346,Create Candidate Request,401,Unauthorized,Candidate Creation Thread Group 1-559,text,false,,261,494,1000,1000,http://localhost:8080/web/index.php/api/v2/recruitment/candidates,48263,0,0
1768483469821,48354,Create Candidate Request,401,Unauthorized,Candidate Creation Thread Group 1-558,text,false,,261,491,1000,1000,http://localhost:8080/web/index.php/api/v2/recruitment/candidates,48353,0,0
1768483469825,48353,Create Candidate Request,401,Unauthorized,Candidate Creation Thread Group 1-560,text,false,,261,494,1000,1000,http://localhost:8080/web/index.php/api/v2/recruitment/candidates,48353,0,0
1768483469829,48354,Create Candidate Request,401,Unauthorized,Candidate Creation Thread Group 1-562,text,false,,261,494,1000,1000,http://localhost:8080/web/index.php/api/v2/recruitment/candidates,48353,0,1
1768483469827,48444,Create Candidate Request,401,Unauthorized,Candidate Creation Thread Group 1-561,text,false,,261,494,1000,1000,http://localhost:8080/web/index.php/api/v2/recruitment/candidates,48444,0,0
1768483469830,48447,Create Candidate Request,401,Unauthorized,Candidate Creation Thread Group 1-563,text,false,,261,494,1000,1000,http://localhost:8080/web/index.php/api/v2/recruitment/candidates,48447,0,0
1768483469949,48333,Create Candidate Request,401,Unauthorized,Candidate Creation Thread Group 1-622,text,false,,261,494,1000,1000,http://localhost:8080/web/index.php/api/v2/recruitment/candidates,48332,0,0
1768483469833,48538,Create Candidate Request,401,Unauthorized,Candidate Creation Thread Group 1-564,text,false,,261,494,1000,1000,http://localhost:8080/web/index.php/api/v2/recruitment/candidates,48538,0,0
1768483469835,48645,Create Candidate Request,401,Unauthorized,Candidate Creation Thread Group 1-565,text,false,,261,494,1000,1000,http://localhost:8080/web/index.php/api/v2/recruitment/candidates,48644,0,0
1768483469839,48834,Create Candidate Request,401,Unauthorized,Candidate Creation Thread Group 1-567,text,false,,261,494,1000,1000,http://localhost:8080/web/index.php/api/v2/recruitment/candidates,48832,0,0
1768483469837,48934,Create Candidate Request,401,Unauthorized,Candidate Creation Thread Group 1-566,text,false,,261,494,1000,1000,http://localhost:8080/web/index.php/api/v2/recruitment/candidates,48934,0,0
1768483469841,49029,Create Candidate Request,401,Unauthorized,Candidate Creation Thread Group 1-568,text,false,,261,494,1000,1000,http://localhost:8080/web/index.php/api/v2/recruitment/candidates,48943,0,0
1768483482574,36399,Create Candidate Request,401,Unauthorized,Candidate Creation Thread Group 1-115,text,false,,261,491,1000,1000,http://localhost:8080/web/index.php/api/v2/recruitment/candidates,36397,0,0
1768483469843,49235,Create Candidate Request,401,Unauthorized,Candidate Creation Thread Group 1-569,text,false,,261,494,1000,1000,http://localhost:8080/web/index.php/api/v2/recruitment/candidates,49233,0,0
1768483469845,49327,Create Candidate Request,401,Unauthorized,Candidate Creation Thread Group 1-570,text,false,,261,494,1000,1000,http://localhost:8080/web/index.php/api/v2/recruitment/candidates,49327,0,0
1768483469849,49328,Create Candidate Request,401,Unauthorized,Candidate Creation Thread Group 1-572,text,false,,261,494,1000,1000,http://localhost:8080/web/index.php/api/v2/recruitment/candidates,49328,0,0
1768483469852,49423,Create Candidate Request,401,Unauthorized,Candidate Creation Thread Group 1-574,text,false,,261,494,1000,1000,http://localhost:8080/web/index.php/api/v2/recruitment/candidates,49422,0,1
1768483469851,49433,Create Candidate Request,401,Unauthorized,Candidate Creation Thread Group 1-573,text,false,,261,494,1000,1000,http://localhost:8080/web/index.php/api/v2/recruitment/candidates,49432,0,0
1768483469847,49626,Create Candidate Request,401,Unauthorized,Candidate Creation Thread Group 1-571,text,false,,261,494,1000,1000,http://localhost:8080/web/index.php/api/v2/recruitment/candidates,49626,0,0
1768483469859,49714,Create Candidate Request,401,Unauthorized,Candidate Creation Thread Group 1-577,text,false,,261,494,1000,1000,http://localhost:8080/web/index.php/api/v2/recruitment/candidates,49712,0,0
1768483470016,49755,Create Candidate Request,401,Unauthorized,Candidate Creation Thread Group 1-655,text,false,,261,491,1000,1000,http://localhost:8080/web/index.php/api/v2/recruitment/candidates,49663,0,0
1768483469863,50009,Create Candidate Request,401,Unauthorized,Candidate Creation Thread Group 1-579,text,false,,261,494,1000,1000,http://localhost:8080/web/index.php/api/v2/recruitment/candidates,50008,0,0
1768483469865,50109,Create Candidate Request,401,Unauthorized,Candidate Creation Thread Group 1-580,text,false,,261,494,1000,1000,http://localhost:8080/web/index.php/api/v2/recruitment/candidates,50109,0,0
1768483469870,50202,Create Candidate Request,401,Unauthorized,Candidate Creation Thread Group 1-582,text,false,,261,494,1000,1000,http://localhost:8080/web/index.php/api/v2/recruitment/candidates,50201,0,0
1768483469867,50303,Create Candidate Request,401,Unauthorized,Candidate Creation Thread Group 1-581,text,false,,261,494,1000,1000,http://localhost:8080/web/index.php/api/v2/recruitment/candidates,50219,0,0
1768483469881,50293,Create Candidate Request,401,Unauthorized,Candidate Creation Thread Group 1-588,text,false,,261,494,1000,1000,http://localhost:8080/web/index.php/api/v2/recruitment/candidates,50293,0,0
1768483469871,50310,Create Candidate Request,401,Unauthorized,Candidate Creation Thread Group 1-583,text,false,,261,494,1000,1000,http://localhost:8080/web/index.php/api/v2/recruitment/candidates,50310,0,11
1768483469880,50394,Create Candidate Request,401,Unauthorized,Candidate Creation Thread Group 1-8,text,false,,261,494,1000,1000,http://localhost:8080/web/index.php/api/v2/recruitment/candidates,50393,0,3
1768483469883,50487,Create Candidate Request,401,Unauthorized,Candidate Creation Thread Group 1-589,text,false,,261,494,1000,1000,http://localhost:8080/web/index.php/api/v2/recruitment/candidates,50402,0,0
1768483469951,50425,Create Candidate Request,401,Unauthorized,Candidate Creation Thread Group 1-623,text,false,,261,494,1000,1000,http://localhost:8080/web/index.php/api/v2/recruitment/candidates,50424,0,0
1768483469884,50593,Create Candidate Request,401,Unauthorized,Candidate Creation Thread Group 1-584,text,false,,261,494,1000,1000,http://localhost:8080/web/index.php/api/v2/recruitment/candidates,50592,0,0
1768483469884,50693,Create Candidate Request,401,Unauthorized,Candidate Creation Thread Group 1-587,text,false,,261,494,1000,1000,http://localhost:8080/web/index.php/api/v2/recruitment/candidates,50691,0,2
1768483469883,50787,Create Candidate Request,401,Unauthorized,Candidate Creation Thread Group 1-586,text,false,,261,494,1000,1000,http://localhost:8080/web/index.php/api/v2/recruitment/candidates,50702,0,2
1768483469885,50792,Create Candidate Request,401,Unauthorized,Candidate Creation Thread Group 1-590,text,false,,261,494,1000,1000,http://localhost:8080/web/index.php/api/v2/recruitment/candidates,50792,0,1
1768483469885,50801,Create Candidate Request,401,Unauthorized,Candidate Creation Thread Group 1-585,text,false,,261,494,1000,1000,http://localhost:8080/web/index.php/api/v2/recruitment/candidates,50800,0,1
1768483469891,50892,Create Candidate Request,401,Unauthorized,Candidate Creation Thread Group 1-593,text,false,,261,494,1000,1000,http://localhost:8080/web/index.php/api/v2/recruitment/candidates,50891,0,1
1768483469887,50995,Create Candidate Request,401,Unauthorized,Candidate Creation Thread Group 1-591,text,false,,261,494,1000,1000,http://localhost:8080/web/index.php/api/v2/recruitment/candidates,50995,0,1
1768483469889,51095,Create Candidate Request,401,Unauthorized,Candidate Creation Thread Group 1-592,text,false,,261,494,1000,1000,http://localhost:8080/web/index.php/api/v2/recruitment/candidates,51094,0,0
1768483469893,51279,Create Candidate Request,401,Unauthorized,Candidate Creation Thread Group 1-594,text,false,,261,494,1000,1000,http://localhost:8080/web/index.php/api/v2/recruitment/candidates,51278,0,0
1768483469895,51280,Create Candidate Request,401,Unauthorized,Candidate Creation Thread Group 1-595,text,false,,261,494,1000,1000,http://localhost:8080/web/index.php/api/v2/recruitment/candidates,51280,0,1
1768483469896,51286,Create Candidate Request,401,Unauthorized,Candidate Creation Thread Group 1-596,text,false,,261,494,1000,1000,http://localhost:8080/web/index.php/api/v2/recruitment/candidates,51286,0,1
1768483483972,37397,Create Candidate Request,401,Unauthorized,Candidate Creation Thread Group 1-108,text,false,,261,494,1000,1000,http://localhost:8080/web/index.php/api/v2/recruitment/candidates,37311,0,0
1768483469899,51476,Create Candidate Request,401,Unauthorized,Candidate Creation Thread Group 1-597,text,false,,261,494,1000,1000,http://localhost:8080/web/index.php/api/v2/recruitment/candidates,51475,0,0
1768483469901,51573,Create Candidate Request,401,Unauthorized,Candidate Creation Thread Group 1-598,text,false,,261,494,1000,1000,http://localhost:8080/web/index.php/api/v2/recruitment/candidates,51572,0,0
1768483469909,51669,Create Candidate Request,401,Unauthorized,Candidate Creation Thread Group 1-602,text,false,,261,491,1000,1000,http://localhost:8080/web/index.php/api/v2/recruitment/candidates,51667,0,0
1768483469910,51861,Create Candidate Request,401,Unauthorized,Candidate Creation Thread Group 1-600,text,false,,261,491,1000,1000,http://localhost:8080/web/index.php/api/v2/recruitment/candidates,51772,0,0
1768483482482,39299,Create Candidate Request,401,Unauthorized,Candidate Creation Thread Group 1-123,text,false,,261,491,1000,1000,http://localhost:8080/web/index.php/api/v2/recruitment/candidates,39298,0,0
1768483484373,37509,Create Candidate Request,401,Unauthorized,Candidate Creation Thread Group 1-169,text,false,,261,494,1000,1000,http://localhost:8080/web/index.php/api/v2/recruitment/candidates,37508,0,1
1768483469909,52074,Create Candidate Request,401,Unauthorized,Candidate Creation Thread Group 1-601,text,false,,261,491,1000,1000,http://localhost:8080/web/index.php/api/v2/recruitment/candidates,52073,0,0
1768483469909,52166,Create Candidate Request,401,Unauthorized,Candidate Creation Thread Group 1-599,text,false,,261,491,1000,1000,http://localhost:8080/web/index.php/api/v2/recruitment/candidates,52166,0,0
1768483469911,52169,Create Candidate Request,401,Unauthorized,Candidate Creation Thread Group 1-603,text,false,,261,491,1000,1000,http://localhost:8080/web/index.php/api/v2/recruitment/candidates,52169,0,0
1768483469913,52262,Create Candidate Request,401,Unauthorized,Candidate Creation Thread Group 1-604,text,false,,261,491,1000,1000,http://localhost:8080/web/index.php/api/v2/recruitment/candidates,52262,0,0
1768483469917,52264,Create Candidate Request,401,Unauthorized,Candidate Creation Thread Group 1-606,text,false,,261,491,1000,1000,http://localhost:8080/web/index.php/api/v2/recruitment/candidates,52264,0,0
1768483469914,52358,Create Candidate Request,401,Unauthorized,Candidate Creation Thread Group 1-605,text,false,,261,491,1000,1000,http://localhost:8080/web/index.php/api/v2/recruitment/candidates,52357,0,0
1768483469918,52456,Create Candidate Request,401,Unauthorized,Candidate Creation Thread Group 1-607,text,false,,261,491,1000,1000,http://localhost:8080/web/index.php/api/v2/recruitment/candidates,52454,0,0
1768483469920,52466,Create Candidate Request,401,Unauthorized,Candidate Creation Thread Group 1-608,text,false,,261,494,1000,1000,http://localhost:8080/web/index.php/api/v2/recruitment/candidates,52465,0,1
1768483469922,52560,Create Candidate Request,401,Unauthorized,Candidate Creation Thread Group 1-609,text,false,,261,494,1000,1000,http://localhost:8080/web/index.php/api/v2/recruitment/candidates,52560,0,1
1768483469927,52645,Create Candidate Request,401,Unauthorized,Candidate Creation Thread Group 1-611,text,false,,261,494,1000,1000,http://localhost:8080/web/index.php/api/v2/recruitment/candidates,52644,0,0
1768483469925,52655,Create Candidate Request,401,Unauthorized,Candidate Creation Thread Group 1-610,text,false,,261,494,1000,1000,http://localhost:8080/web/index.php/api/v2/recruitment/candidates,52654,0,0
1768483469931,52744,Create Candidate Request,401,Unauthorized,Candidate Creation Thread Group 1-613,text,false,,261,494,1000,1000,http://localhost:8080/web/index.php/api/v2/recruitment/candidates,52744,0,0
1768483469929,52847,Create Candidate Request,401,Unauthorized,Candidate Creation Thread Group 1-612,text,false,,261,494,1000,1000,http://localhost:8080/web/index.php/api/v2/recruitment/candidates,52844,0,0
1768483469933,52946,Create Candidate Request,401,Unauthorized,Candidate Creation Thread Group 1-614,text,false,,261,494,1000,1000,http://localhost:8080/web/index.php/api/v2/recruitment/candidates,52944,0,0
1768483469935,53042,Create Candidate Request,401,Unauthorized,Candidate Creation Thread Group 1-615,text,false,,261,494,1000,1000,http://localhost:8080/web/index.php/api/v2/recruitment/candidates,53042,0,0
1768483469936,53134,Create Candidate Request,401,Unauthorized,Candidate Creation Thread Group 1-616,text,false,,261,494,1000,1000,http://localhost:8080/web/index.php/api/v2/recruitment/candidates,53050,0,0
1768483485383,37794,Create Candidate Request,401,Unauthorized,Candidate Creation Thread Group 1-63,text,false,,261,491,1000,1000,http://localhost:8080/web/index.php/api/v2/recruitment/candidates,37787,0,0
1768483469939,53239,Create Candidate Request,401,Unauthorized,Candidate Creation Thread Group 1-617,text,false,,261,494,1000,1000,http://localhost:8080/web/index.php/api/v2/recruitment/candidates,53237,0,0
1768483469942,53241,Create Candidate Request,401,Unauthorized,Candidate Creation Thread Group 1-619,text,false,,261,494,1000,1000,http://localhost:8080/web/index.php/api/v2/recruitment/candidates,53240,0,1
1768483469940,53337,Create Candidate Request,401,Unauthorized,Candidate Creation Thread Group 1-618,text,false,,261,494,1000,1000,http://localhost:8080/web/index.php/api/v2/recruitment/candidates,53336,0,0
1768483469953,53420,Create Candidate Request,401,Unauthorized,Candidate Creation Thread Group 1-624,text,false,,261,494,1000,1000,http://localhost:8080/web/index.php/api/v2/recruitment/candidates,53419,0,0
1768483469955,53422,Create Candidate Request,401,Unauthorized,Candidate Creation Thread Group 1-625,text,false,,261,494,1000,1000,http://localhost:8080/web/index.php/api/v2/recruitment/candidates,53422,0,0
1768483469957,53426,Create Candidate Request,401,Unauthorized,Candidate Creation Thread Group 1-626,text,false,,261,494,1000,1000,http://localhost:8080/web/index.php/api/v2/recruitment/candidates,53426,0,0
1768483469958,53515,Create Candidate Request,401,Unauthorized,Candidate Creation Thread Group 1-627,text,false,,261,494,1000,1000,http://localhost:8080/web/index.php/api/v2/recruitment/candidates,53514,0,0
1768483469961,53519,Create Candidate Request,401,Unauthorized,Candidate Creation Thread Group 1-628,text,false,,261,494,1000,1000,http://localhost:8080/web/index.php/api/v2/recruitment/candidates,53519,0,0
1768483469965,53608,Create Candidate Request,401,Unauthorized,Candidate Creation Thread Group 1-630,text,false,,261,494,1000,1000,http://localhost:8080/web/index.php/api/v2/recruitment/candidates,53608,0,0
1768483469967,53612,Create Candidate Request,401,Unauthorized,Candidate Creation Thread Group 1-631,text,false,,261,494,1000,1000,http://localhost:8080/web/index.php/api/v2/recruitment/candidates,53611,0,0
1768483469964,53623,Create Candidate Request,401,Unauthorized,Candidate Creation Thread Group 1-629,text,false,,261,494,1000,1000,http://localhost:8080/web/index.php/api/v2/recruitment/candidates,53623,0,0
1768483469969,53801,Create Candidate Request,401,Unauthorized,Candidate Creation Thread Group 1-632,text,false,,261,494,1000,1000,http://localhost:8080/web/index.php/api/v2/recruitment/candidates,53715,0,0
1768483469979,53806,Create Candidate Request,401,Unauthorized,Candidate Creation Thread Group 1-637,text,false,,261,494,1000,1000,http://localhost:8080/web/index.php/api/v2/recruitment/candidates,53805,0,0
1768483469971,53911,Create Candidate Request,401,Unauthorized,Candidate Creation Thread Group 1-633,text,false,,261,494,1000,1000,http://localhost:8080/web/index.php/api/v2/recruitment/candidates,53911,0,11
1768483469982,54001,Create Candidate Request,401,Unauthorized,Candidate Creation Thread Group 1-6,text,false,,261,494,1000,1000,http://localhost:8080/web/index.php/api/v2/recruitment/candidates,53999,0,0
1768483469983,54098,Create Candidate Request,401,Unauthorized,Candidate Creation Thread Group 1-634,text,false,,261,494,1000,1000,http://localhost:8080/web/index.php/api/v2/recruitment/candidates,54094,0,1
1768483469984,54189,Create Candidate Request,401,Unauthorized,Candidate Creation Thread Group 1-639,text,false,,261,494,1000,1000,http://localhost:8080/web/index.php/api/v2/recruitment/candidates,54189,0,0
1768483469983,54290,Create Candidate Request,401,Unauthorized,Candidate Creation Thread Group 1-636,text,false,,261,494,1000,1000,http://localhost:8080/web/index.php/api/v2/recruitment/candidates,54287,0,1
1768483469982,54391,Create Candidate Request,401,Unauthorized,Candidate Creation Thread Group 1-638,text,false,,261,494,1000,1000,http://localhost:8080/web/index.php/api/v2/recruitment/candidates,54391,0,1
1768483469984,54489,Create Candidate Request,401,Unauthorized,Candidate Creation Thread Group 1-635,text,false,,261,494,1000,1000,http://localhost:8080/web/index.php/api/v2/recruitment/candidates,54488,0,0
1768483469991,54584,Create Candidate Request,401,Unauthorized,Candidate Creation Thread Group 1-643,text,false,,261,494,1000,1000,http://localhost:8080/web/index.php/api/v2/recruitment/candidates,54582,0,0
1768483469985,54699,Create Candidate Request,401,Unauthorized,Candidate Creation Thread Group 1-640,text,false,,261,494,1000,1000,http://localhost:8080/web/index.php/api/v2/recruitment/candidates,54696,0,0
1768483470015,54767,Create Candidate Request,401,Unauthorized,Candidate Creation Thread Group 1-654,text,false,,261,491,1000,1000,http://localhost:8080/web/index.php/api/v2/recruitment/candidates,54767,0,0
1768483469987,54988,Create Candidate Request,401,Unauthorized,Candidate Creation Thread Group 1-641,text,false,,261,494,1000,1000,http://localhost:8080/web/index.php/api/v2/recruitment/candidates,54986,0,0
1768483469989,55081,Create Candidate Request,401,Unauthorized,Candidate Creation Thread Group 1-642,text,false,,261,494,1000,1000,http://localhost:8080/web/index.php/api/v2/recruitment/candidates,54996,0,0
1768483469993,55178,Create Candidate Request,401,Unauthorized,Candidate Creation Thread Group 1-644,text,false,,261,494,1000,1000,http://localhost:8080/web/index.php/api/v2/recruitment/candidates,55178,0,0
1768483469997,55180,Create Candidate Request,401,Unauthorized,Candidate Creation Thread Group 1-646,text,false,,261,494,1000,1000,http://localhost:8080/web/index.php/api/v2/recruitment/candidates,55179,0,0
1768483469995,55278,Create Candidate Request,401,Unauthorized,Candidate Creation Thread Group 1-645,text,false,,261,494,1000,1000,http://localhost:8080/web/index.php/api/v2/recruitment/candidates,55190,0,0
1768483469999,55371,Create Candidate Request,401,Unauthorized,Candidate Creation Thread Group 1-647,text,false,,261,494,1000,1000,http://localhost:8080/web/index.php/api/v2/recruitment/candidates,55370,0,1
1768483470007,55371,Create Candidate Request,401,Unauthorized,Candidate Creation Thread Group 1-648,text,false,,261,491,1000,1000,http://localhost:8080/web/index.php/api/v2/recruitment/candidates,55369,0,0
1768483470007,55376,Create Candidate Request,401,Unauthorized,Candidate Creation Thread Group 1-650,text,false,,261,491,1000,1000,http://localhost:8080/web/index.php/api/v2/recruitment/candidates,55375,0,1
1768483487570,37912,Create Candidate Request,401,Unauthorized,Candidate Creation Thread Group 1-39,text,false,,261,494,1000,1000,http://localhost:8080/web/index.php/api/v2/recruitment/candidates,37911,0,0
1768483487084,38501,Create Candidate Request,401,Unauthorized,Candidate Creation Thread Group 1-86,text,false,,261,494,1000,1000,http://localhost:8080/web/index.php/api/v2/recruitment/candidates,38499,0,1
1768483487174,38503,Create Candidate Request,401,Unauthorized,Candidate Creation Thread Group 1-84,text,false,,261,494,1000,1000,http://localhost:8080/web/index.php/api/v2/recruitment/candidates,38502,0,0
1768483487170,38511,Create Candidate Request,401,Unauthorized,Candidate Creation Thread Group 1-164,text,false,,261,494,1000,1000,http://localhost:8080/web/index.php/api/v2/recruitment/candidates,38511,0,1
1768483487179,38594,Create Candidate Request,401,Unauthorized,Candidate Creation Thread Group 1-152,text,false,,261,494,1000,1000,http://localhost:8080/web/index.php/api/v2/recruitment/candidates,38593,0,0
1768483487187,38685,Create Candidate Request,401,Unauthorized,Candidate Creation Thread Group 1-139,text,false,,261,494,1000,1000,http://localhost:8080/web/index.php/api/v2/recruitment/candidates,38597,0,1
1768483487470,38501,Create Candidate Request,401,Unauthorized,Candidate Creation Thread Group 1-138,text,false,,261,494,1000,1000,http://localhost:8080/web/index.php/api/v2/recruitment/candidates,38414,0,1
1768483487284,38701,Create Candidate Request,401,Unauthorized,Candidate Creation Thread Group 1-44,text,false,,261,494,1000,1000,http://localhost:8080/web/index.php/api/v2/recruitment/candidates,38700,0,0
1768483470097,56074,Create Candidate Request,401,Unauthorized,Candidate Creation Thread Group 1-696,text,false,,261,494,1000,1000,http://localhost:8080/web/index.php/api/v2/recruitment/candidates,56073,0,1
1768483487583,38691,Create Candidate Request,401,Unauthorized,Candidate Creation Thread Group 1-96,text,false,,261,494,1000,1000,http://localhost:8080/web/index.php/api/v2/recruitment/candidates,38690,0,0
1768483470007,56276,Create Candidate Request,401,Unauthorized,Candidate Creation Thread Group 1-649,text,false,,261,491,1000,1000,http://localhost:8080/web/index.php/api/v2/recruitment/candidates,56276,0,1
1768483470010,56368,Create Candidate Request,401,Unauthorized,Candidate Creation Thread Group 1-652,text,false,,261,491,1000,1000,http://localhost:8080/web/index.php/api/v2/recruitment/candidates,56368,0,0
1768483470011,56372,Create Candidate Request,401,Unauthorized,Candidate Creation Thread Group 1-651,text,false,,261,491,1000,1000,http://localhost:8080/web/index.php/api/v2/recruitment/candidates,56370,0,0
1768483470019,56455,Create Candidate Request,401,Unauthorized,Candidate Creation Thread Group 1-656,text,false,,261,491,1000,1000,http://localhost:8080/web/index.php/api/v2/recruitment/candidates,56453,0,0
1768483470024,56550,Create Candidate Request,401,Unauthorized,Candidate Creation Thread Group 1-657,text,false,,261,494,1000,1000,http://localhost:8080/web/index.php/api/v2/recruitment/candidates,56549,0,0
1768483470025,56652,Create Candidate Request,401,Unauthorized,Candidate Creation Thread Group 1-658,text,false,,261,494,1000,1000,http://localhost:8080/web/index.php/api/v2/recruitment/candidates,56650,0,0
1768483470024,56749,Create Candidate Request,401,Unauthorized,Candidate Creation Thread Group 1-659,text,false,,261,494,1000,1000,http://localhost:8080/web/index.php/api/v2/recruitment/candidates,56747,0,1
1768483470025,56951,Create Candidate Request,401,Unauthorized,Candidate Creation Thread Group 1-660,text,false,,261,494,1000,1000,http://localhost:8080/web/index.php/api/v2/recruitment/candidates,56945,0,0
1768483470476,56599,Create Candidate Request,401,Unauthorized,Candidate Creation Thread Group 1-41,text,false,,261,494,1000,1000,http://localhost:8080/web/index.php/api/v2/recruitment/candidates,56597,0,1
1768483470082,57090,Create Candidate Request,401,Unauthorized,Candidate Creation Thread Group 1-682,text,false,,261,494,1000,1000,http://localhost:8080/web/index.php/api/v2/recruitment/candidates,57090,0,1
1768483470572,56609,Create Candidate Request,401,Unauthorized,Candidate Creation Thread Group 1-57,text,false,,261,494,1000,1000,http://localhost:8080/web/index.php/api/v2/recruitment/candidates,56607,0,0
1768483470675,56607,Create Candidate Request,401,Unauthorized,Candidate Creation Thread Group 1-62,text,false,,261,494,1000,1000,http://localhost:8080/web/index.php/api/v2/recruitment/candidates,56607,0,2
1768483470882,56596,Create Candidate Request,401,Unauthorized,Candidate Creation Thread Group 1-64,text,false,,261,491,1000,1000,http://localhost:8080/web/index.php/api/v2/recruitment/candidates,56596,0,1
1768483470061,57518,Create Candidate Request,401,Unauthorized,Candidate Creation Thread Group 1-678,text,false,,261,494,1000,1000,http://localhost:8080/web/index.php/api/v2/recruitment/candidates,57517,0,1
1768483470167,57510,Create Candidate Request,401,Unauthorized,Candidate Creation Thread Group 1-731,text,false,,261,494,1000,1000,http://localhost:8080/web/index.php/api/v2/recruitment/candidates,57509,0,0
1768483470161,57615,Create Candidate Request,401,Unauthorized,Candidate Creation Thread Group 1-728,text,false,,261,494,1000,1000,http://localhost:8080/web/index.php/api/v2/recruitment/candidates,57614,0,0
1768483470085,57701,Create Candidate Request,401,Unauthorized,Candidate Creation Thread Group 1-689,text,false,,261,494,1000,1000,http://localhost:8080/web/index.php/api/v2/recruitment/candidates,57701,0,0
1768483470086,57797,Create Candidate Request,401,Unauthorized,Candidate Creation Thread Group 1-687,text,false,,261,494,1000,1000,http://localhost:8080/web/index.php/api/v2/recruitment/candidates,57796,0,0
1768483476082,51990,Create Candidate Request,401,Unauthorized,Candidate Creation Thread Group 1-35,text,false,,261,494,1000,1000,http://localhost:8080/web/index.php/api/v2/recruitment/candidates,51989,0,0
1768483470483,57594,Create Candidate Request,401,Unauthorized,Candidate Creation Thread Group 1-889,text,false,,261,494,1000,1000,http://localhost:8080/web/index.php/api/v2/recruitment/candidates,57593,0,0
1768483474577,53505,Create Candidate Request,401,Unauthorized,Candidate Creation Thread Group 1-37,text,false,,261,494,1000,1000,http://localhost:8080/web/index.php/api/v2/recruitment/candidates,53505,0,1
1768483470029,58144,Create Candidate Request,401,Unauthorized,Candidate Creation Thread Group 1-662,text,false,,261,494,1000,1000,http://localhost:8080/web/index.php/api/v2/recruitment/candidates,58144,0,0
1768483470109,58076,Create Candidate Request,401,Unauthorized,Candidate Creation Thread Group 1-702,text,false,,261,491,1000,1000,http://localhost:8080/web/index.php/api/v2/recruitment/candidates,58074,0,0
1768483477570,50702,Create Candidate Request,401,Unauthorized,Candidate Creation Thread Group 1-107,text,false,,261,494,1000,1000,http://localhost:8080/web/index.php/api/v2/recruitment/candidates,50702,0,1
1768483477778,50499,Create Candidate Request,401,Unauthorized,Candidate Creation Thread Group 1-120,text,false,,261,494,1000,1000,http://localhost:8080/web/index.php/api/v2/recruitment/candidates,50498,0,0
1768483470595,57688,Create Candidate Request,401,Unauthorized,Candidate Creation Thread Group 1-945,text,false,,261,494,1000,1000,http://localhost:8080/web/index.php/api/v2/recruitment/candidates,57688,0,0
1768483490075,38308,Create Candidate Request,401,Unauthorized,Candidate Creation Thread Group 1-287,text,false,,261,494,1000,1000,http://localhost:8080/web/index.php/api/v2/recruitment/candidates,38306,0,1
1768483470637,57932,Create Candidate Request,401,Unauthorized,Candidate Creation Thread Group 1-966,text,false,,261,494,1000,1000,http://localhost:8080/web/index.php/api/v2/recruitment/candidates,57845,0,0
1768483489571,39010,Create Candidate Request,401,Unauthorized,Candidate Creation Thread Group 1-283,text,false,,261,494,1000,1000,http://localhost:8080/web/index.php/api/v2/recruitment/candidates,39010,0,1
1768483489675,38998,Create Candidate Request,401,Unauthorized,Candidate Creation Thread Group 1-285,text,false,,261,494,1000,1000,http://localhost:8080/web/index.php/api/v2/recruitment/candidates,38998,0,0
1768483486775,41906,Create Candidate Request,401,Unauthorized,Candidate Creation Thread Group 1-75,text,false,,261,494,1000,1000,http://localhost:8080/web/index.php/api/v2/recruitment/candidates,41906,0,1
1768483487771,41002,Create Candidate Request,401,Unauthorized,Candidate Creation Thread Group 1-48,text,false,,261,494,1000,1000,http://localhost:8080/web/index.php/api/v2/recruitment/candidates,41001,0,0
1768483489975,38812,Create Candidate Request,401,Unauthorized,Candidate Creation Thread Group 1-289,text,false,,261,494,1000,1000,http://localhost:8080/web/index.php/api/v2/recruitment/candidates,38810,0,2
1768483470606,58268,Create Candidate Request,401,Unauthorized,Candidate Creation Thread Group 1-949,text,false,,261,491,1000,1000,http://localhost:8080/web/index.php/api/v2/recruitment/candidates,58268,0,1
1768483470593,58288,Create Candidate Request,401,Unauthorized,Candidate Creation Thread Group 1-943,text,false,,261,494,1000,1000,http://localhost:8080/web/index.php/api/v2/recruitment/candidates,58287,0,0
1768483479178,49792,Create Candidate Request,401,Unauthorized,Candidate Creation Thread Group 1-99,text,false,,261,494,1000,1000,http://localhost:8080/web/index.php/api/v2/recruitment/candidates,49710,0,0
1768483477676,51398,Create Candidate Request,401,Unauthorized,Candidate Creation Thread Group 1-130,text,false,,261,494,1000,1000,http://localhost:8080/web/index.php/api/v2/recruitment/candidates,51394,0,1
1768483474173,54997,Create Candidate Request,401,Unauthorized,Candidate Creation Thread Group 1-34,text,false,,261,494,1000,1000,http://localhost:8080/web/index.php/api/v2/recruitment/candidates,54997,0,0
1768483479881,49293,Create Candidate Request,401,Unauthorized,Candidate Creation Thread Group 1-20,text,false,,261,494,1000,1000,http://localhost:8080/web/index.php/api/v2/recruitment/candidates,49292,0,1
1768483478876,50304,Create Candidate Request,401,Unauthorized,Candidate Creation Thread Group 1-153,text,false,,261,494,1000,1000,http://localhost:8080/web/index.php/api/v2/recruitment/candidates,50303,0,1
1768483478178,51199,Create Candidate Request,401,Unauthorized,Candidate Creation Thread Group 1-149,text,false,,261,494,1000,1000,http://localhost:8080/web/index.php/api/v2/recruitment/candidates,51198,0,3
1768483479984,49488,Create Candidate Request,401,Unauthorized,Candidate Creation Thread Group 1-11,text,false,,261,494,1000,1000,http://localhost:8080/web/index.php/api/v2/recruitment/candidates,49488,0,0
1768483480376,49108,Create Candidate Request,401,Unauthorized,Candidate Creation Thread Group 1-116,text,false,,261,494,1000,1000,http://localhost:8080/web/index.php/api/v2/recruitment/candidates,49107,0,1
1768483472073,57512,Create Candidate Request,401,Unauthorized,Candidate Creation Thread Group 1-43,text,false,,261,491,1000,1000,http://localhost:8080/web/index.php/api/v2/recruitment/candidates,57512,0,0
1768483480676,49013,Create Candidate Request,401,Unauthorized,Candidate Creation Thread Group 1-31,text,false,,261,494,1000,1000,http://localhost:8080/web/index.php/api/v2/recruitment/candidates,49013,0,1
1768483480985,48799,Create Candidate Request,401,Unauthorized,Candidate Creation Thread Group 1-73,text,false,,261,494,1000,1000,http://localhost:8080/web/index.php/api/v2/recruitment/candidates,48798,0,0
1768483481076,48906,Create Candidate Request,401,Unauthorized,Candidate Creation Thread Group 1-69,text,false,,261,494,1000,1000,http://localhost:8080/web/index.php/api/v2/recruitment/candidates,48904,0,0
1768483470625,59459,Create Candidate Request,401,Unauthorized,Candidate Creation Thread Group 1-960,text,false,,261,494,1000,1000,http://localhost:8080/web/index.php/api/v2/recruitment/candidates,59458,0,0
1768483481176,49000,Create Candidate Request,401,Unauthorized,Candidate Creation Thread Group 1-113,text,false,,261,494,1000,1000,http://localhost:8080/web/index.php/api/v2/recruitment/candidates,48999,0,0
1768483481172,49101,Create Candidate Request,401,Unauthorized,Candidate Creation Thread Group 1-175,text,false,,261,494,1000,1000,http://localhost:8080/web/index.php/api/v2/recruitment/candidates,49011,0,0
1768483481270,49009,Create Candidate Request,401,Unauthorized,Candidate Creation Thread Group 1-1,text,false,,261,494,1000,1000,http://localhost:8080/web/index.php/api/v2/recruitment/candidates,49007,0,3
1768483482670,47611,Create Candidate Request,401,Unauthorized,Candidate Creation Thread Group 1-50,text,false,,261,494,1000,1000,http://localhost:8080/web/index.php/api/v2/recruitment/candidates,47611,0,1
1768483470195,60091,Create Candidate Request,401,Unauthorized,Candidate Creation Thread Group 1-745,text,false,,261,494,1000,1000,http://localhost:8080/web/index.php/api/v2/recruitment/candidates,60091,0,0
1768483481588,48798,Create Candidate Request,401,Unauthorized,Candidate Creation Thread Group 1-95,text,false,,261,494,1000,1000,http://localhost:8080/web/index.php/api/v2/recruitment/candidates,48798,0,0
1768483481475,49006,Create Candidate Request,401,Unauthorized,Candidate Creation Thread Group 1-58,text,false,,261,494,1000,1000,http://localhost:8080/web/index.php/api/v2/recruitment/candidates,49005,0,0
1768483470391,60189,Create Candidate Request,401,Unauthorized,Candidate Creation Thread Group 1-843,text,false,,261,494,1000,1000,http://localhost:8080/web/index.php/api/v2/recruitment/candidates,60188,0,0
1768483482580,48093,Create Candidate Request,401,Unauthorized,Candidate Creation Thread Group 1-166,text,false,,261,494,1000,1000,http://localhost:8080/web/index.php/api/v2/recruitment/candidates,48093,0,0
1768483470395,60287,Create Candidate Request,401,Unauthorized,Candidate Creation Thread Group 1-845,text,false,,261,494,1000,1000,http://localhost:8080/web/index.php/api/v2/recruitment/candidates,60287,0,0
1768483470385,60398,Create Candidate Request,401,Unauthorized,Candidate Creation Thread Group 1-839,text,false,,261,494,1000,1000,http://localhost:8080/web/index.php/api/v2/recruitment/candidates,60398,0,0
1768483485474,45408,Create Candidate Request,401,Unauthorized,Candidate Creation Thread Group 1-168,text,false,,261,494,1000,1000,http://localhost:8080/web/index.php/api/v2/recruitment/candidates,45405,0,1
1768483481883,49093,Create Candidate Request,401,Unauthorized,Candidate Creation Thread Group 1-187,text,false,,261,494,1000,1000,http://localhost:8080/web/index.php/api/v2/recruitment/candidates,49093,0,0
1768483481980,49099,Create Candidate Request,401,Unauthorized,Candidate Creation Thread Group 1-51,text,false,,261,494,1000,1000,http://localhost:8080/web/index.php/api/v2/recruitment/candidates,49097,0,0
1768483482083,49087,Create Candidate Request,401,Unauthorized,Candidate Creation Thread Group 1-53,text,false,,261,494,1000,1000,http://localhost:8080/web/index.php/api/v2/recruitment/candidates,49087,0,1
1768483482072,49103,Create Candidate Request,401,Unauthorized,Candidate Creation Thread Group 1-112,text,false,,261,494,1000,1000,http://localhost:8080/web/index.php/api/v2/recruitment/candidates,49102,0,2
1768483477982,53288,Create Candidate Request,401,Unauthorized,Candidate Creation Thread Group 1-5,text,false,,261,494,1000,1000,http://localhost:8080/web/index.php/api/v2/recruitment/candidates,53200,0,0
1768483482180,49202,Create Candidate Request,401,Unauthorized,Candidate Creation Thread Group 1-19,text,false,,261,491,1000,1000,http://localhost:8080/web/index.php/api/v2/recruitment/candidates,49199,0,0
1768483482190,49290,Create Candidate Request,401,Unauthorized,Candidate Creation Thread Group 1-180,text,false,,261,491,1000,1000,http://localhost:8080/web/index.php/api/v2/recruitment/candidates,49289,0,0
1768483482190,49382,Create Candidate Request,401,Unauthorized,Candidate Creation Thread Group 1-109,text,false,,261,491,1000,1000,http://localhost:8080/web/index.php/api/v2/recruitment/candidates,49382,0,0
1768483482281,49389,Create Candidate Request,401,Unauthorized,Candidate Creation Thread Group 1-12,text,false,,261,491,1000,1000,http://localhost:8080/web/index.php/api/v2/recruitment/candidates,49389,0,0
1768483477177,54593,Create Candidate Request,401,Unauthorized,Candidate Creation Thread Group 1-90,text,false,,261,494,1000,1000,http://localhost:8080/web/index.php/api/v2/recruitment/candidates,54507,0,1
1768483482471,49313,Create Candidate Request,401,Unauthorized,Candidate Creation Thread Group 1-160,text,false,,261,491,1000,1000,http://localhost:8080/web/index.php/api/v2/recruitment/candidates,49312,0,0
1768483482475,49507,Create Candidate Request,401,Unauthorized,Candidate Creation Thread Group 1-118,text,false,,261,491,1000,1000,http://localhost:8080/web/index.php/api/v2/recruitment/candidates,49504,0,0
1768483480476,51605,Create Candidate Request,401,Unauthorized,Candidate Creation Thread Group 1-122,text,false,,261,494,1000,1000,http://localhost:8080/web/index.php/api/v2/recruitment/candidates,51603,0,1
1768483482675,49499,Create Candidate Request,401,Unauthorized,Candidate Creation Thread Group 1-145,text,false,,261,494,1000,1000,http://localhost:8080/web/index.php/api/v2/recruitment/candidates,49498,0,0
1768483482685,49496,Create Candidate Request,401,Unauthorized,Candidate Creation Thread Group 1-17,text,false,,261,494,1000,1000,http://localhost:8080/web/index.php/api/v2/recruitment/candidates,49495,0,1
1768483482780,49502,Create Candidate Request,401,Unauthorized,Candidate Creation Thread Group 1-142,text,false,,261,494,1000,1000,http://localhost:8080/web/index.php/api/v2/recruitment/candidates,49501,0,1
1768483482874,49595,Create Candidate Request,401,Unauthorized,Candidate Creation Thread Group 1-159,text,false,,261,494,1000,1000,http://localhost:8080/web/index.php/api/v2/recruitment/candidates,49506,0,1
1768483482881,49690,Create Candidate Request,401,Unauthorized,Candidate Creation Thread Group 1-141,text,false,,261,494,1000,1000,http://localhost:8080/web/index.php/api/v2/recruitment/candidates,49689,0,1
1768483481975,50611,Create Candidate Request,401,Unauthorized,Candidate Creation Thread Group 1-29,text,false,,261,494,1000,1000,http://localhost:8080/web/index.php/api/v2/recruitment/candidates,50611,0,0
1768483483076,49697,Create Candidate Request,401,Unauthorized,Candidate Creation Thread Group 1-126,text,false,,261,494,1000,1000,http://localhost:8080/web/index.php/api/v2/recruitment/candidates,49695,0,0
1768483483083,49792,Create Candidate Request,401,Unauthorized,Candidate Creation Thread Group 1-26,text,false,,261,494,1000,1000,http://localhost:8080/web/index.php/api/v2/recruitment/candidates,49790,0,0
1768483479270,53616,Create Candidate Request,401,Unauthorized,Candidate Creation Thread Group 1-54,text,false,,261,494,1000,1000,http://localhost:8080/web/index.php/api/v2/recruitment/candidates,53615,0,6
1768483483181,49890,Create Candidate Request,401,Unauthorized,Candidate Creation Thread Group 1-74,text,false,,261,494,1000,1000,http://localhost:8080/web/index.php/api/v2/recruitment/candidates,49803,0,0
1768483482190,50980,Create Candidate Request,401,Unauthorized,Candidate Creation Thread Group 1-23,text,false,,261,491,1000,1000,http://localhost:8080/web/index.php/api/v2/recruitment/candidates,50980,0,0
1768483483371,49810,Create Candidate Request,401,Unauthorized,Candidate Creation Thread Group 1-161,text,false,,261,494,1000,1000,http://localhost:8080/web/index.php/api/v2/recruitment/candidates,49810,0,1
1768483494483,38793,Create Candidate Request,401,Unauthorized,Candidate Creation Thread Group 1-202,text,false,,261,494,1000,1000,http://localhost:8080/web/index.php/api/v2/recruitment/candidates,38792,0,0
1768483483382,49990,Create Candidate Request,401,Unauthorized,Candidate Creation Thread Group 1-30,text,false,,261,494,1000,1000,http://localhost:8080/web/index.php/api/v2/recruitment/candidates,49990,0,1
1768483483376,50003,Create Candidate Request,401,Unauthorized,Candidate Creation Thread Group 1-24,text,false,,261,494,1000,1000,http://localhost:8080/web/index.php/api/v2/recruitment/candidates,50003,0,1
1768483483471,50005,Create Candidate Request,401,Unauthorized,Candidate Creation Thread Group 1-132,text,false,,261,494,1000,1000,http://localhost:8080/web/index.php/api/v2/recruitment/candidates,50004,0,2
1768483483477,50008,Create Candidate Request,401,Unauthorized,Candidate Creation Thread Group 1-27,text,false,,261,494,1000,1000,http://localhost:8080/web/index.php/api/v2/recruitment/candidates,50008,0,0
1768483483480,50102,Create Candidate Request,401,Unauthorized,Candidate Creation Thread Group 1-71,text,false,,261,494,1000,1000,http://localhost:8080/web/index.php/api/v2/recruitment/candidates,50099,0,0
1768483483571,50105,Create Candidate Request,401,Unauthorized,Candidate Creation Thread Group 1-135,text,false,,261,494,1000,1000,http://localhost:8080/web/index.php/api/v2/recruitment/candidates,50104,0,0
1768483483673,50014,Create Candidate Request,401,Unauthorized,Candidate Creation Thread Group 1-124,text,false,,261,494,1000,1000,http://localhost:8080/web/index.php/api/v2/recruitment/candidates,50012,0,0
1768483483677,50101,Create Candidate Request,401,Unauthorized,Candidate Creation Thread Group 1-163,text,false,,261,494,1000,1000,http://localhost:8080/web/index.php/api/v2/recruitment/candidates,50100,0,0
1768483483587,50390,Create Candidate Request,401,Unauthorized,Candidate Creation Thread Group 1-66,text,false,,261,494,1000,1000,http://localhost:8080/web/index.php/api/v2/recruitment/candidates,50386,0,1
1768483484177,49905,Create Candidate Request,401,Unauthorized,Candidate Creation Thread Group 1-79,text,false,,261,494,1000,1000,http://localhost:8080/web/index.php/api/v2/recruitment/candidates,49902,0,0
1768483483681,50495,Create Candidate Request,401,Unauthorized,Candidate Creation Thread Group 1-25,text,false,,261,494,1000,1000,http://localhost:8080/web/index.php/api/v2/recruitment/candidates,50495,0,0
1768483483875,50308,Create Candidate Request,401,Unauthorized,Candidate Creation Thread Group 1-181,text,false,,261,494,1000,1000,http://localhost:8080/web/index.php/api/v2/recruitment/candidates,50308,0,0
1768483483871,50401,Create Candidate Request,401,Unauthorized,Candidate Creation Thread Group 1-165,text,false,,261,494,1000,1000,http://localhost:8080/web/index.php/api/v2/recruitment/candidates,50400,0,0
1768483481781,52500,Create Candidate Request,401,Unauthorized,Candidate Creation Thread Group 1-186,text,false,,261,494,1000,1000,http://localhost:8080/web/index.php/api/v2/recruitment/candidates,52500,0,0
1768483485580,48801,Create Candidate Request,401,Unauthorized,Candidate Creation Thread Group 1-121,text,false,,261,494,1000,1000,http://localhost:8080/web/index.php/api/v2/recruitment/candidates,48800,0,0
1768483484076,50406,Create Candidate Request,401,Unauthorized,Candidate Creation Thread Group 1-98,text,false,,261,494,1000,1000,http://localhost:8080/web/index.php/api/v2/recruitment/candidates,50406,0,2
1768483484175,50409,Create Candidate Request,401,Unauthorized,Candidate Creation Thread Group 1-3,text,false,,261,494,1000,1000,http://localhost:8080/web/index.php/api/v2/recruitment/candidates,50408,0,0
1768483479777,54997,Create Candidate Request,401,Unauthorized,Candidate Creation Thread Group 1-127,text,false,,261,494,1000,1000,http://localhost:8080/web/index.php/api/v2/recruitment/candidates,54995,0,5
1768483484580,50292,Create Candidate Request,401,Unauthorized,Candidate Creation Thread Group 1-45,text,false,,261,494,1000,1000,http://localhost:8080/web/index.php/api/v2/recruitment/candidates,50205,0,1
1768483481571,53500,Create Candidate Request,401,Unauthorized,Candidate Creation Thread Group 1-157,text,false,,261,494,1000,1000,http://localhost:8080/web/index.php/api/v2/recruitment/candidates,53409,0,0
1768483484675,50496,Create Candidate Request,401,Unauthorized,Candidate Creation Thread Group 1-68,text,false,,261,494,1000,1000,http://localhost:8080/web/index.php/api/v2/recruitment/candidates,50496,0,0
1768483485483,49693,Create Candidate Request,401,Unauthorized,Candidate Creation Thread Group 1-83,text,false,,261,494,1000,1000,http://localhost:8080/web/index.php/api/v2/recruitment/candidates,49692,0,1
1768483484778,50493,Create Candidate Request,401,Unauthorized,Candidate Creation Thread Group 1-128,text,false,,261,494,1000,1000,http://localhost:8080/web/index.php/api/v2/recruitment/candidates,50407,0,1
1768483483776,51503,Create Candidate Request,401,Unauthorized,Candidate Creation Thread Group 1-114,text,false,,261,494,1000,1000,http://localhost:8080/web/index.php/api/v2/recruitment/candidates,51503,0,0
1768483484980,50402,Create Candidate Request,401,Unauthorized,Candidate Creation Thread Group 1-117,text,false,,261,494,1000,1000,http://localhost:8080/web/index.php/api/v2/recruitment/candidates,50399,0,0
1768483484879,50603,Create Candidate Request,401,Unauthorized,Candidate Creation Thread Group 1-14,text,false,,261,494,1000,1000,http://localhost:8080/web/index.php/api/v2/recruitment/candidates,50603,0,1
1768483485191,50391,Create Candidate Request,401,Unauthorized,Candidate Creation Thread Group 1-9,text,false,,261,491,1000,1000,http://localhost:8080/web/index.php/api/v2/recruitment/candidates,50390,0,1
1768483484184,51493,Create Candidate Request,401,Unauthorized,Candidate Creation Thread Group 1-129,text,false,,261,494,1000,1000,http://localhost:8080/web/index.php/api/v2/recruitment/candidates,51492,0,1
1768483485282,50491,Create Candidate Request,401,Unauthorized,Candidate Creation Thread Group 1-147,text,false,,261,491,1000,1000,http://localhost:8080/web/index.php/api/v2/recruitment/candidates,50490,0,1
1768483474077,61708,Create Candidate Request,401,Unauthorized,Candidate Creation Thread Group 1-154,text,false,,261,494,1000,1000,http://localhost:8080/web/index.php/api/v2/recruitment/candidates,61707,0,1
1768483485215,50663,Create Candidate Request,401,Unauthorized,Candidate Creation Thread Group 1-167,text,false,,261,491,1000,1000,http://localhost:8080/web/index.php/api/v2/recruitment/candidates,50663,0,0
1768483480177,55797,Create Candidate Request,401,Unauthorized,Candidate Creation Thread Group 1-155,text,false,,261,494,1000,1000,http://localhost:8080/web/index.php/api/v2/recruitment/candidates,55796,0,0
1768483485376,50702,Create Candidate Request,401,Unauthorized,Candidate Creation Thread Group 1-110,text,false,,261,491,1000,1000,http://localhost:8080/web/index.php/api/v2/recruitment/candidates,50698,0,1
1768483485470,50705,Create Candidate Request,401,Unauthorized,Candidate Creation Thread Group 1-13,text,false,,261,491,1000,1000,http://localhost:8080/web/index.php/api/v2/recruitment/candidates,50705,0,0
1768483485776,50503,Create Candidate Request,401,Unauthorized,Candidate Creation Thread Group 1-148,text,false,,261,494,1000,1000,http://localhost:8080/web/index.php/api/v2/recruitment/candidates,50503,0,1
1768483485672,50708,Create Candidate Request,401,Unauthorized,Candidate Creation Thread Group 1-33,text,false,,261,494,1000,1000,http://localhost:8080/web/index.php/api/v2/recruitment/candidates,50706,0,1
1768483485682,50798,Create Candidate Request,401,Unauthorized,Candidate Creation Thread Group 1-94,text,false,,261,494,1000,1000,http://localhost:8080/web/index.php/api/v2/recruitment/candidates,50797,0,0
1768483485871,50704,Create Candidate Request,401,Unauthorized,Candidate Creation Thread Group 1-42,text,false,,261,494,1000,1000,http://localhost:8080/web/index.php/api/v2/recruitment/candidates,50703,0,1
1768483486071,50600,Create Candidate Request,401,Unauthorized,Candidate Creation Thread Group 1-82,text,false,,261,494,1000,1000,http://localhost:8080/web/index.php/api/v2/recruitment/candidates,50599,0,0
1768483485973,50799,Create Candidate Request,401,Unauthorized,Candidate Creation Thread Group 1-55,text,false,,261,494,1000,1000,http://localhost:8080/web/index.php/api/v2/recruitment/candidates,50798,0,1
1768483486173,50702,Create Candidate Request,401,Unauthorized,Candidate Creation Thread Group 1-10,text,false,,261,494,1000,1000,http://localhost:8080/web/index.php/api/v2/recruitment/candidates,50702,0,0
1768483485215,51763,Create Candidate Request,401,Unauthorized,Candidate Creation Thread Group 1-88,text,false,,261,491,1000,1000,http://localhost:8080/web/index.php/api/v2/recruitment/candidates,51763,0,0
1768483486279,50800,Create Candidate Request,401,Unauthorized,Candidate Creation Thread Group 1-78,text,false,,261,494,1000,1000,http://localhost:8080/web/index.php/api/v2/recruitment/candidates,50800,0,1
1768483485277,51897,Create Candidate Request,401,Unauthorized,Candidate Creation Thread Group 1-105,text,false,,261,491,1000,1000,http://localhost:8080/web/index.php/api/v2/recruitment/candidates,51896,0,1
1768483486382,50797,Create Candidate Request,401,Unauthorized,Candidate Creation Thread Group 1-21,text,false,,261,494,1000,1000,http://localhost:8080/web/index.php/api/v2/recruitment/candidates,50797,0,1
1768483486476,50806,Create Candidate Request,401,Unauthorized,Candidate Creation Thread Group 1-91,text,false,,261,494,1000,1000,http://localhost:8080/web/index.php/api/v2/recruitment/candidates,50806,0,0
1768483486482,50988,Create Candidate Request,401,Unauthorized,Candidate Creation Thread Group 1-100,text,false,,261,494,1000,1000,http://localhost:8080/web/index.php/api/v2/recruitment/candidates,50988,0,0
1768483486585,50895,Create Candidate Request,401,Unauthorized,Candidate Creation Thread Group 1-80,text,false,,261,494,1000,1000,http://localhost:8080/web/index.php/api/v2/recruitment/candidates,50895,0,1
1768483486680,50900,Create Candidate Request,401,Unauthorized,Candidate Creation Thread Group 1-47,text,false,,261,494,1000,1000,http://localhost:8080/web/index.php/api/v2/recruitment/candidates,50899,0,1
1768483481683,55999,Create Candidate Request,401,Unauthorized,Candidate Creation Thread Group 1-136,text,false,,261,494,1000,1000,http://localhost:8080/web/index.php/api/v2/recruitment/candidates,55997,0,1
1768483486872,51004,Create Candidate Request,401,Unauthorized,Candidate Creation Thread Group 1-146,text,false,,261,494,1000,1000,http://localhost:8080/web/index.php/api/v2/recruitment/candidates,51001,0,1
1768483486970,51001,Create Candidate Request,401,Unauthorized,Candidate Creation Thread Group 1-102,text,false,,261,494,1000,1000,http://localhost:8080/web/index.php/api/v2/recruitment/candidates,50916,0,0
1768483486975,51008,Create Candidate Request,401,Unauthorized,Candidate Creation Thread Group 1-87,text,false,,261,494,1000,1000,http://localhost:8080/web/index.php/api/v2/recruitment/candidates,51008,0,0
1768483487079,51002,Create Candidate Request,401,Unauthorized,Candidate Creation Thread Group 1-22,text,false,,261,494,1000,1000,http://localhost:8080/web/index.php/api/v2/recruitment/candidates,51002,0,1
1768483487070,51103,Create Candidate Request,401,Unauthorized,Candidate Creation Thread Group 1-89,text,false,,261,494,1000,1000,http://localhost:8080/web/index.php/api/v2/recruitment/candidates,51102,0,6
1768483487680,50498,Create Candidate Request,401,Unauthorized,Candidate Creation Thread Group 1-131,text,false,,261,494,1000,1000,http://localhost:8080/web/index.php/api/v2/recruitment/candidates,50498,0,0
1768483487577,50693,Create Candidate Request,401,Unauthorized,Candidate Creation Thread Group 1-15,text,false,,261,494,1000,1000,http://localhost:8080/web/index.php/api/v2/recruitment/candidates,50614,0,9
1768483484687,53686,Create Candidate Request,401,Unauthorized,Candidate Creation Thread Group 1-76,text,false,,261,494,1000,1000,http://localhost:8080/web/index.php/api/v2/recruitment/candidates,53683,0,1
1768483487778,50609,Create Candidate Request,401,Unauthorized,Candidate Creation Thread Group 1-101,text,false,,261,494,1000,1000,http://localhost:8080/web/index.php/api/v2/recruitment/candidates,50608,0,1
1768483487792,50682,Create Candidate Request,401,Unauthorized,Candidate Creation Thread Group 1-191,text,false,,261,494,1000,1000,http://localhost:8080/web/index.php/api/v2/recruitment/candidates,50681,0,0
1768483487875,50604,Create Candidate Request,401,Unauthorized,Candidate Creation Thread Group 1-290,text,false,,261,494,1000,1000,http://localhost:8080/web/index.php/api/v2/recruitment/candidates,50604,0,1
1768483487989,50495,Create Candidate Request,401,Unauthorized,Candidate Creation Thread Group 1-38,text,false,,261,491,1000,1000,http://localhost:8080/web/index.php/api/v2/recruitment/candidates,50495,0,0
1768483487989,50681,Create Candidate Request,401,Unauthorized,Candidate Creation Thread Group 1-52,text,false,,261,491,1000,1000,http://localhost:8080/web/index.php/api/v2/recruitment/candidates,50681,0,1
1768483488070,50605,Create Candidate Request,401,Unauthorized,Candidate Creation Thread Group 1-7,text,false,,261,491,1000,1000,http://localhost:8080/web/index.php/api/v2/recruitment/candidates,50604,0,0
1768483488075,50606,Create Candidate Request,401,Unauthorized,Candidate Creation Thread Group 1-40,text,false,,261,491,1000,1000,http://localhost:8080/web/index.php/api/v2/recruitment/candidates,50605,0,1
1768483482973,55801,Create Candidate Request,401,Unauthorized,Candidate Creation Thread Group 1-111,text,false,,261,494,1000,1000,http://localhost:8080/web/index.php/api/v2/recruitment/candidates,55799,0,1
1768483488171,50700,Create Candidate Request,401,Unauthorized,Candidate Creation Thread Group 1-49,text,false,,261,491,1000,1000,http://localhost:8080/web/index.php/api/v2/recruitment/candidates,50700,0,1
1768483488281,50689,Create Candidate Request,401,Unauthorized,Candidate Creation Thread Group 1-227,text,false,,261,491,1000,1000,http://localhost:8080/web/index.php/api/v2/recruitment/candidates,50601,0,1
1768483488179,50892,Create Candidate Request,401,Unauthorized,Candidate Creation Thread Group 1-228,text,false,,261,491,1000,1000,http://localhost:8080/web/index.php/api/v2/recruitment/candidates,50891,0,1
1768483488474,50697,Create Candidate Request,401,Unauthorized,Candidate Creation Thread Group 1-229,text,false,,261,491,1000,1000,http://localhost:8080/web/index.php/api/v2/recruitment/candidates,50697,0,3
1768483488571,50603,Create Candidate Request,401,Unauthorized,Candidate Creation Thread Group 1-226,text,false,,261,491,1000,1000,http://localhost:8080/web/index.php/api/v2/recruitment/candidates,50603,0,0
1768483488579,50693,Create Candidate Request,401,Unauthorized,Candidate Creation Thread Group 1-231,text,false,,261,494,1000,1000,http://localhost:8080/web/index.php/api/v2/recruitment/candidates,50693,0,2
1768483490178,49196,Create Candidate Request,401,Unauthorized,Candidate Creation Thread Group 1-46,text,false,,261,494,1000,1000,http://localhost:8080/web/index.php/api/v2/recruitment/candidates,49195,0,0
1768483488677,50794,Create Candidate Request,401,Unauthorized,Candidate Creation Thread Group 1-230,text,false,,261,494,1000,1000,http://localhost:8080/web/index.php/api/v2/recruitment/candidates,50793,0,1
1768483488671,50904,Create Candidate Request,401,Unauthorized,Candidate Creation Thread Group 1-233,text,false,,261,494,1000,1000,http://localhost:8080/web/index.php/api/v2/recruitment/candidates,50903,0,0
1768483488771,50907,Create Candidate Request,401,Unauthorized,Candidate Creation Thread Group 1-306,text,false,,261,494,1000,1000,http://localhost:8080/web/index.php/api/v2/recruitment/candidates,50906,0,0
1768483490270,49508,Create Candidate Request,401,Unauthorized,Candidate Creation Thread Group 1-104,text,false,,261,494,1000,1000,http://localhost:8080/web/index.php/api/v2/recruitment/candidates,49508,0,0
1768483488776,51104,Create Candidate Request,401,Unauthorized,Candidate Creation Thread Group 1-241,text,false,,261,494,1000,1000,http://localhost:8080/web/index.php/api/v2/recruitment/candidates,51103,0,0
1768483488875,51107,Create Candidate Request,401,Unauthorized,Candidate Creation Thread Group 1-243,text,false,,261,494,1000,1000,http://localhost:8080/web/index.php/api/v2/recruitment/candidates,51106,0,1
1768483488884,51196,Create Candidate Request,401,Unauthorized,Candidate Creation Thread Group 1-244,text,false,,261,494,1000,1000,http://localhost:8080/web/index.php/api/v2/recruitment/candidates,51196,0,1
1768483488784,51389,Create Candidate Request,401,Unauthorized,Candidate Creation Thread Group 1-242,text,false,,261,494,1000,1000,http://localhost:8080/web/index.php/api/v2/recruitment/candidates,51388,0,0
1768483488980,51198,Create Candidate Request,401,Unauthorized,Candidate Creation Thread Group 1-312,text,false,,261,494,1000,1000,http://localhost:8080/web/index.php/api/v2/recruitment/candidates,51197,0,0
1768483477380,62891,Create Candidate Request,401,Unauthorized,Candidate Creation Thread Group 1-92,text,false,,261,494,1000,1000,http://localhost:8080/web/index.php/api/v2/recruitment/candidates,62890,0,1
1768483489083,51286,Create Candidate Request,401,Unauthorized,Candidate Creation Thread Group 1-237,text,false,,261,494,1000,1000,http://localhost:8080/web/index.php/api/v2/recruitment/candidates,51198,0,0
1768483489272,51102,Create Candidate Request,401,Unauthorized,Candidate Creation Thread Group 1-239,text,false,,261,494,1000,1000,http://localhost:8080/web/index.php/api/v2/recruitment/candidates,51101,0,1
1768483489374,51009,Create Candidate Request,401,Unauthorized,Candidate Creation Thread Group 1-284,text,false,,261,494,1000,1000,http://localhost:8080/web/index.php/api/v2/recruitment/candidates,51009,0,2
1768483489472,51099,Create Candidate Request,401,Unauthorized,Candidate Creation Thread Group 1-282,text,false,,261,494,1000,1000,http://localhost:8080/web/index.php/api/v2/recruitment/candidates,51098,0,1
1768483490173,50497,Create Candidate Request,401,Unauthorized,Candidate Creation Thread Group 1-291,text,false,,261,494,1000,1000,http://localhost:8080/web/index.php/api/v2/recruitment/candidates,50413,0,2
1768483490278,50495,Create Candidate Request,401,Unauthorized,Candidate Creation Thread Group 1-18,text,false,,261,494,1000,1000,http://localhost:8080/web/index.php/api/v2/recruitment/candidates,50494,0,0
1768483490380,50399,Create Candidate Request,401,Unauthorized,Candidate Creation Thread Group 1-125,text,false,,261,494,1000,1000,http://localhost:8080/web/index.php/api/v2/recruitment/candidates,50399,0,0
1768483490388,50483,Create Candidate Request,401,Unauthorized,Candidate Creation Thread Group 1-137,text,false,,261,494,1000,1000,http://localhost:8080/web/index.php/api/v2/recruitment/candidates,50483,0,0
1768483486270,54605,Create Candidate Request,401,Unauthorized,Candidate Creation Thread Group 1-72,text,false,,261,494,1000,1000,http://localhost:8080/web/index.php/api/v2/recruitment/candidates,54605,0,0
1768483490572,50309,Create Candidate Request,401,Unauthorized,Candidate Creation Thread Group 1-328,text,false,,261,494,1000,1000,http://localhost:8080/web/index.php/api/v2/recruitment/candidates,50308,0,1
1768483490676,50307,Create Candidate Request,401,Unauthorized,Candidate Creation Thread Group 1-173,text,false,,261,494,1000,1000,http://localhost:8080/web/index.php/api/v2/recruitment/candidates,50305,0,0
1768483490882,50200,Create Candidate Request,401,Unauthorized,Candidate Creation Thread Group 1-56,text,false,,261,494,1000,1000,http://localhost:8080/web/index.php/api/v2/recruitment/candidates,50200,0,1
1768483498473,42699,Create Candidate Request,401,Unauthorized,Candidate Creation Thread Group 1-313,text,false,,261,491,1000,1000,http://localhost:8080/web/index.php/api/v2/recruitment/candidates,42699,0,0
1768483500773,40406,Create Candidate Request,401,Unauthorized,Candidate Creation Thread Group 1-325,text,false,,261,494,1000,1000,http://localhost:8080/web/index.php/api/v2/recruitment/candidates,40405,0,0
1768483496873,44399,Create Candidate Request,401,Unauthorized,Candidate Creation Thread Group 1-235,text,false,,261,494,1000,1000,http://localhost:8080/web/index.php/api/v2/recruitment/candidates,44398,0,0
1768483496971,44400,Create Candidate Request,401,Unauthorized,Candidate Creation Thread Group 1-2,text,false,,261,494,1000,1000,http://localhost:8080/web/index.php/api/v2/recruitment/candidates,44400,0,0
1768483496981,44488,Create Candidate Request,401,Unauthorized,Candidate Creation Thread Group 1-236,text,false,,261,494,1000,1000,http://localhost:8080/web/index.php/api/v2/recruitment/candidates,44488,0,0
1768483492974,48501,Create Candidate Request,401,Unauthorized,Candidate Creation Thread Group 1-357,text,false,,261,494,1000,1000,http://localhost:8080/web/index.php/api/v2/recruitment/candidates,48500,0,0
1768483497077,44491,Create Candidate Request,401,Unauthorized,Candidate Creation Thread Group 1-240,text,false,,261,494,1000,1000,http://localhost:8080/web/index.php/api/v2/recruitment/candidates,44405,0,1
1768483497783,43886,Create Candidate Request,401,Unauthorized,Candidate Creation Thread Group 1-251,text,false,,261,494,1000,1000,http://localhost:8080/web/index.php/api/v2/recruitment/candidates,43801,0,1
1768483495383,46386,Create Candidate Request,401,Unauthorized,Candidate Creation Thread Group 1-215,text,false,,261,491,1000,1000,http://localhost:8080/web/index.php/api/v2/recruitment/candidates,46300,0,1
1768483499773,42107,Create Candidate Request,401,Unauthorized,Candidate Creation Thread Group 1-278,text,false,,261,494,1000,1000,http://localhost:8080/web/index.php/api/v2/recruitment/candidates,42105,0,1
1768483499979,42002,Create Candidate Request,401,Unauthorized,Candidate Creation Thread Group 1-308,text,false,,261,494,1000,1000,http://localhost:8080/web/index.php/api/v2/recruitment/candidates,42000,0,1
1768483500176,41900,Create Candidate Request,401,Unauthorized,Candidate Creation Thread Group 1-315,text,false,,261,494,1000,1000,http://localhost:8080/web/index.php/api/v2/recruitment/candidates,41900,0,0
1768483500169,41915,Create Candidate Request,401,Unauthorized,Candidate Creation Thread Group 1-316,text,false,,261,494,1000,1000,http://localhost:8080/web/index.php/api/v2/recruitment/candidates,41915,0,1
1768483500182,41991,Create Candidate Request,401,Unauthorized,Candidate Creation Thread Group 1-318,text,false,,261,494,1000,1000,http://localhost:8080/web/index.php/api/v2/recruitment/candidates,41991,0,0
1768483500271,41906,Create Candidate Request,401,Unauthorized,Candidate Creation Thread Group 1-317,text,false,,261,494,1000,1000,http://localhost:8080/web/index.php/api/v2/recruitment/candidates,41905,0,1
1768483500282,41899,Create Candidate Request,401,Unauthorized,Candidate Creation Thread Group 1-319,text,false,,261,494,1000,1000,http://localhost:8080/web/index.php/api/v2/recruitment/candidates,41899,0,0
1768483497272,44913,Create Candidate Request,401,Unauthorized,Candidate Creation Thread Group 1-314,text,false,,261,494,1000,1000,http://localhost:8080/web/index.php/api/v2/recruitment/candidates,44912,0,0
1768483500482,41799,Create Candidate Request,401,Unauthorized,Candidate Creation Thread Group 1-321,text,false,,261,494,1000,1000,http://localhost:8080/web/index.php/api/v2/recruitment/candidates,41798,0,0
1768483500377,42006,Create Candidate Request,401,Unauthorized,Candidate Creation Thread Group 1-358,text,false,,261,494,1000,1000,http://localhost:8080/web/index.php/api/v2/recruitment/candidates,42005,0,0
1768483500571,41904,Create Candidate Request,401,Unauthorized,Candidate Creation Thread Group 1-322,text,false,,261,494,1000,1000,http://localhost:8080/web/index.php/api/v2/recruitment/candidates,41903,0,10
1768483498677,43808,Create Candidate Request,401,Unauthorized,Candidate Creation Thread Group 1-265,text,false,,261,491,1000,1000,http://localhost:8080/web/index.php/api/v2/recruitment/candidates,43807,0,1
1768483493970,48603,Create Candidate Request,401,Unauthorized,Candidate Creation Thread Group 1-362,text,false,,261,494,1000,1000,http://localhost:8080/web/index.php/api/v2/recruitment/candidates,48603,0,2
1768483502284,40388,Create Candidate Request,401,Unauthorized,Candidate Creation Thread Group 1-346,text,false,,261,491,1000,1000,http://localhost:8080/web/index.php/api/v2/recruitment/candidates,40387,0,1
1768483502183,40596,Create Candidate Request,401,Unauthorized,Candidate Creation Thread Group 1-345,text,false,,261,491,1000,1000,http://localhost:8080/web/index.php/api/v2/recruitment/candidates,40595,0,0
1768483470615,72266,Create Candidate Request,401,Unauthorized,Candidate Creation Thread Group 1-955,text,false,,261,494,1000,1000,http://localhost:8080/web/index.php/api/v2/recruitment/candidates,72264,0,0
1768483489871,53111,Create Candidate Request,401,Unauthorized,Candidate Creation Thread Group 1-288,text,false,,261,494,1000,1000,http://localhost:8080/web/index.php/api/v2/recruitment/candidates,53111,0,1
1768483491182,51893,Create Candidate Request,401,Unauthorized,Candidate Creation Thread Group 1-59,text,false,,261,494,1000,1000,http://localhost:8080/web/index.php/api/v2/recruitment/candidates,51892,0,0
1768483491174,51996,Create Candidate Request,401,Unauthorized,Candidate Creation Thread Group 1-176,text,false,,261,494,1000,1000,http://localhost:8080/web/index.php/api/v2/recruitment/candidates,51912,0,0
1768483491283,51891,Create Candidate Request,401,Unauthorized,Candidate Creation Thread Group 1-177,text,false,,261,494,1000,1000,http://localhost:8080/web/index.php/api/v2/recruitment/candidates,51891,0,0
1768483491480,51699,Create Candidate Request,401,Unauthorized,Candidate Creation Thread Group 1-178,text,false,,261,494,1000,1000,http://localhost:8080/web/index.php/api/v2/recruitment/candidates,51698,0,0
1768483491676,51606,Create Candidate Request,401,Unauthorized,Candidate Creation Thread Group 1-185,text,false,,261,494,1000,1000,http://localhost:8080/web/index.php/api/v2/recruitment/candidates,51603,0,1
1768483491780,51598,Create Candidate Request,401,Unauthorized,Candidate Creation Thread Group 1-81,text,false,,261,494,1000,1000,http://localhost:8080/web/index.php/api/v2/recruitment/candidates,51598,0,2
1768483491880,51592,Create Candidate Request,401,Unauthorized,Candidate Creation Thread Group 1-170,text,false,,261,494,1000,1000,http://localhost:8080/web/index.php/api/v2/recruitment/candidates,51591,0,1
1768483492006,51473,Create Candidate Request,401,Unauthorized,Candidate Creation Thread Group 1-106,text,false,,261,494,1000,1000,http://localhost:8080/web/index.php/api/v2/recruitment/candidates,51471,0,1
1768483492097,51477,Create Candidate Request,401,Unauthorized,Candidate Creation Thread Group 1-179,text,false,,261,491,1000,1000,http://localhost:8080/web/index.php/api/v2/recruitment/candidates,51476,0,1
1768483492073,51506,Create Candidate Request,401,Unauthorized,Candidate Creation Thread Group 1-16,text,false,,261,494,1000,1000,http://localhost:8080/web/index.php/api/v2/recruitment/candidates,51506,0,0
1768483492170,51413,Create Candidate Request,401,Unauthorized,Candidate Creation Thread Group 1-171,text,false,,261,491,1000,1000,http://localhost:8080/web/index.php/api/v2/recruitment/candidates,51413,0,0
1768483492175,51502,Create Candidate Request,401,Unauthorized,Candidate Creation Thread Group 1-143,text,false,,261,491,1000,1000,http://localhost:8080/web/index.php/api/v2/recruitment/candidates,51501,0,0
1768483490282,53488,Create Candidate Request,401,Unauthorized,Candidate Creation Thread Group 1-133,text,false,,261,494,1000,1000,http://localhost:8080/web/index.php/api/v2/recruitment/candidates,53488,0,0
1768483492181,51595,Create Candidate Request,401,Unauthorized,Candidate Creation Thread Group 1-93,text,false,,261,491,1000,1000,http://localhost:8080/web/index.php/api/v2/recruitment/candidates,51595,0,1
1768483492370,51415,Create Candidate Request,401,Unauthorized,Candidate Creation Thread Group 1-140,text,false,,261,491,1000,1000,http://localhost:8080/web/index.php/api/v2/recruitment/candidates,51413,0,0
1768483492376,51497,Create Candidate Request,401,Unauthorized,Candidate Creation Thread Group 1-103,text,false,,261,491,1000,1000,http://localhost:8080/web/index.php/api/v2/recruitment/candidates,51496,0,0
1768483492474,51407,Create Candidate Request,401,Unauthorized,Candidate Creation Thread Group 1-36,text,false,,261,491,1000,1000,http://localhost:8080/web/index.php/api/v2/recruitment/candidates,51404,0,1
1768483487476,56506,Create Candidate Request,401,Unauthorized,Candidate Creation Thread Group 1-67,text,false,,261,494,1000,1000,http://localhost:8080/web/index.php/api/v2/recruitment/candidates,56506,0,0
1768483492576,51507,Create Candidate Request,401,Unauthorized,Candidate Creation Thread Group 1-188,text,false,,261,494,1000,1000,http://localhost:8080/web/index.php/api/v2/recruitment/candidates,51506,0,2
1768483504080,40093,Create Candidate Request,401,Unauthorized,Candidate Creation Thread Group 1-446,text,false,,261,494,1000,1000,http://localhost:8080/web/index.php/api/v2/recruitment/candidates,40092,0,0
1768483492671,51506,Create Candidate Request,401,Unauthorized,Candidate Creation Thread Group 1-150,text,false,,261,494,1000,1000,http://localhost:8080/web/index.php/api/v2/recruitment/candidates,51506,0,0
1768483492775,51495,Create Candidate Request,401,Unauthorized,Candidate Creation Thread Group 1-174,text,false,,261,494,1000,1000,http://localhost:8080/web/index.php/api/v2/recruitment/candidates,51409,0,1
1768483492679,51603,Create Candidate Request,401,Unauthorized,Candidate Creation Thread Group 1-172,text,false,,261,494,1000,1000,http://localhost:8080/web/index.php/api/v2/recruitment/candidates,51603,0,0
1768483493070,51408,Create Candidate Request,401,Unauthorized,Candidate Creation Thread Group 1-189,text,false,,261,494,1000,1000,http://localhost:8080/web/index.php/api/v2/recruitment/candidates,51407,0,1
1768483492784,51792,Create Candidate Request,401,Unauthorized,Candidate Creation Thread Group 1-182,text,false,,261,494,1000,1000,http://localhost:8080/web/index.php/api/v2/recruitment/candidates,51791,0,1
1768483492882,51795,Create Candidate Request,401,Unauthorized,Candidate Creation Thread Group 1-183,text,false,,261,494,1000,1000,http://localhost:8080/web/index.php/api/v2/recruitment/candidates,51793,0,1
1768483493076,51795,Create Candidate Request,401,Unauthorized,Candidate Creation Thread Group 1-192,text,false,,261,494,1000,1000,http://localhost:8080/web/index.php/api/v2/recruitment/candidates,51707,0,0
1768483493082,51888,Create Candidate Request,401,Unauthorized,Candidate Creation Thread Group 1-194,text,false,,261,494,1000,1000,http://localhost:8080/web/index.php/api/v2/recruitment/candidates,51803,0,0
1768483493172,51809,Create Candidate Request,401,Unauthorized,Candidate Creation Thread Group 1-294,text,false,,261,494,1000,1000,http://localhost:8080/web/index.php/api/v2/recruitment/candidates,51809,0,1
1768483473779,71392,Create Candidate Request,401,Unauthorized,Candidate Creation Thread Group 1-151,text,false,,261,494,1000,1000,http://localhost:8080/web/index.php/api/v2/recruitment/candidates,71305,0,0
1768483493177,52004,Create Candidate Request,401,Unauthorized,Candidate Creation Thread Group 1-193,text,false,,261,494,1000,1000,http://localhost:8080/web/index.php/api/v2/recruitment/candidates,51998,0,0
1768483505079,40200,Create Candidate Request,401,Unauthorized,Candidate Creation Thread Group 1-458,text,false,,261,494,1000,1000,http://localhost:8080/web/index.php/api/v2/recruitment/candidates,40200,0,1
1768483493269,52111,Create Candidate Request,401,Unauthorized,Candidate Creation Thread Group 1-190,text,false,,261,494,1000,1000,http://localhost:8080/web/index.php/api/v2/recruitment/candidates,52111,0,0
1768483486083,59402,Create Candidate Request,401,Unauthorized,Candidate Creation Thread Group 1-85,text,false,,261,494,1000,1000,http://localhost:8080/web/index.php/api/v2/recruitment/candidates,59400,0,1
1768483497375,48299,Create Candidate Request,401,Unauthorized,Candidate Creation Thread Group 1-246,text,false,,261,494,1000,1000,http://localhost:8080/web/index.php/api/v2/recruitment/candidates,48299,0,1
1768483494383,51298,Create Candidate Request,401,Unauthorized,Candidate Creation Thread Group 1-199,text,false,,261,494,1000,1000,http://localhost:8080/web/index.php/api/v2/recruitment/candidates,51298,0,1
1768483497575,48295,Create Candidate Request,401,Unauthorized,Candidate Creation Thread Group 1-248,text,false,,261,494,1000,1000,http://localhost:8080/web/index.php/api/v2/recruitment/candidates,48294,0,0
1768483497681,48195,Create Candidate Request,401,Unauthorized,Candidate Creation Thread Group 1-252,text,false,,261,494,1000,1000,http://localhost:8080/web/index.php/api/v2/recruitment/candidates,48195,0,0
1768483470057,75914,Create Candidate Request,401,Unauthorized,Candidate Creation Thread Group 1-676,text,false,,261,494,1000,1000,http://localhost:8080/web/index.php/api/v2/recruitment/candidates,75913,0,0
1768483470035,75947,Create Candidate Request,401,Unauthorized,Candidate Creation Thread Group 1-665,text,false,,261,494,1000,1000,http://localhost:8080/web/index.php/api/v2/recruitment/candidates,75946,0,0
1768483470045,76037,Create Candidate Request,401,Unauthorized,Candidate Creation Thread Group 1-670,text,false,,261,494,1000,1000,http://localhost:8080/web/index.php/api/v2/recruitment/candidates,76036,0,0
1768483470044,76129,Create Candidate Request,401,Unauthorized,Candidate Creation Thread Group 1-669,text,false,,261,494,1000,1000,http://localhost:8080/web/index.php/api/v2/recruitment/candidates,76128,0,0
1768483496876,49301,Create Candidate Request,401,Unauthorized,Candidate Creation Thread Group 1-234,text,false,,261,494,1000,1000,http://localhost:8080/web/index.php/api/v2/recruitment/candidates,49300,0,0
1768483497881,48388,Create Candidate Request,401,Unauthorized,Candidate Creation Thread Group 1-253,text,false,,261,494,1000,1000,http://localhost:8080/web/index.php/api/v2/recruitment/candidates,48387,0,0
1768483497980,48300,Create Candidate Request,401,Unauthorized,Candidate Creation Thread Group 1-256,text,false,,261,494,1000,1000,http://localhost:8080/web/index.php/api/v2/recruitment/candidates,48298,0,0
1768483498077,48305,Create Candidate Request,401,Unauthorized,Candidate Creation Thread Group 1-257,text,false,,261,494,1000,1000,http://localhost:8080/web/index.php/api/v2/recruitment/candidates,48305,0,1
1768483498169,48314,Create Candidate Request,401,Unauthorized,Candidate Creation Thread Group 1-258,text,false,,261,494,1000,1000,http://localhost:8080/web/index.php/api/v2/recruitment/candidates,48313,0,0
1768483498174,48498,Create Candidate Request,401,Unauthorized,Candidate Creation Thread Group 1-259,text,false,,261,494,1000,1000,http://localhost:8080/web/index.php/api/v2/recruitment/candidates,48498,0,0
1768483498189,48487,Create Candidate Request,401,Unauthorized,Candidate Creation Thread Group 1-311,text,false,,261,491,1000,1000,http://localhost:8080/web/index.php/api/v2/recruitment/candidates,48487,0,0
1768483498177,48507,Create Candidate Request,401,Unauthorized,Candidate Creation Thread Group 1-260,text,false,,261,494,1000,1000,http://localhost:8080/web/index.php/api/v2/recruitment/candidates,48506,0,1
1768483498272,48502,Create Candidate Request,401,Unauthorized,Candidate Creation Thread Group 1-261,text,false,,261,491,1000,1000,http://localhost:8080/web/index.php/api/v2/recruitment/candidates,48501,0,1
1768483501372,45501,Create Candidate Request,401,Unauthorized,Candidate Creation Thread Group 1-484,text,false,,261,494,1000,1000,http://localhost:8080/web/index.php/api/v2/recruitment/candidates,45498,0,0
1768483498372,48599,Create Candidate Request,401,Unauthorized,Candidate Creation Thread Group 1-262,text,false,,261,491,1000,1000,http://localhost:8080/web/index.php/api/v2/recruitment/candidates,48599,0,0
1768483493369,53704,Create Candidate Request,401,Unauthorized,Candidate Creation Thread Group 1-197,text,false,,261,494,1000,1000,http://localhost:8080/web/index.php/api/v2/recruitment/candidates,53700,0,0
1768483498578,48592,Create Candidate Request,401,Unauthorized,Candidate Creation Thread Group 1-263,text,false,,261,491,1000,1000,http://localhost:8080/web/index.php/api/v2/recruitment/candidates,48505,0,1
1768483498670,48504,Create Candidate Request,401,Unauthorized,Candidate Creation Thread Group 1-264,text,false,,261,491,1000,1000,http://localhost:8080/web/index.php/api/v2/recruitment/candidates,48503,0,1
1768483501472,45797,Create Candidate Request,401,Unauthorized,Candidate Creation Thread Group 1-333,text,false,,261,494,1000,1000,http://localhost:8080/web/index.php/api/v2/recruitment/candidates,45710,0,0
1768483497473,49898,Create Candidate Request,401,Unauthorized,Candidate Creation Thread Group 1-247,text,false,,261,494,1000,1000,http://localhost:8080/web/index.php/api/v2/recruitment/candidates,49896,0,1
1768483498778,48694,Create Candidate Request,401,Unauthorized,Candidate Creation Thread Group 1-266,text,false,,261,491,1000,1000,http://localhost:8080/web/index.php/api/v2/recruitment/candidates,48691,0,0
1768483498870,48699,Create Candidate Request,401,Unauthorized,Candidate Creation Thread Group 1-269,text,false,,261,491,1000,1000,http://localhost:8080/web/index.php/api/v2/recruitment/candidates,48613,0,1
1768483499070,48700,Create Candidate Request,401,Unauthorized,Candidate Creation Thread Group 1-268,text,false,,261,494,1000,1000,http://localhost:8080/web/index.php/api/v2/recruitment/candidates,48610,0,1
1768483493984,53887,Create Candidate Request,401,Unauthorized,Candidate Creation Thread Group 1-365,text,false,,261,494,1000,1000,http://localhost:8080/web/index.php/api/v2/recruitment/candidates,53886,0,0
1768483497173,50710,Create Candidate Request,401,Unauthorized,Candidate Creation Thread Group 1-310,text,false,,261,494,1000,1000,http://localhost:8080/web/index.php/api/v2/recruitment/candidates,50710,0,0
1768483501175,46804,Create Candidate Request,401,Unauthorized,Candidate Creation Thread Group 1-334,text,false,,261,494,1000,1000,http://localhost:8080/web/index.php/api/v2/recruitment/candidates,46803,0,1
1768483499273,48802,Create Candidate Request,401,Unauthorized,Candidate Creation Thread Group 1-271,text,false,,261,494,1000,1000,http://localhost:8080/web/index.php/api/v2/recruitment/candidates,48801,0,0
1768483499282,48805,Create Candidate Request,401,Unauthorized,Candidate Creation Thread Group 1-272,text,false,,261,494,1000,1000,http://localhost:8080/web/index.php/api/v2/recruitment/candidates,48804,0,1
1768483499371,48803,Create Candidate Request,401,Unauthorized,Candidate Creation Thread Group 1-274,text,false,,261,494,1000,1000,http://localhost:8080/web/index.php/api/v2/recruitment/candidates,48803,0,0
1768483499471,48714,Create Candidate Request,401,Unauthorized,Candidate Creation Thread Group 1-276,text,false,,261,494,1000,1000,http://localhost:8080/web/index.php/api/v2/recruitment/candidates,48713,0,1
1768483499375,48895,Create Candidate Request,401,Unauthorized,Candidate Creation Thread Group 1-273,text,false,,261,494,1000,1000,http://localhost:8080/web/index.php/api/v2/recruitment/candidates,48894,0,1
1768483499569,48714,Create Candidate Request,401,Unauthorized,Candidate Creation Thread Group 1-277,text,false,,261,494,1000,1000,http://localhost:8080/web/index.php/api/v2/recruitment/candidates,48713,0,1
1768483499671,48703,Create Candidate Request,401,Unauthorized,Candidate Creation Thread Group 1-275,text,false,,261,494,1000,1000,http://localhost:8080/web/index.php/api/v2/recruitment/candidates,48702,0,0
1768483499673,48804,Create Candidate Request,401,Unauthorized,Candidate Creation Thread Group 1-280,text,false,,261,494,1000,1000,http://localhost:8080/web/index.php/api/v2/recruitment/candidates,48802,0,1
1768483499875,48695,Create Candidate Request,401,Unauthorized,Candidate Creation Thread Group 1-279,text,false,,261,494,1000,1000,http://localhost:8080/web/index.php/api/v2/recruitment/candidates,48695,0,0
1768483501381,47201,Create Candidate Request,401,Unauthorized,Candidate Creation Thread Group 1-336,text,false,,261,494,1000,1000,http://localhost:8080/web/index.php/api/v2/recruitment/candidates,47201,0,1
1768483501676,46994,Create Candidate Request,401,Unauthorized,Candidate Creation Thread Group 1-359,text,false,,261,494,1000,1000,http://localhost:8080/web/index.php/api/v2/recruitment/candidates,46994,0,1
1768483501682,46992,Create Candidate Request,401,Unauthorized,Candidate Creation Thread Group 1-338,text,false,,261,494,1000,1000,http://localhost:8080/web/index.php/api/v2/recruitment/candidates,46992,0,0
1768483501571,47199,Create Candidate Request,401,Unauthorized,Candidate Creation Thread Group 1-332,text,false,,261,494,1000,1000,http://localhost:8080/web/index.php/api/v2/recruitment/candidates,47198,0,0
1768483497771,51098,Create Candidate Request,401,Unauthorized,Candidate Creation Thread Group 1-250,text,false,,261,494,1000,1000,http://localhost:8080/web/index.php/api/v2/recruitment/candidates,51097,0,1
1768483501779,47097,Create Candidate Request,401,Unauthorized,Candidate Creation Thread Group 1-339,text,false,,261,494,1000,1000,http://localhost:8080/web/index.php/api/v2/recruitment/candidates,47096,0,0
1768483501894,47077,Create Candidate Request,401,Unauthorized,Candidate Creation Thread Group 1-337,text,false,,261,491,1000,1000,http://localhost:8080/web/index.php/api/v2/recruitment/candidates,47077,0,0
1768483501971,47006,Create Candidate Request,401,Unauthorized,Candidate Creation Thread Group 1-341,text,false,,261,491,1000,1000,http://localhost:8080/web/index.php/api/v2/recruitment/candidates,47006,0,1
1768483501984,46999,Create Candidate Request,401,Unauthorized,Candidate Creation Thread Group 1-340,text,false,,261,491,1000,1000,http://localhost:8080/web/index.php/api/v2/recruitment/candidates,46999,0,1
1768483502174,46905,Create Candidate Request,401,Unauthorized,Candidate Creation Thread Group 1-342,text,false,,261,491,1000,1000,http://localhost:8080/web/index.php/api/v2/recruitment/candidates,46904,0,0
1768483489685,59487,Create Candidate Request,401,Unauthorized,Candidate Creation Thread Group 1-286,text,false,,261,494,1000,1000,http://localhost:8080/web/index.php/api/v2/recruitment/candidates,59487,0,0
1768483500581,48597,Create Candidate Request,401,Unauthorized,Candidate Creation Thread Group 1-323,text,false,,261,494,1000,1000,http://localhost:8080/web/index.php/api/v2/recruitment/candidates,48597,0,1
1768483502674,46598,Create Candidate Request,401,Unauthorized,Candidate Creation Thread Group 1-370,text,false,,261,494,1000,1000,http://localhost:8080/web/index.php/api/v2/recruitment/candidates,46597,0,0
1768483502776,46599,Create Candidate Request,401,Unauthorized,Candidate Creation Thread Group 1-347,text,false,,261,494,1000,1000,http://localhost:8080/web/index.php/api/v2/recruitment/candidates,46597,0,0
1768483470033,79444,Create Candidate Request,401,Unauthorized,Candidate Creation Thread Group 1-664,text,false,,261,494,1000,1000,http://localhost:8080/web/index.php/api/v2/recruitment/candidates,79443,0,0
1768483502988,46592,Create Candidate Request,401,Unauthorized,Candidate Creation Thread Group 1-505,text,false,,261,494,1000,1000,http://localhost:8080/web/index.php/api/v2/recruitment/candidates,46589,0,0
1768483502882,46800,Create Candidate Request,401,Unauthorized,Candidate Creation Thread Group 1-349,text,false,,261,494,1000,1000,http://localhost:8080/web/index.php/api/v2/recruitment/candidates,46799,0,0
1768483483175,66605,Create Candidate Request,401,Unauthorized,Candidate Creation Thread Group 1-119,text,false,,261,494,1000,1000,http://localhost:8080/web/index.php/api/v2/recruitment/candidates,66604,0,0
1768483502870,47010,Create Candidate Request,401,Unauthorized,Candidate Creation Thread Group 1-348,text,false,,261,494,1000,1000,http://localhost:8080/web/index.php/api/v2/recruitment/candidates,47009,0,3
1768483503083,46900,Create Candidate Request,401,Unauthorized,Candidate Creation Thread Group 1-439,text,false,,261,494,1000,1000,http://localhost:8080/web/index.php/api/v2/recruitment/candidates,46900,0,0
1768483509681,40403,Create Candidate Request,401,Unauthorized,Candidate Creation Thread Group 1-377,text,false,,261,491,1000,1000,http://localhost:8080/web/index.php/api/v2/recruitment/candidates,40402,0,0
1768483504179,45996,Create Candidate Request,401,Unauthorized,Candidate Creation Thread Group 1-448,text,false,,261,494,1000,1000,http://localhost:8080/web/index.php/api/v2/recruitment/candidates,45995,0,0
1768483503177,47106,Create Candidate Request,401,Unauthorized,Candidate Creation Thread Group 1-432,text,false,,261,494,1000,1000,http://localhost:8080/web/index.php/api/v2/recruitment/candidates,47105,0,1
1768483503379,47004,Create Candidate Request,401,Unauthorized,Candidate Creation Thread Group 1-438,text,false,,261,494,1000,1000,http://localhost:8080/web/index.php/api/v2/recruitment/candidates,47004,0,1
1768483503275,47297,Create Candidate Request,401,Unauthorized,Candidate Creation Thread Group 1-436,text,false,,261,494,1000,1000,http://localhost:8080/web/index.php/api/v2/recruitment/candidates,47296,0,1
1768483504173,46499,Create Candidate Request,401,Unauthorized,Candidate Creation Thread Group 1-447,text,false,,261,494,1000,1000,http://localhost:8080/web/index.php/api/v2/recruitment/candidates,46497,0,0
1768483500387,50384,Create Candidate Request,401,Unauthorized,Candidate Creation Thread Group 1-320,text,false,,261,494,1000,1000,http://localhost:8080/web/index.php/api/v2/recruitment/candidates,50382,0,0
1768483503386,47491,Create Candidate Request,401,Unauthorized,Candidate Creation Thread Group 1-437,text,false,,261,494,1000,1000,http://localhost:8080/web/index.php/api/v2/recruitment/candidates,47488,0,1
1768483503483,47487,Create Candidate Request,401,Unauthorized,Candidate Creation Thread Group 1-442,text,false,,261,494,1000,1000,http://localhost:8080/web/index.php/api/v2/recruitment/candidates,47487,0,1
1768483503679,47297,Create Candidate Request,401,Unauthorized,Candidate Creation Thread Group 1-440,text,false,,261,494,1000,1000,http://localhost:8080/web/index.php/api/v2/recruitment/candidates,47297,0,0
1768483503580,47402,Create Candidate Request,401,Unauthorized,Candidate Creation Thread Group 1-435,text,false,,261,494,1000,1000,http://localhost:8080/web/index.php/api/v2/recruitment/candidates,47401,0,1
1768483503780,47304,Create Candidate Request,401,Unauthorized,Candidate Creation Thread Group 1-444,text,false,,261,494,1000,1000,http://localhost:8080/web/index.php/api/v2/recruitment/candidates,47302,0,2
1768483503882,47294,Create Candidate Request,401,Unauthorized,Candidate Creation Thread Group 1-443,text,false,,261,494,1000,1000,http://localhost:8080/web/index.php/api/v2/recruitment/candidates,47293,0,1
1768483509778,41401,Create Candidate Request,401,Unauthorized,Candidate Creation Thread Group 1-378,text,false,,261,491,1000,1000,http://localhost:8080/web/index.php/api/v2/recruitment/candidates,41401,0,1
1768483503980,47296,Create Candidate Request,401,Unauthorized,Candidate Creation Thread Group 1-445,text,false,,261,494,1000,1000,http://localhost:8080/web/index.php/api/v2/recruitment/candidates,47295,0,1
1768483504278,47092,Create Candidate Request,401,Unauthorized,Candidate Creation Thread Group 1-449,text,false,,261,494,1000,1000,http://localhost:8080/web/index.php/api/v2/recruitment/candidates,47008,0,1
1768483504379,47003,Create Candidate Request,401,Unauthorized,Candidate Creation Thread Group 1-488,text,false,,261,494,1000,1000,http://localhost:8080/web/index.php/api/v2/recruitment/candidates,47002,0,0
1768483504479,47002,Create Candidate Request,401,Unauthorized,Candidate Creation Thread Group 1-450,text,false,,261,494,1000,1000,http://localhost:8080/web/index.php/api/v2/recruitment/candidates,47001,0,0
1768483504675,46909,Create Candidate Request,401,Unauthorized,Candidate Creation Thread Group 1-453,text,false,,261,494,1000,1000,http://localhost:8080/web/index.php/api/v2/recruitment/candidates,46908,0,0
1768483504783,46900,Create Candidate Request,401,Unauthorized,Candidate Creation Thread Group 1-454,text,false,,261,494,1000,1000,http://localhost:8080/web/index.php/api/v2/recruitment/candidates,46900,0,1
1768483504879,46996,Create Candidate Request,401,Unauthorized,Candidate Creation Thread Group 1-455,text,false,,261,494,1000,1000,http://localhost:8080/web/index.php/api/v2/recruitment/candidates,46995,0,1
1768483509880,42103,Create Candidate Request,401,Unauthorized,Candidate Creation Thread Group 1-379,text,false,,261,491,1000,1000,http://localhost:8080/web/index.php/api/v2/recruitment/candidates,42103,0,0
1768483503083,49001,Create Candidate Request,401,Unauthorized,Candidate Creation Thread Group 1-434,text,false,,261,494,1000,1000,http://localhost:8080/web/index.php/api/v2/recruitment/candidates,49000,0,1
1768483511276,40904,Create Candidate Request,401,Unauthorized,Candidate Creation Thread Group 1-486,text,false,,261,494,1000,1000,http://localhost:8080/web/index.php/api/v2/recruitment/candidates,40904,0,0
1768483510487,41795,Create Candidate Request,401,Unauthorized,Candidate Creation Thread Group 1-386,text,false,,261,494,1000,1000,http://localhost:8080/web/index.php/api/v2/recruitment/candidates,41794,0,1
1768483510472,41904,Create Candidate Request,401,Unauthorized,Candidate Creation Thread Group 1-390,text,false,,261,494,1000,1000,http://localhost:8080/web/index.php/api/v2/recruitment/candidates,41903,0,1
1768483510574,41898,Create Candidate Request,401,Unauthorized,Candidate Creation Thread Group 1-387,text,false,,261,494,1000,1000,http://localhost:8080/web/index.php/api/v2/recruitment/candidates,41896,0,1
1768483510580,41990,Create Candidate Request,401,Unauthorized,Candidate Creation Thread Group 1-385,text,false,,261,494,1000,1000,http://localhost:8080/web/index.php/api/v2/recruitment/candidates,41990,0,0
1768483510589,41986,Create Candidate Request,401,Unauthorized,Candidate Creation Thread Group 1-388,text,false,,261,494,1000,1000,http://localhost:8080/web/index.php/api/v2/recruitment/candidates,41986,0,0
1768483510676,41999,Create Candidate Request,401,Unauthorized,Candidate Creation Thread Group 1-391,text,false,,261,494,1000,1000,http://localhost:8080/web/index.php/api/v2/recruitment/candidates,41998,0,0
1768483510688,42005,Create Candidate Request,401,Unauthorized,Candidate Creation Thread Group 1-395,text,false,,261,494,1000,1000,http://localhost:8080/web/index.php/api/v2/recruitment/candidates,41999,0,1
1768483510783,42088,Create Candidate Request,401,Unauthorized,Candidate Creation Thread Group 1-392,text,false,,261,494,1000,1000,http://localhost:8080/web/index.php/api/v2/recruitment/candidates,42088,0,1
1768483510880,42093,Create Candidate Request,401,Unauthorized,Candidate Creation Thread Group 1-393,text,false,,261,494,1000,1000,http://localhost:8080/web/index.php/api/v2/recruitment/candidates,42093,0,1
1768483510977,42103,Create Candidate Request,401,Unauthorized,Candidate Creation Thread Group 1-394,text,false,,261,494,1000,1000,http://localhost:8080/web/index.php/api/v2/recruitment/candidates,42101,0,1
1768483511172,42001,Create Candidate Request,401,Unauthorized,Candidate Creation Thread Group 1-396,text,false,,261,494,1000,1000,http://localhost:8080/web/index.php/api/v2/recruitment/candidates,42001,0,1
1768483511174,42004,Create Candidate Request,401,Unauthorized,Candidate Creation Thread Group 1-398,text,false,,261,494,1000,1000,http://localhost:8080/web/index.php/api/v2/recruitment/candidates,42004,0,2
1768483511186,42088,Create Candidate Request,401,Unauthorized,Candidate Creation Thread Group 1-397,text,false,,261,494,1000,1000,http://localhost:8080/web/index.php/api/v2/recruitment/candidates,42087,0,0
1768483502877,50495,Create Candidate Request,401,Unauthorized,Candidate Creation Thread Group 1-351,text,false,,261,494,1000,1000,http://localhost:8080/web/index.php/api/v2/recruitment/candidates,50494,0,0
1768483493273,60112,Create Candidate Request,401,Unauthorized,Candidate Creation Thread Group 1-184,text,false,,261,494,1000,1000,http://localhost:8080/web/index.php/api/v2/recruitment/candidates,60111,0,0
1768483493384,60097,Create Candidate Request,401,Unauthorized,Candidate Creation Thread Group 1-196,text,false,,261,494,1000,1000,http://localhost:8080/web/index.php/api/v2/recruitment/candidates,60096,0,1
1768483493481,60193,Create Candidate Request,401,Unauthorized,Candidate Creation Thread Group 1-195,text,false,,261,494,1000,1000,http://localhost:8080/web/index.php/api/v2/recruitment/candidates,60191,0,0
1768483493581,60100,Create Candidate Request,401,Unauthorized,Candidate Creation Thread Group 1-198,text,false,,261,494,1000,1000,http://localhost:8080/web/index.php/api/v2/recruitment/candidates,60100,0,1
1768483512770,41006,Create Candidate Request,401,Unauthorized,Candidate Creation Thread Group 1-415,text,false,,261,494,1000,1000,http://localhost:8080/web/index.php/api/v2/recruitment/candidates,41006,0,1
1768483493774,60106,Create Candidate Request,401,Unauthorized,Candidate Creation Thread Group 1-200,text,false,,261,494,1000,1000,http://localhost:8080/web/index.php/api/v2/recruitment/candidates,60105,0,0
1768483493678,60295,Create Candidate Request,401,Unauthorized,Candidate Creation Thread Group 1-369,text,false,,261,494,1000,1000,http://localhost:8080/web/index.php/api/v2/recruitment/candidates,60294,0,0
1768483488683,65300,Create Candidate Request,401,Unauthorized,Candidate Creation Thread Group 1-232,text,false,,261,494,1000,1000,http://localhost:8080/web/index.php/api/v2/recruitment/candidates,65299,0,0
1768483493782,60290,Create Candidate Request,401,Unauthorized,Candidate Creation Thread Group 1-364,text,false,,261,494,1000,1000,http://localhost:8080/web/index.php/api/v2/recruitment/candidates,60290,0,0
1768483494082,59996,Create Candidate Request,401,Unauthorized,Candidate Creation Thread Group 1-366,text,false,,261,494,1000,1000,http://localhost:8080/web/index.php/api/v2/recruitment/candidates,59995,0,1
1768483491076,63096,Create Candidate Request,401,Unauthorized,Candidate Creation Thread Group 1-97,text,false,,261,494,1000,1000,http://localhost:8080/web/index.php/api/v2/recruitment/candidates,63095,0,1
1768483494175,60002,Create Candidate Request,401,Unauthorized,Candidate Creation Thread Group 1-368,text,false,,261,494,1000,1000,http://localhost:8080/web/index.php/api/v2/recruitment/candidates,60001,0,1
1768483494181,60003,Create Candidate Request,401,Unauthorized,Candidate Creation Thread Group 1-367,text,false,,261,494,1000,1000,http://localhost:8080/web/index.php/api/v2/recruitment/candidates,60003,0,0
1768483494270,60001,Create Candidate Request,401,Unauthorized,Candidate Creation Thread Group 1-292,text,false,,261,494,1000,1000,http://localhost:8080/web/index.php/api/v2/recruitment/candidates,60001,0,1
1768483494371,59905,Create Candidate Request,401,Unauthorized,Candidate Creation Thread Group 1-293,text,false,,261,494,1000,1000,http://localhost:8080/web/index.php/api/v2/recruitment/candidates,59904,0,0
1768483500982,53399,Create Candidate Request,401,Unauthorized,Candidate Creation Thread Group 1-329,text,false,,261,494,1000,1000,http://localhost:8080/web/index.php/api/v2/recruitment/candidates,53393,0,0
1768483494574,59901,Create Candidate Request,401,Unauthorized,Candidate Creation Thread Group 1-203,text,false,,261,494,1000,1000,http://localhost:8080/web/index.php/api/v2/recruitment/candidates,59901,0,0
1768483492569,62001,Create Candidate Request,401,Unauthorized,Candidate Creation Thread Group 1-77,text,false,,261,491,1000,1000,http://localhost:8080/web/index.php/api/v2/recruitment/candidates,61919,0,1
1768483500683,53988,Create Candidate Request,401,Unauthorized,Candidate Creation Thread Group 1-326,text,false,,261,494,1000,1000,http://localhost:8080/web/index.php/api/v2/recruitment/candidates,53987,0,0
1768483494581,60102,Create Candidate Request,401,Unauthorized,Candidate Creation Thread Group 1-204,text,false,,261,494,1000,1000,http://localhost:8080/web/index.php/api/v2/recruitment/candidates,60101,0,0
1768483513473,41400,Create Candidate Request,401,Unauthorized,Candidate Creation Thread Group 1-431,text,false,,261,494,1000,1000,http://localhost:8080/web/index.php/api/v2/recruitment/candidates,41398,0,0
1768483494672,60300,Create Candidate Request,401,Unauthorized,Candidate Creation Thread Group 1-201,text,false,,261,494,1000,1000,http://localhost:8080/web/index.php/api/v2/recruitment/candidates,60297,0,1
1768483494770,60302,Create Candidate Request,401,Unauthorized,Candidate Creation Thread Group 1-205,text,false,,261,494,1000,1000,http://localhost:8080/web/index.php/api/v2/recruitment/candidates,60302,0,0
1768483494681,60491,Create Candidate Request,401,Unauthorized,Candidate Creation Thread Group 1-206,text,false,,261,494,1000,1000,http://localhost:8080/web/index.php/api/v2/recruitment/candidates,60490,0,0
1768483511377,43893,Create Candidate Request,401,Unauthorized,Candidate Creation Thread Group 1-399,text,false,,261,494,1000,1000,http://localhost:8080/web/index.php/api/v2/recruitment/candidates,43893,0,0
1768483494778,60500,Create Candidate Request,401,Unauthorized,Candidate Creation Thread Group 1-207,text,false,,261,494,1000,1000,http://localhost:8080/web/index.php/api/v2/recruitment/candidates,60497,0,1
1768483494879,60502,Create Candidate Request,401,Unauthorized,Candidate Creation Thread Group 1-298,text,false,,261,494,1000,1000,http://localhost:8080/web/index.php/api/v2/recruitment/candidates,60499,0,1
1768483495074,60497,Create Candidate Request,401,Unauthorized,Candidate Creation Thread Group 1-208,text,false,,261,494,1000,1000,http://localhost:8080/web/index.php/api/v2/recruitment/candidates,60497,0,1
1768483513574,42100,Create Candidate Request,401,Unauthorized,Candidate Creation Thread Group 1-433,text,false,,261,494,1000,1000,http://localhost:8080/web/index.php/api/v2/recruitment/candidates,42099,0,0
1768483494980,60703,Create Candidate Request,401,Unauthorized,Candidate Creation Thread Group 1-296,text,false,,261,494,1000,1000,http://localhost:8080/web/index.php/api/v2/recruitment/candidates,60702,0,1
1768483495170,60613,Create Candidate Request,401,Unauthorized,Candidate Creation Thread Group 1-209,text,false,,261,494,1000,1000,http://localhost:8080/web/index.php/api/v2/recruitment/candidates,60612,0,0
1768483495176,60794,Create Candidate Request,401,Unauthorized,Candidate Creation Thread Group 1-210,text,false,,261,494,1000,1000,http://localhost:8080/web/index.php/api/v2/recruitment/candidates,60793,0,1
1768483495295,60681,Create Candidate Request,401,Unauthorized,Candidate Creation Thread Group 1-211,text,false,,261,491,1000,1000,http://localhost:8080/web/index.php/api/v2/recruitment/candidates,60681,0,1
1768483495299,60775,Create Candidate Request,401,Unauthorized,Candidate Creation Thread Group 1-212,text,false,,261,491,1000,1000,http://localhost:8080/web/index.php/api/v2/recruitment/candidates,60774,0,0
1768483495373,60799,Create Candidate Request,401,Unauthorized,Candidate Creation Thread Group 1-213,text,false,,261,491,1000,1000,http://localhost:8080/web/index.php/api/v2/recruitment/candidates,60798,0,0
1768483492276,63903,Create Candidate Request,401,Unauthorized,Candidate Creation Thread Group 1-70,text,false,,261,491,1000,1000,http://localhost:8080/web/index.php/api/v2/recruitment/candidates,63902,0,0
1768483495378,60905,Create Candidate Request,401,Unauthorized,Candidate Creation Thread Group 1-214,text,false,,261,491,1000,1000,http://localhost:8080/web/index.php/api/v2/recruitment/candidates,60902,0,0
1768483495481,60899,Create Candidate Request,401,Unauthorized,Candidate Creation Thread Group 1-295,text,false,,261,491,1000,1000,http://localhost:8080/web/index.php/api/v2/recruitment/candidates,60898,0,1
1768483495676,60803,Create Candidate Request,401,Unauthorized,Candidate Creation Thread Group 1-297,text,false,,261,491,1000,1000,http://localhost:8080/web/index.php/api/v2/recruitment/candidates,60802,0,0
1768483495581,60991,Create Candidate Request,401,Unauthorized,Candidate Creation Thread Group 1-216,text,false,,261,491,1000,1000,http://localhost:8080/web/index.php/api/v2/recruitment/candidates,60990,0,1
1768483495781,60804,Create Candidate Request,401,Unauthorized,Candidate Creation Thread Group 1-218,text,false,,261,491,1000,1000,http://localhost:8080/web/index.php/api/v2/recruitment/candidates,60803,0,1
1768483495873,60808,Create Candidate Request,401,Unauthorized,Candidate Creation Thread Group 1-219,text,false,,261,494,1000,1000,http://localhost:8080/web/index.php/api/v2/recruitment/candidates,60808,0,1
1768483495973,60810,Create Candidate Request,401,Unauthorized,Candidate Creation Thread Group 1-217,text,false,,261,494,1000,1000,http://localhost:8080/web/index.php/api/v2/recruitment/candidates,60809,0,0
1768483496172,60801,Create Candidate Request,401,Unauthorized,Candidate Creation Thread Group 1-221,text,false,,261,494,1000,1000,http://localhost:8080/web/index.php/api/v2/recruitment/candidates,60800,0,0
1768483496179,60901,Create Candidate Request,401,Unauthorized,Candidate Creation Thread Group 1-220,text,false,,261,494,1000,1000,http://localhost:8080/web/index.php/api/v2/recruitment/candidates,60900,0,0
1768483496273,60904,Create Candidate Request,401,Unauthorized,Candidate Creation Thread Group 1-223,text,false,,261,494,1000,1000,http://localhost:8080/web/index.php/api/v2/recruitment/candidates,60904,0,1
1768483496287,60990,Create Candidate Request,401,Unauthorized,Candidate Creation Thread Group 1-224,text,false,,261,494,1000,1000,http://localhost:8080/web/index.php/api/v2/recruitment/candidates,60988,0,0
1768483496374,61007,Create Candidate Request,401,Unauthorized,Candidate Creation Thread Group 1-225,text,false,,261,494,1000,1000,http://localhost:8080/web/index.php/api/v2/recruitment/candidates,61001,0,2
1768483485216,72256,Create Candidate Request,401,Unauthorized,Candidate Creation Thread Group 1-156,text,false,,261,491,1000,1000,http://localhost:8080/web/index.php/api/v2/recruitment/candidates,72256,0,0
1768483496470,61099,Create Candidate Request,401,Unauthorized,Candidate Creation Thread Group 1-299,text,false,,261,494,1000,1000,http://localhost:8080/web/index.php/api/v2/recruitment/candidates,61014,0,1
1768483496479,61104,Create Candidate Request,401,Unauthorized,Candidate Creation Thread Group 1-300,text,false,,261,494,1000,1000,http://localhost:8080/web/index.php/api/v2/recruitment/candidates,61103,0,1
1768483496583,61096,Create Candidate Request,401,Unauthorized,Candidate Creation Thread Group 1-304,text,false,,261,494,1000,1000,http://localhost:8080/web/index.php/api/v2/recruitment/candidates,61096,0,0
1768483496672,61108,Create Candidate Request,401,Unauthorized,Candidate Creation Thread Group 1-303,text,false,,261,494,1000,1000,http://localhost:8080/web/index.php/api/v2/recruitment/candidates,61106,0,3
1768483496679,61202,Create Candidate Request,401,Unauthorized,Candidate Creation Thread Group 1-301,text,false,,261,494,1000,1000,http://localhost:8080/web/index.php/api/v2/recruitment/candidates,61201,0,0
1768483496684,61386,Create Candidate Request,401,Unauthorized,Candidate Creation Thread Group 1-305,text,false,,261,494,1000,1000,http://localhost:8080/web/index.php/api/v2/recruitment/candidates,61386,0,1
1768483496776,61394,Create Candidate Request,401,Unauthorized,Candidate Creation Thread Group 1-302,text,false,,261,494,1000,1000,http://localhost:8080/web/index.php/api/v2/recruitment/candidates,61305,0,1
1768483496782,61407,Create Candidate Request,401,Unauthorized,Candidate Creation Thread Group 1-307,text,false,,261,494,1000,1000,http://localhost:8080/web/index.php/api/v2/recruitment/candidates,61405,0,1
1768483496884,61388,Create Candidate Request,401,Unauthorized,Candidate Creation Thread Group 1-238,text,false,,261,494,1000,1000,http://localhost:8080/web/index.php/api/v2/recruitment/candidates,61387,0,0
1768483500778,57497,Create Candidate Request,401,Unauthorized,Candidate Creation Thread Group 1-324,text,false,,261,494,1000,1000,http://localhost:8080/web/index.php/api/v2/recruitment/candidates,57497,0,1
1768483497779,60500,Create Candidate Request,401,Unauthorized,Candidate Creation Thread Group 1-254,text,false,,261,494,1000,1000,http://localhost:8080/web/index.php/api/v2/recruitment/candidates,60500,0,0
1768483501078,57209,Create Candidate Request,401,Unauthorized,Candidate Creation Thread Group 1-330,text,false,,261,494,1000,1000,http://localhost:8080/web/index.php/api/v2/recruitment/candidates,57208,0,0
1768483497179,61290,Create Candidate Request,401,Unauthorized,Candidate Creation Thread Group 1-309,text,false,,261,494,1000,1000,http://localhost:8080/web/index.php/api/v2/recruitment/candidates,61201,0,0
1768483499883,58598,Create Candidate Request,401,Unauthorized,Candidate Creation Thread Group 1-281,text,false,,261,494,1000,1000,http://localhost:8080/web/index.php/api/v2/recruitment/candidates,58598,0,1
1768483517083,41492,Create Candidate Request,401,Unauthorized,Candidate Creation Thread Group 1-545,text,false,,261,491,1000,1000,http://localhost:8080/web/index.php/api/v2/recruitment/candidates,41492,0,0
1768483497280,61392,Create Candidate Request,401,Unauthorized,Candidate Creation Thread Group 1-245,text,false,,261,494,1000,1000,http://localhost:8080/web/index.php/api/v2/recruitment/candidates,61390,0,0
1768483517180,41591,Create Candidate Request,401,Unauthorized,Candidate Creation Thread Group 1-549,text,false,,261,491,1000,1000,http://localhost:8080/web/index.php/api/v2/recruitment/candidates,41591,0,1
1768483470476,88302,Create Candidate Request,401,Unauthorized,Candidate Creation Thread Group 1-885,text,false,,261,494,1000,1000,http://localhost:8080/web/index.php/api/v2/recruitment/candidates,88301,0,7
1768483505175,53695,Create Candidate Request,401,Unauthorized,Candidate Creation Thread Group 1-456,text,false,,261,494,1000,1000,http://localhost:8080/web/index.php/api/v2/recruitment/candidates,53608,0,0
1768483505273,53698,Create Candidate Request,401,Unauthorized,Candidate Creation Thread Group 1-459,text,false,,261,494,1000,1000,http://localhost:8080/web/index.php/api/v2/recruitment/candidates,53697,0,1
1768483505386,53689,Create Candidate Request,401,Unauthorized,Candidate Creation Thread Group 1-461,text,false,,261,494,1000,1000,http://localhost:8080/web/index.php/api/v2/recruitment/candidates,53685,0,1
1768483501170,58001,Create Candidate Request,401,Unauthorized,Candidate Creation Thread Group 1-331,text,false,,261,494,1000,1000,http://localhost:8080/web/index.php/api/v2/recruitment/candidates,58000,0,0
1768483505478,53698,Create Candidate Request,401,Unauthorized,Candidate Creation Thread Group 1-462,text,false,,261,494,1000,1000,http://localhost:8080/web/index.php/api/v2/recruitment/candidates,53698,0,0
1768483505483,53700,Create Candidate Request,401,Unauthorized,Candidate Creation Thread Group 1-463,text,false,,261,494,1000,1000,http://localhost:8080/web/index.php/api/v2/recruitment/candidates,53700,0,1
1768483505574,53797,Create Candidate Request,401,Unauthorized,Candidate Creation Thread Group 1-464,text,false,,261,494,1000,1000,http://localhost:8080/web/index.php/api/v2/recruitment/candidates,53796,0,0
1768483505674,53706,Create Candidate Request,401,Unauthorized,Candidate Creation Thread Group 1-466,text,false,,261,494,1000,1000,http://localhost:8080/web/index.php/api/v2/recruitment/candidates,53706,0,0
1768483505670,53801,Create Candidate Request,401,Unauthorized,Candidate Creation Thread Group 1-465,text,false,,261,494,1000,1000,http://localhost:8080/web/index.php/api/v2/recruitment/candidates,53801,0,2
1768483505791,53693,Create Candidate Request,401,Unauthorized,Candidate Creation Thread Group 1-467,text,false,,261,491,1000,1000,http://localhost:8080/web/index.php/api/v2/recruitment/candidates,53692,0,0
1768483505872,53701,Create Candidate Request,401,Unauthorized,Candidate Creation Thread Group 1-468,text,false,,261,491,1000,1000,http://localhost:8080/web/index.php/api/v2/recruitment/candidates,53701,0,1
1768483505979,53691,Create Candidate Request,401,Unauthorized,Candidate Creation Thread Group 1-469,text,false,,261,491,1000,1000,http://localhost:8080/web/index.php/api/v2/recruitment/candidates,53603,0,1
1768483518271,41502,Create Candidate Request,401,Unauthorized,Candidate Creation Thread Group 1-561,text,false,,261,494,1000,1000,http://localhost:8080/web/index.php/api/v2/recruitment/candidates,41499,0,1
1768483506174,53610,Create Candidate Request,401,Unauthorized,Candidate Creation Thread Group 1-471,text,false,,261,491,1000,1000,http://localhost:8080/web/index.php/api/v2/recruitment/candidates,53608,0,2
1768483505181,54701,Create Candidate Request,401,Unauthorized,Candidate Creation Thread Group 1-460,text,false,,261,494,1000,1000,http://localhost:8080/web/index.php/api/v2/recruitment/candidates,54701,0,0
1768483506179,53796,Create Candidate Request,401,Unauthorized,Candidate Creation Thread Group 1-474,text,false,,261,491,1000,1000,http://localhost:8080/web/index.php/api/v2/recruitment/candidates,53794,0,1
1768483506371,53703,Create Candidate Request,401,Unauthorized,Candidate Creation Thread Group 1-473,text,false,,261,491,1000,1000,http://localhost:8080/web/index.php/api/v2/recruitment/candidates,53702,0,1
1768483506275,53897,Create Candidate Request,401,Unauthorized,Candidate Creation Thread Group 1-489,text,false,,261,491,1000,1000,http://localhost:8080/web/index.php/api/v2/recruitment/candidates,53897,0,0
1768483506377,53894,Create Candidate Request,401,Unauthorized,Candidate Creation Thread Group 1-472,text,false,,261,491,1000,1000,http://localhost:8080/web/index.php/api/v2/recruitment/candidates,53806,0,0
1768483506472,53901,Create Candidate Request,401,Unauthorized,Candidate Creation Thread Group 1-475,text,false,,261,494,1000,1000,http://localhost:8080/web/index.php/api/v2/recruitment/candidates,53901,0,0
1768483506674,53896,Create Candidate Request,401,Unauthorized,Candidate Creation Thread Group 1-477,text,false,,261,494,1000,1000,http://localhost:8080/web/index.php/api/v2/recruitment/candidates,53896,0,0
1768483502477,58097,Create Candidate Request,401,Unauthorized,Candidate Creation Thread Group 1-360,text,false,,261,491,1000,1000,http://localhost:8080/web/index.php/api/v2/recruitment/candidates,58097,0,5
1768483506685,53985,Create Candidate Request,401,Unauthorized,Candidate Creation Thread Group 1-478,text,false,,261,494,1000,1000,http://localhost:8080/web/index.php/api/v2/recruitment/candidates,53900,0,0
1768483506872,53900,Create Candidate Request,401,Unauthorized,Candidate Creation Thread Group 1-479,text,false,,261,494,1000,1000,http://localhost:8080/web/index.php/api/v2/recruitment/candidates,53899,0,0
1768483502084,58788,Create Candidate Request,401,Unauthorized,Candidate Creation Thread Group 1-343,text,false,,261,491,1000,1000,http://localhost:8080/web/index.php/api/v2/recruitment/candidates,58700,0,1
1768483507082,53809,Create Candidate Request,401,Unauthorized,Candidate Creation Thread Group 1-481,text,false,,261,494,1000,1000,http://localhost:8080/web/index.php/api/v2/recruitment/candidates,53803,0,0
1768483519474,41512,Create Candidate Request,401,Unauthorized,Candidate Creation Thread Group 1-571,text,false,,261,494,1000,1000,http://localhost:8080/web/index.php/api/v2/recruitment/candidates,41509,0,2
1768483514479,46595,Create Candidate Request,401,Unauthorized,Candidate Creation Thread Group 1-515,text,false,,261,494,1000,1000,http://localhost:8080/web/index.php/api/v2/recruitment/candidates,46594,0,1
1768483508071,53012,Create Candidate Request,401,Unauthorized,Candidate Creation Thread Group 1-501,text,false,,261,494,1000,1000,http://localhost:8080/web/index.php/api/v2/recruitment/candidates,53010,0,1
1768483507172,54003,Create Candidate Request,401,Unauthorized,Candidate Creation Thread Group 1-482,text,false,,261,494,1000,1000,http://localhost:8080/web/index.php/api/v2/recruitment/candidates,54002,0,0
1768483507176,54094,Create Candidate Request,401,Unauthorized,Candidate Creation Thread Group 1-483,text,false,,261,494,1000,1000,http://localhost:8080/web/index.php/api/v2/recruitment/candidates,54094,0,0
1768483507273,54002,Create Candidate Request,401,Unauthorized,Candidate Creation Thread Group 1-491,text,false,,261,494,1000,1000,http://localhost:8080/web/index.php/api/v2/recruitment/candidates,54002,0,0
1768483507376,53997,Create Candidate Request,401,Unauthorized,Candidate Creation Thread Group 1-494,text,false,,261,494,1000,1000,http://localhost:8080/web/index.php/api/v2/recruitment/candidates,53996,0,0
1768483503371,58016,Create Candidate Request,401,Unauthorized,Candidate Creation Thread Group 1-441,text,false,,261,494,1000,1000,http://localhost:8080/web/index.php/api/v2/recruitment/candidates,58014,0,0
1768483507470,54100,Create Candidate Request,401,Unauthorized,Candidate Creation Thread Group 1-492,text,false,,261,494,1000,1000,http://localhost:8080/web/index.php/api/v2/recruitment/candidates,54100,0,6
1768483507482,54094,Create Candidate Request,401,Unauthorized,Candidate Creation Thread Group 1-493,text,false,,261,494,1000,1000,http://localhost:8080/web/index.php/api/v2/recruitment/candidates,54093,0,0
1768483507673,53908,Create Candidate Request,401,Unauthorized,Candidate Creation Thread Group 1-497,text,false,,261,494,1000,1000,http://localhost:8080/web/index.php/api/v2/recruitment/candidates,53907,0,0
1768483506572,55108,Create Candidate Request,401,Unauthorized,Candidate Creation Thread Group 1-476,text,false,,261,494,1000,1000,http://localhost:8080/web/index.php/api/v2/recruitment/candidates,55107,0,0
1768483470397,91373,Create Candidate Request,401,Unauthorized,Candidate Creation Thread Group 1-846,text,false,,261,494,1000,1000,http://localhost:8080/web/index.php/api/v2/recruitment/candidates,91293,0,0
1768483504772,57011,Create Candidate Request,401,Unauthorized,Candidate Creation Thread Group 1-452,text,false,,261,494,1000,1000,http://localhost:8080/web/index.php/api/v2/recruitment/candidates,57010,0,0
1768483507973,53910,Create Candidate Request,401,Unauthorized,Candidate Creation Thread Group 1-500,text,false,,261,494,1000,1000,http://localhost:8080/web/index.php/api/v2/recruitment/candidates,53908,0,1
1768483504981,57001,Create Candidate Request,401,Unauthorized,Candidate Creation Thread Group 1-457,text,false,,261,494,1000,1000,http://localhost:8080/web/index.php/api/v2/recruitment/candidates,56999,0,0
1768483470416,91755,Create Candidate Request,401,Unauthorized,Candidate Creation Thread Group 1-856,text,false,,261,491,1000,1000,http://localhost:8080/web/index.php/api/v2/recruitment/candidates,91755,0,0
1768483470420,91759,Create Candidate Request,401,Unauthorized,Candidate Creation Thread Group 1-858,text,false,,261,494,1000,1000,http://localhost:8080/web/index.php/api/v2/recruitment/candidates,91758,0,0
1768483514081,48200,Create Candidate Request,401,Unauthorized,Candidate Creation Thread Group 1-512,text,false,,261,494,1000,1000,http://localhost:8080/web/index.php/api/v2/recruitment/candidates,48198,0,1
1768483508173,54211,Create Candidate Request,401,Unauthorized,Candidate Creation Thread Group 1-503,text,false,,261,494,1000,1000,http://localhost:8080/web/index.php/api/v2/recruitment/candidates,54210,0,1
1768483508274,54297,Create Candidate Request,401,Unauthorized,Candidate Creation Thread Group 1-502,text,false,,261,494,1000,1000,http://localhost:8080/web/index.php/api/v2/recruitment/candidates,54296,0,0
1768483508370,54206,Create Candidate Request,401,Unauthorized,Candidate Creation Thread Group 1-504,text,false,,261,494,1000,1000,http://localhost:8080/web/index.php/api/v2/recruitment/candidates,54205,0,0
1768483508377,54205,Create Candidate Request,401,Unauthorized,Candidate Creation Thread Group 1-506,text,false,,261,494,1000,1000,http://localhost:8080/web/index.php/api/v2/recruitment/candidates,54205,0,5
1768483507370,55303,Create Candidate Request,401,Unauthorized,Candidate Creation Thread Group 1-490,text,false,,261,494,1000,1000,http://localhost:8080/web/index.php/api/v2/recruitment/candidates,55302,0,1
1768483508474,54211,Create Candidate Request,401,Unauthorized,Candidate Creation Thread Group 1-578,text,false,,261,494,1000,1000,http://localhost:8080/web/index.php/api/v2/recruitment/candidates,54210,0,2
1768483507573,55302,Create Candidate Request,401,Unauthorized,Candidate Creation Thread Group 1-495,text,false,,261,494,1000,1000,http://localhost:8080/web/index.php/api/v2/recruitment/candidates,55299,0,0
1768483508674,54398,Create Candidate Request,401,Unauthorized,Candidate Creation Thread Group 1-350,text,false,,261,494,1000,1000,http://localhost:8080/web/index.php/api/v2/recruitment/candidates,54398,0,1
1768483508679,54492,Create Candidate Request,401,Unauthorized,Candidate Creation Thread Group 1-371,text,false,,261,494,1000,1000,http://localhost:8080/web/index.php/api/v2/recruitment/candidates,54491,0,0
1768483508684,54492,Create Candidate Request,401,Unauthorized,Candidate Creation Thread Group 1-353,text,false,,261,494,1000,1000,http://localhost:8080/web/index.php/api/v2/recruitment/candidates,54490,0,0
1768483508773,54406,Create Candidate Request,401,Unauthorized,Candidate Creation Thread Group 1-354,text,false,,261,494,1000,1000,http://localhost:8080/web/index.php/api/v2/recruitment/candidates,54405,0,0
1768483508872,54398,Create Candidate Request,401,Unauthorized,Candidate Creation Thread Group 1-352,text,false,,261,494,1000,1000,http://localhost:8080/web/index.php/api/v2/recruitment/candidates,54311,0,0
1768483506975,56304,Create Candidate Request,401,Unauthorized,Candidate Creation Thread Group 1-480,text,false,,261,494,1000,1000,http://localhost:8080/web/index.php/api/v2/recruitment/candidates,56303,0,1
1768483509073,54312,Create Candidate Request,401,Unauthorized,Candidate Creation Thread Group 1-356,text,false,,261,494,1000,1000,http://localhost:8080/web/index.php/api/v2/recruitment/candidates,54311,0,1
1768483509177,54395,Create Candidate Request,401,Unauthorized,Candidate Creation Thread Group 1-363,text,false,,261,494,1000,1000,http://localhost:8080/web/index.php/api/v2/recruitment/candidates,54307,0,0
1768483510176,53496,Create Candidate Request,401,Unauthorized,Candidate Creation Thread Group 1-382,text,false,,261,491,1000,1000,http://localhost:8080/web/index.php/api/v2/recruitment/candidates,53407,0,0
1768483508178,55601,Create Candidate Request,401,Unauthorized,Candidate Creation Thread Group 1-575,text,false,,261,494,1000,1000,http://localhost:8080/web/index.php/api/v2/recruitment/candidates,55598,0,0
1768483509273,54600,Create Candidate Request,401,Unauthorized,Candidate Creation Thread Group 1-372,text,false,,261,494,1000,1000,http://localhost:8080/web/index.php/api/v2/recruitment/candidates,54600,0,1
1768483509283,54597,Create Candidate Request,401,Unauthorized,Candidate Creation Thread Group 1-374,text,false,,261,494,1000,1000,http://localhost:8080/web/index.php/api/v2/recruitment/candidates,54597,0,1
1768483508383,55500,Create Candidate Request,401,Unauthorized,Candidate Creation Thread Group 1-507,text,false,,261,494,1000,1000,http://localhost:8080/web/index.php/api/v2/recruitment/candidates,55500,0,0
1768483522580,41403,Create Candidate Request,401,Unauthorized,Candidate Creation Thread Group 1-610,text,false,,261,494,1000,1000,http://localhost:8080/web/index.php/api/v2/recruitment/candidates,41403,0,2
1768483509481,54602,Create Candidate Request,401,Unauthorized,Candidate Creation Thread Group 1-375,text,false,,261,494,1000,1000,http://localhost:8080/web/index.php/api/v2/recruitment/candidates,54598,0,1
1768483509598,54573,Create Candidate Request,401,Unauthorized,Candidate Creation Thread Group 1-376,text,false,,261,491,1000,1000,http://localhost:8080/web/index.php/api/v2/recruitment/candidates,54573,0,1
1768483499174,65001,Create Candidate Request,401,Unauthorized,Candidate Creation Thread Group 1-270,text,false,,261,494,1000,1000,http://localhost:8080/web/index.php/api/v2/recruitment/candidates,65001,0,0
1768483510181,54089,Create Candidate Request,401,Unauthorized,Candidate Creation Thread Group 1-485,text,false,,261,491,1000,1000,http://localhost:8080/web/index.php/api/v2/recruitment/candidates,54088,0,0
1768483501671,62610,Create Candidate Request,401,Unauthorized,Candidate Creation Thread Group 1-335,text,false,,261,494,1000,1000,http://localhost:8080/web/index.php/api/v2/recruitment/candidates,62608,0,0
1768483510273,54101,Create Candidate Request,401,Unauthorized,Candidate Creation Thread Group 1-383,text,false,,261,491,1000,1000,http://localhost:8080/web/index.php/api/v2/recruitment/candidates,54100,0,0
1768483510374,54099,Create Candidate Request,401,Unauthorized,Candidate Creation Thread Group 1-384,text,false,,261,494,1000,1000,http://localhost:8080/web/index.php/api/v2/recruitment/candidates,54098,0,0
1768483509377,55193,Create Candidate Request,401,Unauthorized,Candidate Creation Thread Group 1-373,text,false,,261,494,1000,1000,http://localhost:8080/web/index.php/api/v2/recruitment/candidates,55108,0,0
1768483511472,53302,Create Candidate Request,401,Unauthorized,Candidate Creation Thread Group 1-403,text,false,,261,494,1000,1000,http://localhost:8080/web/index.php/api/v2/recruitment/candidates,53301,0,1
1768483511676,53205,Create Candidate Request,401,Unauthorized,Candidate Creation Thread Group 1-621,text,false,,261,494,1000,1000,http://localhost:8080/web/index.php/api/v2/recruitment/candidates,53205,0,0
1768483504583,60400,Create Candidate Request,401,Unauthorized,Candidate Creation Thread Group 1-451,text,false,,261,494,1000,1000,http://localhost:8080/web/index.php/api/v2/recruitment/candidates,60400,0,0
1768483511776,53395,Create Candidate Request,401,Unauthorized,Candidate Creation Thread Group 1-620,text,false,,261,494,1000,1000,http://localhost:8080/web/index.php/api/v2/recruitment/candidates,53395,0,1
1768483511875,53302,Create Candidate Request,401,Unauthorized,Candidate Creation Thread Group 1-406,text,false,,261,494,1000,1000,http://localhost:8080/web/index.php/api/v2/recruitment/candidates,53302,0,0
1768483507771,57414,Create Candidate Request,401,Unauthorized,Candidate Creation Thread Group 1-496,text,false,,261,494,1000,1000,http://localhost:8080/web/index.php/api/v2/recruitment/candidates,57413,0,0
1768483509982,55301,Create Candidate Request,401,Unauthorized,Candidate Creation Thread Group 1-380,text,false,,261,491,1000,1000,http://localhost:8080/web/index.php/api/v2/recruitment/candidates,55299,0,1
1768483512171,53300,Create Candidate Request,401,Unauthorized,Candidate Creation Thread Group 1-404,text,false,,261,494,1000,1000,http://localhost:8080/web/index.php/api/v2/recruitment/candidates,53299,0,0
1768483512175,53394,Create Candidate Request,401,Unauthorized,Candidate Creation Thread Group 1-407,text,false,,261,494,1000,1000,http://localhost:8080/web/index.php/api/v2/recruitment/candidates,53307,0,0
1768483512179,53397,Create Candidate Request,401,Unauthorized,Candidate Creation Thread Group 1-408,text,false,,261,494,1000,1000,http://localhost:8080/web/index.php/api/v2/recruitment/candidates,53395,0,1
1768483512276,53305,Create Candidate Request,401,Unauthorized,Candidate Creation Thread Group 1-410,text,false,,261,494,1000,1000,http://localhost:8080/web/index.php/api/v2/recruitment/candidates,53304,0,0
1768483512281,53488,Create Candidate Request,401,Unauthorized,Candidate Creation Thread Group 1-412,text,false,,261,494,1000,1000,http://localhost:8080/web/index.php/api/v2/recruitment/candidates,53410,0,0
1768483509171,56608,Create Candidate Request,401,Unauthorized,Candidate Creation Thread Group 1-361,text,false,,261,494,1000,1000,http://localhost:8080/web/index.php/api/v2/recruitment/candidates,56607,0,0
1768483512381,53496,Create Candidate Request,401,Unauthorized,Candidate Creation Thread Group 1-487,text,false,,261,494,1000,1000,http://localhost:8080/web/index.php/api/v2/recruitment/candidates,53495,0,1
1768483512478,53503,Create Candidate Request,401,Unauthorized,Candidate Creation Thread Group 1-411,text,false,,261,494,1000,1000,http://localhost:8080/web/index.php/api/v2/recruitment/candidates,53503,0,1
1768483512675,53316,Create Candidate Request,401,Unauthorized,Candidate Creation Thread Group 1-413,text,false,,261,494,1000,1000,http://localhost:8080/web/index.php/api/v2/recruitment/candidates,53315,0,0
1768483512784,53292,Create Candidate Request,401,Unauthorized,Candidate Creation Thread Group 1-416,text,false,,261,494,1000,1000,http://localhost:8080/web/index.php/api/v2/recruitment/candidates,53292,0,0
1768483513882,52205,Create Candidate Request,401,Unauthorized,Candidate Creation Thread Group 1-653,text,false,,261,494,1000,1000,http://localhost:8080/web/index.php/api/v2/recruitment/candidates,52205,0,1
1768483513073,53100,Create Candidate Request,401,Unauthorized,Candidate Creation Thread Group 1-418,text,false,,261,494,1000,1000,http://localhost:8080/web/index.php/api/v2/recruitment/candidates,53099,0,0
1768483507883,58294,Create Candidate Request,401,Unauthorized,Candidate Creation Thread Group 1-498,text,false,,261,494,1000,1000,http://localhost:8080/web/index.php/api/v2/recruitment/candidates,58294,0,1
1768483513079,53195,Create Candidate Request,401,Unauthorized,Candidate Creation Thread Group 1-419,text,false,,261,494,1000,1000,http://localhost:8080/web/index.php/api/v2/recruitment/candidates,53194,0,0
1768483513185,53187,Create Candidate Request,401,Unauthorized,Candidate Creation Thread Group 1-421,text,false,,261,491,1000,1000,http://localhost:8080/web/index.php/api/v2/recruitment/candidates,53102,0,0
1768483513185,53286,Create Candidate Request,401,Unauthorized,Candidate Creation Thread Group 1-422,text,false,,261,491,1000,1000,http://localhost:8080/web/index.php/api/v2/recruitment/candidates,53285,0,0
1768483511178,55429,Create Candidate Request,401,Unauthorized,Candidate Creation Thread Group 1-400,text,false,,261,494,1000,1000,http://localhost:8080/web/index.php/api/v2/recruitment/candidates,55393,0,0
1768483513273,53406,Create Candidate Request,401,Unauthorized,Candidate Creation Thread Group 1-424,text,false,,261,491,1000,1000,http://localhost:8080/web/index.php/api/v2/recruitment/candidates,53405,0,1
1768483513270,53420,Create Candidate Request,401,Unauthorized,Candidate Creation Thread Group 1-423,text,false,,261,491,1000,1000,http://localhost:8080/web/index.php/api/v2/recruitment/candidates,53419,0,0
1768483470384,96488,Create Candidate Request,401,Unauthorized,Candidate Creation Thread Group 1-840,text,false,,261,494,1000,1000,http://localhost:8080/web/index.php/api/v2/recruitment/candidates,96487,0,1
1768483513284,53598,Create Candidate Request,401,Unauthorized,Candidate Creation Thread Group 1-426,text,false,,261,491,1000,1000,http://localhost:8080/web/index.php/api/v2/recruitment/candidates,53597,0,1
1768483513278,53705,Create Candidate Request,401,Unauthorized,Candidate Creation Thread Group 1-425,text,false,,261,491,1000,1000,http://localhost:8080/web/index.php/api/v2/recruitment/candidates,53704,0,0
1768483513376,53703,Create Candidate Request,401,Unauthorized,Candidate Creation Thread Group 1-427,text,false,,261,491,1000,1000,http://localhost:8080/web/index.php/api/v2/recruitment/candidates,53703,0,0
1768483513384,53789,Create Candidate Request,401,Unauthorized,Candidate Creation Thread Group 1-428,text,false,,261,491,1000,1000,http://localhost:8080/web/index.php/api/v2/recruitment/candidates,53788,0,1
1768483511371,55807,Create Candidate Request,401,Unauthorized,Candidate Creation Thread Group 1-402,text,false,,261,494,1000,1000,http://localhost:8080/web/index.php/api/v2/recruitment/candidates,55806,0,0
1768483508973,58300,Create Candidate Request,401,Unauthorized,Candidate Creation Thread Group 1-355,text,false,,261,494,1000,1000,http://localhost:8080/web/index.php/api/v2/recruitment/candidates,58300,0,0
1768483513870,53506,Create Candidate Request,401,Unauthorized,Candidate Creation Thread Group 1-509,text,false,,261,494,1000,1000,http://localhost:8080/web/index.php/api/v2/recruitment/candidates,53504,0,1
1768483513983,53491,Create Candidate Request,401,Unauthorized,Candidate Creation Thread Group 1-510,text,false,,261,494,1000,1000,http://localhost:8080/web/index.php/api/v2/recruitment/candidates,53490,0,1
1768483514174,53400,Create Candidate Request,401,Unauthorized,Candidate Creation Thread Group 1-511,text,false,,261,494,1000,1000,http://localhost:8080/web/index.php/api/v2/recruitment/candidates,53399,0,0
1768483514178,53502,Create Candidate Request,401,Unauthorized,Candidate Creation Thread Group 1-513,text,false,,261,494,1000,1000,http://localhost:8080/web/index.php/api/v2/recruitment/candidates,53501,0,0
1768483514270,53600,Create Candidate Request,401,Unauthorized,Candidate Creation Thread Group 1-514,text,false,,261,494,1000,1000,http://localhost:8080/web/index.php/api/v2/recruitment/candidates,53514,0,1
1768483514372,53603,Create Candidate Request,401,Unauthorized,Candidate Creation Thread Group 1-516,text,false,,261,494,1000,1000,http://localhost:8080/web/index.php/api/v2/recruitment/candidates,53601,0,0
1768483513482,54617,Create Candidate Request,401,Unauthorized,Candidate Creation Thread Group 1-430,text,false,,261,494,1000,1000,http://localhost:8080/web/index.php/api/v2/recruitment/candidates,54504,0,1
1768483511482,56688,Create Candidate Request,401,Unauthorized,Candidate Creation Thread Group 1-401,text,false,,261,494,1000,1000,http://localhost:8080/web/index.php/api/v2/recruitment/candidates,56688,0,1
1768483514783,53395,Create Candidate Request,401,Unauthorized,Candidate Creation Thread Group 1-519,text,false,,261,494,1000,1000,http://localhost:8080/web/index.php/api/v2/recruitment/candidates,53395,0,0
1768483517380,50892,Create Candidate Request,401,Unauthorized,Candidate Creation Thread Group 1-548,text,false,,261,491,1000,1000,http://localhost:8080/web/index.php/api/v2/recruitment/candidates,50892,0,1
1768483514882,53397,Create Candidate Request,401,Unauthorized,Candidate Creation Thread Group 1-726,text,false,,261,494,1000,1000,http://localhost:8080/web/index.php/api/v2/recruitment/candidates,53396,0,1
1768483513673,54612,Create Candidate Request,401,Unauthorized,Candidate Creation Thread Group 1-508,text,false,,261,494,1000,1000,http://localhost:8080/web/index.php/api/v2/recruitment/candidates,54611,0,1
1768483513085,55296,Create Candidate Request,401,Unauthorized,Candidate Creation Thread Group 1-420,text,false,,261,494,1000,1000,http://localhost:8080/web/index.php/api/v2/recruitment/candidates,55295,0,0
1768483515172,53308,Create Candidate Request,401,Unauthorized,Candidate Creation Thread Group 1-521,text,false,,261,494,1000,1000,http://localhost:8080/web/index.php/api/v2/recruitment/candidates,53307,0,0
1768483515273,53307,Create Candidate Request,401,Unauthorized,Candidate Creation Thread Group 1-523,text,false,,261,494,1000,1000,http://localhost:8080/web/index.php/api/v2/recruitment/candidates,53307,0,1
1768483497580,71101,Create Candidate Request,401,Unauthorized,Candidate Creation Thread Group 1-249,text,false,,261,494,1000,1000,http://localhost:8080/web/index.php/api/v2/recruitment/candidates,71100,0,0
1768483515180,53602,Create Candidate Request,401,Unauthorized,Candidate Creation Thread Group 1-522,text,false,,261,494,1000,1000,http://localhost:8080/web/index.php/api/v2/recruitment/candidates,53602,0,1
1768483515376,53595,Create Candidate Request,401,Unauthorized,Candidate Creation Thread Group 1-525,text,false,,261,494,1000,1000,http://localhost:8080/web/index.php/api/v2/recruitment/candidates,53595,0,1
1768483510282,58720,Create Candidate Request,401,Unauthorized,Candidate Creation Thread Group 1-389,text,false,,261,494,1000,1000,http://localhost:8080/web/index.php/api/v2/recruitment/candidates,58720,0,1
1768483519574,49428,Create Candidate Request,401,Unauthorized,Candidate Creation Thread Group 1-577,text,false,,261,494,1000,1000,http://localhost:8080/web/index.php/api/v2/recruitment/candidates,49428,0,0
1768483527580,41492,Create Candidate Request,401,Unauthorized,Candidate Creation Thread Group 1-678,text,false,,261,494,1000,1000,http://localhost:8080/web/index.php/api/v2/recruitment/candidates,41492,0,1
1768483527776,41305,Create Candidate Request,401,Unauthorized,Candidate Creation Thread Group 1-728,text,false,,261,494,1000,1000,http://localhost:8080/web/index.php/api/v2/recruitment/candidates,41303,0,1
1768483513372,55713,Create Candidate Request,401,Unauthorized,Candidate Creation Thread Group 1-429,text,false,,261,491,1000,1000,http://localhost:8080/web/index.php/api/v2/recruitment/candidates,55712,0,0
1768483515576,53598,Create Candidate Request,401,Unauthorized,Candidate Creation Thread Group 1-527,text,false,,261,494,1000,1000,http://localhost:8080/web/index.php/api/v2/recruitment/candidates,53597,0,0
1768483515482,53697,Create Candidate Request,401,Unauthorized,Candidate Creation Thread Group 1-526,text,false,,261,494,1000,1000,http://localhost:8080/web/index.php/api/v2/recruitment/candidates,53697,0,1
1768483515677,53594,Create Candidate Request,401,Unauthorized,Candidate Creation Thread Group 1-528,text,false,,261,494,1000,1000,http://localhost:8080/web/index.php/api/v2/recruitment/candidates,53593,0,0
1768483515771,53506,Create Candidate Request,401,Unauthorized,Candidate Creation Thread Group 1-529,text,false,,261,494,1000,1000,http://localhost:8080/web/index.php/api/v2/recruitment/candidates,53506,0,1
1768483515871,53414,Create Candidate Request,401,Unauthorized,Candidate Creation Thread Group 1-530,text,false,,261,494,1000,1000,http://localhost:8080/web/index.php/api/v2/recruitment/candidates,53413,0,1
1768483515972,53405,Create Candidate Request,401,Unauthorized,Candidate Creation Thread Group 1-531,text,false,,261,494,1000,1000,http://localhost:8080/web/index.php/api/v2/recruitment/candidates,53403,0,1
1768483515986,53484,Create Candidate Request,401,Unauthorized,Candidate Creation Thread Group 1-532,text,false,,261,494,1000,1000,http://localhost:8080/web/index.php/api/v2/recruitment/candidates,53403,0,1
1768483516084,53398,Create Candidate Request,401,Unauthorized,Candidate Creation Thread Group 1-533,text,false,,261,494,1000,1000,http://localhost:8080/web/index.php/api/v2/recruitment/candidates,53397,0,1
1768483516173,53406,Create Candidate Request,401,Unauthorized,Candidate Creation Thread Group 1-535,text,false,,261,494,1000,1000,http://localhost:8080/web/index.php/api/v2/recruitment/candidates,53404,0,0
1768483516180,53498,Create Candidate Request,401,Unauthorized,Candidate Creation Thread Group 1-539,text,false,,261,494,1000,1000,http://localhost:8080/web/index.php/api/v2/recruitment/candidates,53497,0,0
1768483512272,57510,Create Candidate Request,401,Unauthorized,Candidate Creation Thread Group 1-409,text,false,,261,494,1000,1000,http://localhost:8080/web/index.php/api/v2/recruitment/candidates,57507,0,0
1768483515370,54512,Create Candidate Request,401,Unauthorized,Candidate Creation Thread Group 1-576,text,false,,261,494,1000,1000,http://localhost:8080/web/index.php/api/v2/recruitment/candidates,54511,0,1
1768483516388,53592,Create Candidate Request,401,Unauthorized,Candidate Creation Thread Group 1-534,text,false,,261,494,1000,1000,http://localhost:8080/web/index.php/api/v2/recruitment/candidates,53591,0,1
1768483516572,53600,Create Candidate Request,401,Unauthorized,Candidate Creation Thread Group 1-538,text,false,,261,494,1000,1000,http://localhost:8080/web/index.php/api/v2/recruitment/candidates,53599,0,0
1768483516677,53503,Create Candidate Request,401,Unauthorized,Candidate Creation Thread Group 1-536,text,false,,261,494,1000,1000,http://localhost:8080/web/index.php/api/v2/recruitment/candidates,53501,0,1
1768483516580,53695,Create Candidate Request,401,Unauthorized,Candidate Creation Thread Group 1-541,text,false,,261,494,1000,1000,http://localhost:8080/web/index.php/api/v2/recruitment/candidates,53694,0,1
1768483516878,53406,Create Candidate Request,401,Unauthorized,Candidate Creation Thread Group 1-544,text,false,,261,491,1000,1000,http://localhost:8080/web/index.php/api/v2/recruitment/candidates,53406,0,2
1768483516686,53698,Create Candidate Request,401,Unauthorized,Candidate Creation Thread Group 1-542,text,false,,261,494,1000,1000,http://localhost:8080/web/index.php/api/v2/recruitment/candidates,53697,0,1
1768483528970,41602,Create Candidate Request,401,Unauthorized,Candidate Creation Thread Group 1-99,text,false,,261,491,1000,1000,http://localhost:8080/web/index.php/api/v2/recruitment/candidates,41601,0,1
1768483528682,41989,Create Candidate Request,401,Unauthorized,Candidate Creation Thread Group 1-285,text,false,,261,491,1000,1000,http://localhost:8080/web/index.php/api/v2/recruitment/candidates,41903,0,0
1768483483071,87702,Create Candidate Request,401,Unauthorized,Candidate Creation Thread Group 1-144,text,false,,261,494,1000,1000,http://localhost:8080/web/index.php/api/v2/recruitment/candidates,87701,0,1
1768483528773,42108,Create Candidate Request,401,Unauthorized,Candidate Creation Thread Group 1-48,text,false,,261,491,1000,1000,http://localhost:8080/web/index.php/api/v2/recruitment/candidates,42108,0,1
1768483522272,48712,Create Candidate Request,401,Unauthorized,Candidate Creation Thread Group 1-605,text,false,,261,494,1000,1000,http://localhost:8080/web/index.php/api/v2/recruitment/candidates,48711,0,2
1768483522374,48797,Create Candidate Request,401,Unauthorized,Candidate Creation Thread Group 1-607,text,false,,261,494,1000,1000,http://localhost:8080/web/index.php/api/v2/recruitment/candidates,48797,0,1
1768483522386,48789,Create Candidate Request,401,Unauthorized,Candidate Creation Thread Group 1-608,text,false,,261,494,1000,1000,http://localhost:8080/web/index.php/api/v2/recruitment/candidates,48789,0,1
1768483522483,48786,Create Candidate Request,401,Unauthorized,Candidate Creation Thread Group 1-609,text,false,,261,494,1000,1000,http://localhost:8080/web/index.php/api/v2/recruitment/candidates,48699,0,1
1768483522572,48702,Create Candidate Request,401,Unauthorized,Candidate Creation Thread Group 1-611,text,false,,261,494,1000,1000,http://localhost:8080/web/index.php/api/v2/recruitment/candidates,48701,0,0
1768483521781,49593,Create Candidate Request,401,Unauthorized,Candidate Creation Thread Group 1-123,text,false,,261,494,1000,1000,http://localhost:8080/web/index.php/api/v2/recruitment/candidates,49593,0,1
1768483522879,48592,Create Candidate Request,401,Unauthorized,Candidate Creation Thread Group 1-614,text,false,,261,494,1000,1000,http://localhost:8080/web/index.php/api/v2/recruitment/candidates,48508,0,2
1768483523070,48412,Create Candidate Request,401,Unauthorized,Candidate Creation Thread Group 1-616,text,false,,261,494,1000,1000,http://localhost:8080/web/index.php/api/v2/recruitment/candidates,48411,0,1
1768483519078,52593,Create Candidate Request,401,Unauthorized,Candidate Creation Thread Group 1-569,text,false,,261,494,1000,1000,http://localhost:8080/web/index.php/api/v2/recruitment/candidates,52592,0,2
1768483523178,48502,Create Candidate Request,401,Unauthorized,Candidate Creation Thread Group 1-617,text,false,,261,494,1000,1000,http://localhost:8080/web/index.php/api/v2/recruitment/candidates,48501,0,0
1768483523183,48598,Create Candidate Request,401,Unauthorized,Candidate Creation Thread Group 1-619,text,false,,261,494,1000,1000,http://localhost:8080/web/index.php/api/v2/recruitment/candidates,48598,0,0
1768483530273,41611,Create Candidate Request,401,Unauthorized,Candidate Creation Thread Group 1-175,text,false,,261,494,1000,1000,http://localhost:8080/web/index.php/api/v2/recruitment/candidates,41610,0,0
1768483529484,42592,Create Candidate Request,401,Unauthorized,Candidate Creation Thread Group 1-116,text,false,,261,494,1000,1000,http://localhost:8080/web/index.php/api/v2/recruitment/candidates,42590,0,0
1768483529586,42590,Create Candidate Request,401,Unauthorized,Candidate Creation Thread Group 1-43,text,false,,261,494,1000,1000,http://localhost:8080/web/index.php/api/v2/recruitment/candidates,42590,0,0
1768483523383,48799,Create Candidate Request,401,Unauthorized,Candidate Creation Thread Group 1-626,text,false,,261,494,1000,1000,http://localhost:8080/web/index.php/api/v2/recruitment/candidates,48799,0,2
1768483525971,46400,Create Candidate Request,401,Unauthorized,Candidate Creation Thread Group 1-138,text,false,,261,494,1000,1000,http://localhost:8080/web/index.php/api/v2/recruitment/candidates,46313,0,3
1768483529784,42695,Create Candidate Request,401,Unauthorized,Candidate Creation Thread Group 1-73,text,false,,261,494,1000,1000,http://localhost:8080/web/index.php/api/v2/recruitment/candidates,42693,0,0
1768483530178,42392,Create Candidate Request,401,Unauthorized,Candidate Creation Thread Group 1-113,text,false,,261,494,1000,1000,http://localhost:8080/web/index.php/api/v2/recruitment/candidates,42309,0,0
1768483523277,49307,Create Candidate Request,401,Unauthorized,Candidate Creation Thread Group 1-618,text,false,,261,494,1000,1000,http://localhost:8080/web/index.php/api/v2/recruitment/candidates,49306,0,0
1768483519275,53409,Create Candidate Request,401,Unauthorized,Candidate Creation Thread Group 1-574,text,false,,261,494,1000,1000,http://localhost:8080/web/index.php/api/v2/recruitment/candidates,53408,0,1
1768483530882,41898,Create Candidate Request,401,Unauthorized,Candidate Creation Thread Group 1-168,text,false,,261,494,1000,1000,http://localhost:8080/web/index.php/api/v2/recruitment/candidates,41898,0,1
1768483523178,49704,Create Candidate Request,401,Unauthorized,Candidate Creation Thread Group 1-63,text,false,,261,494,1000,1000,http://localhost:8080/web/index.php/api/v2/recruitment/candidates,49701,0,0
1768483523377,49603,Create Candidate Request,401,Unauthorized,Candidate Creation Thread Group 1-625,text,false,,261,494,1000,1000,http://localhost:8080/web/index.php/api/v2/recruitment/candidates,49602,0,1
1768483523373,49708,Create Candidate Request,401,Unauthorized,Candidate Creation Thread Group 1-624,text,false,,261,494,1000,1000,http://localhost:8080/web/index.php/api/v2/recruitment/candidates,49705,0,0
1768483523482,49693,Create Candidate Request,401,Unauthorized,Candidate Creation Thread Group 1-628,text,false,,261,494,1000,1000,http://localhost:8080/web/index.php/api/v2/recruitment/candidates,49693,0,0
1768483523474,49708,Create Candidate Request,401,Unauthorized,Candidate Creation Thread Group 1-627,text,false,,261,494,1000,1000,http://localhost:8080/web/index.php/api/v2/recruitment/candidates,49707,0,0
1768483523573,49707,Create Candidate Request,401,Unauthorized,Candidate Creation Thread Group 1-630,text,false,,261,494,1000,1000,http://localhost:8080/web/index.php/api/v2/recruitment/candidates,49706,0,2
1768483523588,49885,Create Candidate Request,401,Unauthorized,Candidate Creation Thread Group 1-629,text,false,,261,494,1000,1000,http://localhost:8080/web/index.php/api/v2/recruitment/candidates,49884,0,0
1768483520686,52886,Create Candidate Request,401,Unauthorized,Candidate Creation Thread Group 1-585,text,false,,261,494,1000,1000,http://localhost:8080/web/index.php/api/v2/recruitment/candidates,52885,0,0
1768483523771,49903,Create Candidate Request,401,Unauthorized,Candidate Creation Thread Group 1-632,text,false,,261,494,1000,1000,http://localhost:8080/web/index.php/api/v2/recruitment/candidates,49902,0,0
1768483523785,49987,Create Candidate Request,401,Unauthorized,Candidate Creation Thread Group 1-637,text,false,,261,494,1000,1000,http://localhost:8080/web/index.php/api/v2/recruitment/candidates,49986,0,1
1768483523983,49798,Create Candidate Request,401,Unauthorized,Candidate Creation Thread Group 1-6,text,false,,261,494,1000,1000,http://localhost:8080/web/index.php/api/v2/recruitment/candidates,49797,0,0
1768483519872,54007,Create Candidate Request,401,Unauthorized,Candidate Creation Thread Group 1-579,text,false,,261,494,1000,1000,http://localhost:8080/web/index.php/api/v2/recruitment/candidates,54005,0,1
1768483522977,50997,Create Candidate Request,401,Unauthorized,Candidate Creation Thread Group 1-615,text,false,,261,494,1000,1000,http://localhost:8080/web/index.php/api/v2/recruitment/candidates,50994,0,1
1768483524273,49704,Create Candidate Request,401,Unauthorized,Candidate Creation Thread Group 1-636,text,false,,261,494,1000,1000,http://localhost:8080/web/index.php/api/v2/recruitment/candidates,49704,0,0
1768483487674,86396,Create Candidate Request,401,Unauthorized,Candidate Creation Thread Group 1-134,text,false,,261,494,1000,1000,http://localhost:8080/web/index.php/api/v2/recruitment/candidates,86396,0,0
1768483524374,49796,Create Candidate Request,401,Unauthorized,Candidate Creation Thread Group 1-638,text,false,,261,494,1000,1000,http://localhost:8080/web/index.php/api/v2/recruitment/candidates,49796,0,0
1768483524595,49579,Create Candidate Request,401,Unauthorized,Candidate Creation Thread Group 1-643,text,false,,261,491,1000,1000,http://localhost:8080/web/index.php/api/v2/recruitment/candidates,49578,0,0
1768483524473,49705,Create Candidate Request,401,Unauthorized,Candidate Creation Thread Group 1-635,text,false,,261,494,1000,1000,http://localhost:8080/web/index.php/api/v2/recruitment/candidates,49704,0,1
1768483524783,49488,Create Candidate Request,401,Unauthorized,Candidate Creation Thread Group 1-654,text,false,,261,491,1000,1000,http://localhost:8080/web/index.php/api/v2/recruitment/candidates,49487,0,0
1768483524976,49300,Create Candidate Request,401,Unauthorized,Candidate Creation Thread Group 1-641,text,false,,261,491,1000,1000,http://localhost:8080/web/index.php/api/v2/recruitment/candidates,49298,0,0
1768483520883,53402,Create Candidate Request,401,Unauthorized,Candidate Creation Thread Group 1-591,text,false,,261,491,1000,1000,http://localhost:8080/web/index.php/api/v2/recruitment/candidates,53401,0,0
1768483525070,49307,Create Candidate Request,401,Unauthorized,Candidate Creation Thread Group 1-642,text,false,,261,491,1000,1000,http://localhost:8080/web/index.php/api/v2/recruitment/candidates,49306,0,1
1768483525171,49299,Create Candidate Request,401,Unauthorized,Candidate Creation Thread Group 1-644,text,false,,261,491,1000,1000,http://localhost:8080/web/index.php/api/v2/recruitment/candidates,49211,0,1
1768483529983,44588,Create Candidate Request,401,Unauthorized,Candidate Creation Thread Group 1-69,text,false,,261,494,1000,1000,http://localhost:8080/web/index.php/api/v2/recruitment/candidates,44587,0,0
1768483525273,49305,Create Candidate Request,401,Unauthorized,Candidate Creation Thread Group 1-645,text,false,,261,491,1000,1000,http://localhost:8080/web/index.php/api/v2/recruitment/candidates,49304,0,1
1768483525177,49505,Create Candidate Request,401,Unauthorized,Candidate Creation Thread Group 1-646,text,false,,261,491,1000,1000,http://localhost:8080/web/index.php/api/v2/recruitment/candidates,49504,0,0
1768483525482,49291,Create Candidate Request,401,Unauthorized,Candidate Creation Thread Group 1-39,text,false,,261,494,1000,1000,http://localhost:8080/web/index.php/api/v2/recruitment/candidates,49291,0,1
1768483525371,49415,Create Candidate Request,401,Unauthorized,Candidate Creation Thread Group 1-647,text,false,,261,491,1000,1000,http://localhost:8080/web/index.php/api/v2/recruitment/candidates,49415,0,1
1768483525383,49590,Create Candidate Request,401,Unauthorized,Candidate Creation Thread Group 1-650,text,false,,261,494,1000,1000,http://localhost:8080/web/index.php/api/v2/recruitment/candidates,49588,0,0
1768483525586,49484,Create Candidate Request,401,Unauthorized,Candidate Creation Thread Group 1-86,text,false,,261,494,1000,1000,http://localhost:8080/web/index.php/api/v2/recruitment/candidates,49398,0,0
1768483530279,44925,Create Candidate Request,401,Unauthorized,Candidate Creation Thread Group 1-1,text,false,,261,494,1000,1000,http://localhost:8080/web/index.php/api/v2/recruitment/candidates,44925,0,0
1768483525677,49527,Create Candidate Request,401,Unauthorized,Candidate Creation Thread Group 1-84,text,false,,261,494,1000,1000,http://localhost:8080/web/index.php/api/v2/recruitment/candidates,49527,0,2
1768483525682,49522,Create Candidate Request,401,Unauthorized,Candidate Creation Thread Group 1-164,text,false,,261,494,1000,1000,http://localhost:8080/web/index.php/api/v2/recruitment/candidates,49522,0,0
1768483524685,50596,Create Candidate Request,401,Unauthorized,Candidate Creation Thread Group 1-640,text,false,,261,491,1000,1000,http://localhost:8080/web/index.php/api/v2/recruitment/candidates,50595,0,0
1768483525872,49509,Create Candidate Request,401,Unauthorized,Candidate Creation Thread Group 1-139,text,false,,261,494,1000,1000,http://localhost:8080/web/index.php/api/v2/recruitment/candidates,49508,0,3
1768483525773,49709,Create Candidate Request,401,Unauthorized,Candidate Creation Thread Group 1-152,text,false,,261,494,1000,1000,http://localhost:8080/web/index.php/api/v2/recruitment/candidates,49708,0,1
1768483525985,49598,Create Candidate Request,401,Unauthorized,Candidate Creation Thread Group 1-44,text,false,,261,494,1000,1000,http://localhost:8080/web/index.php/api/v2/recruitment/candidates,49597,0,0
1768483526172,49511,Create Candidate Request,401,Unauthorized,Candidate Creation Thread Group 1-696,text,false,,261,494,1000,1000,http://localhost:8080/web/index.php/api/v2/recruitment/candidates,49511,0,2
1768483524081,51893,Create Candidate Request,401,Unauthorized,Candidate Creation Thread Group 1-634,text,false,,261,494,1000,1000,http://localhost:8080/web/index.php/api/v2/recruitment/candidates,51893,0,0
1768483526284,49792,Create Candidate Request,401,Unauthorized,Candidate Creation Thread Group 1-649,text,false,,261,494,1000,1000,http://localhost:8080/web/index.php/api/v2/recruitment/candidates,49791,0,0
1768483526275,49996,Create Candidate Request,401,Unauthorized,Candidate Creation Thread Group 1-96,text,false,,261,494,1000,1000,http://localhost:8080/web/index.php/api/v2/recruitment/candidates,49995,0,0
1768483526474,49801,Create Candidate Request,401,Unauthorized,Candidate Creation Thread Group 1-656,text,false,,261,494,1000,1000,http://localhost:8080/web/index.php/api/v2/recruitment/candidates,49801,0,1
1768483526379,49902,Create Candidate Request,401,Unauthorized,Candidate Creation Thread Group 1-652,text,false,,261,494,1000,1000,http://localhost:8080/web/index.php/api/v2/recruitment/candidates,49901,0,0
1768483521376,55004,Create Candidate Request,401,Unauthorized,Candidate Creation Thread Group 1-597,text,false,,261,491,1000,1000,http://localhost:8080/web/index.php/api/v2/recruitment/candidates,55003,0,0
1768483526574,49910,Create Candidate Request,401,Unauthorized,Candidate Creation Thread Group 1-657,text,false,,261,494,1000,1000,http://localhost:8080/web/index.php/api/v2/recruitment/candidates,49908,0,1
1768483526773,49811,Create Candidate Request,401,Unauthorized,Candidate Creation Thread Group 1-659,text,false,,261,494,1000,1000,http://localhost:8080/web/index.php/api/v2/recruitment/candidates,49809,0,1
1768483526977,49700,Create Candidate Request,401,Unauthorized,Candidate Creation Thread Group 1-660,text,false,,261,494,1000,1000,http://localhost:8080/web/index.php/api/v2/recruitment/candidates,49699,0,0
1768483526679,50005,Create Candidate Request,401,Unauthorized,Candidate Creation Thread Group 1-658,text,false,,261,494,1000,1000,http://localhost:8080/web/index.php/api/v2/recruitment/candidates,50005,0,1
1768483527172,49610,Create Candidate Request,401,Unauthorized,Candidate Creation Thread Group 1-682,text,false,,261,494,1000,1000,http://localhost:8080/web/index.php/api/v2/recruitment/candidates,49609,0,0
1768483527182,49693,Create Candidate Request,401,Unauthorized,Candidate Creation Thread Group 1-57,text,false,,261,494,1000,1000,http://localhost:8080/web/index.php/api/v2/recruitment/candidates,49692,0,0
1768483520170,56714,Create Candidate Request,401,Unauthorized,Candidate Creation Thread Group 1-581,text,false,,261,494,1000,1000,http://localhost:8080/web/index.php/api/v2/recruitment/candidates,56714,0,2
1768483527283,49699,Create Candidate Request,401,Unauthorized,Candidate Creation Thread Group 1-62,text,false,,261,494,1000,1000,http://localhost:8080/web/index.php/api/v2/recruitment/candidates,49698,0,0
1768483527479,49603,Create Candidate Request,401,Unauthorized,Candidate Creation Thread Group 1-64,text,false,,261,494,1000,1000,http://localhost:8080/web/index.php/api/v2/recruitment/candidates,49603,0,0
1768483470151,106962,Create Candidate Request,Non HTTP response code: org.apache.http.NoHttpResponseException,Non HTTP response message: localhost:8080 failed to respond,Candidate Creation Thread Group 1-723,text,false,,2057,0,1000,1000,http://localhost:8080/web/index.php/api/v2/recruitment/candidates,0,0,0
1768483470129,106984,Create Candidate Request,Non HTTP response code: org.apache.http.NoHttpResponseException,Non HTTP response message: localhost:8080 failed to respond,Candidate Creation Thread Group 1-712,text,false,,2057,0,1000,1000,http://localhost:8080/web/index.php/api/v2/recruitment/candidates,0,0,0
1768483470055,107058,Create Candidate Request,Non HTTP response code: org.apache.http.NoHttpResponseException,Non HTTP response message: localhost:8080 failed to respond,Candidate Creation Thread Group 1-675,text,false,,2057,0,1000,1000,http://localhost:8080/web/index.php/api/v2/recruitment/candidates,0,0,1
1768483470152,106961,Create Candidate Request,Non HTTP response code: org.apache.http.NoHttpResponseException,Non HTTP response message: localhost:8080 failed to respond,Candidate Creation Thread Group 1-724,text,false,,2057,0,1000,1000,http://localhost:8080/web/index.php/api/v2/recruitment/candidates,0,0,0
1768483470155,106958,Create Candidate Request,Non HTTP response code: org.apache.http.NoHttpResponseException,Non HTTP response message: localhost:8080 failed to respond,Candidate Creation Thread Group 1-725,text,false,,2057,0,1000,1000,http://localhost:8080/web/index.php/api/v2/recruitment/candidates,0,0,1
1768483470047,107066,Create Candidate Request,Non HTTP response code: org.apache.http.NoHttpResponseException,Non HTTP response message: localhost:8080 failed to respond,Candidate Creation Thread Group 1-671,text,false,,2057,0,1000,1000,http://localhost:8080/web/index.php/api/v2/recruitment/candidates,0,0,0
1768483470038,107076,Create Candidate Request,Non HTTP response code: org.apache.http.NoHttpResponseException,Non HTTP response message: localhost:8080 failed to respond,Candidate Creation Thread Group 1-666,text,false,,2057,0,1000,1000,http://localhost:8080/web/index.php/api/v2/recruitment/candidates,0,0,0
1768483470185,106929,Create Candidate Request,Non HTTP response code: org.apache.http.NoHttpResponseException,Non HTTP response message: localhost:8080 failed to respond,Candidate Creation Thread Group 1-740,text,false,,2057,0,1000,1000,http://localhost:8080/web/index.php/api/v2/recruitment/candidates,0,0,0
1768483470169,106944,Create Candidate Request,Non HTTP response code: org.apache.http.NoHttpResponseException,Non HTTP response message: localhost:8080 failed to respond,Candidate Creation Thread Group 1-732,text,false,,2057,0,1000,1000,http://localhost:8080/web/index.php/api/v2/recruitment/candidates,0,0,0
1768483470145,106986,Create Candidate Request,Non HTTP response code: org.apache.http.NoHttpResponseException,Non HTTP response message: localhost:8080 failed to respond,Candidate Creation Thread Group 1-720,text,false,,2057,0,1000,1000,http://localhost:8080/web/index.php/api/v2/recruitment/candidates,0,0,0
1768483470027,107105,Create Candidate Request,Non HTTP response code: org.apache.http.NoHttpResponseException,Non HTTP response message: localhost:8080 failed to respond,Candidate Creation Thread Group 1-661,text,false,,2057,0,1000,1000,http://localhost:8080/web/index.php/api/v2/recruitment/candidates,0,0,0
1768483470189,106943,Create Candidate Request,Non HTTP response code: org.apache.http.NoHttpResponseException,Non HTTP response message: localhost:8080 failed to respond,Candidate Creation Thread Group 1-742,text,false,,2057,0,1000,1000,http://localhost:8080/web/index.php/api/v2/recruitment/candidates,0,0,1
1768483470143,106989,Create Candidate Request,Non HTTP response code: org.apache.http.NoHttpResponseException,Non HTTP response message: localhost:8080 failed to respond,Candidate Creation Thread Group 1-719,text,false,,2057,0,1000,1000,http://localhost:8080/web/index.php/api/v2/recruitment/candidates,0,0,0
1768483470130,106983,Create Candidate Request,Non HTTP response code: org.apache.http.NoHttpResponseException,Non HTTP response message: localhost:8080 failed to respond,Candidate Creation Thread Group 1-713,text,false,,2057,0,1000,1000,http://localhost:8080/web/index.php/api/v2/recruitment/candidates,0,0,0
1768483470181,106933,Create Candidate Request,Non HTTP response code: org.apache.http.NoHttpResponseException,Non HTTP response message: localhost:8080 failed to respond,Candidate Creation Thread Group 1-738,text,false,,2057,0,1000,1000,http://localhost:8080/web/index.php/api/v2/recruitment/candidates,0,0,1
1768483470165,106967,Create Candidate Request,Non HTTP response code: org.apache.http.NoHttpResponseException,Non HTTP response message: localhost:8080 failed to respond,Candidate Creation Thread Group 1-730,text,false,,2057,0,1000,1000,http://localhost:8080/web/index.php/api/v2/recruitment/candidates,0,0,0
1768483470159,106955,Create Candidate Request,Non HTTP response code: org.apache.http.NoHttpResponseException,Non HTTP response message: localhost:8080 failed to respond,Candidate Creation Thread Group 1-727,text,false,,2057,0,1000,1000,http://localhost:8080/web/index.php/api/v2/recruitment/candidates,0,0,0
1768483470172,106941,Create Candidate Request,Non HTTP response code: org.apache.http.NoHttpResponseException,Non HTTP response message: localhost:8080 failed to respond,Candidate Creation Thread Group 1-733,text,false,,2057,0,1000,1000,http://localhost:8080/web/index.php/api/v2/recruitment/candidates,0,0,0
1768483470045,107088,Create Candidate Request,Non HTTP response code: org.apache.http.NoHttpResponseException,Non HTTP response message: localhost:8080 failed to respond,Candidate Creation Thread Group 1-668,text,false,,2057,0,1000,1000,http://localhost:8080/web/index.php/api/v2/recruitment/candidates,0,0,0
1768483470141,106992,Create Candidate Request,Non HTTP response code: org.apache.http.NoHttpResponseException,Non HTTP response message: localhost:8080 failed to respond,Candidate Creation Thread Group 1-718,text,false,,2057,0,1000,1000,http://localhost:8080/web/index.php/api/v2/recruitment/candidates,0,0,0
1768483470187,106946,Create Candidate Request,Non HTTP response code: org.apache.http.NoHttpResponseException,Non HTTP response message: localhost:8080 failed to respond,Candidate Creation Thread Group 1-741,text,false,,2057,0,1000,1000,http://localhost:8080/web/index.php/api/v2/recruitment/candidates,0,0,0
1768483470175,106939,Create Candidate Request,Non HTTP response code: org.apache.http.NoHttpResponseException,Non HTTP response message: localhost:8080 failed to respond,Candidate Creation Thread Group 1-734,text,false,,2057,0,1000,1000,http://localhost:8080/web/index.php/api/v2/recruitment/candidates,0,0,0
1768483470031,107083,Create Candidate Request,Non HTTP response code: org.apache.http.NoHttpResponseException,Non HTTP response message: localhost:8080 failed to respond,Candidate Creation Thread Group 1-663,text,false,,2057,0,1000,1000,http://localhost:8080/web/index.php/api/v2/recruitment/candidates,0,0,0
1768483470183,106950,Create Candidate Request,Non HTTP response code: org.apache.http.NoHttpResponseException,Non HTTP response message: localhost:8080 failed to respond,Candidate Creation Thread Group 1-739,text,false,,2057,0,1000,1000,http://localhost:8080/web/index.php/api/v2/recruitment/candidates,0,0,0
1768483470176,106938,Create Candidate Request,Non HTTP response code: org.apache.http.NoHttpResponseException,Non HTTP response message: localhost:8080 failed to respond,Candidate Creation Thread Group 1-735,text,false,,2057,0,1000,1000,http://localhost:8080/web/index.php/api/v2/recruitment/candidates,0,0,0
1768483470135,106998,Create Candidate Request,Non HTTP response code: org.apache.http.NoHttpResponseException,Non HTTP response message: localhost:8080 failed to respond,Candidate Creation Thread Group 1-715,text,false,,2057,0,1000,1000,http://localhost:8080/web/index.php/api/v2/recruitment/candidates,0,0,0
1768483470139,106975,Create Candidate Request,Non HTTP response code: org.apache.http.NoHttpResponseException,Non HTTP response message: localhost:8080 failed to respond,Candidate Creation Thread Group 1-717,text,false,,2057,0,1000,1000,http://localhost:8080/web/index.php/api/v2/recruitment/candidates,0,0,0
1768483470053,107061,Create Candidate Request,Non HTTP response code: org.apache.http.NoHttpResponseException,Non HTTP response message: localhost:8080 failed to respond,Candidate Creation Thread Group 1-674,text,false,,2057,0,1000,1000,http://localhost:8080/web/index.php/api/v2/recruitment/candidates,0,0,0
1768483470063,107070,Create Candidate Request,Non HTTP response code: org.apache.http.NoHttpResponseException,Non HTTP response message: localhost:8080 failed to respond,Candidate Creation Thread Group 1-679,text,false,,2057,0,1000,1000,http://localhost:8080/web/index.php/api/v2/recruitment/candidates,0,0,1
1768483470163,106970,Create Candidate Request,Non HTTP response code: org.apache.http.NoHttpResponseException,Non HTTP response message: localhost:8080 failed to respond,Candidate Creation Thread Group 1-729,text,false,,2057,0,1000,1000,http://localhost:8080/web/index.php/api/v2/recruitment/candidates,0,0,0
1768483470147,106966,Create Candidate Request,Non HTTP response code: org.apache.http.NoHttpResponseException,Non HTTP response message: localhost:8080 failed to respond,Candidate Creation Thread Group 1-721,text,false,,2057,0,1000,1000,http://localhost:8080/web/index.php/api/v2/recruitment/candidates,0,0,0
1768483470190,106943,Create Candidate Request,Non HTTP response code: org.apache.http.NoHttpResponseException,Non HTTP response message: localhost:8080 failed to respond,Candidate Creation Thread Group 1-743,text,false,,2057,0,1000,1000,http://localhost:8080/web/index.php/api/v2/recruitment/candidates,0,0,0
1768483470132,106982,Create Candidate Request,Non HTTP response code: org.apache.http.NoHttpResponseException,Non HTTP response message: localhost:8080 failed to respond,Candidate Creation Thread Group 1-714,text,false,,2057,0,1000,1000,http://localhost:8080/web/index.php/api/v2/recruitment/candidates,0,0,1
1768483470051,107063,Create Candidate Request,Non HTTP response code: org.apache.http.NoHttpResponseException,Non HTTP response message: localhost:8080 failed to respond,Candidate Creation Thread Group 1-673,text,false,,2057,0,1000,1000,http://localhost:8080/web/index.php/api/v2/recruitment/candidates,0,0,0
1768483470039,107075,Create Candidate Request,Non HTTP response code: org.apache.http.NoHttpResponseException,Non HTTP response message: localhost:8080 failed to respond,Candidate Creation Thread Group 1-667,text,false,,2057,0,1000,1000,http://localhost:8080/web/index.php/api/v2/recruitment/candidates,0,0,0
1768483470049,107065,Create Candidate Request,Non HTTP response code: org.apache.http.NoHttpResponseException,Non HTTP response message: localhost:8080 failed to respond,Candidate Creation Thread Group 1-672,text,false,,2057,0,1000,1000,http://localhost:8080/web/index.php/api/v2/recruitment/candidates,0,0,0
1768483470179,106955,Create Candidate Request,Non HTTP response code: org.apache.http.NoHttpResponseException,Non HTTP response message: localhost:8080 failed to respond,Candidate Creation Thread Group 1-737,text,false,,2057,0,1000,1000,http://localhost:8080/web/index.php/api/v2/recruitment/candidates,0,0,0
1768483470177,106957,Create Candidate Request,Non HTTP response code: org.apache.http.NoHttpResponseException,Non HTTP response message: localhost:8080 failed to respond,Candidate Creation Thread Group 1-736,text,false,,2057,0,1000,1000,http://localhost:8080/web/index.php/api/v2/recruitment/candidates,0,0,0
1768483470149,106985,Create Candidate Request,Non HTTP response code: org.apache.http.NoHttpResponseException,Non HTTP response message: localhost:8080 failed to respond,Candidate Creation Thread Group 1-722,text,false,,2057,0,1000,1000,http://localhost:8080/web/index.php/api/v2/recruitment/candidates,0,0,0
1768483470137,106977,Create Candidate Request,Non HTTP response code: org.apache.http.NoHttpResponseException,Non HTTP response message: localhost:8080 failed to respond,Candidate Creation Thread Group 1-716,text,false,,2057,0,1000,1000,http://localhost:8080/web/index.php/api/v2/recruitment/candidates,0,0,0
1768483470060,107074,Create Candidate Request,Non HTTP response code: org.apache.http.NoHttpResponseException,Non HTTP response message: localhost:8080 failed to respond,Candidate Creation Thread Group 1-677,text,false,,2057,0,1000,1000,http://localhost:8080/web/index.php/api/v2/recruitment/candidates,0,0,0
1768483527677,49502,Create Candidate Request,401,Unauthorized,Candidate Creation Thread Group 1-731,text,false,,261,494,1000,1000,http://localhost:8080/web/index.php/api/v2/recruitment/candidates,49500,0,1
1768483528874,48402,Create Candidate Request,401,Unauthorized,Candidate Creation Thread Group 1-949,text,false,,261,491,1000,1000,http://localhost:8080/web/index.php/api/v2/recruitment/candidates,48401,0,1
1768483528881,48404,Create Candidate Request,401,Unauthorized,Candidate Creation Thread Group 1-943,text,false,,261,491,1000,1000,http://localhost:8080/web/index.php/api/v2/recruitment/candidates,48404,0,0
1768483522776,54610,Create Candidate Request,401,Unauthorized,Candidate Creation Thread Group 1-612,text,false,,261,494,1000,1000,http://localhost:8080/web/index.php/api/v2/recruitment/candidates,54608,0,2
1768483527883,49591,Create Candidate Request,401,Unauthorized,Candidate Creation Thread Group 1-687,text,false,,261,494,1000,1000,http://localhost:8080/web/index.php/api/v2/recruitment/candidates,49590,0,1
1768483527075,50498,Create Candidate Request,401,Unauthorized,Candidate Creation Thread Group 1-41,text,false,,261,494,1000,1000,http://localhost:8080/web/index.php/api/v2/recruitment/candidates,50496,0,0
1768483528083,49588,Create Candidate Request,401,Unauthorized,Candidate Creation Thread Group 1-37,text,false,,261,494,1000,1000,http://localhost:8080/web/index.php/api/v2/recruitment/candidates,49587,0,0
1768483528174,49502,Create Candidate Request,401,Unauthorized,Candidate Creation Thread Group 1-662,text,false,,261,494,1000,1000,http://localhost:8080/web/index.php/api/v2/recruitment/candidates,49501,0,0
1768483528185,49593,Create Candidate Request,401,Unauthorized,Candidate Creation Thread Group 1-702,text,false,,261,494,1000,1000,http://localhost:8080/web/index.php/api/v2/recruitment/candidates,49593,0,1
1768483512585,65295,Create Candidate Request,401,Unauthorized,Candidate Creation Thread Group 1-414,text,false,,261,494,1000,1000,http://localhost:8080/web/index.php/api/v2/recruitment/candidates,65292,0,0
1768483519772,58210,Create Candidate Request,401,Unauthorized,Candidate Creation Thread Group 1-655,text,false,,261,494,1000,1000,http://localhost:8080/web/index.php/api/v2/recruitment/candidates,58210,0,2
1768483516981,61104,Create Candidate Request,401,Unauthorized,Candidate Creation Thread Group 1-546,text,false,,261,491,1000,1000,http://localhost:8080/web/index.php/api/v2/recruitment/candidates,61103,0,1
1768483517576,60598,Create Candidate Request,401,Unauthorized,Candidate Creation Thread Group 1-552,text,false,,261,491,1000,1000,http://localhost:8080/web/index.php/api/v2/recruitment/candidates,60597,0,1
1768483517475,60704,Create Candidate Request,401,Unauthorized,Candidate Creation Thread Group 1-550,text,false,,261,491,1000,1000,http://localhost:8080/web/index.php/api/v2/recruitment/candidates,60704,0,1
1768483517684,60605,Create Candidate Request,401,Unauthorized,Candidate Creation Thread Group 1-553,text,false,,261,494,1000,1000,http://localhost:8080/web/index.php/api/v2/recruitment/candidates,60589,0,1
1768483517871,60500,Create Candidate Request,401,Unauthorized,Candidate Creation Thread Group 1-555,text,false,,261,494,1000,1000,http://localhost:8080/web/index.php/api/v2/recruitment/candidates,60499,0,1
1768483517777,60599,Create Candidate Request,401,Unauthorized,Candidate Creation Thread Group 1-554,text,false,,261,494,1000,1000,http://localhost:8080/web/index.php/api/v2/recruitment/candidates,60599,0,1
1768483517979,60491,Create Candidate Request,401,Unauthorized,Candidate Creation Thread Group 1-556,text,false,,261,494,1000,1000,http://localhost:8080/web/index.php/api/v2/recruitment/candidates,60404,0,0
1768483481378,97105,Create Candidate Request,401,Unauthorized,Candidate Creation Thread Group 1-158,text,false,,261,494,1000,1000,http://localhost:8080/web/index.php/api/v2/recruitment/candidates,97105,0,1
1768483518179,60492,Create Candidate Request,401,Unauthorized,Candidate Creation Thread Group 1-560,text,false,,261,494,1000,1000,http://localhost:8080/web/index.php/api/v2/recruitment/candidates,60492,0,0
1768483518176,60506,Create Candidate Request,401,Unauthorized,Candidate Creation Thread Group 1-558,text,false,,261,494,1000,1000,http://localhost:8080/web/index.php/api/v2/recruitment/candidates,60506,0,0
1768483515071,63706,Create Candidate Request,401,Unauthorized,Candidate Creation Thread Group 1-520,text,false,,261,494,1000,1000,http://localhost:8080/web/index.php/api/v2/recruitment/candidates,63706,0,0
1768483497874,80908,Create Candidate Request,401,Unauthorized,Candidate Creation Thread Group 1-255,text,false,,261,494,1000,1000,http://localhost:8080/web/index.php/api/v2/recruitment/candidates,80907,0,0
1768483518183,60693,Create Candidate Request,401,Unauthorized,Candidate Creation Thread Group 1-562,text,false,,261,494,1000,1000,http://localhost:8080/web/index.php/api/v2/recruitment/candidates,60692,0,0
1768483518282,60598,Create Candidate Request,401,Unauthorized,Candidate Creation Thread Group 1-622,text,false,,261,494,1000,1000,http://localhost:8080/web/index.php/api/v2/recruitment/candidates,60597,0,0
1768483518278,60607,Create Candidate Request,401,Unauthorized,Candidate Creation Thread Group 1-563,text,false,,261,494,1000,1000,http://localhost:8080/web/index.php/api/v2/recruitment/candidates,60606,0,0
1768483516378,62598,Create Candidate Request,401,Unauthorized,Candidate Creation Thread Group 1-537,text,false,,261,494,1000,1000,http://localhost:8080/web/index.php/api/v2/recruitment/candidates,62597,0,1
1768483515472,63511,Create Candidate Request,401,Unauthorized,Candidate Creation Thread Group 1-524,text,false,,261,494,1000,1000,http://localhost:8080/web/index.php/api/v2/recruitment/candidates,63511,0,1
1768483518674,60404,Create Candidate Request,401,Unauthorized,Candidate Creation Thread Group 1-567,text,false,,261,494,1000,1000,http://localhost:8080/web/index.php/api/v2/recruitment/candidates,60403,0,1
1768483518772,60313,Create Candidate Request,401,Unauthorized,Candidate Creation Thread Group 1-566,text,false,,261,494,1000,1000,http://localhost:8080/web/index.php/api/v2/recruitment/candidates,60312,0,0
1768483518871,60303,Create Candidate Request,401,Unauthorized,Candidate Creation Thread Group 1-568,text,false,,261,494,1000,1000,http://localhost:8080/web/index.php/api/v2/recruitment/candidates,60303,0,0
1768483518073,61106,Create Candidate Request,401,Unauthorized,Candidate Creation Thread Group 1-557,text,false,,261,494,1000,1000,http://localhost:8080/web/index.php/api/v2/recruitment/candidates,61106,0,2
1768483518974,60300,Create Candidate Request,401,Unauthorized,Candidate Creation Thread Group 1-115,text,false,,261,494,1000,1000,http://localhost:8080/web/index.php/api/v2/recruitment/candidates,60299,0,0
1768483519177,60108,Create Candidate Request,401,Unauthorized,Candidate Creation Thread Group 1-572,text,false,,261,494,1000,1000,http://localhost:8080/web/index.php/api/v2/recruitment/candidates,60107,0,1
1768483516797,62582,Create Candidate Request,401,Unauthorized,Candidate Creation Thread Group 1-543,text,false,,261,491,1000,1000,http://localhost:8080/web/index.php/api/v2/recruitment/candidates,62581,0,1
1768483528072,51317,Create Candidate Request,401,Unauthorized,Candidate Creation Thread Group 1-35,text,false,,261,494,1000,1000,http://localhost:8080/web/index.php/api/v2/recruitment/candidates,51317,0,0
1768483519172,60301,Create Candidate Request,401,Unauthorized,Candidate Creation Thread Group 1-570,text,false,,261,494,1000,1000,http://localhost:8080/web/index.php/api/v2/recruitment/candidates,60301,0,1
1768483528277,51201,Create Candidate Request,401,Unauthorized,Candidate Creation Thread Group 1-120,text,false,,261,494,1000,1000,http://localhost:8080/web/index.php/api/v2/recruitment/candidates,51201,0,0
1768483519284,60199,Create Candidate Request,401,Unauthorized,Candidate Creation Thread Group 1-573,text,false,,261,494,1000,1000,http://localhost:8080/web/index.php/api/v2/recruitment/candidates,60199,0,0
1768483520174,59403,Create Candidate Request,401,Unauthorized,Candidate Creation Thread Group 1-588,text,false,,261,494,1000,1000,http://localhost:8080/web/index.php/api/v2/recruitment/candidates,59401,0,2
1768483528283,51300,Create Candidate Request,401,Unauthorized,Candidate Creation Thread Group 1-945,text,false,,261,494,1000,1000,http://localhost:8080/web/index.php/api/v2/recruitment/candidates,51298,0,1
1768483519975,59695,Create Candidate Request,401,Unauthorized,Candidate Creation Thread Group 1-580,text,false,,261,494,1000,1000,http://localhost:8080/web/index.php/api/v2/recruitment/candidates,59695,0,4
1768483524173,55502,Create Candidate Request,401,Unauthorized,Candidate Creation Thread Group 1-639,text,false,,261,494,1000,1000,http://localhost:8080/web/index.php/api/v2/recruitment/candidates,55501,0,1
1768483518170,61508,Create Candidate Request,401,Unauthorized,Candidate Creation Thread Group 1-559,text,false,,261,494,1000,1000,http://localhost:8080/web/index.php/api/v2/recruitment/candidates,61508,0,0
1768483528384,51299,Create Candidate Request,401,Unauthorized,Candidate Creation Thread Group 1-287,text,false,,261,494,1000,1000,http://localhost:8080/web/index.php/api/v2/recruitment/candidates,51299,0,0
1768483539272,40509,Create Candidate Request,401,Unauthorized,Candidate Creation Thread Group 1-231,text,false,,261,494,1000,1000,http://localhost:8080/web/index.php/api/v2/recruitment/candidates,40508,0,0
1768483520073,59805,Create Candidate Request,401,Unauthorized,Candidate Creation Thread Group 1-582,text,false,,261,494,1000,1000,http://localhost:8080/web/index.php/api/v2/recruitment/candidates,59804,0,0
1768483528570,51408,Create Candidate Request,401,Unauthorized,Candidate Creation Thread Group 1-966,text,false,,261,494,1000,1000,http://localhost:8080/web/index.php/api/v2/recruitment/candidates,51407,0,0
1768483520181,59901,Create Candidate Request,401,Unauthorized,Candidate Creation Thread Group 1-583,text,false,,261,494,1000,1000,http://localhost:8080/web/index.php/api/v2/recruitment/candidates,59900,0,0
1768483539574,40600,Create Candidate Request,401,Unauthorized,Candidate Creation Thread Group 1-233,text,false,,261,494,1000,1000,http://localhost:8080/web/index.php/api/v2/recruitment/candidates,40600,0,1
1768483520274,59907,Create Candidate Request,401,Unauthorized,Candidate Creation Thread Group 1-8,text,false,,261,494,1000,1000,http://localhost:8080/web/index.php/api/v2/recruitment/candidates,59907,0,1
1768483539778,40500,Create Candidate Request,401,Unauthorized,Candidate Creation Thread Group 1-104,text,false,,261,494,1000,1000,http://localhost:8080/web/index.php/api/v2/recruitment/candidates,40500,0,1
1768483520377,60006,Create Candidate Request,401,Unauthorized,Candidate Creation Thread Group 1-623,text,false,,261,494,1000,1000,http://localhost:8080/web/index.php/api/v2/recruitment/candidates,60006,0,0
1768483516279,64291,Create Candidate Request,401,Unauthorized,Candidate Creation Thread Group 1-540,text,false,,261,494,1000,1000,http://localhost:8080/web/index.php/api/v2/recruitment/candidates,64204,0,0
1768483518481,62102,Create Candidate Request,401,Unauthorized,Candidate Creation Thread Group 1-565,text,false,,261,494,1000,1000,http://localhost:8080/web/index.php/api/v2/recruitment/candidates,62101,0,0
1768483520578,60094,Create Candidate Request,401,Unauthorized,Candidate Creation Thread Group 1-587,text,false,,261,494,1000,1000,http://localhost:8080/web/index.php/api/v2/recruitment/candidates,60094,0,1
1768483520670,60010,Create Candidate Request,401,Unauthorized,Candidate Creation Thread Group 1-586,text,false,,261,494,1000,1000,http://localhost:8080/web/index.php/api/v2/recruitment/candidates,60007,0,1
1768483520677,60104,Create Candidate Request,401,Unauthorized,Candidate Creation Thread Group 1-590,text,false,,261,494,1000,1000,http://localhost:8080/web/index.php/api/v2/recruitment/candidates,60103,0,6
1768483511976,68904,Create Candidate Request,401,Unauthorized,Candidate Creation Thread Group 1-405,text,false,,261,494,1000,1000,http://localhost:8080/web/index.php/api/v2/recruitment/candidates,68903,0,0
1768483520798,60184,Create Candidate Request,401,Unauthorized,Candidate Creation Thread Group 1-593,text,false,,261,491,1000,1000,http://localhost:8080/web/index.php/api/v2/recruitment/candidates,60184,0,0
1768483517971,63199,Create Candidate Request,401,Unauthorized,Candidate Creation Thread Group 1-551,text,false,,261,494,1000,1000,http://localhost:8080/web/index.php/api/v2/recruitment/candidates,63199,0,1
1768483520984,60191,Create Candidate Request,401,Unauthorized,Candidate Creation Thread Group 1-592,text,false,,261,491,1000,1000,http://localhost:8080/web/index.php/api/v2/recruitment/candidates,60191,0,1
1768483521172,60008,Create Candidate Request,401,Unauthorized,Candidate Creation Thread Group 1-594,text,false,,261,491,1000,1000,http://localhost:8080/web/index.php/api/v2/recruitment/candidates,60008,0,1
1768483470083,111126,Create Candidate Request,Non HTTP response code: org.apache.http.NoHttpResponseException,Non HTTP response message: localhost:8080 failed to respond,Candidate Creation Thread Group 1-688,text,false,,2057,0,1000,1000,http://localhost:8080/web/index.php/api/v2/recruitment/candidates,0,0,0
1768483470477,110733,Create Candidate Request,Non HTTP response code: org.apache.http.NoHttpResponseException,Non HTTP response message: localhost:8080 failed to respond,Candidate Creation Thread Group 1-886,text,false,,2057,0,1000,1000,http://localhost:8080/web/index.php/api/v2/recruitment/candidates,0,0,0
1768483470125,111085,Create Candidate Request,Non HTTP response code: org.apache.http.NoHttpResponseException,Non HTTP response message: localhost:8080 failed to respond,Candidate Creation Thread Group 1-710,text,false,,2057,0,1000,1000,http://localhost:8080/web/index.php/api/v2/recruitment/candidates,0,0,0
1768483470109,111101,Create Candidate Request,Non HTTP response code: org.apache.http.NoHttpResponseException,Non HTTP response message: localhost:8080 failed to respond,Candidate Creation Thread Group 1-701,text,false,,2057,0,1000,1000,http://localhost:8080/web/index.php/api/v2/recruitment/candidates,0,0,0
1768483470469,110744,Create Candidate Request,Non HTTP response code: org.apache.http.NoHttpResponseException,Non HTTP response message: localhost:8080 failed to respond,Candidate Creation Thread Group 1-882,text,false,,2057,0,1000,1000,http://localhost:8080/web/index.php/api/v2/recruitment/candidates,0,0,0
1768483470091,111122,Create Candidate Request,Non HTTP response code: org.apache.http.NoHttpResponseException,Non HTTP response message: localhost:8080 failed to respond,Candidate Creation Thread Group 1-693,text,false,,2057,0,1000,1000,http://localhost:8080/web/index.php/api/v2/recruitment/candidates,0,0,0
1768483470117,111095,Create Candidate Request,Non HTTP response code: org.apache.http.NoHttpResponseException,Non HTTP response message: localhost:8080 failed to respond,Candidate Creation Thread Group 1-706,text,false,,2057,0,1000,1000,http://localhost:8080/web/index.php/api/v2/recruitment/candidates,0,0,0
1768483470483,110730,Create Candidate Request,Non HTTP response code: org.apache.http.NoHttpResponseException,Non HTTP response message: localhost:8080 failed to respond,Candidate Creation Thread Group 1-888,text,false,,2057,0,1000,1000,http://localhost:8080/web/index.php/api/v2/recruitment/candidates,0,0,0
1768483470451,110762,Create Candidate Request,Non HTTP response code: org.apache.http.NoHttpResponseException,Non HTTP response message: localhost:8080 failed to respond,Candidate Creation Thread Group 1-873,text,false,,2057,0,1000,1000,http://localhost:8080/web/index.php/api/v2/recruitment/candidates,0,0,0
1768483470087,111125,Create Candidate Request,Non HTTP response code: org.apache.http.NoHttpResponseException,Non HTTP response message: localhost:8080 failed to respond,Candidate Creation Thread Group 1-691,text,false,,2057,0,1000,1000,http://localhost:8080/web/index.php/api/v2/recruitment/candidates,0,0,0
1768483470479,110735,Create Candidate Request,Non HTTP response code: org.apache.http.NoHttpResponseException,Non HTTP response message: localhost:8080 failed to respond,Candidate Creation Thread Group 1-887,text,false,,2057,0,1000,1000,http://localhost:8080/web/index.php/api/v2/recruitment/candidates,0,0,0
1768483470123,111089,Create Candidate Request,Non HTTP response code: org.apache.http.NoHttpResponseException,Non HTTP response message: localhost:8080 failed to respond,Candidate Creation Thread Group 1-709,text,false,,2057,0,1000,1000,http://localhost:8080/web/index.php/api/v2/recruitment/candidates,0,0,0
1768483470109,111103,Create Candidate Request,Non HTTP response code: org.apache.http.NoHttpResponseException,Non HTTP response message: localhost:8080 failed to respond,Candidate Creation Thread Group 1-699,text,false,,2057,0,1000,1000,http://localhost:8080/web/index.php/api/v2/recruitment/candidates,0,0,0
1768483470485,110729,Create Candidate Request,Non HTTP response code: org.apache.http.NoHttpResponseException,Non HTTP response message: localhost:8080 failed to respond,Candidate Creation Thread Group 1-890,text,false,,2057,0,1000,1000,http://localhost:8080/web/index.php/api/v2/recruitment/candidates,0,0,0
1768483470464,110750,Create Candidate Request,Non HTTP response code: org.apache.http.NoHttpResponseException,Non HTTP response message: localhost:8080 failed to respond,Candidate Creation Thread Group 1-880,text,false,,2057,0,1000,1000,http://localhost:8080/web/index.php/api/v2/recruitment/candidates,0,0,1
1768483470462,110752,Create Candidate Request,Non HTTP response code: org.apache.http.NoHttpResponseException,Non HTTP response message: localhost:8080 failed to respond,Candidate Creation Thread Group 1-879,text,false,,2057,0,1000,1000,http://localhost:8080/web/index.php/api/v2/recruitment/candidates,0,0,1
1768483470099,111115,Create Candidate Request,Non HTTP response code: org.apache.http.NoHttpResponseException,Non HTTP response message: localhost:8080 failed to respond,Candidate Creation Thread Group 1-697,text,false,,2057,0,1000,1000,http://localhost:8080/web/index.php/api/v2/recruitment/candidates,0,0,0
1768483470449,110765,Create Candidate Request,Non HTTP response code: org.apache.http.NoHttpResponseException,Non HTTP response message: localhost:8080 failed to respond,Candidate Creation Thread Group 1-872,text,false,,2057,0,1000,1000,http://localhost:8080/web/index.php/api/v2/recruitment/candidates,0,0,0
1768483470115,111097,Create Candidate Request,Non HTTP response code: org.apache.http.NoHttpResponseException,Non HTTP response message: localhost:8080 failed to respond,Candidate Creation Thread Group 1-705,text,false,,2057,0,1000,1000,http://localhost:8080/web/index.php/api/v2/recruitment/candidates,0,0,0
1768483470090,111122,Create Candidate Request,Non HTTP response code: org.apache.http.NoHttpResponseException,Non HTTP response message: localhost:8080 failed to respond,Candidate Creation Thread Group 1-690,text,false,,2057,0,1000,1000,http://localhost:8080/web/index.php/api/v2/recruitment/candidates,0,0,0
1768483470111,111101,Create Candidate Request,Non HTTP response code: org.apache.http.NoHttpResponseException,Non HTTP response message: localhost:8080 failed to respond,Candidate Creation Thread Group 1-703,text,false,,2057,0,1000,1000,http://localhost:8080/web/index.php/api/v2/recruitment/candidates,0,0,0
1768483470461,110751,Create Candidate Request,Non HTTP response code: org.apache.http.NoHttpResponseException,Non HTTP response message: localhost:8080 failed to respond,Candidate Creation Thread Group 1-878,text,false,,2057,0,1000,1000,http://localhost:8080/web/index.php/api/v2/recruitment/candidates,0,0,1
1768483470126,111086,Create Candidate Request,Non HTTP response code: org.apache.http.NoHttpResponseException,Non HTTP response message: localhost:8080 failed to respond,Candidate Creation Thread Group 1-711,text,false,,2057,0,1000,1000,http://localhost:8080/web/index.php/api/v2/recruitment/candidates,0,0,0
1768483470087,111125,Create Candidate Request,Non HTTP response code: org.apache.http.NoHttpResponseException,Non HTTP response message: localhost:8080 failed to respond,Candidate Creation Thread Group 1-685,text,false,,2057,0,1000,1000,http://localhost:8080/web/index.php/api/v2/recruitment/candidates,0,0,0
1768483470474,110738,Create Candidate Request,Non HTTP response code: org.apache.http.NoHttpResponseException,Non HTTP response message: localhost:8080 failed to respond,Candidate Creation Thread Group 1-883,text,false,,2057,0,1000,1000,http://localhost:8080/web/index.php/api/v2/recruitment/candidates,0,0,0
1768483470089,111122,Create Candidate Request,Non HTTP response code: org.apache.http.NoHttpResponseException,Non HTTP response message: localhost:8080 failed to respond,Candidate Creation Thread Group 1-692,text,false,,2057,0,1000,1000,http://localhost:8080/web/index.php/api/v2/recruitment/candidates,0,0,1
1768483470067,111143,Create Candidate Request,Non HTTP response code: org.apache.http.NoHttpResponseException,Non HTTP response message: localhost:8080 failed to respond,Candidate Creation Thread Group 1-681,text,false,,2057,0,1000,1000,http://localhost:8080/web/index.php/api/v2/recruitment/candidates,0,0,0
1768483470455,110756,Create Candidate Request,Non HTTP response code: org.apache.http.NoHttpResponseException,Non HTTP response message: localhost:8080 failed to respond,Candidate Creation Thread Group 1-875,text,false,,2057,0,1000,1000,http://localhost:8080/web/index.php/api/v2/recruitment/candidates,0,0,0
1768483470109,111102,Create Candidate Request,Non HTTP response code: org.apache.http.NoHttpResponseException,Non HTTP response message: localhost:8080 failed to respond,Candidate Creation Thread Group 1-700,text,false,,2057,0,1000,1000,http://localhost:8080/web/index.php/api/v2/recruitment/candidates,0,0,0
1768483470095,111116,Create Candidate Request,Non HTTP response code: org.apache.http.NoHttpResponseException,Non HTTP response message: localhost:8080 failed to respond,Candidate Creation Thread Group 1-695,text,false,,2057,0,1000,1000,http://localhost:8080/web/index.php/api/v2/recruitment/candidates,0,0,0
1768483470119,111090,Create Candidate Request,Non HTTP response code: org.apache.http.NoHttpResponseException,Non HTTP response message: localhost:8080 failed to respond,Candidate Creation Thread Group 1-707,text,false,,2057,0,1000,1000,http://localhost:8080/web/index.php/api/v2/recruitment/candidates,0,0,0
1768483470084,111127,Create Candidate Request,Non HTTP response code: org.apache.http.NoHttpResponseException,Non HTTP response message: localhost:8080 failed to respond,Candidate Creation Thread Group 1-686,text,false,,2057,0,1000,1000,http://localhost:8080/web/index.php/api/v2/recruitment/candidates,0,0,1
1768483470113,111097,Create Candidate Request,Non HTTP response code: org.apache.http.NoHttpResponseException,Non HTTP response message: localhost:8080 failed to respond,Candidate Creation Thread Group 1-704,text,false,,2057,0,1000,1000,http://localhost:8080/web/index.php/api/v2/recruitment/candidates,0,0,0
1768483470453,110756,Create Candidate Request,Non HTTP response code: org.apache.http.NoHttpResponseException,Non HTTP response message: localhost:8080 failed to respond,Candidate Creation Thread Group 1-874,text,false,,2057,0,1000,1000,http://localhost:8080/web/index.php/api/v2/recruitment/candidates,0,0,0
1768483470457,110754,Create Candidate Request,Non HTTP response code: org.apache.http.NoHttpResponseException,Non HTTP response message: localhost:8080 failed to respond,Candidate Creation Thread Group 1-876,text,false,,2057,0,1000,1000,http://localhost:8080/web/index.php/api/v2/recruitment/candidates,0,0,1
1768483470459,110752,Create Candidate Request,Non HTTP response code: org.apache.http.NoHttpResponseException,Non HTTP response message: localhost:8080 failed to respond,Candidate Creation Thread Group 1-877,text,false,,2057,0,1000,1000,http://localhost:8080/web/index.php/api/v2/recruitment/candidates,0,0,0
1768483470093,111116,Create Candidate Request,Non HTTP response code: org.apache.http.NoHttpResponseException,Non HTTP response message: localhost:8080 failed to respond,Candidate Creation Thread Group 1-694,text,false,,2057,0,1000,1000,http://localhost:8080/web/index.php/api/v2/recruitment/candidates,0,0,0
1768483470109,111102,Create Candidate Request,Non HTTP response code: org.apache.http.NoHttpResponseException,Non HTTP response message: localhost:8080 failed to respond,Candidate Creation Thread Group 1-698,text,false,,2057,0,1000,1000,http://localhost:8080/web/index.php/api/v2/recruitment/candidates,0,0,0
1768483470121,111090,Create Candidate Request,Non HTTP response code: org.apache.http.NoHttpResponseException,Non HTTP response message: localhost:8080 failed to respond,Candidate Creation Thread Group 1-708,text,false,,2057,0,1000,1000,http://localhost:8080/web/index.php/api/v2/recruitment/candidates,0,0,0
1768483470066,111143,Create Candidate Request,Non HTTP response code: org.apache.http.NoHttpResponseException,Non HTTP response message: localhost:8080 failed to respond,Candidate Creation Thread Group 1-680,text,false,,2057,0,1000,1000,http://localhost:8080/web/index.php/api/v2/recruitment/candidates,0,0,1
1768483470089,111120,Create Candidate Request,Non HTTP response code: org.apache.http.NoHttpResponseException,Non HTTP response message: localhost:8080 failed to respond,Candidate Creation Thread Group 1-683,text,false,,2057,0,1000,1000,http://localhost:8080/web/index.php/api/v2/recruitment/candidates,0,0,0
1768483470475,110735,Create Candidate Request,Non HTTP response code: org.apache.http.NoHttpResponseException,Non HTTP response message: localhost:8080 failed to respond,Candidate Creation Thread Group 1-884,text,false,,2057,0,1000,1000,http://localhost:8080/web/index.php/api/v2/recruitment/candidates,0,0,0
1768483470089,111124,Create Candidate Request,Non HTTP response code: org.apache.http.NoHttpResponseException,Non HTTP response message: localhost:8080 failed to respond,Candidate Creation Thread Group 1-684,text,false,,2057,0,1000,1000,http://localhost:8080/web/index.php/api/v2/recruitment/candidates,0,0,0
1768483470466,110746,Create Candidate Request,Non HTTP response code: org.apache.http.NoHttpResponseException,Non HTTP response message: localhost:8080 failed to respond,Candidate Creation Thread Group 1-881,text,false,,2057,0,1000,1000,http://localhost:8080/web/index.php/api/v2/recruitment/candidates,0,0,1
1768483521175,60104,Create Candidate Request,401,Unauthorized,Candidate Creation Thread Group 1-595,text,false,,261,491,1000,1000,http://localhost:8080/web/index.php/api/v2/recruitment/candidates,60098,0,1
1768483540880,40409,Create Candidate Request,401,Unauthorized,Candidate Creation Thread Group 1-328,text,false,,261,494,1000,1000,http://localhost:8080/web/index.php/api/v2/recruitment/candidates,40409,0,0
1768483521183,60196,Create Candidate Request,401,Unauthorized,Candidate Creation Thread Group 1-596,text,false,,261,491,1000,1000,http://localhost:8080/web/index.php/api/v2/recruitment/candidates,60193,0,0
1768483520370,61101,Create Candidate Request,401,Unauthorized,Candidate Creation Thread Group 1-589,text,false,,261,494,1000,1000,http://localhost:8080/web/index.php/api/v2/recruitment/candidates,61100,0,0
1768483521370,60114,Create Candidate Request,401,Unauthorized,Candidate Creation Thread Group 1-108,text,false,,261,491,1000,1000,http://localhost:8080/web/index.php/api/v2/recruitment/candidates,60114,0,0
1768483521474,60101,Create Candidate Request,401,Unauthorized,Candidate Creation Thread Group 1-598,text,false,,261,491,1000,1000,http://localhost:8080/web/index.php/api/v2/recruitment/candidates,60100,0,4
1768483514682,66989,Create Candidate Request,401,Unauthorized,Candidate Creation Thread Group 1-518,text,false,,261,494,1000,1000,http://localhost:8080/web/index.php/api/v2/recruitment/candidates,66988,0,0
1768483521771,59938,Create Candidate Request,401,Unauthorized,Candidate Creation Thread Group 1-600,text,false,,261,494,1000,1000,http://localhost:8080/web/index.php/api/v2/recruitment/candidates,59938,0,1
1768483522675,59104,Create Candidate Request,401,Unauthorized,Candidate Creation Thread Group 1-613,text,false,,261,494,1000,1000,http://localhost:8080/web/index.php/api/v2/recruitment/candidates,59104,0,1
1768483518372,63420,Create Candidate Request,401,Unauthorized,Candidate Creation Thread Group 1-564,text,false,,261,494,1000,1000,http://localhost:8080/web/index.php/api/v2/recruitment/candidates,63420,0,1
1768483528581,53293,Create Candidate Request,401,Unauthorized,Candidate Creation Thread Group 1-283,text,false,,261,494,1000,1000,http://localhost:8080/web/index.php/api/v2/recruitment/candidates,53292,0,1
1768483521882,60005,Create Candidate Request,401,Unauthorized,Candidate Creation Thread Group 1-169,text,false,,261,494,1000,1000,http://localhost:8080/web/index.php/api/v2/recruitment/candidates,60005,0,1
1768483528682,53302,Create Candidate Request,401,Unauthorized,Candidate Creation Thread Group 1-75,text,false,,261,491,1000,1000,http://localhost:8080/web/index.php/api/v2/recruitment/candidates,53301,0,0
1768483521983,60097,Create Candidate Request,401,Unauthorized,Candidate Creation Thread Group 1-601,text,false,,261,494,1000,1000,http://localhost:8080/web/index.php/api/v2/recruitment/candidates,60097,0,1
1768483522075,60098,Create Candidate Request,401,Unauthorized,Candidate Creation Thread Group 1-599,text,false,,261,494,1000,1000,http://localhost:8080/web/index.php/api/v2/recruitment/candidates,60098,0,2
1768483522175,60003,Create Candidate Request,401,Unauthorized,Candidate Creation Thread Group 1-604,text,false,,261,494,1000,1000,http://localhost:8080/web/index.php/api/v2/recruitment/candidates,60003,0,0
1768483522081,60190,Create Candidate Request,401,Unauthorized,Candidate Creation Thread Group 1-603,text,false,,261,494,1000,1000,http://localhost:8080/web/index.php/api/v2/recruitment/candidates,60190,0,0
1768483522181,60190,Create Candidate Request,401,Unauthorized,Candidate Creation Thread Group 1-606,text,false,,261,494,1000,1000,http://localhost:8080/web/index.php/api/v2/recruitment/candidates,60189,0,1
1768483529074,53399,Create Candidate Request,401,Unauthorized,Candidate Creation Thread Group 1-130,text,false,,261,491,1000,1000,http://localhost:8080/web/index.php/api/v2/recruitment/candidates,53398,0,0
1768483529170,53406,Create Candidate Request,401,Unauthorized,Candidate Creation Thread Group 1-34,text,false,,261,491,1000,1000,http://localhost:8080/web/index.php/api/v2/recruitment/candidates,53403,0,1
1768483529174,53500,Create Candidate Request,401,Unauthorized,Candidate Creation Thread Group 1-20,text,false,,261,494,1000,1000,http://localhost:8080/web/index.php/api/v2/recruitment/candidates,53499,0,2
1768483529180,53503,Create Candidate Request,401,Unauthorized,Candidate Creation Thread Group 1-153,text,false,,261,494,1000,1000,http://localhost:8080/web/index.php/api/v2/recruitment/candidates,53500,0,0
1768483526383,56392,Create Candidate Request,401,Unauthorized,Candidate Creation Thread Group 1-651,text,false,,261,494,1000,1000,http://localhost:8080/web/index.php/api/v2/recruitment/candidates,56390,0,0
1768483529473,53404,Create Candidate Request,401,Unauthorized,Candidate Creation Thread Group 1-11,text,false,,261,494,1000,1000,http://localhost:8080/web/index.php/api/v2/recruitment/candidates,53402,0,1
1768483530281,52696,Create Candidate Request,401,Unauthorized,Candidate Creation Thread Group 1-50,text,false,,261,494,1000,1000,http://localhost:8080/web/index.php/api/v2/recruitment/candidates,52696,0,1
1768483533070,50004,Create Candidate Request,401,Unauthorized,Candidate Creation Thread Group 1-74,text,false,,261,491,1000,1000,http://localhost:8080/web/index.php/api/v2/recruitment/candidates,50003,0,1
1768483530287,52885,Create Candidate Request,401,Unauthorized,Candidate Creation Thread Group 1-745,text,false,,261,494,1000,1000,http://localhost:8080/web/index.php/api/v2/recruitment/candidates,52884,0,0
1768483528272,54904,Create Candidate Request,401,Unauthorized,Candidate Creation Thread Group 1-107,text,false,,261,494,1000,1000,http://localhost:8080/web/index.php/api/v2/recruitment/candidates,54904,0,0
1768483530387,52889,Create Candidate Request,401,Unauthorized,Candidate Creation Thread Group 1-95,text,false,,261,494,1000,1000,http://localhost:8080/web/index.php/api/v2/recruitment/candidates,52887,0,0
1768483530682,52699,Create Candidate Request,401,Unauthorized,Candidate Creation Thread Group 1-845,text,false,,261,494,1000,1000,http://localhost:8080/web/index.php/api/v2/recruitment/candidates,52697,0,0
1768483530481,52995,Create Candidate Request,401,Unauthorized,Candidate Creation Thread Group 1-58,text,false,,261,494,1000,1000,http://localhost:8080/web/index.php/api/v2/recruitment/candidates,52994,0,1
1768483530673,52905,Create Candidate Request,401,Unauthorized,Candidate Creation Thread Group 1-166,text,false,,261,494,1000,1000,http://localhost:8080/web/index.php/api/v2/recruitment/candidates,52905,0,0
1768483529689,53985,Create Candidate Request,401,Unauthorized,Candidate Creation Thread Group 1-31,text,false,,261,494,1000,1000,http://localhost:8080/web/index.php/api/v2/recruitment/candidates,53985,0,1
1768483530977,52704,Create Candidate Request,401,Unauthorized,Candidate Creation Thread Group 1-187,text,false,,261,494,1000,1000,http://localhost:8080/web/index.php/api/v2/recruitment/candidates,52703,0,1
1768483530784,52997,Create Candidate Request,401,Unauthorized,Candidate Creation Thread Group 1-839,text,false,,261,494,1000,1000,http://localhost:8080/web/index.php/api/v2/recruitment/candidates,52996,0,0
1768483531080,52802,Create Candidate Request,401,Unauthorized,Candidate Creation Thread Group 1-51,text,false,,261,494,1000,1000,http://localhost:8080/web/index.php/api/v2/recruitment/candidates,52801,0,1
1768483531171,52805,Create Candidate Request,401,Unauthorized,Candidate Creation Thread Group 1-53,text,false,,261,494,1000,1000,http://localhost:8080/web/index.php/api/v2/recruitment/candidates,52805,0,0
1768483531383,52697,Create Candidate Request,401,Unauthorized,Candidate Creation Thread Group 1-19,text,false,,261,494,1000,1000,http://localhost:8080/web/index.php/api/v2/recruitment/candidates,52696,0,0
1768483531175,53000,Create Candidate Request,401,Unauthorized,Candidate Creation Thread Group 1-112,text,false,,261,494,1000,1000,http://localhost:8080/web/index.php/api/v2/recruitment/candidates,52999,0,7
1768483529377,54804,Create Candidate Request,401,Unauthorized,Candidate Creation Thread Group 1-149,text,false,,261,494,1000,1000,http://localhost:8080/web/index.php/api/v2/recruitment/candidates,54803,0,1
1768483531480,52803,Create Candidate Request,401,Unauthorized,Candidate Creation Thread Group 1-180,text,false,,261,494,1000,1000,http://localhost:8080/web/index.php/api/v2/recruitment/candidates,52802,0,1
1768483531573,52803,Create Candidate Request,401,Unauthorized,Candidate Creation Thread Group 1-109,text,false,,261,494,1000,1000,http://localhost:8080/web/index.php/api/v2/recruitment/candidates,52803,0,2
1768483531671,52803,Create Candidate Request,401,Unauthorized,Candidate Creation Thread Group 1-12,text,false,,261,494,1000,1000,http://localhost:8080/web/index.php/api/v2/recruitment/candidates,52802,0,0
1768483531770,52801,Create Candidate Request,401,Unauthorized,Candidate Creation Thread Group 1-90,text,false,,261,494,1000,1000,http://localhost:8080/web/index.php/api/v2/recruitment/candidates,52800,0,0
1768483531784,52798,Create Candidate Request,401,Unauthorized,Candidate Creation Thread Group 1-160,text,false,,261,494,1000,1000,http://localhost:8080/web/index.php/api/v2/recruitment/candidates,52796,0,0
1768483531982,52692,Create Candidate Request,401,Unauthorized,Candidate Creation Thread Group 1-118,text,false,,261,494,1000,1000,http://localhost:8080/web/index.php/api/v2/recruitment/candidates,52690,0,0
1768483532173,52596,Create Candidate Request,401,Unauthorized,Candidate Creation Thread Group 1-145,text,false,,261,494,1000,1000,http://localhost:8080/web/index.php/api/v2/recruitment/candidates,52596,0,1
1768483532181,52599,Create Candidate Request,401,Unauthorized,Candidate Creation Thread Group 1-17,text,false,,261,494,1000,1000,http://localhost:8080/web/index.php/api/v2/recruitment/candidates,52598,0,1
1768483543882,41001,Create Candidate Request,401,Unauthorized,Candidate Creation Thread Group 1-36,text,false,,261,494,1000,1000,http://localhost:8080/web/index.php/api/v2/recruitment/candidates,41000,0,1
1768483541881,43102,Create Candidate Request,401,Unauthorized,Candidate Creation Thread Group 1-278,text,false,,261,494,1000,1000,http://localhost:8080/web/index.php/api/v2/recruitment/candidates,43100,0,1
1768483528077,57094,Create Candidate Request,401,Unauthorized,Candidate Creation Thread Group 1-889,text,false,,261,494,1000,1000,http://localhost:8080/web/index.php/api/v2/recruitment/candidates,57005,0,0
1768483534871,50409,Create Candidate Request,401,Unauthorized,Candidate Creation Thread Group 1-45,text,false,,261,494,1000,1000,http://localhost:8080/web/index.php/api/v2/recruitment/candidates,50406,0,2
1768483470607,114699,Create Candidate Request,Non HTTP response code: org.apache.http.NoHttpResponseException,Non HTTP response message: localhost:8080 failed to respond,Candidate Creation Thread Group 1-948,text,false,,2057,0,1000,1000,http://localhost:8080/web/index.php/api/v2/recruitment/candidates,0,0,0
1768483470578,114728,Create Candidate Request,Non HTTP response code: org.apache.http.NoHttpResponseException,Non HTTP response message: localhost:8080 failed to respond,Candidate Creation Thread Group 1-936,text,false,,2057,0,1000,1000,http://localhost:8080/web/index.php/api/v2/recruitment/candidates,0,0,0
1768483470581,114725,Create Candidate Request,Non HTTP response code: org.apache.http.NoHttpResponseException,Non HTTP response message: localhost:8080 failed to respond,Candidate Creation Thread Group 1-938,text,false,,2057,0,1000,1000,http://localhost:8080/web/index.php/api/v2/recruitment/candidates,0,0,1
1768483470588,114718,Create Candidate Request,Non HTTP response code: org.apache.http.NoHttpResponseException,Non HTTP response message: localhost:8080 failed to respond,Candidate Creation Thread Group 1-941,text,false,,2057,0,1000,1000,http://localhost:8080/web/index.php/api/v2/recruitment/candidates,0,0,0
1768483470613,114693,Create Candidate Request,Non HTTP response code: org.apache.http.NoHttpResponseException,Non HTTP response message: localhost:8080 failed to respond,Candidate Creation Thread Group 1-954,text,false,,2057,0,1000,1000,http://localhost:8080/web/index.php/api/v2/recruitment/candidates,0,0,0
1768483470610,114698,Create Candidate Request,Non HTTP response code: org.apache.http.NoHttpResponseException,Non HTTP response message: localhost:8080 failed to respond,Candidate Creation Thread Group 1-951,text,false,,2057,0,1000,1000,http://localhost:8080/web/index.php/api/v2/recruitment/candidates,0,0,0
1768483470627,114681,Create Candidate Request,Non HTTP response code: org.apache.http.NoHttpResponseException,Non HTTP response message: localhost:8080 failed to respond,Candidate Creation Thread Group 1-961,text,false,,2057,0,1000,1000,http://localhost:8080/web/index.php/api/v2/recruitment/candidates,0,0,0
1768483470630,114678,Create Candidate Request,Non HTTP response code: org.apache.http.NoHttpResponseException,Non HTTP response message: localhost:8080 failed to respond,Candidate Creation Thread Group 1-962,text,false,,2057,0,1000,1000,http://localhost:8080/web/index.php/api/v2/recruitment/candidates,0,0,0
1768483470633,114676,Create Candidate Request,Non HTTP response code: org.apache.http.NoHttpResponseException,Non HTTP response message: localhost:8080 failed to respond,Candidate Creation Thread Group 1-964,text,false,,2057,0,1000,1000,http://localhost:8080/web/index.php/api/v2/recruitment/candidates,0,0,0
1768483470583,114726,Create Candidate Request,Non HTTP response code: org.apache.http.NoHttpResponseException,Non HTTP response message: localhost:8080 failed to respond,Candidate Creation Thread Group 1-939,text,false,,2057,0,1000,1000,http://localhost:8080/web/index.php/api/v2/recruitment/candidates,0,0,1
1768483470607,114701,Create Candidate Request,Non HTTP response code: org.apache.http.NoHttpResponseException,Non HTTP response message: localhost:8080 failed to respond,Candidate Creation Thread Group 1-950,text,false,,2057,0,1000,1000,http://localhost:8080/web/index.php/api/v2/recruitment/candidates,0,0,0
1768483470617,114691,Create Candidate Request,Non HTTP response code: org.apache.http.NoHttpResponseException,Non HTTP response message: localhost:8080 failed to respond,Candidate Creation Thread Group 1-956,text,false,,2057,0,1000,1000,http://localhost:8080/web/index.php/api/v2/recruitment/candidates,0,0,0
1768483470606,114703,Create Candidate Request,Non HTTP response code: org.apache.http.NoHttpResponseException,Non HTTP response message: localhost:8080 failed to respond,Candidate Creation Thread Group 1-946,text,false,,2057,0,1000,1000,http://localhost:8080/web/index.php/api/v2/recruitment/candidates,0,0,1
1768483470585,114724,Create Candidate Request,Non HTTP response code: org.apache.http.NoHttpResponseException,Non HTTP response message: localhost:8080 failed to respond,Candidate Creation Thread Group 1-940,text,false,,2057,0,1000,1000,http://localhost:8080/web/index.php/api/v2/recruitment/candidates,0,0,1
1768483470607,114703,Create Candidate Request,Non HTTP response code: org.apache.http.NoHttpResponseException,Non HTTP response message: localhost:8080 failed to respond,Candidate Creation Thread Group 1-947,text,false,,2057,0,1000,1000,http://localhost:8080/web/index.php/api/v2/recruitment/candidates,0,0,0
1768483470593,114717,Create Candidate Request,Non HTTP response code: org.apache.http.NoHttpResponseException,Non HTTP response message: localhost:8080 failed to respond,Candidate Creation Thread Group 1-944,text,false,,2057,0,1000,1000,http://localhost:8080/web/index.php/api/v2/recruitment/candidates,0,0,0
1768483470639,114669,Create Candidate Request,Non HTTP response code: org.apache.http.NoHttpResponseException,Non HTTP response message: localhost:8080 failed to respond,Candidate Creation Thread Group 1-967,text,false,,2057,0,1000,1000,http://localhost:8080/web/index.php/api/v2/recruitment/candidates,0,0,0
1768483470630,114678,Create Candidate Request,Non HTTP response code: org.apache.http.NoHttpResponseException,Non HTTP response message: localhost:8080 failed to respond,Candidate Creation Thread Group 1-963,text,false,,2057,0,1000,1000,http://localhost:8080/web/index.php/api/v2/recruitment/candidates,0,0,1
1768483470621,114686,Create Candidate Request,Non HTTP response code: org.apache.http.NoHttpResponseException,Non HTTP response message: localhost:8080 failed to respond,Candidate Creation Thread Group 1-957,text,false,,2057,0,1000,1000,http://localhost:8080/web/index.php/api/v2/recruitment/candidates,0,0,0
1768483470612,114696,Create Candidate Request,Non HTTP response code: org.apache.http.NoHttpResponseException,Non HTTP response message: localhost:8080 failed to respond,Candidate Creation Thread Group 1-952,text,false,,2057,0,1000,1000,http://localhost:8080/web/index.php/api/v2/recruitment/candidates,0,0,0
1768483470635,114673,Create Candidate Request,Non HTTP response code: org.apache.http.NoHttpResponseException,Non HTTP response message: localhost:8080 failed to respond,Candidate Creation Thread Group 1-965,text,false,,2057,0,1000,1000,http://localhost:8080/web/index.php/api/v2/recruitment/candidates,0,0,0
1768483473672,111634,Create Candidate Request,Non HTTP response code: org.apache.http.NoHttpResponseException,Non HTTP response message: localhost:8080 failed to respond,Candidate Creation Thread Group 1-4,text,false,,2057,0,1000,1000,http://localhost:8080/web/index.php/api/v2/recruitment/candidates,0,0,0
1768483470623,114687,Create Candidate Request,Non HTTP response code: org.apache.http.NoHttpResponseException,Non HTTP response message: localhost:8080 failed to respond,Candidate Creation Thread Group 1-959,text,false,,2057,0,1000,1000,http://localhost:8080/web/index.php/api/v2/recruitment/candidates,0,0,0
1768483470622,114685,Create Candidate Request,Non HTTP response code: org.apache.http.NoHttpResponseException,Non HTTP response message: localhost:8080 failed to respond,Candidate Creation Thread Group 1-958,text,false,,2057,0,1000,1000,http://localhost:8080/web/index.php/api/v2/recruitment/candidates,0,0,0
1768483470589,114718,Create Candidate Request,Non HTTP response code: org.apache.http.NoHttpResponseException,Non HTTP response message: localhost:8080 failed to respond,Candidate Creation Thread Group 1-942,text,false,,2057,0,1000,1000,http://localhost:8080/web/index.php/api/v2/recruitment/candidates,0,0,0
1768483470580,114731,Create Candidate Request,Non HTTP response code: org.apache.http.NoHttpResponseException,Non HTTP response message: localhost:8080 failed to respond,Candidate Creation Thread Group 1-937,text,false,,2057,0,1000,1000,http://localhost:8080/web/index.php/api/v2/recruitment/candidates,0,0,1
1768483470611,114695,Create Candidate Request,Non HTTP response code: org.apache.http.NoHttpResponseException,Non HTTP response message: localhost:8080 failed to respond,Candidate Creation Thread Group 1-953,text,false,,2057,0,1000,1000,http://localhost:8080/web/index.php/api/v2/recruitment/candidates,0,0,0
1768483470577,114734,Create Candidate Request,Non HTTP response code: org.apache.http.NoHttpResponseException,Non HTTP response message: localhost:8080 failed to respond,Candidate Creation Thread Group 1-935,text,false,,2057,0,1000,1000,http://localhost:8080/web/index.php/api/v2/recruitment/candidates,0,0,1
1768483540079,45299,Create Candidate Request,401,Unauthorized,Candidate Creation Thread Group 1-244,text,false,,261,494,1000,1000,http://localhost:8080/web/index.php/api/v2/recruitment/candidates,45298,0,1
1768483544297,41092,Create Candidate Request,401,Unauthorized,Candidate Creation Thread Group 1-172,text,false,,261,491,1000,1000,http://localhost:8080/web/index.php/api/v2/recruitment/candidates,41091,0,0
1768483532282,53201,Create Candidate Request,401,Unauthorized,Candidate Creation Thread Group 1-142,text,false,,261,494,1000,1000,http://localhost:8080/web/index.php/api/v2/recruitment/candidates,53201,0,0
1768483539374,46209,Create Candidate Request,401,Unauthorized,Candidate Creation Thread Group 1-46,text,false,,261,494,1000,1000,http://localhost:8080/web/index.php/api/v2/recruitment/candidates,46209,0,0
1768483532469,53202,Create Candidate Request,401,Unauthorized,Candidate Creation Thread Group 1-159,text,false,,261,494,1000,1000,http://localhost:8080/web/index.php/api/v2/recruitment/candidates,53202,0,0
1768483535070,50701,Create Candidate Request,401,Unauthorized,Candidate Creation Thread Group 1-157,text,false,,261,494,1000,1000,http://localhost:8080/web/index.php/api/v2/recruitment/candidates,50614,0,1
1768483532570,53212,Create Candidate Request,401,Unauthorized,Candidate Creation Thread Group 1-141,text,false,,261,494,1000,1000,http://localhost:8080/web/index.php/api/v2/recruitment/candidates,53212,0,1
1768483535171,50711,Create Candidate Request,401,Unauthorized,Candidate Creation Thread Group 1-68,text,false,,261,494,1000,1000,http://localhost:8080/web/index.php/api/v2/recruitment/candidates,50710,0,0
1768483532586,53484,Create Candidate Request,401,Unauthorized,Candidate Creation Thread Group 1-29,text,false,,261,494,1000,1000,http://localhost:8080/web/index.php/api/v2/recruitment/candidates,53484,0,0
1768483535270,50903,Create Candidate Request,401,Unauthorized,Candidate Creation Thread Group 1-128,text,false,,261,494,1000,1000,http://localhost:8080/web/index.php/api/v2/recruitment/candidates,50902,0,1
1768483532789,53387,Create Candidate Request,401,Unauthorized,Candidate Creation Thread Group 1-126,text,false,,261,491,1000,1000,http://localhost:8080/web/index.php/api/v2/recruitment/candidates,53387,0,0
1768483535175,51006,Create Candidate Request,401,Unauthorized,Candidate Creation Thread Group 1-83,text,false,,261,494,1000,1000,http://localhost:8080/web/index.php/api/v2/recruitment/candidates,51006,0,1
1768483532875,53400,Create Candidate Request,401,Unauthorized,Candidate Creation Thread Group 1-26,text,false,,261,491,1000,1000,http://localhost:8080/web/index.php/api/v2/recruitment/candidates,53400,0,6
1768483535279,51091,Create Candidate Request,401,Unauthorized,Candidate Creation Thread Group 1-114,text,false,,261,494,1000,1000,http://localhost:8080/web/index.php/api/v2/recruitment/candidates,51091,0,0
1768483533170,53206,Create Candidate Request,401,Unauthorized,Candidate Creation Thread Group 1-23,text,false,,261,491,1000,1000,http://localhost:8080/web/index.php/api/v2/recruitment/candidates,53205,0,0
1768483535581,50802,Create Candidate Request,401,Unauthorized,Candidate Creation Thread Group 1-9,text,false,,261,494,1000,1000,http://localhost:8080/web/index.php/api/v2/recruitment/candidates,50802,0,1
1768483533276,53204,Create Candidate Request,401,Unauthorized,Candidate Creation Thread Group 1-202,text,false,,261,491,1000,1000,http://localhost:8080/web/index.php/api/v2/recruitment/candidates,53203,0,1
1768483533372,53198,Create Candidate Request,401,Unauthorized,Candidate Creation Thread Group 1-30,text,false,,261,491,1000,1000,http://localhost:8080/web/index.php/api/v2/recruitment/candidates,53197,0,0
1768483539470,47200,Create Candidate Request,401,Unauthorized,Candidate Creation Thread Group 1-230,text,false,,261,494,1000,1000,http://localhost:8080/web/index.php/api/v2/recruitment/candidates,47111,0,1
1768483531270,55403,Create Candidate Request,401,Unauthorized,Candidate Creation Thread Group 1-5,text,false,,261,494,1000,1000,http://localhost:8080/web/index.php/api/v2/recruitment/candidates,55403,0,1
1768483533378,53334,Create Candidate Request,401,Unauthorized,Candidate Creation Thread Group 1-24,text,false,,261,491,1000,1000,http://localhost:8080/web/index.php/api/v2/recruitment/candidates,53334,0,1
1768483533475,53300,Create Candidate Request,401,Unauthorized,Candidate Creation Thread Group 1-132,text,false,,261,494,1000,1000,http://localhost:8080/web/index.php/api/v2/recruitment/candidates,53299,0,1
1768483533485,53302,Create Candidate Request,401,Unauthorized,Candidate Creation Thread Group 1-27,text,false,,261,494,1000,1000,http://localhost:8080/web/index.php/api/v2/recruitment/candidates,53302,0,0
1768483533583,53289,Create Candidate Request,401,Unauthorized,Candidate Creation Thread Group 1-71,text,false,,261,494,1000,1000,http://localhost:8080/web/index.php/api/v2/recruitment/candidates,53288,0,0
1768483533675,53206,Create Candidate Request,401,Unauthorized,Candidate Creation Thread Group 1-135,text,false,,261,494,1000,1000,http://localhost:8080/web/index.php/api/v2/recruitment/candidates,53205,0,1
1768483533779,53197,Create Candidate Request,401,Unauthorized,Candidate Creation Thread Group 1-163,text,false,,261,494,1000,1000,http://localhost:8080/web/index.php/api/v2/recruitment/candidates,53197,0,0
1768483533686,53396,Create Candidate Request,401,Unauthorized,Candidate Creation Thread Group 1-124,text,false,,261,494,1000,1000,http://localhost:8080/web/index.php/api/v2/recruitment/candidates,53395,0,1
1768483534081,53092,Create Candidate Request,401,Unauthorized,Candidate Creation Thread Group 1-79,text,false,,261,494,1000,1000,http://localhost:8080/web/index.php/api/v2/recruitment/candidates,53091,0,1
1768483534176,53094,Create Candidate Request,401,Unauthorized,Candidate Creation Thread Group 1-25,text,false,,261,494,1000,1000,http://localhost:8080/web/index.php/api/v2/recruitment/candidates,53094,0,0
1768483533181,54189,Create Candidate Request,401,Unauthorized,Candidate Creation Thread Group 1-161,text,false,,261,491,1000,1000,http://localhost:8080/web/index.php/api/v2/recruitment/candidates,54099,0,0
1768483534281,53103,Create Candidate Request,401,Unauthorized,Candidate Creation Thread Group 1-186,text,false,,261,494,1000,1000,http://localhost:8080/web/index.php/api/v2/recruitment/candidates,53102,0,1
1768483546874,40699,Create Candidate Request,401,Unauthorized,Candidate Creation Thread Group 1-484,text,false,,261,494,1000,1000,http://localhost:8080/web/index.php/api/v2/recruitment/candidates,40698,0,3
1768483534271,53400,Create Candidate Request,401,Unauthorized,Candidate Creation Thread Group 1-165,text,false,,261,494,1000,1000,http://localhost:8080/web/index.php/api/v2/recruitment/candidates,53399,0,1
1768483534482,53295,Create Candidate Request,401,Unauthorized,Candidate Creation Thread Group 1-98,text,false,,261,494,1000,1000,http://localhost:8080/web/index.php/api/v2/recruitment/candidates,53294,0,0
1768483534183,53693,Create Candidate Request,401,Unauthorized,Candidate Creation Thread Group 1-181,text,false,,261,494,1000,1000,http://localhost:8080/web/index.php/api/v2/recruitment/candidates,53693,0,0
1768483498975,89005,Create Candidate Request,401,Unauthorized,Candidate Creation Thread Group 1-267,text,false,,261,494,1000,1000,http://localhost:8080/web/index.php/api/v2/recruitment/candidates,89003,0,0
1768483534583,53586,Create Candidate Request,401,Unauthorized,Candidate Creation Thread Group 1-3,text,false,,261,494,1000,1000,http://localhost:8080/web/index.php/api/v2/recruitment/candidates,53586,0,1
1768483534774,53402,Create Candidate Request,401,Unauthorized,Candidate Creation Thread Group 1-127,text,false,,261,494,1000,1000,http://localhost:8080/web/index.php/api/v2/recruitment/candidates,53400,0,1
1768483535482,52798,Create Candidate Request,401,Unauthorized,Candidate Creation Thread Group 1-14,text,false,,261,494,1000,1000,http://localhost:8080/web/index.php/api/v2/recruitment/candidates,52797,0,0
1768483535677,52707,Create Candidate Request,401,Unauthorized,Candidate Creation Thread Group 1-129,text,false,,261,494,1000,1000,http://localhost:8080/web/index.php/api/v2/recruitment/candidates,52706,0,0
1768483530580,57892,Create Candidate Request,401,Unauthorized,Candidate Creation Thread Group 1-843,text,false,,261,494,1000,1000,http://localhost:8080/web/index.php/api/v2/recruitment/candidates,57892,0,0
1768483539677,48799,Create Candidate Request,401,Unauthorized,Candidate Creation Thread Group 1-306,text,false,,261,494,1000,1000,http://localhost:8080/web/index.php/api/v2/recruitment/candidates,48799,0,0
1768483535784,52785,Create Candidate Request,401,Unauthorized,Candidate Creation Thread Group 1-154,text,false,,261,494,1000,1000,http://localhost:8080/web/index.php/api/v2/recruitment/candidates,52702,0,1
1768483535878,52706,Create Candidate Request,401,Unauthorized,Candidate Creation Thread Group 1-167,text,false,,261,494,1000,1000,http://localhost:8080/web/index.php/api/v2/recruitment/candidates,52704,0,0
1768483528787,59890,Create Candidate Request,401,Unauthorized,Candidate Creation Thread Group 1-289,text,false,,261,491,1000,1000,http://localhost:8080/web/index.php/api/v2/recruitment/candidates,59890,0,1
1768483532885,55891,Create Candidate Request,401,Unauthorized,Candidate Creation Thread Group 1-54,text,false,,261,491,1000,1000,http://localhost:8080/web/index.php/api/v2/recruitment/candidates,55891,0,0
1768483536081,52791,Create Candidate Request,401,Unauthorized,Candidate Creation Thread Group 1-110,text,false,,261,494,1000,1000,http://localhost:8080/web/index.php/api/v2/recruitment/candidates,52790,0,1
1768483536174,52711,Create Candidate Request,401,Unauthorized,Candidate Creation Thread Group 1-13,text,false,,261,494,1000,1000,http://localhost:8080/web/index.php/api/v2/recruitment/candidates,52710,0,1
1768483536279,52696,Create Candidate Request,401,Unauthorized,Candidate Creation Thread Group 1-148,text,false,,261,494,1000,1000,http://localhost:8080/web/index.php/api/v2/recruitment/candidates,52695,0,0
1768483536380,52608,Create Candidate Request,401,Unauthorized,Candidate Creation Thread Group 1-33,text,false,,261,494,1000,1000,http://localhost:8080/web/index.php/api/v2/recruitment/candidates,52607,0,0
1768483536575,52504,Create Candidate Request,401,Unauthorized,Candidate Creation Thread Group 1-42,text,false,,261,494,1000,1000,http://localhost:8080/web/index.php/api/v2/recruitment/candidates,52503,0,0
1768483536479,52693,Create Candidate Request,401,Unauthorized,Candidate Creation Thread Group 1-94,text,false,,261,494,1000,1000,http://localhost:8080/web/index.php/api/v2/recruitment/candidates,52693,0,1
1768483536672,52506,Create Candidate Request,401,Unauthorized,Candidate Creation Thread Group 1-82,text,false,,261,494,1000,1000,http://localhost:8080/web/index.php/api/v2/recruitment/candidates,52505,0,0
1768483535773,53498,Create Candidate Request,401,Unauthorized,Candidate Creation Thread Group 1-147,text,false,,261,494,1000,1000,http://localhost:8080/web/index.php/api/v2/recruitment/candidates,53497,0,0
1768483536978,52299,Create Candidate Request,401,Unauthorized,Candidate Creation Thread Group 1-88,text,false,,261,494,1000,1000,http://localhost:8080/web/index.php/api/v2/recruitment/candidates,52297,0,0
1768483536874,52509,Create Candidate Request,401,Unauthorized,Candidate Creation Thread Group 1-10,text,false,,261,494,1000,1000,http://localhost:8080/web/index.php/api/v2/recruitment/candidates,52507,0,1
1768483470441,118961,Create Candidate Request,Non HTTP response code: org.apache.http.NoHttpResponseException,Non HTTP response message: localhost:8080 failed to respond,Candidate Creation Thread Group 1-868,text,false,,2057,0,1000,1000,http://localhost:8080/web/index.php/api/v2/recruitment/candidates,0,0,0
1768483470410,118992,Create Candidate Request,Non HTTP response code: org.apache.http.NoHttpResponseException,Non HTTP response message: localhost:8080 failed to respond,Candidate Creation Thread Group 1-848,text,false,,2057,0,1000,1000,http://localhost:8080/web/index.php/api/v2/recruitment/candidates,0,0,0
1768483470415,118987,Create Candidate Request,Non HTTP response code: org.apache.http.NoHttpResponseException,Non HTTP response message: localhost:8080 failed to respond,Candidate Creation Thread Group 1-855,text,false,,2057,0,1000,1000,http://localhost:8080/web/index.php/api/v2/recruitment/candidates,0,0,0
1768483470389,119013,Create Candidate Request,Non HTTP response code: org.apache.http.NoHttpResponseException,Non HTTP response message: localhost:8080 failed to respond,Candidate Creation Thread Group 1-842,text,false,,2057,0,1000,1000,http://localhost:8080/web/index.php/api/v2/recruitment/candidates,0,0,0
1768483470435,118967,Create Candidate Request,Non HTTP response code: org.apache.http.NoHttpResponseException,Non HTTP response message: localhost:8080 failed to respond,Candidate Creation Thread Group 1-865,text,false,,2057,0,1000,1000,http://localhost:8080/web/index.php/api/v2/recruitment/candidates,0,0,0
1768483470410,118992,Create Candidate Request,Non HTTP response code: org.apache.http.NoHttpResponseException,Non HTTP response message: localhost:8080 failed to respond,Candidate Creation Thread Group 1-849,text,false,,2057,0,1000,1000,http://localhost:8080/web/index.php/api/v2/recruitment/candidates,0,0,0
1768483470410,118992,Create Candidate Request,Non HTTP response code: org.apache.http.NoHttpResponseException,Non HTTP response message: localhost:8080 failed to respond,Candidate Creation Thread Group 1-851,text,false,,2057,0,1000,1000,http://localhost:8080/web/index.php/api/v2/recruitment/candidates,0,0,0
1768483470393,119009,Create Candidate Request,Non HTTP response code: org.apache.http.NoHttpResponseException,Non HTTP response message: localhost:8080 failed to respond,Candidate Creation Thread Group 1-844,text,false,,2057,0,1000,1000,http://localhost:8080/web/index.php/api/v2/recruitment/candidates,0,0,0
1768483470387,119015,Create Candidate Request,Non HTTP response code: org.apache.http.NoHttpResponseException,Non HTTP response message: localhost:8080 failed to respond,Candidate Creation Thread Group 1-841,text,false,,2057,0,1000,1000,http://localhost:8080/web/index.php/api/v2/recruitment/candidates,0,0,0
1768483470398,119004,Create Candidate Request,Non HTTP response code: org.apache.http.NoHttpResponseException,Non HTTP response message: localhost:8080 failed to respond,Candidate Creation Thread Group 1-847,text,false,,2057,0,1000,1000,http://localhost:8080/web/index.php/api/v2/recruitment/candidates,0,0,0
1768483470433,118969,Create Candidate Request,Non HTTP response code: org.apache.http.NoHttpResponseException,Non HTTP response message: localhost:8080 failed to respond,Candidate Creation Thread Group 1-864,text,false,,2057,0,1000,1000,http://localhost:8080/web/index.php/api/v2/recruitment/candidates,0,0,0
1768483470439,118964,Create Candidate Request,Non HTTP response code: org.apache.http.NoHttpResponseException,Non HTTP response message: localhost:8080 failed to respond,Candidate Creation Thread Group 1-867,text,false,,2057,0,1000,1000,http://localhost:8080/web/index.php/api/v2/recruitment/candidates,0,0,0
1768483470419,118984,Create Candidate Request,Non HTTP response code: org.apache.http.NoHttpResponseException,Non HTTP response message: localhost:8080 failed to respond,Candidate Creation Thread Group 1-857,text,false,,2057,0,1000,1000,http://localhost:8080/web/index.php/api/v2/recruitment/candidates,0,0,0
1768483470431,118972,Create Candidate Request,Non HTTP response code: org.apache.http.NoHttpResponseException,Non HTTP response message: localhost:8080 failed to respond,Candidate Creation Thread Group 1-863,text,false,,2057,0,1000,1000,http://localhost:8080/web/index.php/api/v2/recruitment/candidates,0,0,0
1768483470426,118977,Create Candidate Request,Non HTTP response code: org.apache.http.NoHttpResponseException,Non HTTP response message: localhost:8080 failed to respond,Candidate Creation Thread Group 1-861,text,false,,2057,0,1000,1000,http://localhost:8080/web/index.php/api/v2/recruitment/candidates,0,0,1
1768483479571,109832,Create Candidate Request,Non HTTP response code: org.apache.http.NoHttpResponseException,Non HTTP response message: localhost:8080 failed to respond,Candidate Creation Thread Group 1-61,text,false,,2057,0,1000,1000,http://localhost:8080/web/index.php/api/v2/recruitment/candidates,0,0,0
1768483470447,118956,Create Candidate Request,Non HTTP response code: org.apache.http.NoHttpResponseException,Non HTTP response message: localhost:8080 failed to respond,Candidate Creation Thread Group 1-871,text,false,,2057,0,1000,1000,http://localhost:8080/web/index.php/api/v2/recruitment/candidates,0,0,0
1768483470436,118967,Create Candidate Request,Non HTTP response code: org.apache.http.NoHttpResponseException,Non HTTP response message: localhost:8080 failed to respond,Candidate Creation Thread Group 1-866,text,false,,2057,0,1000,1000,http://localhost:8080/web/index.php/api/v2/recruitment/candidates,0,0,0
1768483470413,118990,Create Candidate Request,Non HTTP response code: org.apache.http.NoHttpResponseException,Non HTTP response message: localhost:8080 failed to respond,Candidate Creation Thread Group 1-854,text,false,,2057,0,1000,1000,http://localhost:8080/web/index.php/api/v2/recruitment/candidates,0,0,0
1768483470422,118981,Create Candidate Request,Non HTTP response code: org.apache.http.NoHttpResponseException,Non HTTP response message: localhost:8080 failed to respond,Candidate Creation Thread Group 1-859,text,false,,2057,0,1000,1000,http://localhost:8080/web/index.php/api/v2/recruitment/candidates,0,0,0
1768483470443,118966,Create Candidate Request,Non HTTP response code: org.apache.http.NoHttpResponseException,Non HTTP response message: localhost:8080 failed to respond,Candidate Creation Thread Group 1-869,text,false,,2057,0,1000,1000,http://localhost:8080/web/index.php/api/v2/recruitment/candidates,0,0,0
1768483470445,118964,Create Candidate Request,Non HTTP response code: org.apache.http.NoHttpResponseException,Non HTTP response message: localhost:8080 failed to respond,Candidate Creation Thread Group 1-870,text,false,,2057,0,1000,1000,http://localhost:8080/web/index.php/api/v2/recruitment/candidates,0,0,0
1768483470410,118999,Create Candidate Request,Non HTTP response code: org.apache.http.NoHttpResponseException,Non HTTP response message: localhost:8080 failed to respond,Candidate Creation Thread Group 1-850,text,false,,2057,0,1000,1000,http://localhost:8080/web/index.php/api/v2/recruitment/candidates,0,0,0
1768483470410,118999,Create Candidate Request,Non HTTP response code: org.apache.http.NoHttpResponseException,Non HTTP response message: localhost:8080 failed to respond,Candidate Creation Thread Group 1-852,text,false,,2057,0,1000,1000,http://localhost:8080/web/index.php/api/v2/recruitment/candidates,0,0,0
1768483470424,118985,Create Candidate Request,Non HTTP response code: org.apache.http.NoHttpResponseException,Non HTTP response message: localhost:8080 failed to respond,Candidate Creation Thread Group 1-860,text,false,,2057,0,1000,1000,http://localhost:8080/web/index.php/api/v2/recruitment/candidates,0,0,1
1768483470411,118998,Create Candidate Request,Non HTTP response code: org.apache.http.NoHttpResponseException,Non HTTP response message: localhost:8080 failed to respond,Candidate Creation Thread Group 1-853,text,false,,2057,0,1000,1000,http://localhost:8080/web/index.php/api/v2/recruitment/candidates,0,0,0
1768483470429,118980,Create Candidate Request,Non HTTP response code: org.apache.http.NoHttpResponseException,Non HTTP response message: localhost:8080 failed to respond,Candidate Creation Thread Group 1-862,text,false,,2057,0,1000,1000,http://localhost:8080/web/index.php/api/v2/recruitment/candidates,0,0,0
1768483537078,52391,Create Candidate Request,401,Unauthorized,Candidate Creation Thread Group 1-78,text,false,,261,494,1000,1000,http://localhost:8080/web/index.php/api/v2/recruitment/candidates,52309,0,1
1768483537186,52296,Create Candidate Request,401,Unauthorized,Candidate Creation Thread Group 1-105,text,false,,261,491,1000,1000,http://localhost:8080/web/index.php/api/v2/recruitment/candidates,52295,0,1
1768483537186,52396,Create Candidate Request,401,Unauthorized,Candidate Creation Thread Group 1-21,text,false,,261,491,1000,1000,http://localhost:8080/web/index.php/api/v2/recruitment/candidates,52395,0,1
1768483535381,54292,Create Candidate Request,401,Unauthorized,Candidate Creation Thread Group 1-117,text,false,,261,494,1000,1000,http://localhost:8080/web/index.php/api/v2/recruitment/candidates,54291,0,1
1768483537470,52210,Create Candidate Request,401,Unauthorized,Candidate Creation Thread Group 1-100,text,false,,261,491,1000,1000,http://localhost:8080/web/index.php/api/v2/recruitment/candidates,52209,0,0
1768483537480,52293,Create Candidate Request,401,Unauthorized,Candidate Creation Thread Group 1-80,text,false,,261,491,1000,1000,http://localhost:8080/web/index.php/api/v2/recruitment/candidates,52292,0,1
1768483537682,52098,Create Candidate Request,401,Unauthorized,Candidate Creation Thread Group 1-136,text,false,,261,491,1000,1000,http://localhost:8080/web/index.php/api/v2/recruitment/candidates,52098,0,0
1768483537580,52301,Create Candidate Request,401,Unauthorized,Candidate Creation Thread Group 1-47,text,false,,261,491,1000,1000,http://localhost:8080/web/index.php/api/v2/recruitment/candidates,52301,0,0
1768483537970,52007,Create Candidate Request,401,Unauthorized,Candidate Creation Thread Group 1-102,text,false,,261,491,1000,1000,http://localhost:8080/web/index.php/api/v2/recruitment/candidates,52006,0,1
1768483537875,52210,Create Candidate Request,401,Unauthorized,Candidate Creation Thread Group 1-146,text,false,,261,491,1000,1000,http://localhost:8080/web/index.php/api/v2/recruitment/candidates,52204,0,1
1768483537983,52187,Create Candidate Request,401,Unauthorized,Candidate Creation Thread Group 1-87,text,false,,261,494,1000,1000,http://localhost:8080/web/index.php/api/v2/recruitment/candidates,52187,0,0
1768483538177,51999,Create Candidate Request,401,Unauthorized,Candidate Creation Thread Group 1-131,text,false,,261,494,1000,1000,http://localhost:8080/web/index.php/api/v2/recruitment/candidates,51997,0,1
1768483538173,52097,Create Candidate Request,401,Unauthorized,Candidate Creation Thread Group 1-89,text,false,,261,494,1000,1000,http://localhost:8080/web/index.php/api/v2/recruitment/candidates,52096,0,0
1768483538269,52011,Create Candidate Request,401,Unauthorized,Candidate Creation Thread Group 1-15,text,false,,261,494,1000,1000,http://localhost:8080/web/index.php/api/v2/recruitment/candidates,52010,0,0
1768483502574,87902,Create Candidate Request,401,Unauthorized,Candidate Creation Thread Group 1-344,text,false,,261,491,1000,1000,http://localhost:8080/web/index.php/api/v2/recruitment/candidates,87901,0,0
1768483538373,52209,Create Candidate Request,401,Unauthorized,Candidate Creation Thread Group 1-76,text,false,,261,494,1000,1000,http://localhost:8080/web/index.php/api/v2/recruitment/candidates,52208,0,1
1768483538473,52208,Create Candidate Request,401,Unauthorized,Candidate Creation Thread Group 1-191,text,false,,261,494,1000,1000,http://localhost:8080/web/index.php/api/v2/recruitment/candidates,52206,0,1
1768483538483,52300,Create Candidate Request,401,Unauthorized,Candidate Creation Thread Group 1-38,text,false,,261,494,1000,1000,http://localhost:8080/web/index.php/api/v2/recruitment/candidates,52299,0,0
1768483538478,52503,Create Candidate Request,401,Unauthorized,Candidate Creation Thread Group 1-290,text,false,,261,494,1000,1000,http://localhost:8080/web/index.php/api/v2/recruitment/candidates,52500,0,1
1768483550283,40888,Create Candidate Request,401,Unauthorized,Candidate Creation Thread Group 1-432,text,false,,261,494,1000,1000,http://localhost:8080/web/index.php/api/v2/recruitment/candidates,40887,0,0
1768483548186,42997,Create Candidate Request,401,Unauthorized,Candidate Creation Thread Group 1-276,text,false,,261,494,1000,1000,http://localhost:8080/web/index.php/api/v2/recruitment/candidates,42996,0,1
1768483544272,47005,Create Candidate Request,401,Unauthorized,Candidate Creation Thread Group 1-174,text,false,,261,494,1000,1000,http://localhost:8080/web/index.php/api/v2/recruitment/candidates,47005,0,0
1768483548271,43099,Create Candidate Request,401,Unauthorized,Candidate Creation Thread Group 1-273,text,false,,261,494,1000,1000,http://localhost:8080/web/index.php/api/v2/recruitment/candidates,43099,0,1
1768483550772,40604,Create Candidate Request,401,Unauthorized,Candidate Creation Thread Group 1-320,text,false,,261,494,1000,1000,http://localhost:8080/web/index.php/api/v2/recruitment/candidates,40603,0,1
1768483548478,42992,Create Candidate Request,401,Unauthorized,Candidate Creation Thread Group 1-280,text,false,,261,494,1000,1000,http://localhost:8080/web/index.php/api/v2/recruitment/candidates,42911,0,1
1768483540778,50792,Create Candidate Request,401,Unauthorized,Candidate Creation Thread Group 1-125,text,false,,261,494,1000,1000,http://localhost:8080/web/index.php/api/v2/recruitment/candidates,50791,0,2
1768483540870,50801,Create Candidate Request,401,Unauthorized,Candidate Creation Thread Group 1-137,text,false,,261,494,1000,1000,http://localhost:8080/web/index.php/api/v2/recruitment/candidates,50801,0,0
1768483536771,55002,Create Candidate Request,401,Unauthorized,Candidate Creation Thread Group 1-55,text,false,,261,494,1000,1000,http://localhost:8080/web/index.php/api/v2/recruitment/candidates,55001,0,1
1768483540875,51003,Create Candidate Request,401,Unauthorized,Candidate Creation Thread Group 1-72,text,false,,261,494,1000,1000,http://localhost:8080/web/index.php/api/v2/recruitment/candidates,51001,0,0
1768483541173,50806,Create Candidate Request,401,Unauthorized,Candidate Creation Thread Group 1-313,text,false,,261,491,1000,1000,http://localhost:8080/web/index.php/api/v2/recruitment/candidates,50805,0,0
1768483541179,50902,Create Candidate Request,401,Unauthorized,Candidate Creation Thread Group 1-325,text,false,,261,491,1000,1000,http://localhost:8080/web/index.php/api/v2/recruitment/candidates,50902,0,1
1768483541372,50801,Create Candidate Request,401,Unauthorized,Candidate Creation Thread Group 1-2,text,false,,261,491,1000,1000,http://localhost:8080/web/index.php/api/v2/recruitment/candidates,50801,0,0
1768483530084,62187,Create Candidate Request,401,Unauthorized,Candidate Creation Thread Group 1-960,text,false,,261,494,1000,1000,http://localhost:8080/web/index.php/api/v2/recruitment/candidates,62187,0,1
1768483541272,51008,Create Candidate Request,401,Unauthorized,Candidate Creation Thread Group 1-235,text,false,,261,491,1000,1000,http://localhost:8080/web/index.php/api/v2/recruitment/candidates,51007,0,1
1768483540270,52110,Create Candidate Request,401,Unauthorized,Candidate Creation Thread Group 1-92,text,false,,261,494,1000,1000,http://localhost:8080/web/index.php/api/v2/recruitment/candidates,52110,0,1
1768483541469,51013,Create Candidate Request,401,Unauthorized,Candidate Creation Thread Group 1-236,text,false,,261,491,1000,1000,http://localhost:8080/web/index.php/api/v2/recruitment/candidates,51013,0,1
1768483521578,71007,Create Candidate Request,401,Unauthorized,Candidate Creation Thread Group 1-602,text,false,,261,494,1000,1000,http://localhost:8080/web/index.php/api/v2/recruitment/candidates,71006,0,1
1768483541670,51008,Create Candidate Request,401,Unauthorized,Candidate Creation Thread Group 1-251,text,false,,261,494,1000,1000,http://localhost:8080/web/index.php/api/v2/recruitment/candidates,51007,0,1
1768483506083,86691,Create Candidate Request,401,Unauthorized,Candidate Creation Thread Group 1-470,text,false,,261,491,1000,1000,http://localhost:8080/web/index.php/api/v2/recruitment/candidates,86690,0,1
1768483544085,48786,Create Candidate Request,401,Unauthorized,Candidate Creation Thread Group 1-188,text,false,,261,494,1000,1000,http://localhost:8080/web/index.php/api/v2/recruitment/candidates,48786,0,0
1768483538969,54004,Create Candidate Request,401,Unauthorized,Candidate Creation Thread Group 1-227,text,false,,261,494,1000,1000,http://localhost:8080/web/index.php/api/v2/recruitment/candidates,53914,0,0
1768483542085,51091,Create Candidate Request,401,Unauthorized,Candidate Creation Thread Group 1-316,text,false,,261,494,1000,1000,http://localhost:8080/web/index.php/api/v2/recruitment/candidates,51085,0,0
1768483552181,41090,Create Candidate Request,401,Unauthorized,Candidate Creation Thread Group 1-486,text,false,,261,494,1000,1000,http://localhost:8080/web/index.php/api/v2/recruitment/candidates,41004,0,0
1768483541982,51302,Create Candidate Request,401,Unauthorized,Candidate Creation Thread Group 1-308,text,false,,261,494,1000,1000,http://localhost:8080/web/index.php/api/v2/recruitment/candidates,51302,0,1
1768483541082,52389,Create Candidate Request,401,Unauthorized,Candidate Creation Thread Group 1-56,text,false,,261,491,1000,1000,http://localhost:8080/web/index.php/api/v2/recruitment/candidates,52387,0,1
1768483542174,51400,Create Candidate Request,401,Unauthorized,Candidate Creation Thread Group 1-318,text,false,,261,494,1000,1000,http://localhost:8080/web/index.php/api/v2/recruitment/candidates,51398,0,1
1768483542183,51490,Create Candidate Request,401,Unauthorized,Candidate Creation Thread Group 1-319,text,false,,261,494,1000,1000,http://localhost:8080/web/index.php/api/v2/recruitment/candidates,51488,0,0
1768483542178,51593,Create Candidate Request,401,Unauthorized,Candidate Creation Thread Group 1-317,text,false,,261,494,1000,1000,http://localhost:8080/web/index.php/api/v2/recruitment/candidates,51592,0,0
1768483542186,51596,Create Candidate Request,401,Unauthorized,Candidate Creation Thread Group 1-314,text,false,,261,494,1000,1000,http://localhost:8080/web/index.php/api/v2/recruitment/candidates,51595,0,0
1768483542282,51690,Create Candidate Request,401,Unauthorized,Candidate Creation Thread Group 1-321,text,false,,261,494,1000,1000,http://localhost:8080/web/index.php/api/v2/recruitment/candidates,51689,0,1
1768483542476,51596,Create Candidate Request,401,Unauthorized,Candidate Creation Thread Group 1-322,text,false,,261,494,1000,1000,http://localhost:8080/web/index.php/api/v2/recruitment/candidates,51594,0,1
1768483542486,51686,Create Candidate Request,401,Unauthorized,Candidate Creation Thread Group 1-265,text,false,,261,494,1000,1000,http://localhost:8080/web/index.php/api/v2/recruitment/candidates,51685,0,0
1768483544173,50006,Create Candidate Request,401,Unauthorized,Candidate Creation Thread Group 1-446,text,false,,261,494,1000,1000,http://localhost:8080/web/index.php/api/v2/recruitment/candidates,50004,0,0
1768483541475,52806,Create Candidate Request,401,Unauthorized,Candidate Creation Thread Group 1-357,text,false,,261,491,1000,1000,http://localhost:8080/web/index.php/api/v2/recruitment/candidates,52804,0,0
1768483542575,51802,Create Candidate Request,401,Unauthorized,Candidate Creation Thread Group 1-362,text,false,,261,494,1000,1000,http://localhost:8080/web/index.php/api/v2/recruitment/candidates,51802,0,1
1768483538669,55712,Create Candidate Request,401,Unauthorized,Candidate Creation Thread Group 1-52,text,false,,261,494,1000,1000,http://localhost:8080/web/index.php/api/v2/recruitment/candidates,55712,0,0
1768483542779,51695,Create Candidate Request,401,Unauthorized,Candidate Creation Thread Group 1-345,text,false,,261,494,1000,1000,http://localhost:8080/web/index.php/api/v2/recruitment/candidates,51694,0,1
1768483542882,51600,Create Candidate Request,401,Unauthorized,Candidate Creation Thread Group 1-955,text,false,,261,494,1000,1000,http://localhost:8080/web/index.php/api/v2/recruitment/candidates,51600,0,0
1768483542982,51596,Create Candidate Request,401,Unauthorized,Candidate Creation Thread Group 1-288,text,false,,261,494,1000,1000,http://localhost:8080/web/index.php/api/v2/recruitment/candidates,51596,0,1
1768483543075,51511,Create Candidate Request,401,Unauthorized,Candidate Creation Thread Group 1-59,text,false,,261,494,1000,1000,http://localhost:8080/web/index.php/api/v2/recruitment/candidates,51510,0,0
1768483543170,51507,Create Candidate Request,401,Unauthorized,Candidate Creation Thread Group 1-176,text,false,,261,494,1000,1000,http://localhost:8080/web/index.php/api/v2/recruitment/candidates,51506,0,0
1768483543175,51508,Create Candidate Request,401,Unauthorized,Candidate Creation Thread Group 1-177,text,false,,261,494,1000,1000,http://localhost:8080/web/index.php/api/v2/recruitment/candidates,51507,0,0
1768483554079,40691,Create Candidate Request,401,Unauthorized,Candidate Creation Thread Group 1-366,text,false,,261,494,1000,1000,http://localhost:8080/web/index.php/api/v2/recruitment/candidates,40691,0,0
1768483543179,51692,Create Candidate Request,401,Unauthorized,Candidate Creation Thread Group 1-178,text,false,,261,494,1000,1000,http://localhost:8080/web/index.php/api/v2/recruitment/candidates,51692,0,1
1768483543282,51690,Create Candidate Request,401,Unauthorized,Candidate Creation Thread Group 1-185,text,false,,261,494,1000,1000,http://localhost:8080/web/index.php/api/v2/recruitment/candidates,51690,0,0
1768483543379,51603,Create Candidate Request,401,Unauthorized,Candidate Creation Thread Group 1-81,text,false,,261,494,1000,1000,http://localhost:8080/web/index.php/api/v2/recruitment/candidates,51603,0,0
1768483538386,56697,Create Candidate Request,401,Unauthorized,Candidate Creation Thread Group 1-101,text,false,,261,494,1000,1000,http://localhost:8080/web/index.php/api/v2/recruitment/candidates,56696,0,1
1768483543480,51696,Create Candidate Request,401,Unauthorized,Candidate Creation Thread Group 1-106,text,false,,261,494,1000,1000,http://localhost:8080/web/index.php/api/v2/recruitment/candidates,51694,0,1
1768483543575,51605,Create Candidate Request,401,Unauthorized,Candidate Creation Thread Group 1-179,text,false,,261,494,1000,1000,http://localhost:8080/web/index.php/api/v2/recruitment/candidates,51605,0,0
1768483543581,51691,Create Candidate Request,401,Unauthorized,Candidate Creation Thread Group 1-16,text,false,,261,494,1000,1000,http://localhost:8080/web/index.php/api/v2/recruitment/candidates,51690,0,0
1768483543679,51698,Create Candidate Request,401,Unauthorized,Candidate Creation Thread Group 1-143,text,false,,261,494,1000,1000,http://localhost:8080/web/index.php/api/v2/recruitment/candidates,51695,0,0
1768483543584,51897,Create Candidate Request,401,Unauthorized,Candidate Creation Thread Group 1-171,text,false,,261,494,1000,1000,http://localhost:8080/web/index.php/api/v2/recruitment/candidates,51896,0,0
1768483543786,51790,Create Candidate Request,401,Unauthorized,Candidate Creation Thread Group 1-140,text,false,,261,494,1000,1000,http://localhost:8080/web/index.php/api/v2/recruitment/candidates,51790,0,0
1768483543770,51902,Create Candidate Request,401,Unauthorized,Candidate Creation Thread Group 1-133,text,false,,261,494,1000,1000,http://localhost:8080/web/index.php/api/v2/recruitment/candidates,51902,0,1
1768483543780,51906,Create Candidate Request,401,Unauthorized,Candidate Creation Thread Group 1-93,text,false,,261,494,1000,1000,http://localhost:8080/web/index.php/api/v2/recruitment/candidates,51905,0,0
1768483537282,58492,Create Candidate Request,401,Unauthorized,Candidate Creation Thread Group 1-91,text,false,,261,491,1000,1000,http://localhost:8080/web/index.php/api/v2/recruitment/candidates,58492,0,0
1768483544479,51306,Create Candidate Request,401,Unauthorized,Candidate Creation Thread Group 1-189,text,false,,261,491,1000,1000,http://localhost:8080/web/index.php/api/v2/recruitment/candidates,51306,0,2
1768483544577,51305,Create Candidate Request,401,Unauthorized,Candidate Creation Thread Group 1-182,text,false,,261,491,1000,1000,http://localhost:8080/web/index.php/api/v2/recruitment/candidates,51304,0,1
1768483544678,51303,Create Candidate Request,401,Unauthorized,Candidate Creation Thread Group 1-183,text,false,,261,491,1000,1000,http://localhost:8080/web/index.php/api/v2/recruitment/candidates,51302,0,1
1768483544872,51298,Create Candidate Request,401,Unauthorized,Candidate Creation Thread Group 1-192,text,false,,261,491,1000,1000,http://localhost:8080/web/index.php/api/v2/recruitment/candidates,51298,0,1
1768483544971,51203,Create Candidate Request,401,Unauthorized,Candidate Creation Thread Group 1-194,text,false,,261,491,1000,1000,http://localhost:8080/web/index.php/api/v2/recruitment/candidates,51203,0,0
1768483544983,51201,Create Candidate Request,401,Unauthorized,Candidate Creation Thread Group 1-294,text,false,,261,491,1000,1000,http://localhost:8080/web/index.php/api/v2/recruitment/candidates,51199,0,0
1768483545171,51112,Create Candidate Request,401,Unauthorized,Candidate Creation Thread Group 1-151,text,false,,261,491,1000,1000,http://localhost:8080/web/index.php/api/v2/recruitment/candidates,51111,0,0
1768483555684,40696,Create Candidate Request,401,Unauthorized,Candidate Creation Thread Group 1-296,text,false,,261,494,1000,1000,http://localhost:8080/web/index.php/api/v2/recruitment/candidates,40695,0,0
1768483545280,51193,Create Candidate Request,401,Unauthorized,Candidate Creation Thread Group 1-458,text,false,,261,494,1000,1000,http://localhost:8080/web/index.php/api/v2/recruitment/candidates,51192,0,0
1768483545676,50803,Create Candidate Request,401,Unauthorized,Candidate Creation Thread Group 1-246,text,false,,261,494,1000,1000,http://localhost:8080/web/index.php/api/v2/recruitment/candidates,50802,0,0
1768483542384,54198,Create Candidate Request,401,Unauthorized,Candidate Creation Thread Group 1-358,text,false,,261,494,1000,1000,http://localhost:8080/web/index.php/api/v2/recruitment/candidates,54197,0,1
1768483535973,60797,Create Candidate Request,401,Unauthorized,Candidate Creation Thread Group 1-155,text,false,,261,494,1000,1000,http://localhost:8080/web/index.php/api/v2/recruitment/candidates,60796,0,4
1768483545682,51101,Create Candidate Request,401,Unauthorized,Candidate Creation Thread Group 1-199,text,false,,261,494,1000,1000,http://localhost:8080/web/index.php/api/v2/recruitment/candidates,51101,0,1
1768483545486,51297,Create Candidate Request,401,Unauthorized,Candidate Creation Thread Group 1-85,text,false,,261,494,1000,1000,http://localhost:8080/web/index.php/api/v2/recruitment/candidates,51297,0,0
1768483541569,55401,Create Candidate Request,401,Unauthorized,Candidate Creation Thread Group 1-240,text,false,,261,491,1000,1000,http://localhost:8080/web/index.php/api/v2/recruitment/candidates,55400,0,2
1768483545879,51099,Create Candidate Request,401,Unauthorized,Candidate Creation Thread Group 1-252,text,false,,261,494,1000,1000,http://localhost:8080/web/index.php/api/v2/recruitment/candidates,51098,0,0
1768483545971,51109,Create Candidate Request,401,Unauthorized,Candidate Creation Thread Group 1-676,text,false,,261,494,1000,1000,http://localhost:8080/web/index.php/api/v2/recruitment/candidates,51108,0,0
1768483545871,51301,Create Candidate Request,401,Unauthorized,Candidate Creation Thread Group 1-248,text,false,,261,494,1000,1000,http://localhost:8080/web/index.php/api/v2/recruitment/candidates,51301,0,1
1768483545982,51197,Create Candidate Request,401,Unauthorized,Candidate Creation Thread Group 1-665,text,false,,261,494,1000,1000,http://localhost:8080/web/index.php/api/v2/recruitment/candidates,51196,0,1
1768483542078,55198,Create Candidate Request,401,Unauthorized,Candidate Creation Thread Group 1-315,text,false,,261,494,1000,1000,http://localhost:8080/web/index.php/api/v2/recruitment/candidates,55198,0,0
1768483546173,51208,Create Candidate Request,401,Unauthorized,Candidate Creation Thread Group 1-669,text,false,,261,494,1000,1000,http://localhost:8080/web/index.php/api/v2/recruitment/candidates,51207,0,0
1768483546083,51395,Create Candidate Request,401,Unauthorized,Candidate Creation Thread Group 1-670,text,false,,261,494,1000,1000,http://localhost:8080/web/index.php/api/v2/recruitment/candidates,51394,0,0
1768483546271,51310,Create Candidate Request,401,Unauthorized,Candidate Creation Thread Group 1-253,text,false,,261,494,1000,1000,http://localhost:8080/web/index.php/api/v2/recruitment/candidates,51308,0,0
1768483546974,50699,Create Candidate Request,401,Unauthorized,Candidate Creation Thread Group 1-262,text,false,,261,494,1000,1000,http://localhost:8080/web/index.php/api/v2/recruitment/candidates,50698,0,0
1768483546281,51489,Create Candidate Request,401,Unauthorized,Candidate Creation Thread Group 1-256,text,false,,261,494,1000,1000,http://localhost:8080/web/index.php/api/v2/recruitment/candidates,51489,0,1
1768483543476,54299,Create Candidate Request,401,Unauthorized,Candidate Creation Thread Group 1-170,text,false,,261,494,1000,1000,http://localhost:8080/web/index.php/api/v2/recruitment/candidates,54298,0,0
1768483547074,50704,Create Candidate Request,401,Unauthorized,Candidate Creation Thread Group 1-197,text,false,,261,494,1000,1000,http://localhost:8080/web/index.php/api/v2/recruitment/candidates,50703,0,7
1768483546384,51405,Create Candidate Request,401,Unauthorized,Candidate Creation Thread Group 1-257,text,false,,261,494,1000,1000,http://localhost:8080/web/index.php/api/v2/recruitment/candidates,51405,0,0
1768483546678,51194,Create Candidate Request,401,Unauthorized,Candidate Creation Thread Group 1-311,text,false,,261,494,1000,1000,http://localhost:8080/web/index.php/api/v2/recruitment/candidates,51193,0,0
1768483546673,51302,Create Candidate Request,401,Unauthorized,Candidate Creation Thread Group 1-259,text,false,,261,494,1000,1000,http://localhost:8080/web/index.php/api/v2/recruitment/candidates,51301,0,1
1768483546775,51298,Create Candidate Request,401,Unauthorized,Candidate Creation Thread Group 1-261,text,false,,261,494,1000,1000,http://localhost:8080/web/index.php/api/v2/recruitment/candidates,51210,0,1
1768483547270,50901,Create Candidate Request,401,Unauthorized,Candidate Creation Thread Group 1-333,text,false,,261,494,1000,1000,http://localhost:8080/web/index.php/api/v2/recruitment/candidates,50900,0,1
1768483546685,51493,Create Candidate Request,401,Unauthorized,Candidate Creation Thread Group 1-260,text,false,,261,494,1000,1000,http://localhost:8080/web/index.php/api/v2/recruitment/candidates,51492,0,0
1768483547171,51111,Create Candidate Request,401,Unauthorized,Candidate Creation Thread Group 1-263,text,false,,261,494,1000,1000,http://localhost:8080/web/index.php/api/v2/recruitment/candidates,51110,0,0
1768483546178,52292,Create Candidate Request,401,Unauthorized,Candidate Creation Thread Group 1-234,text,false,,261,494,1000,1000,http://localhost:8080/web/index.php/api/v2/recruitment/candidates,52292,0,0
1768483544179,54296,Create Candidate Request,401,Unauthorized,Candidate Creation Thread Group 1-150,text,false,,261,494,1000,1000,http://localhost:8080/web/index.php/api/v2/recruitment/candidates,54295,0,0
1768483547373,51200,Create Candidate Request,401,Unauthorized,Candidate Creation Thread Group 1-247,text,false,,261,494,1000,1000,http://localhost:8080/web/index.php/api/v2/recruitment/candidates,51200,0,0
1768483550384,48202,Create Candidate Request,401,Unauthorized,Candidate Creation Thread Group 1-438,text,false,,261,494,1000,1000,http://localhost:8080/web/index.php/api/v2/recruitment/candidates,48202,0,0
1768483547473,51209,Create Candidate Request,401,Unauthorized,Candidate Creation Thread Group 1-266,text,false,,261,494,1000,1000,http://localhost:8080/web/index.php/api/v2/recruitment/candidates,51208,0,0
1768483547885,50888,Create Candidate Request,401,Unauthorized,Candidate Creation Thread Group 1-310,text,false,,261,494,1000,1000,http://localhost:8080/web/index.php/api/v2/recruitment/candidates,50888,0,0
1768483547570,51206,Create Candidate Request,401,Unauthorized,Candidate Creation Thread Group 1-269,text,false,,261,494,1000,1000,http://localhost:8080/web/index.php/api/v2/recruitment/candidates,51206,0,1
1768483542672,56111,Create Candidate Request,401,Unauthorized,Candidate Creation Thread Group 1-346,text,false,,261,494,1000,1000,http://localhost:8080/web/index.php/api/v2/recruitment/candidates,56110,0,1
1768483540772,58102,Create Candidate Request,401,Unauthorized,Candidate Creation Thread Group 1-18,text,false,,261,494,1000,1000,http://localhost:8080/web/index.php/api/v2/recruitment/candidates,58101,0,1
1768483547980,50903,Create Candidate Request,401,Unauthorized,Candidate Creation Thread Group 1-334,text,false,,261,494,1000,1000,http://localhost:8080/web/index.php/api/v2/recruitment/candidates,50903,0,0
1768483490778,108202,Create Candidate Request,401,Unauthorized,Candidate Creation Thread Group 1-162,text,false,,261,494,1000,1000,http://localhost:8080/web/index.php/api/v2/recruitment/candidates,108201,0,1
1768483548076,51006,Create Candidate Request,401,Unauthorized,Candidate Creation Thread Group 1-271,text,false,,261,494,1000,1000,http://localhost:8080/web/index.php/api/v2/recruitment/candidates,51006,0,1
1768483548088,51090,Create Candidate Request,401,Unauthorized,Candidate Creation Thread Group 1-272,text,false,,261,494,1000,1000,http://localhost:8080/web/index.php/api/v2/recruitment/candidates,51089,0,0
1768483548175,51098,Create Candidate Request,401,Unauthorized,Candidate Creation Thread Group 1-274,text,false,,261,494,1000,1000,http://localhost:8080/web/index.php/api/v2/recruitment/candidates,51098,0,0
1768483550573,48710,Create Candidate Request,401,Unauthorized,Candidate Creation Thread Group 1-436,text,false,,261,494,1000,1000,http://localhost:8080/web/index.php/api/v2/recruitment/candidates,48710,0,0
1768483550672,48707,Create Candidate Request,401,Unauthorized,Candidate Creation Thread Group 1-447,text,false,,261,494,1000,1000,http://localhost:8080/web/index.php/api/v2/recruitment/candidates,48707,0,2
1768483548870,50516,Create Candidate Request,401,Unauthorized,Candidate Creation Thread Group 1-250,text,false,,261,491,1000,1000,http://localhost:8080/web/index.php/api/v2/recruitment/candidates,50516,0,0
1768483548284,51197,Create Candidate Request,401,Unauthorized,Candidate Creation Thread Group 1-277,text,false,,261,494,1000,1000,http://localhost:8080/web/index.php/api/v2/recruitment/candidates,51197,0,1
1768483548584,50901,Create Candidate Request,401,Unauthorized,Candidate Creation Thread Group 1-336,text,false,,261,491,1000,1000,http://localhost:8080/web/index.php/api/v2/recruitment/candidates,50901,0,0
1768483548584,50906,Create Candidate Request,401,Unauthorized,Candidate Creation Thread Group 1-279,text,false,,261,491,1000,1000,http://localhost:8080/web/index.php/api/v2/recruitment/candidates,50906,0,0
1768483548672,50823,Create Candidate Request,401,Unauthorized,Candidate Creation Thread Group 1-359,text,false,,261,491,1000,1000,http://localhost:8080/web/index.php/api/v2/recruitment/candidates,50823,0,0
1768483548675,50995,Create Candidate Request,401,Unauthorized,Candidate Creation Thread Group 1-338,text,false,,261,491,1000,1000,http://localhost:8080/web/index.php/api/v2/recruitment/candidates,50994,0,2
1768483548772,50903,Create Candidate Request,401,Unauthorized,Candidate Creation Thread Group 1-332,text,false,,261,491,1000,1000,http://localhost:8080/web/index.php/api/v2/recruitment/candidates,50902,0,3
1768483559573,40197,Create Candidate Request,401,Unauthorized,Candidate Creation Thread Group 1-468,text,false,,261,494,1000,1000,http://localhost:8080/web/index.php/api/v2/recruitment/candidates,40110,0,0
1768483548877,50898,Create Candidate Request,401,Unauthorized,Candidate Creation Thread Group 1-339,text,false,,261,491,1000,1000,http://localhost:8080/web/index.php/api/v2/recruitment/candidates,50897,0,1
1768483547872,51909,Create Candidate Request,401,Unauthorized,Candidate Creation Thread Group 1-365,text,false,,261,494,1000,1000,http://localhost:8080/web/index.php/api/v2/recruitment/candidates,51908,0,1
1768483548971,50900,Create Candidate Request,401,Unauthorized,Candidate Creation Thread Group 1-337,text,false,,261,491,1000,1000,http://localhost:8080/web/index.php/api/v2/recruitment/candidates,50899,0,2
1768483548978,50992,Create Candidate Request,401,Unauthorized,Candidate Creation Thread Group 1-341,text,false,,261,491,1000,1000,http://localhost:8080/web/index.php/api/v2/recruitment/candidates,50992,0,0
1768483549080,50900,Create Candidate Request,401,Unauthorized,Candidate Creation Thread Group 1-342,text,false,,261,494,1000,1000,http://localhost:8080/web/index.php/api/v2/recruitment/candidates,50900,0,2
1768483543874,56207,Create Candidate Request,401,Unauthorized,Candidate Creation Thread Group 1-103,text,false,,261,494,1000,1000,http://localhost:8080/web/index.php/api/v2/recruitment/candidates,56206,0,0
1768483549272,50904,Create Candidate Request,401,Unauthorized,Candidate Creation Thread Group 1-370,text,false,,261,494,1000,1000,http://localhost:8080/web/index.php/api/v2/recruitment/candidates,50903,0,0
1768483549172,51098,Create Candidate Request,401,Unauthorized,Candidate Creation Thread Group 1-286,text,false,,261,494,1000,1000,http://localhost:8080/web/index.php/api/v2/recruitment/candidates,51098,0,1
1768483549180,51099,Create Candidate Request,401,Unauthorized,Candidate Creation Thread Group 1-323,text,false,,261,494,1000,1000,http://localhost:8080/web/index.php/api/v2/recruitment/candidates,51099,0,0
1768483549478,50903,Create Candidate Request,401,Unauthorized,Candidate Creation Thread Group 1-664,text,false,,261,494,1000,1000,http://localhost:8080/web/index.php/api/v2/recruitment/candidates,50902,0,0
1768483549376,51102,Create Candidate Request,401,Unauthorized,Candidate Creation Thread Group 1-347,text,false,,261,494,1000,1000,http://localhost:8080/web/index.php/api/v2/recruitment/candidates,51101,0,0
1768483550971,49610,Create Candidate Request,401,Unauthorized,Candidate Creation Thread Group 1-442,text,false,,261,494,1000,1000,http://localhost:8080/web/index.php/api/v2/recruitment/candidates,49610,0,0
1768483549581,51100,Create Candidate Request,401,Unauthorized,Candidate Creation Thread Group 1-505,text,false,,261,494,1000,1000,http://localhost:8080/web/index.php/api/v2/recruitment/candidates,51099,0,1
1768483549682,51095,Create Candidate Request,401,Unauthorized,Candidate Creation Thread Group 1-349,text,false,,261,494,1000,1000,http://localhost:8080/web/index.php/api/v2/recruitment/candidates,51095,0,1
1768483547771,53098,Create Candidate Request,401,Unauthorized,Candidate Creation Thread Group 1-268,text,false,,261,494,1000,1000,http://localhost:8080/web/index.php/api/v2/recruitment/candidates,53015,0,1
1768483549881,51000,Create Candidate Request,401,Unauthorized,Candidate Creation Thread Group 1-348,text,false,,261,494,1000,1000,http://localhost:8080/web/index.php/api/v2/recruitment/candidates,50999,0,0
1768483550175,50800,Create Candidate Request,401,Unauthorized,Candidate Creation Thread Group 1-448,text,false,,261,494,1000,1000,http://localhost:8080/web/index.php/api/v2/recruitment/candidates,50799,0,0
1768483549984,51096,Create Candidate Request,401,Unauthorized,Candidate Creation Thread Group 1-439,text,false,,261,494,1000,1000,http://localhost:8080/web/index.php/api/v2/recruitment/candidates,51094,0,0
1768483550084,51089,Create Candidate Request,401,Unauthorized,Candidate Creation Thread Group 1-377,text,false,,261,494,1000,1000,http://localhost:8080/web/index.php/api/v2/recruitment/candidates,51089,0,1
1768483470284,130896,Create Candidate Request,401,Unauthorized,Candidate Creation Thread Group 1-790,text,false,,261,494,1000,1000,http://localhost:8080/web/index.php/api/v2/recruitment/candidates,130895,0,1
1768483470305,130978,Create Candidate Request,401,Unauthorized,Candidate Creation Thread Group 1-798,text,false,,261,491,1000,1000,http://localhost:8080/web/index.php/api/v2/recruitment/candidates,130978,0,0
1768483538674,62797,Create Candidate Request,401,Unauthorized,Candidate Creation Thread Group 1-7,text,false,,261,494,1000,1000,http://localhost:8080/web/index.php/api/v2/recruitment/candidates,62797,0,0
1768483538680,62799,Create Candidate Request,401,Unauthorized,Candidate Creation Thread Group 1-40,text,false,,261,494,1000,1000,http://localhost:8080/web/index.php/api/v2/recruitment/candidates,62798,0,0
1768483538773,62798,Create Candidate Request,401,Unauthorized,Candidate Creation Thread Group 1-111,text,false,,261,494,1000,1000,http://localhost:8080/web/index.php/api/v2/recruitment/candidates,62798,0,1
1768483538871,62707,Create Candidate Request,401,Unauthorized,Candidate Creation Thread Group 1-49,text,false,,261,494,1000,1000,http://localhost:8080/web/index.php/api/v2/recruitment/candidates,62707,0,0
1768483470308,131278,Create Candidate Request,401,Unauthorized,Candidate Creation Thread Group 1-800,text,false,,261,491,1000,1000,http://localhost:8080/web/index.php/api/v2/recruitment/candidates,131278,0,0
1768483539174,62508,Create Candidate Request,401,Unauthorized,Candidate Creation Thread Group 1-226,text,false,,261,494,1000,1000,http://localhost:8080/web/index.php/api/v2/recruitment/candidates,62507,0,0
1768483470315,131458,Create Candidate Request,401,Unauthorized,Candidate Creation Thread Group 1-805,text,false,,261,491,1000,1000,http://localhost:8080/web/index.php/api/v2/recruitment/candidates,131458,0,0
1768483539170,62610,Create Candidate Request,401,Unauthorized,Candidate Creation Thread Group 1-229,text,false,,261,494,1000,1000,http://localhost:8080/web/index.php/api/v2/recruitment/candidates,62609,0,1
1768483539880,62001,Create Candidate Request,401,Unauthorized,Candidate Creation Thread Group 1-241,text,false,,261,494,1000,1000,http://localhost:8080/web/index.php/api/v2/recruitment/candidates,61999,0,0
1768483540997,60982,Create Candidate Request,401,Unauthorized,Candidate Creation Thread Group 1-173,text,false,,261,491,1000,1000,http://localhost:8080/web/index.php/api/v2/recruitment/candidates,60981,0,0
1768483539982,62095,Create Candidate Request,401,Unauthorized,Candidate Creation Thread Group 1-243,text,false,,261,494,1000,1000,http://localhost:8080/web/index.php/api/v2/recruitment/candidates,62094,0,1
1768483540172,62002,Create Candidate Request,401,Unauthorized,Candidate Creation Thread Group 1-242,text,false,,261,494,1000,1000,http://localhost:8080/web/index.php/api/v2/recruitment/candidates,62001,0,1
1768483538080,64102,Create Candidate Request,401,Unauthorized,Candidate Creation Thread Group 1-22,text,false,,261,494,1000,1000,http://localhost:8080/web/index.php/api/v2/recruitment/candidates,64101,0,3
1768483540177,62104,Create Candidate Request,401,Unauthorized,Candidate Creation Thread Group 1-312,text,false,,261,494,1000,1000,http://localhost:8080/web/index.php/api/v2/recruitment/candidates,62104,0,0
1768483539071,63311,Create Candidate Request,401,Unauthorized,Candidate Creation Thread Group 1-228,text,false,,261,494,1000,1000,http://localhost:8080/web/index.php/api/v2/recruitment/candidates,63311,0,1
1768483543983,58501,Create Candidate Request,401,Unauthorized,Candidate Creation Thread Group 1-67,text,false,,261,494,1000,1000,http://localhost:8080/web/index.php/api/v2/recruitment/candidates,58501,0,0
1768483540369,62302,Create Candidate Request,401,Unauthorized,Candidate Creation Thread Group 1-237,text,false,,261,494,1000,1000,http://localhost:8080/web/index.php/api/v2/recruitment/candidates,62301,0,0
1768483540373,62303,Create Candidate Request,401,Unauthorized,Candidate Creation Thread Group 1-239,text,false,,261,494,1000,1000,http://localhost:8080/web/index.php/api/v2/recruitment/candidates,62303,0,1
1768483540383,62298,Create Candidate Request,401,Unauthorized,Candidate Creation Thread Group 1-284,text,false,,261,494,1000,1000,http://localhost:8080/web/index.php/api/v2/recruitment/candidates,62298,0,0
1768483540669,62203,Create Candidate Request,401,Unauthorized,Candidate Creation Thread Group 1-291,text,false,,261,494,1000,1000,http://localhost:8080/web/index.php/api/v2/recruitment/candidates,62201,0,2
1768483540571,62401,Create Candidate Request,401,Unauthorized,Candidate Creation Thread Group 1-282,text,false,,261,494,1000,1000,http://localhost:8080/web/index.php/api/v2/recruitment/candidates,62398,0,1
1768483550976,52094,Create Candidate Request,401,Unauthorized,Candidate Creation Thread Group 1-440,text,false,,261,494,1000,1000,http://localhost:8080/web/index.php/api/v2/recruitment/candidates,52094,0,1
1768483548376,54701,Create Candidate Request,401,Unauthorized,Candidate Creation Thread Group 1-275,text,false,,261,494,1000,1000,http://localhost:8080/web/index.php/api/v2/recruitment/candidates,54700,0,0
1768483550982,52100,Create Candidate Request,401,Unauthorized,Candidate Creation Thread Group 1-435,text,false,,261,494,1000,1000,http://localhost:8080/web/index.php/api/v2/recruitment/candidates,52100,0,0
1768483551181,51992,Create Candidate Request,401,Unauthorized,Candidate Creation Thread Group 1-378,text,false,,261,494,1000,1000,http://localhost:8080/web/index.php/api/v2/recruitment/candidates,51991,0,0
1768483551176,52001,Create Candidate Request,401,Unauthorized,Candidate Creation Thread Group 1-443,text,false,,261,494,1000,1000,http://localhost:8080/web/index.php/api/v2/recruitment/candidates,52001,0,0
1768483547175,56100,Create Candidate Request,401,Unauthorized,Candidate Creation Thread Group 1-264,text,false,,261,494,1000,1000,http://localhost:8080/web/index.php/api/v2/recruitment/candidates,56097,0,0
1768483551276,51999,Create Candidate Request,401,Unauthorized,Candidate Creation Thread Group 1-445,text,false,,261,494,1000,1000,http://localhost:8080/web/index.php/api/v2/recruitment/candidates,51999,0,1
1768483551383,51901,Create Candidate Request,401,Unauthorized,Candidate Creation Thread Group 1-488,text,false,,261,494,1000,1000,http://localhost:8080/web/index.php/api/v2/recruitment/candidates,51901,0,0
1768483551370,52003,Create Candidate Request,401,Unauthorized,Candidate Creation Thread Group 1-449,text,false,,261,494,1000,1000,http://localhost:8080/web/index.php/api/v2/recruitment/candidates,52002,0,1
1768483551584,51794,Create Candidate Request,401,Unauthorized,Candidate Creation Thread Group 1-453,text,false,,261,494,1000,1000,http://localhost:8080/web/index.php/api/v2/recruitment/candidates,51793,0,1
1768483551482,51988,Create Candidate Request,401,Unauthorized,Candidate Creation Thread Group 1-450,text,false,,261,494,1000,1000,http://localhost:8080/web/index.php/api/v2/recruitment/candidates,51988,0,0
1768483551684,51791,Create Candidate Request,401,Unauthorized,Candidate Creation Thread Group 1-454,text,false,,261,494,1000,1000,http://localhost:8080/web/index.php/api/v2/recruitment/candidates,51791,0,0
1768483558778,44794,Create Candidate Request,401,Unauthorized,Candidate Creation Thread Group 1-885,text,false,,261,494,1000,1000,http://localhost:8080/web/index.php/api/v2/recruitment/candidates,44794,0,0
1768483551876,51705,Create Candidate Request,401,Unauthorized,Candidate Creation Thread Group 1-455,text,false,,261,494,1000,1000,http://localhost:8080/web/index.php/api/v2/recruitment/candidates,51702,0,0
1768483552575,51104,Create Candidate Request,401,Unauthorized,Candidate Creation Thread Group 1-388,text,false,,261,494,1000,1000,http://localhost:8080/web/index.php/api/v2/recruitment/candidates,51104,0,0
1768483553983,49795,Create Candidate Request,401,Unauthorized,Candidate Creation Thread Group 1-232,text,false,,261,494,1000,1000,http://localhost:8080/web/index.php/api/v2/recruitment/candidates,49795,0,1
1768483554074,49808,Create Candidate Request,401,Unauthorized,Candidate Creation Thread Group 1-364,text,false,,261,494,1000,1000,http://localhost:8080/web/index.php/api/v2/recruitment/candidates,49808,0,0
1768483552571,51501,Create Candidate Request,401,Unauthorized,Candidate Creation Thread Group 1-385,text,false,,261,494,1000,1000,http://localhost:8080/web/index.php/api/v2/recruitment/candidates,51501,0,0
1768483551983,52186,Create Candidate Request,401,Unauthorized,Candidate Creation Thread Group 1-379,text,false,,261,494,1000,1000,http://localhost:8080/web/index.php/api/v2/recruitment/candidates,52103,0,1
1768483564793,39383,Create Candidate Request,401,Unauthorized,Candidate Creation Thread Group 1-403,text,false,,261,491,1000,1000,http://localhost:8080/web/index.php/api/v2/recruitment/candidates,39383,0,0
1768483552084,52187,Create Candidate Request,401,Unauthorized,Candidate Creation Thread Group 1-434,text,false,,261,494,1000,1000,http://localhost:8080/web/index.php/api/v2/recruitment/candidates,52186,0,1
1768483552282,52090,Create Candidate Request,401,Unauthorized,Candidate Creation Thread Group 1-386,text,false,,261,494,1000,1000,http://localhost:8080/web/index.php/api/v2/recruitment/candidates,52089,0,1
1768483552695,51690,Create Candidate Request,401,Unauthorized,Candidate Creation Thread Group 1-395,text,false,,261,491,1000,1000,http://localhost:8080/web/index.php/api/v2/recruitment/candidates,51689,0,0
1768483565172,39302,Create Candidate Request,401,Unauthorized,Candidate Creation Thread Group 1-620,text,false,,261,491,1000,1000,http://localhost:8080/web/index.php/api/v2/recruitment/candidates,39302,0,2
1768483552695,51789,Create Candidate Request,401,Unauthorized,Candidate Creation Thread Group 1-391,text,false,,261,491,1000,1000,http://localhost:8080/web/index.php/api/v2/recruitment/candidates,51789,0,0
1768483552872,51711,Create Candidate Request,401,Unauthorized,Candidate Creation Thread Group 1-392,text,false,,261,491,1000,1000,http://localhost:8080/web/index.php/api/v2/recruitment/candidates,51710,0,0
1768483548983,55697,Create Candidate Request,401,Unauthorized,Candidate Creation Thread Group 1-340,text,false,,261,494,1000,1000,http://localhost:8080/web/index.php/api/v2/recruitment/candidates,55696,0,0
1768483552973,51798,Create Candidate Request,401,Unauthorized,Candidate Creation Thread Group 1-393,text,false,,261,491,1000,1000,http://localhost:8080/web/index.php/api/v2/recruitment/candidates,51798,0,2
1768483553178,51604,Create Candidate Request,401,Unauthorized,Candidate Creation Thread Group 1-398,text,false,,261,491,1000,1000,http://localhost:8080/web/index.php/api/v2/recruitment/candidates,51602,0,1
1768483551084,53791,Create Candidate Request,401,Unauthorized,Candidate Creation Thread Group 1-444,text,false,,261,494,1000,1000,http://localhost:8080/web/index.php/api/v2/recruitment/candidates,53791,0,1
1768483553274,51605,Create Candidate Request,401,Unauthorized,Candidate Creation Thread Group 1-397,text,false,,261,491,1000,1000,http://localhost:8080/web/index.php/api/v2/recruitment/candidates,51604,0,1
1768483555978,48996,Create Candidate Request,401,Unauthorized,Candidate Creation Thread Group 1-211,text,false,,261,494,1000,1000,http://localhost:8080/web/index.php/api/v2/recruitment/candidates,48995,0,0
1768483565185,39802,Create Candidate Request,401,Unauthorized,Candidate Creation Thread Group 1-496,text,false,,261,491,1000,1000,http://localhost:8080/web/index.php/api/v2/recruitment/candidates,39802,0,1
1768483555972,49103,Create Candidate Request,401,Unauthorized,Candidate Creation Thread Group 1-210,text,false,,261,494,1000,1000,http://localhost:8080/web/index.php/api/v2/recruitment/candidates,49102,0,0
1768483553372,51715,Create Candidate Request,401,Unauthorized,Candidate Creation Thread Group 1-351,text,false,,261,491,1000,1000,http://localhost:8080/web/index.php/api/v2/recruitment/candidates,51714,0,9
1768483553682,51495,Create Candidate Request,401,Unauthorized,Candidate Creation Thread Group 1-198,text,false,,261,494,1000,1000,http://localhost:8080/web/index.php/api/v2/recruitment/candidates,51495,0,0
1768483553386,51885,Create Candidate Request,401,Unauthorized,Candidate Creation Thread Group 1-184,text,false,,261,494,1000,1000,http://localhost:8080/web/index.php/api/v2/recruitment/candidates,51803,0,0
1768483553675,51699,Create Candidate Request,401,Unauthorized,Candidate Creation Thread Group 1-195,text,false,,261,494,1000,1000,http://localhost:8080/web/index.php/api/v2/recruitment/candidates,51697,0,1
1768483553482,51988,Create Candidate Request,401,Unauthorized,Candidate Creation Thread Group 1-196,text,false,,261,494,1000,1000,http://localhost:8080/web/index.php/api/v2/recruitment/candidates,51904,0,0
1768483546484,59088,Create Candidate Request,401,Unauthorized,Candidate Creation Thread Group 1-258,text,false,,261,494,1000,1000,http://localhost:8080/web/index.php/api/v2/recruitment/candidates,59001,0,0
1768483553777,51896,Create Candidate Request,401,Unauthorized,Candidate Creation Thread Group 1-415,text,false,,261,494,1000,1000,http://localhost:8080/web/index.php/api/v2/recruitment/candidates,51894,0,0
1768483549780,55991,Create Candidate Request,401,Unauthorized,Candidate Creation Thread Group 1-119,text,false,,261,494,1000,1000,http://localhost:8080/web/index.php/api/v2/recruitment/candidates,55990,0,1
1768483553974,51808,Create Candidate Request,401,Unauthorized,Candidate Creation Thread Group 1-369,text,false,,261,494,1000,1000,http://localhost:8080/web/index.php/api/v2/recruitment/candidates,51805,0,0
1768483470225,135562,Create Candidate Request,Non HTTP response code: java.net.SocketException,Non HTTP response message: Connection reset,Candidate Creation Thread Group 1-760,text,false,,2437,0,1000,1000,http://localhost:8080/web/index.php/api/v2/recruitment/candidates,0,0,1
1768483470575,135212,Create Candidate Request,Non HTTP response code: java.net.SocketException,Non HTTP response message: Connection reset,Candidate Creation Thread Group 1-933,text,false,,2437,0,1000,1000,http://localhost:8080/web/index.php/api/v2/recruitment/candidates,0,0,0
1768483470523,135265,Create Candidate Request,Non HTTP response code: java.net.SocketException,Non HTTP response message: Connection reset,Candidate Creation Thread Group 1-898,text,false,,2437,0,1000,1000,http://localhost:8080/web/index.php/api/v2/recruitment/candidates,0,0,0
1768483470211,135577,Create Candidate Request,Non HTTP response code: java.net.SocketException,Non HTTP response message: Connection reset,Candidate Creation Thread Group 1-751,text,false,,2437,0,1000,1000,http://localhost:8080/web/index.php/api/v2/recruitment/candidates,0,0,1
1768483470212,135576,Create Candidate Request,Non HTTP response code: java.net.SocketException,Non HTTP response message: Connection reset,Candidate Creation Thread Group 1-748,text,false,,2437,0,1000,1000,http://localhost:8080/web/index.php/api/v2/recruitment/candidates,0,0,0
1768483470531,135257,Create Candidate Request,Non HTTP response code: java.net.SocketException,Non HTTP response message: Connection reset,Candidate Creation Thread Group 1-913,text,false,,2437,0,1000,1000,http://localhost:8080/web/index.php/api/v2/recruitment/candidates,0,0,0
1768483470655,135139,Create Candidate Request,Non HTTP response code: java.net.SocketException,Non HTTP response message: Connection reset,Candidate Creation Thread Group 1-975,text,false,,2437,0,1000,1000,http://localhost:8080/web/index.php/api/v2/recruitment/candidates,0,0,0
1768483470693,135101,Create Candidate Request,Non HTTP response code: java.net.SocketException,Non HTTP response message: Connection reset,Candidate Creation Thread Group 1-994,text,false,,2437,0,1000,1000,http://localhost:8080/web/index.php/api/v2/recruitment/candidates,0,0,0
1768483470369,135425,Create Candidate Request,Non HTTP response code: java.net.SocketException,Non HTTP response message: Connection reset,Candidate Creation Thread Group 1-832,text,false,,2437,0,1000,1000,http://localhost:8080/web/index.php/api/v2/recruitment/candidates,0,0,0
1768483470565,135229,Create Candidate Request,Non HTTP response code: java.net.SocketException,Non HTTP response message: Connection reset,Candidate Creation Thread Group 1-930,text,false,,2437,0,1000,1000,http://localhost:8080/web/index.php/api/v2/recruitment/candidates,0,0,0
1768483470643,135152,Create Candidate Request,Non HTTP response code: java.net.SocketException,Non HTTP response message: Connection reset,Candidate Creation Thread Group 1-969,text,false,,2437,0,1000,1000,http://localhost:8080/web/index.php/api/v2/recruitment/candidates,0,0,0
1768483470644,135151,Create Candidate Request,Non HTTP response code: java.net.SocketException,Non HTTP response message: Connection reset,Candidate Creation Thread Group 1-970,text,false,,2437,0,1000,1000,http://localhost:8080/web/index.php/api/v2/recruitment/candidates,0,0,0
1768483470211,135577,Create Candidate Request,Non HTTP response code: java.net.SocketException,Non HTTP response message: Connection reset,Candidate Creation Thread Group 1-750,text,false,,2437,0,1000,1000,http://localhost:8080/web/index.php/api/v2/recruitment/candidates,0,0,1
1768483470533,135261,Create Candidate Request,Non HTTP response code: java.net.SocketException,Non HTTP response message: Connection reset,Candidate Creation Thread Group 1-914,text,false,,2437,0,1000,1000,http://localhost:8080/web/index.php/api/v2/recruitment/candidates,0,0,0
1768483470690,135105,Create Candidate Request,Non HTTP response code: java.net.SocketException,Non HTTP response message: Connection reset,Candidate Creation Thread Group 1-993,text,false,,2437,0,1000,1000,http://localhost:8080/web/index.php/api/v2/recruitment/candidates,0,0,0
1768483470279,135516,Create Candidate Request,Non HTTP response code: java.net.SocketException,Non HTTP response message: Connection reset,Candidate Creation Thread Group 1-787,text,false,,2437,0,1000,1000,http://localhost:8080/web/index.php/api/v2/recruitment/candidates,0,0,0
1768483470543,135253,Create Candidate Request,Non HTTP response code: java.net.SocketException,Non HTTP response message: Connection reset,Candidate Creation Thread Group 1-919,text,false,,2437,0,1000,1000,http://localhost:8080/web/index.php/api/v2/recruitment/candidates,0,0,0
1768483470547,135249,Create Candidate Request,Non HTTP response code: java.net.SocketException,Non HTTP response message: Connection reset,Candidate Creation Thread Group 1-921,text,false,,2437,0,1000,1000,http://localhost:8080/web/index.php/api/v2/recruitment/candidates,0,0,0
1768483470641,135148,Create Candidate Request,Non HTTP response code: java.net.SocketException,Non HTTP response message: Connection reset,Candidate Creation Thread Group 1-968,text,false,,2437,0,1000,1000,http://localhost:8080/web/index.php/api/v2/recruitment/candidates,0,0,0
1768483470659,135135,Create Candidate Request,Non HTTP response code: java.net.SocketException,Non HTTP response message: Connection reset,Candidate Creation Thread Group 1-977,text,false,,2437,0,1000,1000,http://localhost:8080/web/index.php/api/v2/recruitment/candidates,0,0,0
1768483470214,135580,Create Candidate Request,Non HTTP response code: java.net.SocketException,Non HTTP response message: Connection reset,Candidate Creation Thread Group 1-754,text,false,,2437,0,1000,1000,http://localhost:8080/web/index.php/api/v2/recruitment/candidates,0,0,0
1768483470524,135289,Create Candidate Request,Non HTTP response code: java.net.SocketException,Non HTTP response message: Connection reset,Candidate Creation Thread Group 1-905,text,false,,2437,0,1000,1000,http://localhost:8080/web/index.php/api/v2/recruitment/candidates,0,0,0
1768483470663,135150,Create Candidate Request,Non HTTP response code: java.net.SocketException,Non HTTP response message: Connection reset,Candidate Creation Thread Group 1-979,text,false,,2437,0,1000,1000,http://localhost:8080/web/index.php/api/v2/recruitment/candidates,0,0,0
1768483470703,135110,Create Candidate Request,Non HTTP response code: java.net.SocketException,Non HTTP response message: Connection reset,Candidate Creation Thread Group 1-999,text,false,,2437,0,1000,1000,http://localhost:8080/web/index.php/api/v2/recruitment/candidates,0,0,0
1768483470315,135479,Create Candidate Request,Non HTTP response code: java.net.SocketException,Non HTTP response message: Connection reset,Candidate Creation Thread Group 1-804,text,false,,2437,0,1000,1000,http://localhost:8080/web/index.php/api/v2/recruitment/candidates,0,0,0
1768483470341,135453,Create Candidate Request,Non HTTP response code: java.net.SocketException,Non HTTP response message: Connection reset,Candidate Creation Thread Group 1-818,text,false,,2437,0,1000,1000,http://localhost:8080/web/index.php/api/v2/recruitment/candidates,0,0,0
1768483470337,135457,Create Candidate Request,Non HTTP response code: java.net.SocketException,Non HTTP response message: Connection reset,Candidate Creation Thread Group 1-816,text,false,,2437,0,1000,1000,http://localhost:8080/web/index.php/api/v2/recruitment/candidates,0,0,0
1768483470227,135565,Create Candidate Request,Non HTTP response code: java.net.SocketException,Non HTTP response message: Connection reset,Candidate Creation Thread Group 1-761,text,false,,2437,0,1000,1000,http://localhost:8080/web/index.php/api/v2/recruitment/candidates,0,0,0
1768483470647,135147,Create Candidate Request,Non HTTP response code: java.net.SocketException,Non HTTP response message: Connection reset,Candidate Creation Thread Group 1-971,text,false,,2437,0,1000,1000,http://localhost:8080/web/index.php/api/v2/recruitment/candidates,0,0,0
1768483470489,135305,Create Candidate Request,Non HTTP response code: java.net.SocketException,Non HTTP response message: Connection reset,Candidate Creation Thread Group 1-892,text,false,,2437,0,1000,1000,http://localhost:8080/web/index.php/api/v2/recruitment/candidates,0,0,0
1768483470557,135257,Create Candidate Request,Non HTTP response code: java.net.SocketException,Non HTTP response message: Connection reset,Candidate Creation Thread Group 1-926,text,false,,2437,0,1000,1000,http://localhost:8080/web/index.php/api/v2/recruitment/candidates,0,0,0
1768483470523,135271,Create Candidate Request,Non HTTP response code: java.net.SocketException,Non HTTP response message: Connection reset,Candidate Creation Thread Group 1-900,text,false,,2437,0,1000,1000,http://localhost:8080/web/index.php/api/v2/recruitment/candidates,0,0,0
1768483470219,135575,Create Candidate Request,Non HTTP response code: java.net.SocketException,Non HTTP response message: Connection reset,Candidate Creation Thread Group 1-757,text,false,,2437,0,1000,1000,http://localhost:8080/web/index.php/api/v2/recruitment/candidates,0,0,0
1768483470686,135108,Create Candidate Request,Non HTTP response code: java.net.SocketException,Non HTTP response message: Connection reset,Candidate Creation Thread Group 1-989,text,false,,2437,0,1000,1000,http://localhost:8080/web/index.php/api/v2/recruitment/candidates,0,0,0
1768483470652,135163,Create Candidate Request,Non HTTP response code: java.net.SocketException,Non HTTP response message: Connection reset,Candidate Creation Thread Group 1-974,text,false,,2437,0,1000,1000,http://localhost:8080/web/index.php/api/v2/recruitment/candidates,0,0,1
1768483470561,135254,Create Candidate Request,Non HTTP response code: java.net.SocketException,Non HTTP response message: Connection reset,Candidate Creation Thread Group 1-928,text,false,,2437,0,1000,1000,http://localhost:8080/web/index.php/api/v2/recruitment/candidates,0,0,0
1768483470564,135251,Create Candidate Request,Non HTTP response code: java.net.SocketException,Non HTTP response message: Connection reset,Candidate Creation Thread Group 1-929,text,false,,2437,0,1000,1000,http://localhost:8080/web/index.php/api/v2/recruitment/candidates,0,0,0
1768483470539,135276,Create Candidate Request,Non HTTP response code: java.net.SocketException,Non HTTP response message: Connection reset,Candidate Creation Thread Group 1-917,text,false,,2437,0,1000,1000,http://localhost:8080/web/index.php/api/v2/recruitment/candidates,0,0,0
1768483470665,135150,Create Candidate Request,Non HTTP response code: java.net.SocketException,Non HTTP response message: Connection reset,Candidate Creation Thread Group 1-980,text,false,,2437,0,1000,1000,http://localhost:8080/web/index.php/api/v2/recruitment/candidates,0,0,0
1768483470551,135265,Create Candidate Request,Non HTTP response code: java.net.SocketException,Non HTTP response message: Connection reset,Candidate Creation Thread Group 1-923,text,false,,2437,0,1000,1000,http://localhost:8080/web/index.php/api/v2/recruitment/candidates,0,0,0
1768483470672,135144,Create Candidate Request,Non HTTP response code: java.net.SocketException,Non HTTP response message: Connection reset,Candidate Creation Thread Group 1-983,text,false,,2437,0,1000,1000,http://localhost:8080/web/index.php/api/v2/recruitment/candidates,0,0,1
1768483470221,135571,Create Candidate Request,Non HTTP response code: java.net.SocketException,Non HTTP response message: Connection reset,Candidate Creation Thread Group 1-758,text,false,,2437,0,1000,1000,http://localhost:8080/web/index.php/api/v2/recruitment/candidates,0,0,0
1768483470217,135574,Create Candidate Request,Non HTTP response code: java.net.SocketException,Non HTTP response message: Connection reset,Candidate Creation Thread Group 1-756,text,false,,2437,0,1000,1000,http://localhost:8080/web/index.php/api/v2/recruitment/candidates,0,0,0
1768483470553,135263,Create Candidate Request,Non HTTP response code: java.net.SocketException,Non HTTP response message: Connection reset,Candidate Creation Thread Group 1-924,text,false,,2437,0,1000,1000,http://localhost:8080/web/index.php/api/v2/recruitment/candidates,0,0,0
1768483470222,135565,Create Candidate Request,Non HTTP response code: java.net.SocketException,Non HTTP response message: Connection reset,Candidate Creation Thread Group 1-759,text,false,,2437,0,1000,1000,http://localhost:8080/web/index.php/api/v2/recruitment/candidates,0,0,0
1768483470281,135534,Create Candidate Request,Non HTTP response code: java.net.SocketException,Non HTTP response message: Connection reset,Candidate Creation Thread Group 1-788,text,false,,2437,0,1000,1000,http://localhost:8080/web/index.php/api/v2/recruitment/candidates,0,0,0
1768483470274,135542,Create Candidate Request,Non HTTP response code: java.net.SocketException,Non HTTP response message: Connection reset,Candidate Creation Thread Group 1-784,text,false,,2437,0,1000,1000,http://localhost:8080/web/index.php/api/v2/recruitment/candidates,0,0,0
1768483470213,135580,Create Candidate Request,Non HTTP response code: java.net.SocketException,Non HTTP response message: Connection reset,Candidate Creation Thread Group 1-747,text,false,,2437,0,1000,1000,http://localhost:8080/web/index.php/api/v2/recruitment/candidates,0,0,1
1768483470687,135106,Create Candidate Request,Non HTTP response code: java.net.SocketException,Non HTTP response message: Connection reset,Candidate Creation Thread Group 1-991,text,false,,2437,0,1000,1000,http://localhost:8080/web/index.php/api/v2/recruitment/candidates,0,0,1
1768483470251,135542,Create Candidate Request,Non HTTP response code: java.net.SocketException,Non HTTP response message: Connection reset,Candidate Creation Thread Group 1-773,text,false,,2437,0,1000,1000,http://localhost:8080/web/index.php/api/v2/recruitment/candidates,0,0,0
1768483470335,135458,Create Candidate Request,Non HTTP response code: java.net.SocketException,Non HTTP response message: Connection reset,Candidate Creation Thread Group 1-815,text,false,,2437,0,1000,1000,http://localhost:8080/web/index.php/api/v2/recruitment/candidates,0,0,0
1768483470291,135502,Create Candidate Request,Non HTTP response code: java.net.SocketException,Non HTTP response message: Connection reset,Candidate Creation Thread Group 1-793,text,false,,2437,0,1000,1000,http://localhost:8080/web/index.php/api/v2/recruitment/candidates,0,0,0
1768483470523,135270,Create Candidate Request,Non HTTP response code: java.net.SocketException,Non HTTP response message: Connection reset,Candidate Creation Thread Group 1-902,text,false,,2437,0,1000,1000,http://localhost:8080/web/index.php/api/v2/recruitment/candidates,0,0,0
1768483470259,135534,Create Candidate Request,Non HTTP response code: java.net.SocketException,Non HTTP response message: Connection reset,Candidate Creation Thread Group 1-777,text,false,,2437,0,1000,1000,http://localhost:8080/web/index.php/api/v2/recruitment/candidates,0,0,0
1768483470309,135484,Create Candidate Request,Non HTTP response code: java.net.SocketException,Non HTTP response message: Connection reset,Candidate Creation Thread Group 1-802,text,false,,2437,0,1000,1000,http://localhost:8080/web/index.php/api/v2/recruitment/candidates,0,0,0
1768483470329,135464,Create Candidate Request,Non HTTP response code: java.net.SocketException,Non HTTP response message: Connection reset,Candidate Creation Thread Group 1-812,text,false,,2437,0,1000,1000,http://localhost:8080/web/index.php/api/v2/recruitment/candidates,0,0,0
1768483470523,135295,Create Candidate Request,Non HTTP response code: java.net.SocketException,Non HTTP response message: Connection reset,Candidate Creation Thread Group 1-894,text,false,,2437,0,1000,1000,http://localhost:8080/web/index.php/api/v2/recruitment/candidates,0,0,0
1768483470525,135293,Create Candidate Request,Non HTTP response code: java.net.SocketException,Non HTTP response message: Connection reset,Candidate Creation Thread Group 1-901,text,false,,2437,0,1000,1000,http://localhost:8080/web/index.php/api/v2/recruitment/candidates,0,0,0
1768483470347,135446,Create Candidate Request,Non HTTP response code: java.net.SocketException,Non HTTP response message: Connection reset,Candidate Creation Thread Group 1-821,text,false,,2437,0,1000,1000,http://localhost:8080/web/index.php/api/v2/recruitment/candidates,0,0,10
1768483470257,135536,Create Candidate Request,Non HTTP response code: java.net.SocketException,Non HTTP response message: Connection reset,Candidate Creation Thread Group 1-776,text,false,,2437,0,1000,1000,http://localhost:8080/web/index.php/api/v2/recruitment/candidates,0,0,0
1768483470229,135558,Create Candidate Request,Non HTTP response code: java.net.SocketException,Non HTTP response message: Connection reset,Candidate Creation Thread Group 1-762,text,false,,2437,0,1000,1000,http://localhost:8080/web/index.php/api/v2/recruitment/candidates,0,0,0
1768483470217,135575,Create Candidate Request,Non HTTP response code: java.net.SocketException,Non HTTP response message: Connection reset,Candidate Creation Thread Group 1-755,text,false,,2437,0,1000,1000,http://localhost:8080/web/index.php/api/v2/recruitment/candidates,0,0,0
1768483470299,135493,Create Candidate Request,Non HTTP response code: java.net.SocketException,Non HTTP response message: Connection reset,Candidate Creation Thread Group 1-797,text,false,,2437,0,1000,1000,http://localhost:8080/web/index.php/api/v2/recruitment/candidates,0,0,0
1768483470549,135270,Create Candidate Request,Non HTTP response code: java.net.SocketException,Non HTTP response message: Connection reset,Candidate Creation Thread Group 1-922,text,false,,2437,0,1000,1000,http://localhost:8080/web/index.php/api/v2/recruitment/candidates,0,0,0
1768483470705,135087,Create Candidate Request,Non HTTP response code: java.net.SocketException,Non HTTP response message: Connection reset,Candidate Creation Thread Group 1-1000,text,false,,2437,0,1000,1000,http://localhost:8080/web/index.php/api/v2/recruitment/candidates,0,0,0
1768483470231,135561,Create Candidate Request,Non HTTP response code: java.net.SocketException,Non HTTP response message: Connection reset,Candidate Creation Thread Group 1-763,text,false,,2437,0,1000,1000,http://localhost:8080/web/index.php/api/v2/recruitment/candidates,0,0,0
1768483470376,135415,Create Candidate Request,Non HTTP response code: java.net.SocketException,Non HTTP response message: Connection reset,Candidate Creation Thread Group 1-834,text,false,,2437,0,1000,1000,http://localhost:8080/web/index.php/api/v2/recruitment/candidates,0,0,0
1768483470265,135526,Create Candidate Request,Non HTTP response code: java.net.SocketException,Non HTTP response message: Connection reset,Candidate Creation Thread Group 1-780,text,false,,2437,0,1000,1000,http://localhost:8080/web/index.php/api/v2/recruitment/candidates,0,0,0
1768483470555,135265,Create Candidate Request,Non HTTP response code: java.net.SocketException,Non HTTP response message: Connection reset,Candidate Creation Thread Group 1-925,text,false,,2437,0,1000,1000,http://localhost:8080/web/index.php/api/v2/recruitment/candidates,0,0,0
1768483470668,135124,Create Candidate Request,Non HTTP response code: java.net.SocketException,Non HTTP response message: Connection reset,Candidate Creation Thread Group 1-981,text,false,,2437,0,1000,1000,http://localhost:8080/web/index.php/api/v2/recruitment/candidates,0,0,1
1768483470384,135408,Create Candidate Request,Non HTTP response code: java.net.SocketException,Non HTTP response message: Connection reset,Candidate Creation Thread Group 1-837,text,false,,2437,0,1000,1000,http://localhost:8080/web/index.php/api/v2/recruitment/candidates,0,0,0
1768483470239,135553,Create Candidate Request,Non HTTP response code: java.net.SocketException,Non HTTP response message: Connection reset,Candidate Creation Thread Group 1-767,text,false,,2437,0,1000,1000,http://localhost:8080/web/index.php/api/v2/recruitment/candidates,0,0,0
1768483470308,135523,Create Candidate Request,Non HTTP response code: java.net.SocketException,Non HTTP response message: Connection reset,Candidate Creation Thread Group 1-801,text,false,,2437,0,1000,1000,http://localhost:8080/web/index.php/api/v2/recruitment/candidates,0,0,0
1768483470524,135279,Create Candidate Request,Non HTTP response code: java.net.SocketException,Non HTTP response message: Connection reset,Candidate Creation Thread Group 1-909,text,false,,2437,0,1000,1000,http://localhost:8080/web/index.php/api/v2/recruitment/candidates,0,0,0
1768483470529,135274,Create Candidate Request,Non HTTP response code: java.net.SocketException,Non HTTP response message: Connection reset,Candidate Creation Thread Group 1-912,text,false,,2437,0,1000,1000,http://localhost:8080/web/index.php/api/v2/recruitment/candidates,0,0,0
1768483470488,135304,Create Candidate Request,Non HTTP response code: java.net.SocketException,Non HTTP response message: Connection reset,Candidate Creation Thread Group 1-891,text,false,,2437,0,1000,1000,http://localhost:8080/web/index.php/api/v2/recruitment/candidates,0,0,0
1768483470247,135545,Create Candidate Request,Non HTTP response code: java.net.SocketException,Non HTTP response message: Connection reset,Candidate Creation Thread Group 1-771,text,false,,2437,0,1000,1000,http://localhost:8080/web/index.php/api/v2/recruitment/candidates,0,0,0
1768483470523,135269,Create Candidate Request,Non HTTP response code: java.net.SocketException,Non HTTP response message: Connection reset,Candidate Creation Thread Group 1-904,text,false,,2437,0,1000,1000,http://localhost:8080/web/index.php/api/v2/recruitment/candidates,0,0,0
1768483470323,135469,Create Candidate Request,Non HTTP response code: java.net.SocketException,Non HTTP response message: Connection reset,Candidate Creation Thread Group 1-809,text,false,,2437,0,1000,1000,http://localhost:8080/web/index.php/api/v2/recruitment/candidates,0,0,0
1768483470211,135581,Create Candidate Request,Non HTTP response code: java.net.SocketException,Non HTTP response message: Connection reset,Candidate Creation Thread Group 1-752,text,false,,2437,0,1000,1000,http://localhost:8080/web/index.php/api/v2/recruitment/candidates,0,0,1
1768483470235,135557,Create Candidate Request,Non HTTP response code: java.net.SocketException,Non HTTP response message: Connection reset,Candidate Creation Thread Group 1-765,text,false,,2437,0,1000,1000,http://localhost:8080/web/index.php/api/v2/recruitment/candidates,0,0,0
1768483470349,135442,Create Candidate Request,Non HTTP response code: java.net.SocketException,Non HTTP response message: Connection reset,Candidate Creation Thread Group 1-822,text,false,,2437,0,1000,1000,http://localhost:8080/web/index.php/api/v2/recruitment/candidates,0,0,8
1768483470296,135495,Create Candidate Request,Non HTTP response code: java.net.SocketException,Non HTTP response message: Connection reset,Candidate Creation Thread Group 1-796,text,false,,2437,0,1000,1000,http://localhost:8080/web/index.php/api/v2/recruitment/candidates,0,0,0
1768483470254,135537,Create Candidate Request,Non HTTP response code: java.net.SocketException,Non HTTP response message: Connection reset,Candidate Creation Thread Group 1-775,text,false,,2437,0,1000,1000,http://localhost:8080/web/index.php/api/v2/recruitment/candidates,0,0,1
1768483470523,135268,Create Candidate Request,Non HTTP response code: java.net.SocketException,Non HTTP response message: Connection reset,Candidate Creation Thread Group 1-908,text,false,,2437,0,1000,1000,http://localhost:8080/web/index.php/api/v2/recruitment/candidates,0,0,0
1768483470266,135525,Create Candidate Request,Non HTTP response code: java.net.SocketException,Non HTTP response message: Connection reset,Candidate Creation Thread Group 1-781,text,false,,2437,0,1000,1000,http://localhost:8080/web/index.php/api/v2/recruitment/candidates,0,0,0
1768483470233,135558,Create Candidate Request,Non HTTP response code: java.net.SocketException,Non HTTP response message: Connection reset,Candidate Creation Thread Group 1-764,text,false,,2437,0,1000,1000,http://localhost:8080/web/index.php/api/v2/recruitment/candidates,0,0,0
1768483470650,135141,Create Candidate Request,Non HTTP response code: java.net.SocketException,Non HTTP response message: Connection reset,Candidate Creation Thread Group 1-973,text,false,,2437,0,1000,1000,http://localhost:8080/web/index.php/api/v2/recruitment/candidates,0,0,1
1768483470527,135264,Create Candidate Request,Non HTTP response code: java.net.SocketException,Non HTTP response message: Connection reset,Candidate Creation Thread Group 1-911,text,false,,2437,0,1000,1000,http://localhost:8080/web/index.php/api/v2/recruitment/candidates,0,0,0
1768483470685,135106,Create Candidate Request,Non HTTP response code: java.net.SocketException,Non HTTP response message: Connection reset,Candidate Creation Thread Group 1-987,text,false,,2437,0,1000,1000,http://localhost:8080/web/index.php/api/v2/recruitment/candidates,0,0,0
1768483470527,135264,Create Candidate Request,Non HTTP response code: java.net.SocketException,Non HTTP response message: Connection reset,Candidate Creation Thread Group 1-895,text,false,,2437,0,1000,1000,http://localhost:8080/web/index.php/api/v2/recruitment/candidates,0,0,1
1768483470685,135106,Create Candidate Request,Non HTTP response code: java.net.SocketException,Non HTTP response message: Connection reset,Candidate Creation Thread Group 1-988,text,false,,2437,0,1000,1000,http://localhost:8080/web/index.php/api/v2/recruitment/candidates,0,0,0
1768483470524,135267,Create Candidate Request,Non HTTP response code: java.net.SocketException,Non HTTP response message: Connection reset,Candidate Creation Thread Group 1-899,text,false,,2437,0,1000,1000,http://localhost:8080/web/index.php/api/v2/recruitment/candidates,0,0,0
1768483470377,135414,Create Candidate Request,Non HTTP response code: java.net.SocketException,Non HTTP response message: Connection reset,Candidate Creation Thread Group 1-835,text,false,,2437,0,1000,1000,http://localhost:8080/web/index.php/api/v2/recruitment/candidates,0,0,6
1768483470350,135441,Create Candidate Request,Non HTTP response code: java.net.SocketException,Non HTTP response message: Connection reset,Candidate Creation Thread Group 1-823,text,false,,2437,0,1000,1000,http://localhost:8080/web/index.php/api/v2/recruitment/candidates,0,0,7
1768483470703,135087,Create Candidate Request,Non HTTP response code: java.net.SocketException,Non HTTP response message: Connection reset,Candidate Creation Thread Group 1-995,text,false,,2437,0,1000,1000,http://localhost:8080/web/index.php/api/v2/recruitment/candidates,0,0,0
1768483470352,135438,Create Candidate Request,Non HTTP response code: java.net.SocketException,Non HTTP response message: Connection reset,Candidate Creation Thread Group 1-824,text,false,,2437,0,1000,1000,http://localhost:8080/web/index.php/api/v2/recruitment/candidates,0,0,5
1768483470283,135507,Create Candidate Request,Non HTTP response code: java.net.SocketException,Non HTTP response message: Connection reset,Candidate Creation Thread Group 1-789,text,false,,2437,0,1000,1000,http://localhost:8080/web/index.php/api/v2/recruitment/candidates,0,0,1
1768483470245,135545,Create Candidate Request,Non HTTP response code: java.net.SocketException,Non HTTP response message: Connection reset,Candidate Creation Thread Group 1-770,text,false,,2437,0,1000,1000,http://localhost:8080/web/index.php/api/v2/recruitment/candidates,0,0,0
1768483470524,135266,Create Candidate Request,Non HTTP response code: java.net.SocketException,Non HTTP response message: Connection reset,Candidate Creation Thread Group 1-896,text,false,,2437,0,1000,1000,http://localhost:8080/web/index.php/api/v2/recruitment/candidates,0,0,0
1768483470657,135133,Create Candidate Request,Non HTTP response code: java.net.SocketException,Non HTTP response message: Connection reset,Candidate Creation Thread Group 1-976,text,false,,2437,0,1000,1000,http://localhost:8080/web/index.php/api/v2/recruitment/candidates,0,0,0
1768483470661,135129,Create Candidate Request,Non HTTP response code: java.net.SocketException,Non HTTP response message: Connection reset,Candidate Creation Thread Group 1-978,text,false,,2437,0,1000,1000,http://localhost:8080/web/index.php/api/v2/recruitment/candidates,0,0,0
1768483470538,135252,Create Candidate Request,Non HTTP response code: java.net.SocketException,Non HTTP response message: Connection reset,Candidate Creation Thread Group 1-916,text,false,,2437,0,1000,1000,http://localhost:8080/web/index.php/api/v2/recruitment/candidates,0,0,0
1768483470253,135536,Create Candidate Request,Non HTTP response code: java.net.SocketException,Non HTTP response message: Connection reset,Candidate Creation Thread Group 1-774,text,false,,2437,0,1000,1000,http://localhost:8080/web/index.php/api/v2/recruitment/candidates,0,0,1
1768483470669,135120,Create Candidate Request,Non HTTP response code: java.net.SocketException,Non HTTP response message: Connection reset,Candidate Creation Thread Group 1-982,text,false,,2437,0,1000,1000,http://localhost:8080/web/index.php/api/v2/recruitment/candidates,0,0,4
1768483470535,135254,Create Candidate Request,Non HTTP response code: java.net.SocketException,Non HTTP response message: Connection reset,Candidate Creation Thread Group 1-915,text,false,,2437,0,1000,1000,http://localhost:8080/web/index.php/api/v2/recruitment/candidates,0,0,0
1768483470683,135106,Create Candidate Request,Non HTTP response code: java.net.SocketException,Non HTTP response message: Connection reset,Candidate Creation Thread Group 1-986,text,false,,2437,0,1000,1000,http://localhost:8080/web/index.php/api/v2/recruitment/candidates,0,0,0
1768483470273,135516,Create Candidate Request,Non HTTP response code: java.net.SocketException,Non HTTP response message: Connection reset,Candidate Creation Thread Group 1-782,text,false,,2437,0,1000,1000,http://localhost:8080/web/index.php/api/v2/recruitment/candidates,0,0,9
1768483470263,135526,Create Candidate Request,Non HTTP response code: java.net.SocketException,Non HTTP response message: Connection reset,Candidate Creation Thread Group 1-779,text,false,,2437,0,1000,1000,http://localhost:8080/web/index.php/api/v2/recruitment/candidates,0,0,0
1768483470576,135213,Create Candidate Request,Non HTTP response code: java.net.SocketException,Non HTTP response message: Connection reset,Candidate Creation Thread Group 1-934,text,false,,2437,0,1000,1000,http://localhost:8080/web/index.php/api/v2/recruitment/candidates,0,0,0
1768483470703,135084,Create Candidate Request,Non HTTP response code: java.net.SocketException,Non HTTP response message: Connection reset,Candidate Creation Thread Group 1-997,text,false,,2437,0,1000,1000,http://localhost:8080/web/index.php/api/v2/recruitment/candidates,0,0,0
1768483470261,135528,Create Candidate Request,Non HTTP response code: java.net.SocketException,Non HTTP response message: Connection reset,Candidate Creation Thread Group 1-778,text,false,,2437,0,1000,1000,http://localhost:8080/web/index.php/api/v2/recruitment/candidates,0,0,0
1768483470358,135473,Create Candidate Request,Non HTTP response code: java.net.SocketException,Non HTTP response message: Connection reset,Candidate Creation Thread Group 1-826,text,false,,2437,0,1000,1000,http://localhost:8080/web/index.php/api/v2/recruitment/candidates,0,0,0
1768483470567,135264,Create Candidate Request,Non HTTP response code: java.net.SocketException,Non HTTP response message: Connection reset,Candidate Creation Thread Group 1-931,text,false,,2437,0,1000,1000,http://localhost:8080/web/index.php/api/v2/recruitment/candidates,0,0,0
1768483470680,135151,Create Candidate Request,Non HTTP response code: java.net.SocketException,Non HTTP response message: Connection reset,Candidate Creation Thread Group 1-984,text,false,,2437,0,1000,1000,http://localhost:8080/web/index.php/api/v2/recruitment/candidates,0,0,0
1768483470204,135626,Create Candidate Request,Non HTTP response code: java.net.SocketException,Non HTTP response message: Connection reset,Candidate Creation Thread Group 1-749,text,false,,2437,0,1000,1000,http://localhost:8080/web/index.php/api/v2/recruitment/candidates,0,0,5
1768483470243,135587,Create Candidate Request,Non HTTP response code: java.net.SocketException,Non HTTP response message: Connection reset,Candidate Creation Thread Group 1-769,text,false,,2437,0,1000,1000,http://localhost:8080/web/index.php/api/v2/recruitment/candidates,0,0,0
1768483470339,135491,Create Candidate Request,Non HTTP response code: java.net.SocketException,Non HTTP response message: Connection reset,Candidate Creation Thread Group 1-817,text,false,,2437,0,1000,1000,http://localhost:8080/web/index.php/api/v2/recruitment/candidates,0,0,0
1768483470378,135452,Create Candidate Request,Non HTTP response code: java.net.SocketException,Non HTTP response message: Connection reset,Candidate Creation Thread Group 1-836,text,false,,2437,0,1000,1000,http://localhost:8080/web/index.php/api/v2/recruitment/candidates,0,0,0
1768483470523,135307,Create Candidate Request,Non HTTP response code: java.net.SocketException,Non HTTP response message: Connection reset,Candidate Creation Thread Group 1-903,text,false,,2437,0,1000,1000,http://localhost:8080/web/index.php/api/v2/recruitment/candidates,0,0,0
1768483470523,135307,Create Candidate Request,Non HTTP response code: java.net.SocketException,Non HTTP response message: Connection reset,Candidate Creation Thread Group 1-897,text,false,,2437,0,1000,1000,http://localhost:8080/web/index.php/api/v2/recruitment/candidates,0,0,0
1768483470333,135497,Create Candidate Request,Non HTTP response code: java.net.SocketException,Non HTTP response message: Connection reset,Candidate Creation Thread Group 1-814,text,false,,2437,0,1000,1000,http://localhost:8080/web/index.php/api/v2/recruitment/candidates,0,0,1
1768483470384,135446,Create Candidate Request,Non HTTP response code: java.net.SocketException,Non HTTP response message: Connection reset,Candidate Creation Thread Group 1-838,text,false,,2437,0,1000,1000,http://localhost:8080/web/index.php/api/v2/recruitment/candidates,0,0,0
1768483470675,135155,Create Candidate Request,Non HTTP response code: java.net.SocketException,Non HTTP response message: Connection reset,Candidate Creation Thread Group 1-985,text,false,,2437,0,1000,1000,http://localhost:8080/web/index.php/api/v2/recruitment/candidates,0,0,2
1768483470525,135305,Create Candidate Request,Non HTTP response code: java.net.SocketException,Non HTTP response message: Connection reset,Candidate Creation Thread Group 1-910,text,false,,2437,0,1000,1000,http://localhost:8080/web/index.php/api/v2/recruitment/candidates,0,0,0
1768483470569,135261,Create Candidate Request,Non HTTP response code: java.net.SocketException,Non HTTP response message: Connection reset,Candidate Creation Thread Group 1-932,text,false,,2437,0,1000,1000,http://localhost:8080/web/index.php/api/v2/recruitment/candidates,0,0,0
1768483470242,135588,Create Candidate Request,Non HTTP response code: java.net.SocketException,Non HTTP response message: Connection reset,Candidate Creation Thread Group 1-768,text,false,,2437,0,1000,1000,http://localhost:8080/web/index.php/api/v2/recruitment/candidates,0,0,0
1768483470359,135471,Create Candidate Request,Non HTTP response code: java.net.SocketException,Non HTTP response message: Connection reset,Candidate Creation Thread Group 1-827,text,false,,2437,0,1000,1000,http://localhost:8080/web/index.php/api/v2/recruitment/candidates,0,0,0
1768483470541,135289,Create Candidate Request,Non HTTP response code: java.net.SocketException,Non HTTP response message: Connection reset,Candidate Creation Thread Group 1-918,text,false,,2437,0,1000,1000,http://localhost:8080/web/index.php/api/v2/recruitment/candidates,0,0,0
1768483470274,135556,Create Candidate Request,Non HTTP response code: java.net.SocketException,Non HTTP response message: Connection reset,Candidate Creation Thread Group 1-783,text,false,,2437,0,1000,1000,http://localhost:8080/web/index.php/api/v2/recruitment/candidates,0,0,0
1768483470545,135285,Create Candidate Request,Non HTTP response code: java.net.SocketException,Non HTTP response message: Connection reset,Candidate Creation Thread Group 1-920,text,false,,2437,0,1000,1000,http://localhost:8080/web/index.php/api/v2/recruitment/candidates,0,0,0
1768483470331,135499,Create Candidate Request,Non HTTP response code: java.net.SocketException,Non HTTP response message: Connection reset,Candidate Creation Thread Group 1-813,text,false,,2437,0,1000,1000,http://localhost:8080/web/index.php/api/v2/recruitment/candidates,0,0,0
1768483470373,135457,Create Candidate Request,Non HTTP response code: java.net.SocketException,Non HTTP response message: Connection reset,Candidate Creation Thread Group 1-833,text,false,,2437,0,1000,1000,http://localhost:8080/web/index.php/api/v2/recruitment/candidates,0,0,4
1768483470237,135593,Create Candidate Request,Non HTTP response code: java.net.SocketException,Non HTTP response message: Connection reset,Candidate Creation Thread Group 1-766,text,false,,2437,0,1000,1000,http://localhost:8080/web/index.php/api/v2/recruitment/candidates,0,0,0
1768483470355,135475,Create Candidate Request,Non HTTP response code: java.net.SocketException,Non HTTP response message: Connection reset,Candidate Creation Thread Group 1-825,text,false,,2437,0,1000,1000,http://localhost:8080/web/index.php/api/v2/recruitment/candidates,0,0,2
1768483470523,135307,Create Candidate Request,Non HTTP response code: java.net.SocketException,Non HTTP response message: Connection reset,Candidate Creation Thread Group 1-893,text,false,,2437,0,1000,1000,http://localhost:8080/web/index.php/api/v2/recruitment/candidates,0,0,0
1768483470343,135487,Create Candidate Request,Non HTTP response code: java.net.SocketException,Non HTTP response message: Connection reset,Candidate Creation Thread Group 1-819,text,false,,2437,0,1000,1000,http://localhost:8080/web/index.php/api/v2/recruitment/candidates,0,0,0
1768483470321,135509,Create Candidate Request,Non HTTP response code: java.net.SocketException,Non HTTP response message: Connection reset,Candidate Creation Thread Group 1-808,text,false,,2437,0,1000,1000,http://localhost:8080/web/index.php/api/v2/recruitment/candidates,0,0,0
1768483470366,135464,Create Candidate Request,Non HTTP response code: java.net.SocketException,Non HTTP response message: Connection reset,Candidate Creation Thread Group 1-831,text,false,,2437,0,1000,1000,http://localhost:8080/web/index.php/api/v2/recruitment/candidates,0,0,1
1768483470277,135553,Create Candidate Request,Non HTTP response code: java.net.SocketException,Non HTTP response message: Connection reset,Candidate Creation Thread Group 1-786,text,false,,2437,0,1000,1000,http://localhost:8080/web/index.php/api/v2/recruitment/candidates,0,0,0
1768483470524,135306,Create Candidate Request,Non HTTP response code: java.net.SocketException,Non HTTP response message: Connection reset,Candidate Creation Thread Group 1-906,text,false,,2437,0,1000,1000,http://localhost:8080/web/index.php/api/v2/recruitment/candidates,0,0,0
1768483470559,135271,Create Candidate Request,Non HTTP response code: java.net.SocketException,Non HTTP response message: Connection reset,Candidate Creation Thread Group 1-927,text,false,,2437,0,1000,1000,http://localhost:8080/web/index.php/api/v2/recruitment/candidates,0,0,0
1768483470325,135505,Create Candidate Request,Non HTTP response code: java.net.SocketException,Non HTTP response message: Connection reset,Candidate Creation Thread Group 1-810,text,false,,2437,0,1000,1000,http://localhost:8080/web/index.php/api/v2/recruitment/candidates,0,0,0
1768483470345,135474,Create Candidate Request,Non HTTP response code: java.net.SocketException,Non HTTP response message: Connection reset,Candidate Creation Thread Group 1-820,text,false,,2437,0,1000,1000,http://localhost:8080/web/index.php/api/v2/recruitment/candidates,0,0,0
1768483470365,135450,Create Candidate Request,Non HTTP response code: java.net.SocketException,Non HTTP response message: Connection reset,Candidate Creation Thread Group 1-830,text,false,,2437,0,1000,1000,http://localhost:8080/web/index.php/api/v2/recruitment/candidates,0,0,0
1768483470703,135108,Create Candidate Request,Non HTTP response code: java.net.SocketException,Non HTTP response message: Connection reset,Candidate Creation Thread Group 1-998,text,false,,2437,0,1000,1000,http://localhost:8080/web/index.php/api/v2/recruitment/candidates,0,0,0
1768483470689,135123,Create Candidate Request,Non HTTP response code: java.net.SocketException,Non HTTP response message: Connection reset,Candidate Creation Thread Group 1-992,text,false,,2437,0,1000,1000,http://localhost:8080/web/index.php/api/v2/recruitment/candidates,0,0,0
1768483470363,135449,Create Candidate Request,Non HTTP response code: java.net.SocketException,Non HTTP response message: Connection reset,Candidate Creation Thread Group 1-828,text,false,,2437,0,1000,1000,http://localhost:8080/web/index.php/api/v2/recruitment/candidates,0,0,0
1768483470703,135109,Create Candidate Request,Non HTTP response code: java.net.SocketException,Non HTTP response message: Connection reset,Candidate Creation Thread Group 1-996,text,false,,2437,0,1000,1000,http://localhost:8080/web/index.php/api/v2/recruitment/candidates,0,0,0
1768483470685,135127,Create Candidate Request,Non HTTP response code: java.net.SocketException,Non HTTP response message: Connection reset,Candidate Creation Thread Group 1-990,text,false,,2437,0,1000,1000,http://localhost:8080/web/index.php/api/v2/recruitment/candidates,0,0,0
1768483470362,135449,Create Candidate Request,Non HTTP response code: java.net.SocketException,Non HTTP response message: Connection reset,Candidate Creation Thread Group 1-829,text,false,,2437,0,1000,1000,http://localhost:8080/web/index.php/api/v2/recruitment/candidates,0,0,0
1768483470327,135484,Create Candidate Request,Non HTTP response code: java.net.SocketException,Non HTTP response message: Connection reset,Candidate Creation Thread Group 1-811,text,false,,2437,0,1000,1000,http://localhost:8080/web/index.php/api/v2/recruitment/candidates,0,0,0
1768483470249,135561,Create Candidate Request,Non HTTP response code: java.net.SocketException,Non HTTP response message: Connection reset,Candidate Creation Thread Group 1-772,text,false,,2437,0,1000,1000,http://localhost:8080/web/index.php/api/v2/recruitment/candidates,0,0,0
1768483470212,135578,Create Candidate Request,Non HTTP response code: java.net.SocketException,Non HTTP response message: Connection reset,Candidate Creation Thread Group 1-753,text,false,,2437,0,1000,1000,http://localhost:8080/web/index.php/api/v2/recruitment/candidates,0,0,0
1768483470524,135265,Create Candidate Request,Non HTTP response code: java.net.SocketException,Non HTTP response message: Connection reset,Candidate Creation Thread Group 1-907,text,false,,2437,0,1000,1000,http://localhost:8080/web/index.php/api/v2/recruitment/candidates,0,0,1
1768483470648,135143,Create Candidate Request,Non HTTP response code: java.net.SocketException,Non HTTP response message: Connection reset,Candidate Creation Thread Group 1-972,text,false,,2437,0,1000,1000,http://localhost:8080/web/index.php/api/v2/recruitment/candidates,0,0,0
1768483554178,51704,Create Candidate Request,401,Unauthorized,Candidate Creation Thread Group 1-368,text,false,,261,494,1000,1000,http://localhost:8080/web/index.php/api/v2/recruitment/candidates,51702,0,0
1768483554186,51796,Create Candidate Request,401,Unauthorized,Candidate Creation Thread Group 1-367,text,false,,261,494,1000,1000,http://localhost:8080/web/index.php/api/v2/recruitment/candidates,51795,0,0
1768483554273,51896,Create Candidate Request,401,Unauthorized,Candidate Creation Thread Group 1-292,text,false,,261,494,1000,1000,http://localhost:8080/web/index.php/api/v2/recruitment/candidates,51814,0,0
1768483553173,53006,Create Candidate Request,401,Unauthorized,Candidate Creation Thread Group 1-396,text,false,,261,491,1000,1000,http://localhost:8080/web/index.php/api/v2/recruitment/candidates,53004,0,1
1768483554277,51997,Create Candidate Request,401,Unauthorized,Candidate Creation Thread Group 1-293,text,false,,261,494,1000,1000,http://localhost:8080/web/index.php/api/v2/recruitment/candidates,51996,0,0
1768483554382,51993,Create Candidate Request,401,Unauthorized,Candidate Creation Thread Group 1-329,text,false,,261,494,1000,1000,http://localhost:8080/web/index.php/api/v2/recruitment/candidates,51990,0,1
1768483554476,51996,Create Candidate Request,401,Unauthorized,Candidate Creation Thread Group 1-203,text,false,,261,494,1000,1000,http://localhost:8080/web/index.php/api/v2/recruitment/candidates,51996,0,1
1768483554571,51912,Create Candidate Request,401,Unauthorized,Candidate Creation Thread Group 1-77,text,false,,261,494,1000,1000,http://localhost:8080/web/index.php/api/v2/recruitment/candidates,51912,0,0
1768483554673,51899,Create Candidate Request,401,Unauthorized,Candidate Creation Thread Group 1-326,text,false,,261,494,1000,1000,http://localhost:8080/web/index.php/api/v2/recruitment/candidates,51899,0,0
1768483554873,51709,Create Candidate Request,401,Unauthorized,Candidate Creation Thread Group 1-431,text,false,,261,494,1000,1000,http://localhost:8080/web/index.php/api/v2/recruitment/candidates,51708,0,1
1768483554684,51991,Create Candidate Request,401,Unauthorized,Candidate Creation Thread Group 1-204,text,false,,261,494,1000,1000,http://localhost:8080/web/index.php/api/v2/recruitment/candidates,51991,0,1
1768483555784,50987,Create Candidate Request,401,Unauthorized,Candidate Creation Thread Group 1-209,text,false,,261,494,1000,1000,http://localhost:8080/web/index.php/api/v2/recruitment/candidates,50986,0,0
1768483554973,51801,Create Candidate Request,401,Unauthorized,Candidate Creation Thread Group 1-201,text,false,,261,494,1000,1000,http://localhost:8080/web/index.php/api/v2/recruitment/candidates,51801,0,1
1768483555074,51709,Create Candidate Request,401,Unauthorized,Candidate Creation Thread Group 1-205,text,false,,261,494,1000,1000,http://localhost:8080/web/index.php/api/v2/recruitment/candidates,51709,0,0
1768483555280,51507,Create Candidate Request,401,Unauthorized,Candidate Creation Thread Group 1-207,text,false,,261,494,1000,1000,http://localhost:8080/web/index.php/api/v2/recruitment/candidates,51506,0,0
1768483555271,51602,Create Candidate Request,401,Unauthorized,Candidate Creation Thread Group 1-399,text,false,,261,494,1000,1000,http://localhost:8080/web/index.php/api/v2/recruitment/candidates,51602,0,0
1768483555173,51705,Create Candidate Request,401,Unauthorized,Candidate Creation Thread Group 1-206,text,false,,261,494,1000,1000,http://localhost:8080/web/index.php/api/v2/recruitment/candidates,51705,0,0
1768483552376,54595,Create Candidate Request,401,Unauthorized,Candidate Creation Thread Group 1-390,text,false,,261,494,1000,1000,http://localhost:8080/web/index.php/api/v2/recruitment/candidates,54594,0,0
1768483520478,86497,Create Candidate Request,401,Unauthorized,Candidate Creation Thread Group 1-584,text,false,,261,494,1000,1000,http://localhost:8080/web/index.php/api/v2/recruitment/candidates,86497,0,0
1768483556173,50900,Create Candidate Request,401,Unauthorized,Candidate Creation Thread Group 1-213,text,false,,261,494,1000,1000,http://localhost:8080/web/index.php/api/v2/recruitment/candidates,50898,0,0
1768483556180,50990,Create Candidate Request,401,Unauthorized,Candidate Creation Thread Group 1-70,text,false,,261,494,1000,1000,http://localhost:8080/web/index.php/api/v2/recruitment/candidates,50990,0,1
1768483556284,50891,Create Candidate Request,401,Unauthorized,Candidate Creation Thread Group 1-214,text,false,,261,494,1000,1000,http://localhost:8080/web/index.php/api/v2/recruitment/candidates,50890,0,0
1768483556480,50700,Create Candidate Request,401,Unauthorized,Candidate Creation Thread Group 1-297,text,false,,261,494,1000,1000,http://localhost:8080/web/index.php/api/v2/recruitment/candidates,50699,0,1
1768483556382,50889,Create Candidate Request,401,Unauthorized,Candidate Creation Thread Group 1-295,text,false,,261,494,1000,1000,http://localhost:8080/web/index.php/api/v2/recruitment/candidates,50889,0,0
1768483556574,50701,Create Candidate Request,401,Unauthorized,Candidate Creation Thread Group 1-216,text,false,,261,494,1000,1000,http://localhost:8080/web/index.php/api/v2/recruitment/candidates,50700,0,0
1768483555675,51605,Create Candidate Request,401,Unauthorized,Candidate Creation Thread Group 1-433,text,false,,261,494,1000,1000,http://localhost:8080/web/index.php/api/v2/recruitment/candidates,51604,0,0
1768483556695,50680,Create Candidate Request,401,Unauthorized,Candidate Creation Thread Group 1-219,text,false,,261,491,1000,1000,http://localhost:8080/web/index.php/api/v2/recruitment/candidates,50680,0,1
1768483556784,50595,Create Candidate Request,401,Unauthorized,Candidate Creation Thread Group 1-217,text,false,,261,491,1000,1000,http://localhost:8080/web/index.php/api/v2/recruitment/candidates,50595,0,0
1768483569003,38467,Create Candidate Request,401,Unauthorized,Candidate Creation Thread Group 1-577,text,false,,261,491,1000,1000,http://localhost:8080/web/index.php/api/v2/recruitment/candidates,38380,0,0
1768483556974,50508,Create Candidate Request,401,Unauthorized,Candidate Creation Thread Group 1-221,text,false,,261,491,1000,1000,http://localhost:8080/web/index.php/api/v2/recruitment/candidates,50508,0,1
1768483557178,50491,Create Candidate Request,401,Unauthorized,Candidate Creation Thread Group 1-223,text,false,,261,491,1000,1000,http://localhost:8080/web/index.php/api/v2/recruitment/candidates,50403,0,1
1768483553081,54593,Create Candidate Request,401,Unauthorized,Candidate Creation Thread Group 1-394,text,false,,261,491,1000,1000,http://localhost:8080/web/index.php/api/v2/recruitment/candidates,54593,0,0
1768483557382,50300,Create Candidate Request,401,Unauthorized,Candidate Creation Thread Group 1-225,text,false,,261,491,1000,1000,http://localhost:8080/web/index.php/api/v2/recruitment/candidates,50298,0,1
1768483557473,50301,Create Candidate Request,401,Unauthorized,Candidate Creation Thread Group 1-156,text,false,,261,491,1000,1000,http://localhost:8080/web/index.php/api/v2/recruitment/candidates,50300,0,0
1768483555382,52407,Create Candidate Request,401,Unauthorized,Candidate Creation Thread Group 1-298,text,false,,261,494,1000,1000,http://localhost:8080/web/index.php/api/v2/recruitment/candidates,52407,0,1
1768483569285,38590,Create Candidate Request,401,Unauthorized,Candidate Creation Thread Group 1-530,text,false,,261,494,1000,1000,http://localhost:8080/web/index.php/api/v2/recruitment/candidates,38590,0,0
1768483557570,50309,Create Candidate Request,401,Unauthorized,Candidate Creation Thread Group 1-299,text,false,,261,491,1000,1000,http://localhost:8080/web/index.php/api/v2/recruitment/candidates,50308,0,1
1768483569271,38700,Create Candidate Request,401,Unauthorized,Candidate Creation Thread Group 1-528,text,false,,261,491,1000,1000,http://localhost:8080/web/index.php/api/v2/recruitment/candidates,38699,0,0
1768483557681,50390,Create Candidate Request,401,Unauthorized,Candidate Creation Thread Group 1-304,text,false,,261,494,1000,1000,http://localhost:8080/web/index.php/api/v2/recruitment/candidates,50389,0,0
1768483557782,50389,Create Candidate Request,401,Unauthorized,Candidate Creation Thread Group 1-303,text,false,,261,494,1000,1000,http://localhost:8080/web/index.php/api/v2/recruitment/candidates,50389,0,0
1768483557882,50293,Create Candidate Request,401,Unauthorized,Candidate Creation Thread Group 1-301,text,false,,261,494,1000,1000,http://localhost:8080/web/index.php/api/v2/recruitment/candidates,50293,0,1
1768483553882,54387,Create Candidate Request,401,Unauthorized,Candidate Creation Thread Group 1-200,text,false,,261,494,1000,1000,http://localhost:8080/web/index.php/api/v2/recruitment/candidates,54302,0,0
1768483569678,38597,Create Candidate Request,401,Unauthorized,Candidate Creation Thread Group 1-539,text,false,,261,494,1000,1000,http://localhost:8080/web/index.php/api/v2/recruitment/candidates,38596,0,1
1768483558190,50186,Create Candidate Request,401,Unauthorized,Candidate Creation Thread Group 1-307,text,false,,261,494,1000,1000,http://localhost:8080/web/index.php/api/v2/recruitment/candidates,50185,0,1
1768483557082,51389,Create Candidate Request,401,Unauthorized,Candidate Creation Thread Group 1-220,text,false,,261,491,1000,1000,http://localhost:8080/web/index.php/api/v2/recruitment/candidates,51389,0,0
1768483558273,50206,Create Candidate Request,401,Unauthorized,Candidate Creation Thread Group 1-238,text,false,,261,494,1000,1000,http://localhost:8080/web/index.php/api/v2/recruitment/candidates,50205,0,0
1768483558277,50205,Create Candidate Request,401,Unauthorized,Candidate Creation Thread Group 1-324,text,false,,261,494,1000,1000,http://localhost:8080/web/index.php/api/v2/recruitment/candidates,50205,0,0
1768483558280,50296,Create Candidate Request,401,Unauthorized,Candidate Creation Thread Group 1-254,text,false,,261,494,1000,1000,http://localhost:8080/web/index.php/api/v2/recruitment/candidates,50292,0,0
1768483558288,50291,Create Candidate Request,401,Unauthorized,Candidate Creation Thread Group 1-330,text,false,,261,494,1000,1000,http://localhost:8080/web/index.php/api/v2/recruitment/candidates,50291,0,1
1768483554172,54498,Create Candidate Request,401,Unauthorized,Candidate Creation Thread Group 1-97,text,false,,261,494,1000,1000,http://localhost:8080/web/index.php/api/v2/recruitment/candidates,54498,0,0
1768483558471,50204,Create Candidate Request,401,Unauthorized,Candidate Creation Thread Group 1-309,text,false,,261,494,1000,1000,http://localhost:8080/web/index.php/api/v2/recruitment/candidates,50204,0,0
1768483556586,52185,Create Candidate Request,401,Unauthorized,Candidate Creation Thread Group 1-218,text,false,,261,494,1000,1000,http://localhost:8080/web/index.php/api/v2/recruitment/candidates,52184,0,1
1768483558575,50210,Create Candidate Request,401,Unauthorized,Candidate Creation Thread Group 1-545,text,false,,261,494,1000,1000,http://localhost:8080/web/index.php/api/v2/recruitment/candidates,50209,0,0
1768483559773,49108,Create Candidate Request,401,Unauthorized,Candidate Creation Thread Group 1-561,text,false,,261,494,1000,1000,http://localhost:8080/web/index.php/api/v2/recruitment/candidates,49107,0,1
1768483555572,53402,Create Candidate Request,401,Unauthorized,Candidate Creation Thread Group 1-208,text,false,,261,494,1000,1000,http://localhost:8080/web/index.php/api/v2/recruitment/candidates,53402,0,1
1768483558971,50007,Create Candidate Request,401,Unauthorized,Candidate Creation Thread Group 1-459,text,false,,261,494,1000,1000,http://localhost:8080/web/index.php/api/v2/recruitment/candidates,50006,0,1
1768483557584,51496,Create Candidate Request,401,Unauthorized,Candidate Creation Thread Group 1-300,text,false,,261,494,1000,1000,http://localhost:8080/web/index.php/api/v2/recruitment/candidates,51495,0,1
1768483559172,49999,Create Candidate Request,401,Unauthorized,Candidate Creation Thread Group 1-331,text,false,,261,494,1000,1000,http://localhost:8080/web/index.php/api/v2/recruitment/candidates,49999,0,0
1768483571270,37907,Create Candidate Request,401,Unauthorized,Candidate Creation Thread Group 1-609,text,false,,261,494,1000,1000,http://localhost:8080/web/index.php/api/v2/recruitment/candidates,37906,0,0
1768483559176,50097,Create Candidate Request,401,Unauthorized,Candidate Creation Thread Group 1-462,text,false,,261,494,1000,1000,http://localhost:8080/web/index.php/api/v2/recruitment/candidates,50097,0,1
1768483556075,53298,Create Candidate Request,401,Unauthorized,Candidate Creation Thread Group 1-212,text,false,,261,494,1000,1000,http://localhost:8080/web/index.php/api/v2/recruitment/candidates,53296,0,1
1768483559975,49411,Create Candidate Request,401,Unauthorized,Candidate Creation Thread Group 1-474,text,false,,261,494,1000,1000,http://localhost:8080/web/index.php/api/v2/recruitment/candidates,49410,0,1
1768483559183,50301,Create Candidate Request,401,Unauthorized,Candidate Creation Thread Group 1-463,text,false,,261,494,1000,1000,http://localhost:8080/web/index.php/api/v2/recruitment/candidates,50300,0,0
1768483559381,50199,Create Candidate Request,401,Unauthorized,Candidate Creation Thread Group 1-466,text,false,,261,494,1000,1000,http://localhost:8080/web/index.php/api/v2/recruitment/candidates,50198,0,0
1768483559371,50209,Create Candidate Request,401,Unauthorized,Candidate Creation Thread Group 1-464,text,false,,261,494,1000,1000,http://localhost:8080/web/index.php/api/v2/recruitment/candidates,50203,0,1
1768483559472,50115,Create Candidate Request,401,Unauthorized,Candidate Creation Thread Group 1-465,text,false,,261,494,1000,1000,http://localhost:8080/web/index.php/api/v2/recruitment/candidates,50115,0,0
1768483559484,50192,Create Candidate Request,401,Unauthorized,Candidate Creation Thread Group 1-467,text,false,,261,494,1000,1000,http://localhost:8080/web/index.php/api/v2/recruitment/candidates,50192,0,2
1768483545182,64587,Create Candidate Request,401,Unauthorized,Candidate Creation Thread Group 1-193,text,false,,261,491,1000,1000,http://localhost:8080/web/index.php/api/v2/recruitment/candidates,64504,0,1
1768483559784,49991,Create Candidate Request,401,Unauthorized,Candidate Creation Thread Group 1-471,text,false,,261,494,1000,1000,http://localhost:8080/web/index.php/api/v2/recruitment/candidates,49991,0,0
1768483560075,49709,Create Candidate Request,401,Unauthorized,Candidate Creation Thread Group 1-473,text,false,,261,494,1000,1000,http://localhost:8080/web/index.php/api/v2/recruitment/candidates,49708,0,2
1768483476375,133507,Create Candidate Request,Non HTTP response code: java.net.SocketException,Non HTTP response message: Connection reset,Candidate Creation Thread Group 1-28,text,false,,2437,0,1000,1000,http://localhost:8080/web/index.php/api/v2/recruitment/candidates,0,0,1
1768483559075,50831,Create Candidate Request,401,Unauthorized,Candidate Creation Thread Group 1-461,text,false,,261,494,1000,1000,http://localhost:8080/web/index.php/api/v2/recruitment/candidates,50831,0,1
1768483557279,52695,Create Candidate Request,401,Unauthorized,Candidate Creation Thread Group 1-224,text,false,,261,491,1000,1000,http://localhost:8080/web/index.php/api/v2/recruitment/candidates,52694,0,2
1768483558483,51496,Create Candidate Request,401,Unauthorized,Candidate Creation Thread Group 1-281,text,false,,261,494,1000,1000,http://localhost:8080/web/index.php/api/v2/recruitment/candidates,51496,0,0
1768483564570,45415,Create Candidate Request,401,Unauthorized,Candidate Creation Thread Group 1-373,text,false,,261,494,1000,1000,http://localhost:8080/web/index.php/api/v2/recruitment/candidates,45414,0,3
1768483560173,49997,Create Candidate Request,401,Unauthorized,Candidate Creation Thread Group 1-489,text,false,,261,494,1000,1000,http://localhost:8080/web/index.php/api/v2/recruitment/candidates,49996,0,0
1768483560571,49604,Create Candidate Request,401,Unauthorized,Candidate Creation Thread Group 1-477,text,false,,261,494,1000,1000,http://localhost:8080/web/index.php/api/v2/recruitment/candidates,49604,0,0
1768483560575,49604,Create Candidate Request,401,Unauthorized,Candidate Creation Thread Group 1-360,text,false,,261,494,1000,1000,http://localhost:8080/web/index.php/api/v2/recruitment/candidates,49603,0,0
1768483560671,49600,Create Candidate Request,401,Unauthorized,Candidate Creation Thread Group 1-478,text,false,,261,494,1000,1000,http://localhost:8080/web/index.php/api/v2/recruitment/candidates,49600,0,1
1768483560773,49596,Create Candidate Request,401,Unauthorized,Candidate Creation Thread Group 1-479,text,false,,261,494,1000,1000,http://localhost:8080/web/index.php/api/v2/recruitment/candidates,49508,0,0
1768483560892,49483,Create Candidate Request,401,Unauthorized,Candidate Creation Thread Group 1-343,text,false,,261,491,1000,1000,http://localhost:8080/web/index.php/api/v2/recruitment/candidates,49483,0,1
1768483560892,49493,Create Candidate Request,401,Unauthorized,Candidate Creation Thread Group 1-481,text,false,,261,491,1000,1000,http://localhost:8080/web/index.php/api/v2/recruitment/candidates,49492,0,1
1768483560986,49489,Create Candidate Request,401,Unauthorized,Candidate Creation Thread Group 1-571,text,false,,261,491,1000,1000,http://localhost:8080/web/index.php/api/v2/recruitment/candidates,49488,0,0
1768483561083,49395,Create Candidate Request,401,Unauthorized,Candidate Creation Thread Group 1-501,text,false,,261,491,1000,1000,http://localhost:8080/web/index.php/api/v2/recruitment/candidates,49395,0,1
1768483561175,49397,Create Candidate Request,401,Unauthorized,Candidate Creation Thread Group 1-482,text,false,,261,491,1000,1000,http://localhost:8080/web/index.php/api/v2/recruitment/candidates,49396,0,1
1768483558072,52510,Create Candidate Request,401,Unauthorized,Candidate Creation Thread Group 1-305,text,false,,261,494,1000,1000,http://localhost:8080/web/index.php/api/v2/recruitment/candidates,52510,0,0
1768483561271,49404,Create Candidate Request,401,Unauthorized,Candidate Creation Thread Group 1-483,text,false,,261,491,1000,1000,http://localhost:8080/web/index.php/api/v2/recruitment/candidates,49403,0,0
1768483561275,49495,Create Candidate Request,401,Unauthorized,Candidate Creation Thread Group 1-491,text,false,,261,491,1000,1000,http://localhost:8080/web/index.php/api/v2/recruitment/candidates,49495,0,1
1768483561387,49388,Create Candidate Request,401,Unauthorized,Candidate Creation Thread Group 1-441,text,false,,261,494,1000,1000,http://localhost:8080/web/index.php/api/v2/recruitment/candidates,49388,0,1
1768483573973,36810,Create Candidate Request,401,Unauthorized,Candidate Creation Thread Group 1-615,text,false,,261,494,1000,1000,http://localhost:8080/web/index.php/api/v2/recruitment/candidates,36809,0,4
1768483572176,38703,Create Candidate Request,401,Unauthorized,Candidate Creation Thread Group 1-43,text,false,,261,494,1000,1000,http://localhost:8080/web/index.php/api/v2/recruitment/candidates,38702,0,0
1768483572181,38800,Create Candidate Request,401,Unauthorized,Candidate Creation Thread Group 1-626,text,false,,261,494,1000,1000,http://localhost:8080/web/index.php/api/v2/recruitment/candidates,38799,0,1
1768483567080,44003,Create Candidate Request,401,Unauthorized,Candidate Creation Thread Group 1-427,text,false,,261,494,1000,1000,http://localhost:8080/web/index.php/api/v2/recruitment/candidates,44002,0,0
1768483572370,38804,Create Candidate Request,401,Unauthorized,Candidate Creation Thread Group 1-138,text,false,,261,494,1000,1000,http://localhost:8080/web/index.php/api/v2/recruitment/candidates,38803,0,0
1768483572569,38609,Create Candidate Request,401,Unauthorized,Candidate Creation Thread Group 1-113,text,false,,261,494,1000,1000,http://localhost:8080/web/index.php/api/v2/recruitment/candidates,38609,0,2
1768483572478,38797,Create Candidate Request,401,Unauthorized,Candidate Creation Thread Group 1-73,text,false,,261,494,1000,1000,http://localhost:8080/web/index.php/api/v2/recruitment/candidates,38796,0,0
1768483572683,38687,Create Candidate Request,401,Unauthorized,Candidate Creation Thread Group 1-574,text,false,,261,494,1000,1000,http://localhost:8080/web/index.php/api/v2/recruitment/candidates,38687,0,0
1768483572780,38595,Create Candidate Request,401,Unauthorized,Candidate Creation Thread Group 1-168,text,false,,261,494,1000,1000,http://localhost:8080/web/index.php/api/v2/recruitment/candidates,38595,0,0
1768483572881,38499,Create Candidate Request,401,Unauthorized,Candidate Creation Thread Group 1-63,text,false,,261,494,1000,1000,http://localhost:8080/web/index.php/api/v2/recruitment/candidates,38499,0,1
1768483569782,41690,Create Candidate Request,401,Unauthorized,Candidate Creation Thread Group 1-409,text,false,,261,494,1000,1000,http://localhost:8080/web/index.php/api/v2/recruitment/candidates,41690,0,1
1768483572995,38485,Create Candidate Request,401,Unauthorized,Candidate Creation Thread Group 1-625,text,false,,261,491,1000,1000,http://localhost:8080/web/index.php/api/v2/recruitment/candidates,38483,0,1
1768483573174,38398,Create Candidate Request,401,Unauthorized,Candidate Creation Thread Group 1-628,text,false,,261,491,1000,1000,http://localhost:8080/web/index.php/api/v2/recruitment/candidates,38398,0,0
1768483573181,38488,Create Candidate Request,401,Unauthorized,Candidate Creation Thread Group 1-627,text,false,,261,491,1000,1000,http://localhost:8080/web/index.php/api/v2/recruitment/candidates,38488,0,0
1768483570172,41512,Create Candidate Request,401,Unauthorized,Candidate Creation Thread Group 1-538,text,false,,261,494,1000,1000,http://localhost:8080/web/index.php/api/v2/recruitment/candidates,41511,0,0
1768483573280,38491,Create Candidate Request,401,Unauthorized,Candidate Creation Thread Group 1-630,text,false,,261,491,1000,1000,http://localhost:8080/web/index.php/api/v2/recruitment/candidates,38490,0,0
1768483573571,38204,Create Candidate Request,401,Unauthorized,Candidate Creation Thread Group 1-585,text,false,,261,491,1000,1000,http://localhost:8080/web/index.php/api/v2/recruitment/candidates,38204,0,1
1768483573473,38311,Create Candidate Request,401,Unauthorized,Candidate Creation Thread Group 1-629,text,false,,261,491,1000,1000,http://localhost:8080/web/index.php/api/v2/recruitment/candidates,38310,0,0
1768483573673,38198,Create Candidate Request,401,Unauthorized,Candidate Creation Thread Group 1-632,text,false,,261,491,1000,1000,http://localhost:8080/web/index.php/api/v2/recruitment/candidates,38198,0,1
1768483573780,38097,Create Candidate Request,401,Unauthorized,Candidate Creation Thread Group 1-6,text,false,,261,494,1000,1000,http://localhost:8080/web/index.php/api/v2/recruitment/candidates,38096,0,1
1768483573771,38202,Create Candidate Request,401,Unauthorized,Candidate Creation Thread Group 1-637,text,false,,261,491,1000,1000,http://localhost:8080/web/index.php/api/v2/recruitment/candidates,38202,0,1
1768483573878,38100,Create Candidate Request,401,Unauthorized,Candidate Creation Thread Group 1-579,text,false,,261,494,1000,1000,http://localhost:8080/web/index.php/api/v2/recruitment/candidates,38098,0,1
1768483561374,50703,Create Candidate Request,401,Unauthorized,Candidate Creation Thread Group 1-494,text,false,,261,491,1000,1000,http://localhost:8080/web/index.php/api/v2/recruitment/candidates,50608,0,0
1768483561681,50404,Create Candidate Request,401,Unauthorized,Candidate Creation Thread Group 1-476,text,false,,261,494,1000,1000,http://localhost:8080/web/index.php/api/v2/recruitment/candidates,50404,0,1
1768483561581,50512,Create Candidate Request,401,Unauthorized,Candidate Creation Thread Group 1-497,text,false,,261,494,1000,1000,http://localhost:8080/web/index.php/api/v2/recruitment/candidates,50512,0,0
1768483561570,50524,Create Candidate Request,401,Unauthorized,Candidate Creation Thread Group 1-492,text,false,,261,494,1000,1000,http://localhost:8080/web/index.php/api/v2/recruitment/candidates,50511,0,0
1768483558673,53506,Create Candidate Request,401,Unauthorized,Candidate Creation Thread Group 1-245,text,false,,261,494,1000,1000,http://localhost:8080/web/index.php/api/v2/recruitment/candidates,53506,0,1
1768483561770,50414,Create Candidate Request,401,Unauthorized,Candidate Creation Thread Group 1-846,text,false,,261,494,1000,1000,http://localhost:8080/web/index.php/api/v2/recruitment/candidates,50413,0,0
1768483561783,50488,Create Candidate Request,401,Unauthorized,Candidate Creation Thread Group 1-452,text,false,,261,494,1000,1000,http://localhost:8080/web/index.php/api/v2/recruitment/candidates,50487,0,1
1768483550877,61397,Create Candidate Request,401,Unauthorized,Candidate Creation Thread Group 1-437,text,false,,261,494,1000,1000,http://localhost:8080/web/index.php/api/v2/recruitment/candidates,61397,0,1
1768483561883,50400,Create Candidate Request,401,Unauthorized,Candidate Creation Thread Group 1-500,text,false,,261,494,1000,1000,http://localhost:8080/web/index.php/api/v2/recruitment/candidates,50400,0,1
1768483562171,50210,Create Candidate Request,401,Unauthorized,Candidate Creation Thread Group 1-856,text,false,,261,494,1000,1000,http://localhost:8080/web/index.php/api/v2/recruitment/candidates,50209,0,0
1768483562180,50208,Create Candidate Request,401,Unauthorized,Candidate Creation Thread Group 1-858,text,false,,261,494,1000,1000,http://localhost:8080/web/index.php/api/v2/recruitment/candidates,50207,0,0
1768483576781,35689,Create Candidate Request,401,Unauthorized,Candidate Creation Thread Group 1-682,text,false,,261,494,1000,1000,http://localhost:8080/web/index.php/api/v2/recruitment/candidates,35689,0,1
1768483562384,50091,Create Candidate Request,401,Unauthorized,Candidate Creation Thread Group 1-503,text,false,,261,494,1000,1000,http://localhost:8080/web/index.php/api/v2/recruitment/candidates,50091,0,2
1768483560374,52107,Create Candidate Request,401,Unauthorized,Candidate Creation Thread Group 1-475,text,false,,261,494,1000,1000,http://localhost:8080/web/index.php/api/v2/recruitment/candidates,52107,0,0
1768483562571,49914,Create Candidate Request,401,Unauthorized,Candidate Creation Thread Group 1-502,text,false,,261,494,1000,1000,http://localhost:8080/web/index.php/api/v2/recruitment/candidates,49914,0,0
1768483562583,49988,Create Candidate Request,401,Unauthorized,Candidate Creation Thread Group 1-506,text,false,,261,494,1000,1000,http://localhost:8080/web/index.php/api/v2/recruitment/candidates,49988,0,0
1768483564882,47698,Create Candidate Request,401,Unauthorized,Candidate Creation Thread Group 1-621,text,false,,261,491,1000,1000,http://localhost:8080/web/index.php/api/v2/recruitment/candidates,47697,0,0
1768483562576,50095,Create Candidate Request,401,Unauthorized,Candidate Creation Thread Group 1-504,text,false,,261,494,1000,1000,http://localhost:8080/web/index.php/api/v2/recruitment/candidates,50094,0,1
1768483559671,53004,Create Candidate Request,401,Unauthorized,Candidate Creation Thread Group 1-469,text,false,,261,494,1000,1000,http://localhost:8080/web/index.php/api/v2/recruitment/candidates,53004,0,0
1768483562673,50009,Create Candidate Request,401,Unauthorized,Candidate Creation Thread Group 1-490,text,false,,261,494,1000,1000,http://localhost:8080/web/index.php/api/v2/recruitment/candidates,50009,0,1
1768483558772,54000,Create Candidate Request,401,Unauthorized,Candidate Creation Thread Group 1-549,text,false,,261,494,1000,1000,http://localhost:8080/web/index.php/api/v2/recruitment/candidates,53999,0,0
1768483565177,47601,Create Candidate Request,401,Unauthorized,Candidate Creation Thread Group 1-406,text,false,,261,491,1000,1000,http://localhost:8080/web/index.php/api/v2/recruitment/candidates,47601,0,1
1768483563073,49711,Create Candidate Request,401,Unauthorized,Candidate Creation Thread Group 1-350,text,false,,261,494,1000,1000,http://localhost:8080/web/index.php/api/v2/recruitment/candidates,49711,0,1
1768483563171,49701,Create Candidate Request,401,Unauthorized,Candidate Creation Thread Group 1-371,text,false,,261,494,1000,1000,http://localhost:8080/web/index.php/api/v2/recruitment/candidates,49701,0,0
1768483563179,49699,Create Candidate Request,401,Unauthorized,Candidate Creation Thread Group 1-354,text,false,,261,494,1000,1000,http://localhost:8080/web/index.php/api/v2/recruitment/candidates,49699,0,0
1768483558171,54711,Create Candidate Request,401,Unauthorized,Candidate Creation Thread Group 1-302,text,false,,261,494,1000,1000,http://localhost:8080/web/index.php/api/v2/recruitment/candidates,54711,0,0
1768483563176,49713,Create Candidate Request,401,Unauthorized,Candidate Creation Thread Group 1-353,text,false,,261,494,1000,1000,http://localhost:8080/web/index.php/api/v2/recruitment/candidates,49712,0,0
1768483563272,49700,Create Candidate Request,401,Unauthorized,Candidate Creation Thread Group 1-352,text,false,,261,494,1000,1000,http://localhost:8080/web/index.php/api/v2/recruitment/candidates,49699,0,0
1768483563385,49591,Create Candidate Request,401,Unauthorized,Candidate Creation Thread Group 1-356,text,false,,261,494,1000,1000,http://localhost:8080/web/index.php/api/v2/recruitment/candidates,49591,0,0
1768483527787,85196,Create Candidate Request,401,Unauthorized,Candidate Creation Thread Group 1-689,text,false,,261,494,1000,1000,http://localhost:8080/web/index.php/api/v2/recruitment/candidates,85195,0,0
1768483561576,51496,Create Candidate Request,401,Unauthorized,Candidate Creation Thread Group 1-493,text,false,,261,494,1000,1000,http://localhost:8080/web/index.php/api/v2/recruitment/candidates,51496,0,0
1768483552472,60699,Create Candidate Request,401,Unauthorized,Candidate Creation Thread Group 1-387,text,false,,261,494,1000,1000,http://localhost:8080/web/index.php/api/v2/recruitment/candidates,60611,0,2
1768483563883,49294,Create Candidate Request,401,Unauthorized,Candidate Creation Thread Group 1-507,text,false,,261,494,1000,1000,http://localhost:8080/web/index.php/api/v2/recruitment/candidates,49293,0,1
1768483563873,49311,Create Candidate Request,401,Unauthorized,Candidate Creation Thread Group 1-372,text,false,,261,494,1000,1000,http://localhost:8080/web/index.php/api/v2/recruitment/candidates,49311,0,1
1768483578376,34897,Create Candidate Request,401,Unauthorized,Candidate Creation Thread Group 1-554,text,false,,261,494,1000,1000,http://localhost:8080/web/index.php/api/v2/recruitment/candidates,34897,0,0
1768483562875,50405,Create Candidate Request,401,Unauthorized,Candidate Creation Thread Group 1-495,text,false,,261,494,1000,1000,http://localhost:8080/web/index.php/api/v2/recruitment/candidates,50404,0,1
1768483563984,49390,Create Candidate Request,401,Unauthorized,Candidate Creation Thread Group 1-610,text,false,,261,494,1000,1000,http://localhost:8080/web/index.php/api/v2/recruitment/candidates,49390,0,1
1768483564171,49210,Create Candidate Request,401,Unauthorized,Candidate Creation Thread Group 1-376,text,false,,261,494,1000,1000,http://localhost:8080/web/index.php/api/v2/recruitment/candidates,49210,0,0
1768483564083,49390,Create Candidate Request,401,Unauthorized,Candidate Creation Thread Group 1-375,text,false,,261,494,1000,1000,http://localhost:8080/web/index.php/api/v2/recruitment/candidates,49390,0,1
1768483564176,49302,Create Candidate Request,401,Unauthorized,Candidate Creation Thread Group 1-270,text,false,,261,494,1000,1000,http://localhost:8080/web/index.php/api/v2/recruitment/candidates,49301,0,1
1768483564282,49200,Create Candidate Request,401,Unauthorized,Candidate Creation Thread Group 1-485,text,false,,261,494,1000,1000,http://localhost:8080/web/index.php/api/v2/recruitment/candidates,49200,0,0
1768483564282,49292,Create Candidate Request,401,Unauthorized,Candidate Creation Thread Group 1-335,text,false,,261,494,1000,1000,http://localhost:8080/web/index.php/api/v2/recruitment/candidates,49291,0,0
1768483577146,36435,Create Candidate Request,401,Unauthorized,Candidate Creation Thread Group 1-673,text,false,,261,494,1000,1000,http://localhost:8080/web/index.php/api/v2/recruitment/candidates,36433,0,0
1768483560271,53403,Create Candidate Request,401,Unauthorized,Candidate Creation Thread Group 1-472,text,false,,261,494,1000,1000,http://localhost:8080/web/index.php/api/v2/recruitment/candidates,53402,0,1
1768483564474,49209,Create Candidate Request,401,Unauthorized,Candidate Creation Thread Group 1-384,text,false,,261,494,1000,1000,http://localhost:8080/web/index.php/api/v2/recruitment/candidates,49208,0,0
1768483564983,48791,Create Candidate Request,401,Unauthorized,Candidate Creation Thread Group 1-451,text,false,,261,491,1000,1000,http://localhost:8080/web/index.php/api/v2/recruitment/candidates,48791,0,1
1768483564374,49407,Create Candidate Request,401,Unauthorized,Candidate Creation Thread Group 1-383,text,false,,261,494,1000,1000,http://localhost:8080/web/index.php/api/v2/recruitment/candidates,49407,0,1
1768483565472,48399,Create Candidate Request,401,Unauthorized,Candidate Creation Thread Group 1-404,text,false,,261,491,1000,1000,http://localhost:8080/web/index.php/api/v2/recruitment/candidates,48399,0,0
1768483565570,48306,Create Candidate Request,401,Unauthorized,Candidate Creation Thread Group 1-407,text,false,,261,491,1000,1000,http://localhost:8080/web/index.php/api/v2/recruitment/candidates,48306,0,2
1768483563572,50399,Create Candidate Request,401,Unauthorized,Candidate Creation Thread Group 1-363,text,false,,261,494,1000,1000,http://localhost:8080/web/index.php/api/v2/recruitment/candidates,50399,0,0
1768483565581,48394,Create Candidate Request,401,Unauthorized,Candidate Creation Thread Group 1-410,text,false,,261,494,1000,1000,http://localhost:8080/web/index.php/api/v2/recruitment/candidates,48393,0,2
1768483480879,133098,Create Candidate Request,Non HTTP response code: java.net.SocketException,Non HTTP response message: Connection reset,Candidate Creation Thread Group 1-65,text,false,,2437,0,1000,1000,http://localhost:8080/web/index.php/api/v2/recruitment/candidates,0,0,0
1768483565779,48291,Create Candidate Request,401,Unauthorized,Candidate Creation Thread Group 1-361,text,false,,261,494,1000,1000,http://localhost:8080/web/index.php/api/v2/recruitment/candidates,48291,0,0
1768483565982,48093,Create Candidate Request,401,Unauthorized,Candidate Creation Thread Group 1-411,text,false,,261,494,1000,1000,http://localhost:8080/web/index.php/api/v2/recruitment/candidates,48093,0,0
1768483562685,51396,Create Candidate Request,401,Unauthorized,Candidate Creation Thread Group 1-578,text,false,,261,494,1000,1000,http://localhost:8080/web/index.php/api/v2/recruitment/candidates,51395,0,0
1768483565877,48295,Create Candidate Request,401,Unauthorized,Candidate Creation Thread Group 1-487,text,false,,261,494,1000,1000,http://localhost:8080/web/index.php/api/v2/recruitment/candidates,48295,0,2
1768483565991,48186,Create Candidate Request,401,Unauthorized,Candidate Creation Thread Group 1-413,text,false,,261,494,1000,1000,http://localhost:8080/web/index.php/api/v2/recruitment/candidates,48186,0,0
1768483561982,52201,Create Candidate Request,401,Unauthorized,Candidate Creation Thread Group 1-457,text,false,,261,494,1000,1000,http://localhost:8080/web/index.php/api/v2/recruitment/candidates,52200,0,0
1768483566076,48197,Create Candidate Request,401,Unauthorized,Candidate Creation Thread Group 1-416,text,false,,261,494,1000,1000,http://localhost:8080/web/index.php/api/v2/recruitment/candidates,48197,0,1
1768483566173,48105,Create Candidate Request,401,Unauthorized,Candidate Creation Thread Group 1-418,text,false,,261,494,1000,1000,http://localhost:8080/web/index.php/api/v2/recruitment/candidates,48105,0,0
1768483566274,48011,Create Candidate Request,401,Unauthorized,Candidate Creation Thread Group 1-419,text,false,,261,494,1000,1000,http://localhost:8080/web/index.php/api/v2/recruitment/candidates,48010,0,1
1768483566177,48293,Create Candidate Request,401,Unauthorized,Candidate Creation Thread Group 1-498,text,false,,261,494,1000,1000,http://localhost:8080/web/index.php/api/v2/recruitment/candidates,48205,0,1
1768483566372,48102,Create Candidate Request,401,Unauthorized,Candidate Creation Thread Group 1-421,text,false,,261,494,1000,1000,http://localhost:8080/web/index.php/api/v2/recruitment/candidates,48102,0,1
1768483566472,48010,Create Candidate Request,401,Unauthorized,Candidate Creation Thread Group 1-422,text,false,,261,494,1000,1000,http://localhost:8080/web/index.php/api/v2/recruitment/candidates,48009,0,0
1768483566607,47973,Create Candidate Request,401,Unauthorized,Candidate Creation Thread Group 1-400,text,false,,261,494,1000,1000,http://localhost:8080/web/index.php/api/v2/recruitment/candidates,47973,0,0
1768483566690,47897,Create Candidate Request,401,Unauthorized,Candidate Creation Thread Group 1-423,text,false,,261,494,1000,1000,http://localhost:8080/web/index.php/api/v2/recruitment/candidates,47895,0,0
1768483566679,47910,Create Candidate Request,401,Unauthorized,Candidate Creation Thread Group 1-424,text,false,,261,494,1000,1000,http://localhost:8080/web/index.php/api/v2/recruitment/candidates,47910,0,1
1768483566872,47804,Create Candidate Request,401,Unauthorized,Candidate Creation Thread Group 1-840,text,false,,261,494,1000,1000,http://localhost:8080/web/index.php/api/v2/recruitment/candidates,47803,0,1
1768483566882,47803,Create Candidate Request,401,Unauthorized,Candidate Creation Thread Group 1-426,text,false,,261,494,1000,1000,http://localhost:8080/web/index.php/api/v2/recruitment/candidates,47803,0,1
1768483578173,36599,Create Candidate Request,401,Unauthorized,Candidate Creation Thread Group 1-552,text,false,,261,491,1000,1000,http://localhost:8080/web/index.php/api/v2/recruitment/candidates,36599,0,0
1768483566983,47800,Create Candidate Request,401,Unauthorized,Candidate Creation Thread Group 1-425,text,false,,261,494,1000,1000,http://localhost:8080/web/index.php/api/v2/recruitment/candidates,47800,0,0
1768483566088,48785,Create Candidate Request,401,Unauthorized,Candidate Creation Thread Group 1-653,text,false,,261,494,1000,1000,http://localhost:8080/web/index.php/api/v2/recruitment/candidates,48784,0,0
1768483567273,47604,Create Candidate Request,401,Unauthorized,Candidate Creation Thread Group 1-355,text,false,,261,494,1000,1000,http://localhost:8080/web/index.php/api/v2/recruitment/candidates,47604,0,0
1768483567178,47704,Create Candidate Request,401,Unauthorized,Candidate Creation Thread Group 1-402,text,false,,261,494,1000,1000,http://localhost:8080/web/index.php/api/v2/recruitment/candidates,47703,0,0
1768483565283,49688,Create Candidate Request,401,Unauthorized,Candidate Creation Thread Group 1-380,text,false,,261,491,1000,1000,http://localhost:8080/web/index.php/api/v2/recruitment/candidates,49688,0,1
1768483567376,47600,Create Candidate Request,401,Unauthorized,Candidate Creation Thread Group 1-509,text,false,,261,494,1000,1000,http://localhost:8080/web/index.php/api/v2/recruitment/candidates,47600,0,1
1768483567475,47510,Create Candidate Request,401,Unauthorized,Candidate Creation Thread Group 1-510,text,false,,261,494,1000,1000,http://localhost:8080/web/index.php/api/v2/recruitment/candidates,47509,0,0
1768483580982,34094,Create Candidate Request,401,Unauthorized,Candidate Creation Thread Group 1-593,text,false,,261,491,1000,1000,http://localhost:8080/web/index.php/api/v2/recruitment/candidates,34093,0,0
1768483567975,47110,Create Candidate Request,401,Unauthorized,Candidate Creation Thread Group 1-516,text,false,,261,494,1000,1000,http://localhost:8080/web/index.php/api/v2/recruitment/candidates,47109,0,1
1768483565770,49404,Create Candidate Request,401,Unauthorized,Candidate Creation Thread Group 1-412,text,false,,261,494,1000,1000,http://localhost:8080/web/index.php/api/v2/recruitment/candidates,49403,0,0
1768483565576,49605,Create Candidate Request,401,Unauthorized,Candidate Creation Thread Group 1-408,text,false,,261,494,1000,1000,http://localhost:8080/web/index.php/api/v2/recruitment/candidates,49605,0,0
1768483567870,47402,Create Candidate Request,401,Unauthorized,Candidate Creation Thread Group 1-514,text,false,,261,494,1000,1000,http://localhost:8080/web/index.php/api/v2/recruitment/candidates,47402,0,1
1768483568103,47180,Create Candidate Request,401,Unauthorized,Candidate Creation Thread Group 1-430,text,false,,261,494,1000,1000,http://localhost:8080/web/index.php/api/v2/recruitment/candidates,47179,0,0
1768483568171,47205,Create Candidate Request,401,Unauthorized,Candidate Creation Thread Group 1-401,text,false,,261,494,1000,1000,http://localhost:8080/web/index.php/api/v2/recruitment/candidates,47204,0,0
1768483567173,48300,Create Candidate Request,401,Unauthorized,Candidate Creation Thread Group 1-428,text,false,,261,494,1000,1000,http://localhost:8080/web/index.php/api/v2/recruitment/candidates,48300,0,0
1768483561074,54405,Create Candidate Request,401,Unauthorized,Candidate Creation Thread Group 1-515,text,false,,261,491,1000,1000,http://localhost:8080/web/index.php/api/v2/recruitment/candidates,54404,0,0
1768483568285,47285,Create Candidate Request,401,Unauthorized,Candidate Creation Thread Group 1-508,text,false,,261,494,1000,1000,http://localhost:8080/web/index.php/api/v2/recruitment/candidates,47285,0,0
1768483568381,47202,Create Candidate Request,401,Unauthorized,Candidate Creation Thread Group 1-420,text,false,,261,494,1000,1000,http://localhost:8080/web/index.php/api/v2/recruitment/candidates,47195,0,1
1768483568480,47106,Create Candidate Request,401,Unauthorized,Candidate Creation Thread Group 1-521,text,false,,261,494,1000,1000,http://localhost:8080/web/index.php/api/v2/recruitment/candidates,47103,0,1
1768483563279,52396,Create Candidate Request,401,Unauthorized,Candidate Creation Thread Group 1-480,text,false,,261,494,1000,1000,http://localhost:8080/web/index.php/api/v2/recruitment/candidates,52395,0,1
1768483568581,47099,Create Candidate Request,401,Unauthorized,Candidate Creation Thread Group 1-523,text,false,,261,494,1000,1000,http://localhost:8080/web/index.php/api/v2/recruitment/candidates,47099,0,1
1768483568782,46905,Create Candidate Request,401,Unauthorized,Candidate Creation Thread Group 1-522,text,false,,261,494,1000,1000,http://localhost:8080/web/index.php/api/v2/recruitment/candidates,46904,0,1
1768483563779,51994,Create Candidate Request,401,Unauthorized,Candidate Creation Thread Group 1-575,text,false,,261,494,1000,1000,http://localhost:8080/web/index.php/api/v2/recruitment/candidates,51993,0,1
1768483563880,51898,Create Candidate Request,401,Unauthorized,Candidate Creation Thread Group 1-374,text,false,,261,494,1000,1000,http://localhost:8080/web/index.php/api/v2/recruitment/candidates,51898,0,1
1768483569003,46780,Create Candidate Request,401,Unauthorized,Candidate Creation Thread Group 1-389,text,false,,261,491,1000,1000,http://localhost:8080/web/index.php/api/v2/recruitment/candidates,46780,0,0
1768483569072,46806,Create Candidate Request,401,Unauthorized,Candidate Creation Thread Group 1-678,text,false,,261,491,1000,1000,http://localhost:8080/web/index.php/api/v2/recruitment/candidates,46801,0,1
1768483569081,46888,Create Candidate Request,401,Unauthorized,Candidate Creation Thread Group 1-728,text,false,,261,491,1000,1000,http://localhost:8080/web/index.php/api/v2/recruitment/candidates,46801,0,0
1768483569085,46897,Create Candidate Request,401,Unauthorized,Candidate Creation Thread Group 1-429,text,false,,261,491,1000,1000,http://localhost:8080/web/index.php/api/v2/recruitment/candidates,46897,0,0
1768483569174,46901,Create Candidate Request,401,Unauthorized,Candidate Creation Thread Group 1-527,text,false,,261,491,1000,1000,http://localhost:8080/web/index.php/api/v2/recruitment/candidates,46900,0,0
1768483569180,46902,Create Candidate Request,401,Unauthorized,Candidate Creation Thread Group 1-526,text,false,,261,491,1000,1000,http://localhost:8080/web/index.php/api/v2/recruitment/candidates,46901,0,0
1768483569278,46809,Create Candidate Request,401,Unauthorized,Candidate Creation Thread Group 1-529,text,false,,261,494,1000,1000,http://localhost:8080/web/index.php/api/v2/recruitment/candidates,46808,0,0
1768483569377,46716,Create Candidate Request,401,Unauthorized,Candidate Creation Thread Group 1-531,text,false,,261,494,1000,1000,http://localhost:8080/web/index.php/api/v2/recruitment/candidates,46716,0,1
1768483569470,46705,Create Candidate Request,401,Unauthorized,Candidate Creation Thread Group 1-532,text,false,,261,494,1000,1000,http://localhost:8080/web/index.php/api/v2/recruitment/candidates,46704,0,1
1768483569482,46698,Create Candidate Request,401,Unauthorized,Candidate Creation Thread Group 1-533,text,false,,261,494,1000,1000,http://localhost:8080/web/index.php/api/v2/recruitment/candidates,46698,0,2
1768483569579,46607,Create Candidate Request,401,Unauthorized,Candidate Creation Thread Group 1-535,text,false,,261,494,1000,1000,http://localhost:8080/web/index.php/api/v2/recruitment/candidates,46606,0,1
1768483569883,46390,Create Candidate Request,401,Unauthorized,Candidate Creation Thread Group 1-576,text,false,,261,494,1000,1000,http://localhost:8080/web/index.php/api/v2/recruitment/candidates,46390,0,0
1768483470275,146003,Create Candidate Request,401,Unauthorized,Candidate Creation Thread Group 1-785,text,false,,261,494,1000,1000,http://localhost:8080/web/index.php/api/v2/recruitment/candidates,146003,0,0
1768483558870,57502,Create Candidate Request,401,Unauthorized,Candidate Creation Thread Group 1-456,text,false,,261,494,1000,1000,http://localhost:8080/web/index.php/api/v2/recruitment/candidates,57500,0,1
1768483568178,48200,Create Candidate Request,401,Unauthorized,Candidate Creation Thread Group 1-519,text,false,,261,494,1000,1000,http://localhost:8080/web/index.php/api/v2/recruitment/candidates,48199,0,1
1768483570180,46205,Create Candidate Request,401,Unauthorized,Candidate Creation Thread Group 1-536,text,false,,261,494,1000,1000,http://localhost:8080/web/index.php/api/v2/recruitment/candidates,46205,0,0
1768483583382,33092,Create Candidate Request,401,Unauthorized,Candidate Creation Thread Group 1-845,text,false,,261,494,1000,1000,http://localhost:8080/web/index.php/api/v2/recruitment/candidates,33091,0,0
1768483570275,46203,Create Candidate Request,401,Unauthorized,Candidate Creation Thread Group 1-541,text,false,,261,494,1000,1000,http://localhost:8080/web/index.php/api/v2/recruitment/candidates,46202,0,1
1768483570285,46199,Create Candidate Request,401,Unauthorized,Candidate Creation Thread Group 1-544,text,false,,261,494,1000,1000,http://localhost:8080/web/index.php/api/v2/recruitment/candidates,46199,0,0
1768483570572,46003,Create Candidate Request,401,Unauthorized,Candidate Creation Thread Group 1-99,text,false,,261,494,1000,1000,http://localhost:8080/web/index.php/api/v2/recruitment/candidates,46003,0,1
1768483569003,47594,Create Candidate Request,401,Unauthorized,Candidate Creation Thread Group 1-525,text,false,,261,491,1000,1000,http://localhost:8080/web/index.php/api/v2/recruitment/candidates,47593,0,0
1768483568682,47991,Create Candidate Request,401,Unauthorized,Candidate Creation Thread Group 1-249,text,false,,261,494,1000,1000,http://localhost:8080/web/index.php/api/v2/recruitment/candidates,47990,0,1
1768483570773,45903,Create Candidate Request,401,Unauthorized,Candidate Creation Thread Group 1-144,text,false,,261,494,1000,1000,http://localhost:8080/web/index.php/api/v2/recruitment/candidates,45903,0,3
1768483583882,32802,Create Candidate Request,401,Unauthorized,Candidate Creation Thread Group 1-51,text,false,,261,494,1000,1000,http://localhost:8080/web/index.php/api/v2/recruitment/candidates,32802,0,1
1768483570881,45894,Create Candidate Request,401,Unauthorized,Candidate Creation Thread Group 1-48,text,false,,261,494,1000,1000,http://localhost:8080/web/index.php/api/v2/recruitment/candidates,45893,0,1
1768483570984,45795,Create Candidate Request,401,Unauthorized,Candidate Creation Thread Group 1-605,text,false,,261,494,1000,1000,http://localhost:8080/web/index.php/api/v2/recruitment/candidates,45795,0,1
1768483571274,45597,Create Candidate Request,401,Unauthorized,Candidate Creation Thread Group 1-611,text,false,,261,494,1000,1000,http://localhost:8080/web/index.php/api/v2/recruitment/candidates,45596,0,0
1768483571171,45705,Create Candidate Request,401,Unauthorized,Candidate Creation Thread Group 1-607,text,false,,261,494,1000,1000,http://localhost:8080/web/index.php/api/v2/recruitment/candidates,45704,0,1
1768483571176,45705,Create Candidate Request,401,Unauthorized,Candidate Creation Thread Group 1-608,text,false,,261,494,1000,1000,http://localhost:8080/web/index.php/api/v2/recruitment/candidates,45705,0,0
1768483571376,45511,Create Candidate Request,401,Unauthorized,Candidate Creation Thread Group 1-123,text,false,,261,494,1000,1000,http://localhost:8080/web/index.php/api/v2/recruitment/candidates,45510,0,1
1768483567574,49410,Create Candidate Request,401,Unauthorized,Candidate Creation Thread Group 1-511,text,false,,261,494,1000,1000,http://localhost:8080/web/index.php/api/v2/recruitment/candidates,49410,0,1
1768483571673,45399,Create Candidate Request,401,Unauthorized,Candidate Creation Thread Group 1-569,text,false,,261,494,1000,1000,http://localhost:8080/web/index.php/api/v2/recruitment/candidates,45398,0,0
1768483570671,46406,Create Candidate Request,401,Unauthorized,Candidate Creation Thread Group 1-285,text,false,,261,494,1000,1000,http://localhost:8080/web/index.php/api/v2/recruitment/candidates,46405,0,1
1768483571681,45404,Create Candidate Request,401,Unauthorized,Candidate Creation Thread Group 1-617,text,false,,261,494,1000,1000,http://localhost:8080/web/index.php/api/v2/recruitment/candidates,45403,0,1
1768483571883,45296,Create Candidate Request,401,Unauthorized,Candidate Creation Thread Group 1-175,text,false,,261,494,1000,1000,http://localhost:8080/web/index.php/api/v2/recruitment/candidates,45294,0,0
1768483569981,47294,Create Candidate Request,401,Unauthorized,Candidate Creation Thread Group 1-534,text,false,,261,494,1000,1000,http://localhost:8080/web/index.php/api/v2/recruitment/candidates,47292,0,0
1768483573977,43299,Create Candidate Request,401,Unauthorized,Candidate Creation Thread Group 1-636,text,false,,261,494,1000,1000,http://localhost:8080/web/index.php/api/v2/recruitment/candidates,43299,0,0
1768483572075,45209,Create Candidate Request,401,Unauthorized,Candidate Creation Thread Group 1-116,text,false,,261,494,1000,1000,http://localhost:8080/web/index.php/api/v2/recruitment/candidates,45208,0,1
1768483574173,43212,Create Candidate Request,401,Unauthorized,Candidate Creation Thread Group 1-643,text,false,,261,494,1000,1000,http://localhost:8080/web/index.php/api/v2/recruitment/candidates,43210,0,0
1768483574169,43311,Create Candidate Request,401,Unauthorized,Candidate Creation Thread Group 1-638,text,false,,261,494,1000,1000,http://localhost:8080/web/index.php/api/v2/recruitment/candidates,43311,0,1
1768483574177,43404,Create Candidate Request,401,Unauthorized,Candidate Creation Thread Group 1-635,text,false,,261,494,1000,1000,http://localhost:8080/web/index.php/api/v2/recruitment/candidates,43401,0,0
1768483574270,43403,Create Candidate Request,401,Unauthorized,Candidate Creation Thread Group 1-654,text,false,,261,494,1000,1000,http://localhost:8080/web/index.php/api/v2/recruitment/candidates,43403,0,0
1768483574284,43392,Create Candidate Request,401,Unauthorized,Candidate Creation Thread Group 1-591,text,false,,261,494,1000,1000,http://localhost:8080/web/index.php/api/v2/recruitment/candidates,43392,0,0
1768483573080,44601,Create Candidate Request,401,Unauthorized,Candidate Creation Thread Group 1-624,text,false,,261,491,1000,1000,http://localhost:8080/web/index.php/api/v2/recruitment/candidates,44601,0,2
1768483584582,33287,Create Candidate Request,401,Unauthorized,Candidate Creation Thread Group 1-160,text,false,,261,494,1000,1000,http://localhost:8080/web/index.php/api/v2/recruitment/candidates,33227,0,0
1768483585675,32201,Create Candidate Request,401,Unauthorized,Candidate Creation Thread Group 1-159,text,false,,261,494,1000,1000,http://localhost:8080/web/index.php/api/v2/recruitment/candidates,32201,0,1
1768483574377,43502,Create Candidate Request,401,Unauthorized,Candidate Creation Thread Group 1-642,text,false,,261,494,1000,1000,http://localhost:8080/web/index.php/api/v2/recruitment/candidates,43502,0,0
1768483574469,43500,Create Candidate Request,401,Unauthorized,Candidate Creation Thread Group 1-644,text,false,,261,494,1000,1000,http://localhost:8080/web/index.php/api/v2/recruitment/candidates,43499,0,1
1768483574578,43395,Create Candidate Request,401,Unauthorized,Candidate Creation Thread Group 1-645,text,false,,261,494,1000,1000,http://localhost:8080/web/index.php/api/v2/recruitment/candidates,43395,0,0
1768483576684,41296,Create Candidate Request,401,Unauthorized,Candidate Creation Thread Group 1-658,text,false,,261,494,1000,1000,http://localhost:8080/web/index.php/api/v2/recruitment/candidates,41296,0,1
1768483484471,133602,Create Candidate Request,Non HTTP response code: java.net.SocketException,Non HTTP response message: Connection reset,Candidate Creation Thread Group 1-32,text,false,,2437,0,1000,1000,http://localhost:8080/web/index.php/api/v2/recruitment/candidates,0,0,1
1768483484573,133500,Create Candidate Request,Non HTTP response code: java.net.SocketException,Non HTTP response message: Connection reset,Candidate Creation Thread Group 1-60,text,false,,2437,0,1000,1000,http://localhost:8080/web/index.php/api/v2/recruitment/candidates,0,0,0
1768483508081,109992,Create Candidate Request,Non HTTP response code: org.apache.http.NoHttpResponseException,Non HTTP response message: localhost:8080 failed to respond,Candidate Creation Thread Group 1-499,text,false,,2057,0,1000,1000,http://localhost:8080/web/index.php/api/v2/recruitment/candidates,0,0,1
1768483572583,45491,Create Candidate Request,401,Unauthorized,Candidate Creation Thread Group 1-618,text,false,,261,494,1000,1000,http://localhost:8080/web/index.php/api/v2/recruitment/candidates,45490,0,1
1768483574681,43489,Create Candidate Request,401,Unauthorized,Candidate Creation Thread Group 1-646,text,false,,261,494,1000,1000,http://localhost:8080/web/index.php/api/v2/recruitment/candidates,43488,0,0
1768483574773,43400,Create Candidate Request,401,Unauthorized,Candidate Creation Thread Group 1-39,text,false,,261,494,1000,1000,http://localhost:8080/web/index.php/api/v2/recruitment/candidates,43400,0,0
1768483574785,43392,Create Candidate Request,401,Unauthorized,Candidate Creation Thread Group 1-647,text,false,,261,494,1000,1000,http://localhost:8080/web/index.php/api/v2/recruitment/candidates,43392,0,1
1768483574972,43300,Create Candidate Request,401,Unauthorized,Candidate Creation Thread Group 1-650,text,false,,261,494,1000,1000,http://localhost:8080/web/index.php/api/v2/recruitment/candidates,43299,0,1
1768483575070,43300,Create Candidate Request,401,Unauthorized,Candidate Creation Thread Group 1-86,text,false,,261,494,1000,1000,http://localhost:8080/web/index.php/api/v2/recruitment/candidates,43300,0,1
1768483575281,43096,Create Candidate Request,401,Unauthorized,Candidate Creation Thread Group 1-640,text,false,,261,494,1000,1000,http://localhost:8080/web/index.php/api/v2/recruitment/candidates,43096,0,0
1768483574275,44197,Create Candidate Request,401,Unauthorized,Candidate Creation Thread Group 1-641,text,false,,261,494,1000,1000,http://localhost:8080/web/index.php/api/v2/recruitment/candidates,44197,0,0
1768483585772,32706,Create Candidate Request,401,Unauthorized,Candidate Creation Thread Group 1-157,text,false,,261,494,1000,1000,http://localhost:8080/web/index.php/api/v2/recruitment/candidates,32705,0,1
1768483575380,43101,Create Candidate Request,401,Unauthorized,Candidate Creation Thread Group 1-139,text,false,,261,494,1000,1000,http://localhost:8080/web/index.php/api/v2/recruitment/candidates,43101,0,1
1768483585784,32786,Create Candidate Request,401,Unauthorized,Candidate Creation Thread Group 1-141,text,false,,261,494,1000,1000,http://localhost:8080/web/index.php/api/v2/recruitment/candidates,32786,0,0
1768483575481,43094,Create Candidate Request,401,Unauthorized,Candidate Creation Thread Group 1-152,text,false,,261,494,1000,1000,http://localhost:8080/web/index.php/api/v2/recruitment/candidates,43094,0,1
1768483568282,50303,Create Candidate Request,401,Unauthorized,Candidate Creation Thread Group 1-726,text,false,,261,494,1000,1000,http://localhost:8080/web/index.php/api/v2/recruitment/candidates,50303,0,0
1768483586776,31900,Create Candidate Request,401,Unauthorized,Candidate Creation Thread Group 1-132,text,false,,261,491,1000,1000,http://localhost:8080/web/index.php/api/v2/recruitment/candidates,31900,0,0
1768483568272,50413,Create Candidate Request,401,Unauthorized,Candidate Creation Thread Group 1-548,text,false,,261,494,1000,1000,http://localhost:8080/web/index.php/api/v2/recruitment/candidates,50412,0,2
1768483575683,43090,Create Candidate Request,401,Unauthorized,Candidate Creation Thread Group 1-696,text,false,,261,494,1000,1000,http://localhost:8080/web/index.php/api/v2/recruitment/candidates,43090,0,0
1768483575583,43196,Create Candidate Request,401,Unauthorized,Candidate Creation Thread Group 1-44,text,false,,261,494,1000,1000,http://localhost:8080/web/index.php/api/v2/recruitment/candidates,43196,0,1
1768483576075,42800,Create Candidate Request,401,Unauthorized,Candidate Creation Thread Group 1-649,text,false,,261,494,1000,1000,http://localhost:8080/web/index.php/api/v2/recruitment/candidates,42799,0,1
1768483574069,44811,Create Candidate Request,401,Unauthorized,Candidate Creation Thread Group 1-134,text,false,,261,494,1000,1000,http://localhost:8080/web/index.php/api/v2/recruitment/candidates,44811,0,0
1768483576280,42691,Create Candidate Request,401,Unauthorized,Candidate Creation Thread Group 1-652,text,false,,261,494,1000,1000,http://localhost:8080/web/index.php/api/v2/recruitment/candidates,42691,0,0
1768483576274,42702,Create Candidate Request,401,Unauthorized,Candidate Creation Thread Group 1-656,text,false,,261,494,1000,1000,http://localhost:8080/web/index.php/api/v2/recruitment/candidates,42702,0,1
1768483576379,42602,Create Candidate Request,401,Unauthorized,Candidate Creation Thread Group 1-597,text,false,,261,494,1000,1000,http://localhost:8080/web/index.php/api/v2/recruitment/candidates,42602,0,1
1768483576583,42489,Create Candidate Request,401,Unauthorized,Candidate Creation Thread Group 1-659,text,false,,261,494,1000,1000,http://localhost:8080/web/index.php/api/v2/recruitment/candidates,42488,0,1
1768483576483,42599,Create Candidate Request,401,Unauthorized,Candidate Creation Thread Group 1-657,text,false,,261,494,1000,1000,http://localhost:8080/web/index.php/api/v2/recruitment/candidates,42598,0,1
1768483571482,47690,Create Candidate Request,401,Unauthorized,Candidate Creation Thread Group 1-616,text,false,,261,494,1000,1000,http://localhost:8080/web/index.php/api/v2/recruitment/candidates,47690,0,0
1768483576676,42501,Create Candidate Request,401,Unauthorized,Candidate Creation Thread Group 1-660,text,false,,261,494,1000,1000,http://localhost:8080/web/index.php/api/v2/recruitment/candidates,42500,0,0
1768483576884,42387,Create Candidate Request,401,Unauthorized,Candidate Creation Thread Group 1-581,text,false,,261,494,1000,1000,http://localhost:8080/web/index.php/api/v2/recruitment/candidates,42386,0,0
1768483576874,42402,Create Candidate Request,401,Unauthorized,Candidate Creation Thread Group 1-57,text,false,,261,494,1000,1000,http://localhost:8080/web/index.php/api/v2/recruitment/candidates,42401,0,1
1768483575974,43306,Create Candidate Request,401,Unauthorized,Candidate Creation Thread Group 1-634,text,false,,261,494,1000,1000,http://localhost:8080/web/index.php/api/v2/recruitment/candidates,43306,0,0
1768483575203,44165,Create Candidate Request,401,Unauthorized,Candidate Creation Thread Group 1-164,text,false,,261,494,1000,1000,http://localhost:8080/web/index.php/api/v2/recruitment/candidates,44084,0,0
1768483577178,42196,Create Candidate Request,401,Unauthorized,Candidate Creation Thread Group 1-731,text,false,,261,494,1000,1000,http://localhost:8080/web/index.php/api/v2/recruitment/candidates,42195,0,1
1768483578469,40911,Create Candidate Request,401,Unauthorized,Candidate Creation Thread Group 1-556,text,false,,261,494,1000,1000,http://localhost:8080/web/index.php/api/v2/recruitment/candidates,40910,0,12
1768483577275,42196,Create Candidate Request,401,Unauthorized,Candidate Creation Thread Group 1-949,text,false,,261,494,1000,1000,http://localhost:8080/web/index.php/api/v2/recruitment/candidates,42196,0,1
1768483588570,30909,Create Candidate Request,401,Unauthorized,Candidate Creation Thread Group 1-154,text,false,,261,494,1000,1000,http://localhost:8080/web/index.php/api/v2/recruitment/candidates,30908,0,0
1768483577285,42288,Create Candidate Request,401,Unauthorized,Candidate Creation Thread Group 1-943,text,false,,261,494,1000,1000,http://localhost:8080/web/index.php/api/v2/recruitment/candidates,42288,0,1
1768483577386,42193,Create Candidate Request,401,Unauthorized,Candidate Creation Thread Group 1-612,text,false,,261,494,1000,1000,http://localhost:8080/web/index.php/api/v2/recruitment/candidates,42193,0,0
1768483577473,42114,Create Candidate Request,401,Unauthorized,Candidate Creation Thread Group 1-687,text,false,,261,494,1000,1000,http://localhost:8080/web/index.php/api/v2/recruitment/candidates,42114,0,1
1768483577572,42100,Create Candidate Request,401,Unauthorized,Candidate Creation Thread Group 1-41,text,false,,261,494,1000,1000,http://localhost:8080/web/index.php/api/v2/recruitment/candidates,42099,0,2
1768483577671,42005,Create Candidate Request,401,Unauthorized,Candidate Creation Thread Group 1-37,text,false,,261,494,1000,1000,http://localhost:8080/web/index.php/api/v2/recruitment/candidates,42005,0,0
1768483577691,42080,Create Candidate Request,401,Unauthorized,Candidate Creation Thread Group 1-662,text,false,,261,491,1000,1000,http://localhost:8080/web/index.php/api/v2/recruitment/candidates,42079,0,0
1768483578483,41293,Create Candidate Request,401,Unauthorized,Candidate Creation Thread Group 1-158,text,false,,261,494,1000,1000,http://localhost:8080/web/index.php/api/v2/recruitment/candidates,41293,0,0
1768483577879,41902,Create Candidate Request,401,Unauthorized,Candidate Creation Thread Group 1-414,text,false,,261,491,1000,1000,http://localhost:8080/web/index.php/api/v2/recruitment/candidates,41901,0,1
1768483577777,42007,Create Candidate Request,401,Unauthorized,Candidate Creation Thread Group 1-702,text,false,,261,491,1000,1000,http://localhost:8080/web/index.php/api/v2/recruitment/candidates,42007,0,1
1768483578084,41886,Create Candidate Request,401,Unauthorized,Candidate Creation Thread Group 1-546,text,false,,261,491,1000,1000,http://localhost:8080/web/index.php/api/v2/recruitment/candidates,41885,0,1
1768483578179,41797,Create Candidate Request,401,Unauthorized,Candidate Creation Thread Group 1-550,text,false,,261,491,1000,1000,http://localhost:8080/web/index.php/api/v2/recruitment/candidates,41797,0,0
1768483577146,42837,Create Candidate Request,401,Unauthorized,Candidate Creation Thread Group 1-677,text,false,,261,494,1000,1000,http://localhost:8080/web/index.php/api/v2/recruitment/candidates,42837,0,0
1768483577133,42944,Create Candidate Request,401,Unauthorized,Candidate Creation Thread Group 1-679,text,false,,261,494,1000,1000,http://localhost:8080/web/index.php/api/v2/recruitment/candidates,42944,0,0
1768483578288,41794,Create Candidate Request,401,Unauthorized,Candidate Creation Thread Group 1-553,text,false,,261,491,1000,1000,http://localhost:8080/web/index.php/api/v2/recruitment/candidates,41793,0,1
1768483578671,41501,Create Candidate Request,401,Unauthorized,Candidate Creation Thread Group 1-560,text,false,,261,494,1000,1000,http://localhost:8080/web/index.php/api/v2/recruitment/candidates,41501,0,0
1768483578777,41400,Create Candidate Request,401,Unauthorized,Candidate Creation Thread Group 1-520,text,false,,261,494,1000,1000,http://localhost:8080/web/index.php/api/v2/recruitment/candidates,41400,0,0
1768483578782,41402,Create Candidate Request,401,Unauthorized,Candidate Creation Thread Group 1-255,text,false,,261,494,1000,1000,http://localhost:8080/web/index.php/api/v2/recruitment/candidates,41401,0,0
1768483578875,41396,Create Candidate Request,401,Unauthorized,Candidate Creation Thread Group 1-562,text,false,,261,494,1000,1000,http://localhost:8080/web/index.php/api/v2/recruitment/candidates,41396,0,1
1768483578879,41397,Create Candidate Request,401,Unauthorized,Candidate Creation Thread Group 1-622,text,false,,261,494,1000,1000,http://localhost:8080/web/index.php/api/v2/recruitment/candidates,41397,0,0
1768483578884,41396,Create Candidate Request,401,Unauthorized,Candidate Creation Thread Group 1-563,text,false,,261,494,1000,1000,http://localhost:8080/web/index.php/api/v2/recruitment/candidates,41395,0,0
1768483575203,45166,Create Candidate Request,401,Unauthorized,Candidate Creation Thread Group 1-84,text,false,,261,494,1000,1000,http://localhost:8080/web/index.php/api/v2/recruitment/candidates,45165,0,0
1768483575203,45182,Create Candidate Request,401,Unauthorized,Candidate Creation Thread Group 1-1,text,false,,261,494,1000,1000,http://localhost:8080/web/index.php/api/v2/recruitment/candidates,45182,0,0
1768483579077,41396,Create Candidate Request,401,Unauthorized,Candidate Creation Thread Group 1-567,text,false,,261,494,1000,1000,http://localhost:8080/web/index.php/api/v2/recruitment/candidates,41396,0,0
1768483578982,41500,Create Candidate Request,401,Unauthorized,Candidate Creation Thread Group 1-524,text,false,,261,494,1000,1000,http://localhost:8080/web/index.php/api/v2/recruitment/candidates,41498,0,0
1768483579084,41487,Create Candidate Request,401,Unauthorized,Candidate Creation Thread Group 1-566,text,false,,261,494,1000,1000,http://localhost:8080/web/index.php/api/v2/recruitment/candidates,41487,0,0
1768483576270,44309,Create Candidate Request,401,Unauthorized,Candidate Creation Thread Group 1-96,text,false,,261,494,1000,1000,http://localhost:8080/web/index.php/api/v2/recruitment/candidates,44308,0,0
1768483579173,41501,Create Candidate Request,401,Unauthorized,Candidate Creation Thread Group 1-568,text,false,,261,494,1000,1000,http://localhost:8080/web/index.php/api/v2/recruitment/candidates,41500,0,0
1768483579273,41504,Create Candidate Request,401,Unauthorized,Candidate Creation Thread Group 1-115,text,false,,261,494,1000,1000,http://localhost:8080/web/index.php/api/v2/recruitment/candidates,41496,0,1
1768483579178,41604,Create Candidate Request,401,Unauthorized,Candidate Creation Thread Group 1-557,text,false,,261,494,1000,1000,http://localhost:8080/web/index.php/api/v2/recruitment/candidates,41602,0,1
1768483579284,41585,Create Candidate Request,401,Unauthorized,Candidate Creation Thread Group 1-572,text,false,,261,494,1000,1000,http://localhost:8080/web/index.php/api/v2/recruitment/candidates,41508,0,1
1768483590784,30091,Create Candidate Request,401,Unauthorized,Candidate Creation Thread Group 1-38,text,false,,261,494,1000,1000,http://localhost:8080/web/index.php/api/v2/recruitment/candidates,30091,0,0
1768483589883,30996,Create Candidate Request,401,Unauthorized,Candidate Creation Thread Group 1-47,text,false,,261,494,1000,1000,http://localhost:8080/web/index.php/api/v2/recruitment/candidates,30995,0,0
1768483589978,30904,Create Candidate Request,401,Unauthorized,Candidate Creation Thread Group 1-102,text,false,,261,494,1000,1000,http://localhost:8080/web/index.php/api/v2/recruitment/candidates,30904,0,1
1768483585389,35587,Create Candidate Request,401,Unauthorized,Candidate Creation Thread Group 1-172,text,false,,261,494,1000,1000,http://localhost:8080/web/index.php/api/v2/recruitment/candidates,35585,0,0
1768483585485,35495,Create Candidate Request,401,Unauthorized,Candidate Creation Thread Group 1-142,text,false,,261,494,1000,1000,http://localhost:8080/web/index.php/api/v2/recruitment/candidates,35494,0,0
1768483583176,37895,Create Candidate Request,401,Unauthorized,Candidate Creation Thread Group 1-107,text,false,,261,494,1000,1000,http://localhost:8080/web/index.php/api/v2/recruitment/candidates,37894,0,0
1768483583075,38002,Create Candidate Request,401,Unauthorized,Candidate Creation Thread Group 1-74,text,false,,261,494,1000,1000,http://localhost:8080/web/index.php/api/v2/recruitment/candidates,38001,0,1
1768483590281,30801,Create Candidate Request,401,Unauthorized,Candidate Creation Thread Group 1-15,text,false,,261,494,1000,1000,http://localhost:8080/web/index.php/api/v2/recruitment/candidates,30800,0,1
1768483586385,34787,Create Candidate Request,401,Unauthorized,Candidate Creation Thread Group 1-9,text,false,,261,494,1000,1000,http://localhost:8080/web/index.php/api/v2/recruitment/candidates,34786,0,0
1768483587573,33604,Create Candidate Request,401,Unauthorized,Candidate Creation Thread Group 1-484,text,false,,261,494,1000,1000,http://localhost:8080/web/index.php/api/v2/recruitment/candidates,33603,0,1
1768483590682,30501,Create Candidate Request,401,Unauthorized,Candidate Creation Thread Group 1-191,text,false,,261,494,1000,1000,http://localhost:8080/web/index.php/api/v2/recruitment/candidates,30500,0,0
1768483579378,41808,Create Candidate Request,401,Unauthorized,Candidate Creation Thread Group 1-543,text,false,,261,494,1000,1000,http://localhost:8080/web/index.php/api/v2/recruitment/candidates,41808,0,1
1768483579389,41885,Create Candidate Request,401,Unauthorized,Candidate Creation Thread Group 1-35,text,false,,261,494,1000,1000,http://localhost:8080/web/index.php/api/v2/recruitment/candidates,41885,0,0
1768483579472,41806,Create Candidate Request,401,Unauthorized,Candidate Creation Thread Group 1-570,text,false,,261,494,1000,1000,http://localhost:8080/web/index.php/api/v2/recruitment/candidates,41806,0,0
1768483579478,41805,Create Candidate Request,401,Unauthorized,Candidate Creation Thread Group 1-120,text,false,,261,494,1000,1000,http://localhost:8080/web/index.php/api/v2/recruitment/candidates,41804,0,0
1768483579576,41797,Create Candidate Request,401,Unauthorized,Candidate Creation Thread Group 1-588,text,false,,261,494,1000,1000,http://localhost:8080/web/index.php/api/v2/recruitment/candidates,41796,0,0
1768483579582,41797,Create Candidate Request,401,Unauthorized,Candidate Creation Thread Group 1-945,text,false,,261,494,1000,1000,http://localhost:8080/web/index.php/api/v2/recruitment/candidates,41796,0,1
1768483579669,41714,Create Candidate Request,401,Unauthorized,Candidate Creation Thread Group 1-580,text,false,,261,494,1000,1000,http://localhost:8080/web/index.php/api/v2/recruitment/candidates,41714,0,1
1768483579674,41802,Create Candidate Request,401,Unauthorized,Candidate Creation Thread Group 1-639,text,false,,261,494,1000,1000,http://localhost:8080/web/index.php/api/v2/recruitment/candidates,41801,0,0
1768483579678,41816,Create Candidate Request,401,Unauthorized,Candidate Creation Thread Group 1-559,text,false,,261,494,1000,1000,http://localhost:8080/web/index.php/api/v2/recruitment/candidates,41815,0,0
1768483579781,41792,Create Candidate Request,401,Unauthorized,Candidate Creation Thread Group 1-231,text,false,,261,494,1000,1000,http://localhost:8080/web/index.php/api/v2/recruitment/candidates,41791,0,0
1768483579682,41901,Create Candidate Request,401,Unauthorized,Candidate Creation Thread Group 1-287,text,false,,261,494,1000,1000,http://localhost:8080/web/index.php/api/v2/recruitment/candidates,41901,0,1
1768483579977,41711,Create Candidate Request,401,Unauthorized,Candidate Creation Thread Group 1-966,text,false,,261,494,1000,1000,http://localhost:8080/web/index.php/api/v2/recruitment/candidates,41710,0,1
1768483574570,47120,Create Candidate Request,401,Unauthorized,Candidate Creation Thread Group 1-69,text,false,,261,494,1000,1000,http://localhost:8080/web/index.php/api/v2/recruitment/candidates,47120,0,1
1768483579878,41813,Create Candidate Request,401,Unauthorized,Candidate Creation Thread Group 1-582,text,false,,261,494,1000,1000,http://localhost:8080/web/index.php/api/v2/recruitment/candidates,41813,0,0
1768483580174,41518,Create Candidate Request,401,Unauthorized,Candidate Creation Thread Group 1-233,text,false,,261,494,1000,1000,http://localhost:8080/web/index.php/api/v2/recruitment/candidates,41518,0,1
1768483580181,41518,Create Candidate Request,401,Unauthorized,Candidate Creation Thread Group 1-8,text,false,,261,494,1000,1000,http://localhost:8080/web/index.php/api/v2/recruitment/candidates,41517,0,0
1768483579483,42290,Create Candidate Request,401,Unauthorized,Candidate Creation Thread Group 1-573,text,false,,261,494,1000,1000,http://localhost:8080/web/index.php/api/v2/recruitment/candidates,42289,0,0
1768483580279,41504,Create Candidate Request,401,Unauthorized,Candidate Creation Thread Group 1-104,text,false,,261,494,1000,1000,http://localhost:8080/web/index.php/api/v2/recruitment/candidates,41501,0,0
1768483580570,41304,Create Candidate Request,401,Unauthorized,Candidate Creation Thread Group 1-540,text,false,,261,494,1000,1000,http://localhost:8080/web/index.php/api/v2/recruitment/candidates,41302,0,0
1768483580671,41208,Create Candidate Request,401,Unauthorized,Candidate Creation Thread Group 1-587,text,false,,261,494,1000,1000,http://localhost:8080/web/index.php/api/v2/recruitment/candidates,41207,0,1
1768483580679,41293,Create Candidate Request,401,Unauthorized,Candidate Creation Thread Group 1-586,text,false,,261,494,1000,1000,http://localhost:8080/web/index.php/api/v2/recruitment/candidates,41292,0,1
1768483591278,30702,Create Candidate Request,401,Unauthorized,Candidate Creation Thread Group 1-174,text,false,,261,494,1000,1000,http://localhost:8080/web/index.php/api/v2/recruitment/candidates,30701,0,0
1768483580793,41277,Create Candidate Request,401,Unauthorized,Candidate Creation Thread Group 1-590,text,false,,261,491,1000,1000,http://localhost:8080/web/index.php/api/v2/recruitment/candidates,41276,0,0
1768483577982,44094,Create Candidate Request,401,Unauthorized,Candidate Creation Thread Group 1-655,text,false,,261,491,1000,1000,http://localhost:8080/web/index.php/api/v2/recruitment/candidates,44093,0,0
1768483580880,41202,Create Candidate Request,401,Unauthorized,Candidate Creation Thread Group 1-405,text,false,,261,491,1000,1000,http://localhost:8080/web/index.php/api/v2/recruitment/candidates,41202,0,0
1768483581169,41003,Create Candidate Request,401,Unauthorized,Candidate Creation Thread Group 1-551,text,false,,261,491,1000,1000,http://localhost:8080/web/index.php/api/v2/recruitment/candidates,41002,0,1
1768483581179,40998,Create Candidate Request,401,Unauthorized,Candidate Creation Thread Group 1-594,text,false,,261,491,1000,1000,http://localhost:8080/web/index.php/api/v2/recruitment/candidates,40997,0,0
1768483581175,41010,Create Candidate Request,401,Unauthorized,Candidate Creation Thread Group 1-592,text,false,,261,491,1000,1000,http://localhost:8080/web/index.php/api/v2/recruitment/candidates,41008,0,0
1768483576996,45273,Create Candidate Request,401,Unauthorized,Candidate Creation Thread Group 1-62,text,false,,261,491,1000,1000,http://localhost:8080/web/index.php/api/v2/recruitment/candidates,45272,0,1
1768483581290,40984,Create Candidate Request,401,Unauthorized,Candidate Creation Thread Group 1-328,text,false,,261,491,1000,1000,http://localhost:8080/web/index.php/api/v2/recruitment/candidates,40983,0,1
1768483581378,40906,Create Candidate Request,401,Unauthorized,Candidate Creation Thread Group 1-596,text,false,,261,491,1000,1000,http://localhost:8080/web/index.php/api/v2/recruitment/candidates,40906,0,1
1768483581470,40906,Create Candidate Request,401,Unauthorized,Candidate Creation Thread Group 1-589,text,false,,261,491,1000,1000,http://localhost:8080/web/index.php/api/v2/recruitment/candidates,40905,0,1
1768483594771,27699,Create Candidate Request,401,Unauthorized,Candidate Creation Thread Group 1-366,text,false,,261,494,1000,1000,http://localhost:8080/web/index.php/api/v2/recruitment/candidates,27616,0,0
1768483581484,40988,Create Candidate Request,401,Unauthorized,Candidate Creation Thread Group 1-108,text,false,,261,491,1000,1000,http://localhost:8080/web/index.php/api/v2/recruitment/candidates,40988,0,0
1768483580582,41896,Create Candidate Request,401,Unauthorized,Candidate Creation Thread Group 1-565,text,false,,261,494,1000,1000,http://localhost:8080/web/index.php/api/v2/recruitment/candidates,41896,0,1
1768483581670,40813,Create Candidate Request,401,Unauthorized,Candidate Creation Thread Group 1-518,text,false,,261,491,1000,1000,http://localhost:8080/web/index.php/api/v2/recruitment/candidates,40813,0,1
1768483581791,40779,Create Candidate Request,401,Unauthorized,Candidate Creation Thread Group 1-564,text,false,,261,494,1000,1000,http://localhost:8080/web/index.php/api/v2/recruitment/candidates,40779,0,1
1768483578682,43893,Create Candidate Request,401,Unauthorized,Candidate Creation Thread Group 1-558,text,false,,261,494,1000,1000,http://localhost:8080/web/index.php/api/v2/recruitment/candidates,43893,0,0
1768483581779,40802,Create Candidate Request,401,Unauthorized,Candidate Creation Thread Group 1-613,text,false,,261,491,1000,1000,http://localhost:8080/web/index.php/api/v2/recruitment/candidates,40801,0,0
1768483581874,40796,Create Candidate Request,401,Unauthorized,Candidate Creation Thread Group 1-283,text,false,,261,494,1000,1000,http://localhost:8080/web/index.php/api/v2/recruitment/candidates,40796,0,1
1768483581887,40787,Create Candidate Request,401,Unauthorized,Candidate Creation Thread Group 1-169,text,false,,261,494,1000,1000,http://localhost:8080/web/index.php/api/v2/recruitment/candidates,40787,0,1
1768483581984,40696,Create Candidate Request,401,Unauthorized,Candidate Creation Thread Group 1-75,text,false,,261,494,1000,1000,http://localhost:8080/web/index.php/api/v2/recruitment/candidates,40696,0,1
1768483582178,40591,Create Candidate Request,401,Unauthorized,Candidate Creation Thread Group 1-604,text,false,,261,494,1000,1000,http://localhost:8080/web/index.php/api/v2/recruitment/candidates,40509,0,0
1768483591371,31403,Create Candidate Request,401,Unauthorized,Candidate Creation Thread Group 1-273,text,false,,261,494,1000,1000,http://localhost:8080/web/index.php/api/v2/recruitment/candidates,31403,0,0
1768483582081,40701,Create Candidate Request,401,Unauthorized,Candidate Creation Thread Group 1-601,text,false,,261,494,1000,1000,http://localhost:8080/web/index.php/api/v2/recruitment/candidates,40699,0,0
1768483582173,40702,Create Candidate Request,401,Unauthorized,Candidate Creation Thread Group 1-599,text,false,,261,494,1000,1000,http://localhost:8080/web/index.php/api/v2/recruitment/candidates,40702,0,1
1768483582272,40607,Create Candidate Request,401,Unauthorized,Candidate Creation Thread Group 1-603,text,false,,261,494,1000,1000,http://localhost:8080/web/index.php/api/v2/recruitment/candidates,40606,0,1
1768483582371,40601,Create Candidate Request,401,Unauthorized,Candidate Creation Thread Group 1-606,text,false,,261,494,1000,1000,http://localhost:8080/web/index.php/api/v2/recruitment/candidates,40600,0,1
1768483582473,40502,Create Candidate Request,401,Unauthorized,Candidate Creation Thread Group 1-130,text,false,,261,494,1000,1000,http://localhost:8080/web/index.php/api/v2/recruitment/candidates,40502,0,1
1768483582674,40400,Create Candidate Request,401,Unauthorized,Candidate Creation Thread Group 1-20,text,false,,261,494,1000,1000,http://localhost:8080/web/index.php/api/v2/recruitment/candidates,40399,0,6
1768483582578,40502,Create Candidate Request,401,Unauthorized,Candidate Creation Thread Group 1-34,text,false,,261,494,1000,1000,http://localhost:8080/web/index.php/api/v2/recruitment/candidates,40500,0,1
1768483571471,51701,Create Candidate Request,401,Unauthorized,Candidate Creation Thread Group 1-614,text,false,,261,494,1000,1000,http://localhost:8080/web/index.php/api/v2/recruitment/candidates,51701,0,2
1768483581290,41886,Create Candidate Request,401,Unauthorized,Candidate Creation Thread Group 1-595,text,false,,261,491,1000,1000,http://localhost:8080/web/index.php/api/v2/recruitment/candidates,41886,0,1
1768483582878,40393,Create Candidate Request,401,Unauthorized,Candidate Creation Thread Group 1-11,text,false,,261,494,1000,1000,http://localhost:8080/web/index.php/api/v2/recruitment/candidates,40393,0,0
1768483582978,40297,Create Candidate Request,401,Unauthorized,Candidate Creation Thread Group 1-50,text,false,,261,494,1000,1000,http://localhost:8080/web/index.php/api/v2/recruitment/candidates,40296,0,0
1768483583172,40110,Create Candidate Request,401,Unauthorized,Candidate Creation Thread Group 1-745,text,false,,261,494,1000,1000,http://localhost:8080/web/index.php/api/v2/recruitment/candidates,40108,0,0
1768483583476,39908,Create Candidate Request,401,Unauthorized,Candidate Creation Thread Group 1-58,text,false,,261,494,1000,1000,http://localhost:8080/web/index.php/api/v2/recruitment/candidates,39904,0,1
1768483580081,43305,Create Candidate Request,401,Unauthorized,Candidate Creation Thread Group 1-583,text,false,,261,494,1000,1000,http://localhost:8080/web/index.php/api/v2/recruitment/candidates,43291,0,1
1768483583578,39896,Create Candidate Request,401,Unauthorized,Candidate Creation Thread Group 1-166,text,false,,261,494,1000,1000,http://localhost:8080/web/index.php/api/v2/recruitment/candidates,39895,0,1
1768483583681,39799,Create Candidate Request,401,Unauthorized,Candidate Creation Thread Group 1-187,text,false,,261,494,1000,1000,http://localhost:8080/web/index.php/api/v2/recruitment/candidates,39798,0,0
1768483582683,40891,Create Candidate Request,401,Unauthorized,Candidate Creation Thread Group 1-153,text,false,,261,494,1000,1000,http://localhost:8080/web/index.php/api/v2/recruitment/candidates,40890,0,0
1768483583781,39804,Create Candidate Request,401,Unauthorized,Candidate Creation Thread Group 1-839,text,false,,261,494,1000,1000,http://localhost:8080/web/index.php/api/v2/recruitment/candidates,39803,0,2
1768483584080,39591,Create Candidate Request,401,Unauthorized,Candidate Creation Thread Group 1-19,text,false,,261,494,1000,1000,http://localhost:8080/web/index.php/api/v2/recruitment/candidates,39590,0,2
1768483583977,39698,Create Candidate Request,401,Unauthorized,Candidate Creation Thread Group 1-53,text,false,,261,494,1000,1000,http://localhost:8080/web/index.php/api/v2/recruitment/candidates,39698,0,1
1768483584181,39499,Create Candidate Request,401,Unauthorized,Candidate Creation Thread Group 1-149,text,false,,261,494,1000,1000,http://localhost:8080/web/index.php/api/v2/recruitment/candidates,39498,0,0
1768483584175,39511,Create Candidate Request,401,Unauthorized,Candidate Creation Thread Group 1-112,text,false,,261,494,1000,1000,http://localhost:8080/web/index.php/api/v2/recruitment/candidates,39510,0,0
1768483584283,39494,Create Candidate Request,401,Unauthorized,Candidate Creation Thread Group 1-180,text,false,,261,494,1000,1000,http://localhost:8080/web/index.php/api/v2/recruitment/candidates,39493,0,1
1768483584377,39405,Create Candidate Request,401,Unauthorized,Candidate Creation Thread Group 1-109,text,false,,261,494,1000,1000,http://localhost:8080/web/index.php/api/v2/recruitment/candidates,39405,0,1
1768483584474,39313,Create Candidate Request,401,Unauthorized,Candidate Creation Thread Group 1-12,text,false,,261,494,1000,1000,http://localhost:8080/web/index.php/api/v2/recruitment/candidates,39312,0,1
1768483584571,39219,Create Candidate Request,401,Unauthorized,Candidate Creation Thread Group 1-90,text,false,,261,494,1000,1000,http://localhost:8080/web/index.php/api/v2/recruitment/candidates,39219,0,0
1768483584675,39201,Create Candidate Request,401,Unauthorized,Candidate Creation Thread Group 1-118,text,false,,261,494,1000,1000,http://localhost:8080/web/index.php/api/v2/recruitment/candidates,39199,0,1
1768483577082,46799,Create Candidate Request,401,Unauthorized,Candidate Creation Thread Group 1-64,text,false,,261,491,1000,1000,http://localhost:8080/web/index.php/api/v2/recruitment/candidates,46799,0,0
1768483584883,39093,Create Candidate Request,401,Unauthorized,Candidate Creation Thread Group 1-36,text,false,,261,494,1000,1000,http://localhost:8080/web/index.php/api/v2/recruitment/candidates,39091,0,1
1768483584770,39210,Create Candidate Request,401,Unauthorized,Candidate Creation Thread Group 1-145,text,false,,261,494,1000,1000,http://localhost:8080/web/index.php/api/v2/recruitment/candidates,39209,0,1
1768483597775,26295,Create Candidate Request,401,Unauthorized,Candidate Creation Thread Group 1-170,text,false,,261,494,1000,1000,http://localhost:8080/web/index.php/api/v2/recruitment/candidates,26295,0,0
1768483570384,53692,Create Candidate Request,401,Unauthorized,Candidate Creation Thread Group 1-542,text,false,,261,494,1000,1000,http://localhost:8080/web/index.php/api/v2/recruitment/candidates,53692,0,1
1768483580383,43785,Create Candidate Request,401,Unauthorized,Candidate Creation Thread Group 1-623,text,false,,261,494,1000,1000,http://localhost:8080/web/index.php/api/v2/recruitment/candidates,43703,0,0
1768483585281,38895,Create Candidate Request,401,Unauthorized,Candidate Creation Thread Group 1-45,text,false,,261,491,1000,1000,http://localhost:8080/web/index.php/api/v2/recruitment/candidates,38894,0,0
1768483585186,38996,Create Candidate Request,401,Unauthorized,Candidate Creation Thread Group 1-889,text,false,,261,491,1000,1000,http://localhost:8080/web/index.php/api/v2/recruitment/candidates,38994,0,0
1768483585585,38690,Create Candidate Request,401,Unauthorized,Candidate Creation Thread Group 1-46,text,false,,261,494,1000,1000,http://localhost:8080/web/index.php/api/v2/recruitment/candidates,38689,0,1
1768483585883,38405,Create Candidate Request,401,Unauthorized,Candidate Creation Thread Group 1-68,text,false,,261,494,1000,1000,http://localhost:8080/web/index.php/api/v2/recruitment/candidates,38405,0,0
1768483598470,25903,Create Candidate Request,401,Unauthorized,Candidate Creation Thread Group 1-234,text,false,,261,494,1000,1000,http://localhost:8080/web/index.php/api/v2/recruitment/candidates,25903,0,1
1768483597789,26588,Create Candidate Request,401,Unauthorized,Candidate Creation Thread Group 1-257,text,false,,261,494,1000,1000,http://localhost:8080/web/index.php/api/v2/recruitment/candidates,26588,0,0
1768483597872,26601,Create Candidate Request,401,Unauthorized,Candidate Creation Thread Group 1-311,text,false,,261,494,1000,1000,http://localhost:8080/web/index.php/api/v2/recruitment/candidates,26600,0,0
1768483586072,38407,Create Candidate Request,401,Unauthorized,Candidate Creation Thread Group 1-29,text,false,,261,494,1000,1000,http://localhost:8080/web/index.php/api/v2/recruitment/candidates,38406,0,1
1768483586174,38397,Create Candidate Request,401,Unauthorized,Candidate Creation Thread Group 1-128,text,false,,261,494,1000,1000,http://localhost:8080/web/index.php/api/v2/recruitment/candidates,38397,0,0
1768483586177,38400,Create Candidate Request,401,Unauthorized,Candidate Creation Thread Group 1-126,text,false,,261,494,1000,1000,http://localhost:8080/web/index.php/api/v2/recruitment/candidates,38399,0,0
1768483586182,38405,Create Candidate Request,401,Unauthorized,Candidate Creation Thread Group 1-83,text,false,,261,494,1000,1000,http://localhost:8080/web/index.php/api/v2/recruitment/candidates,38404,0,0
1768483594677,29997,Create Candidate Request,401,Unauthorized,Candidate Creation Thread Group 1-176,text,false,,261,494,1000,1000,http://localhost:8080/web/index.php/api/v2/recruitment/candidates,29997,0,0
1768483585309,39371,Create Candidate Request,401,Unauthorized,Candidate Creation Thread Group 1-964,text,false,,261,494,1000,1000,http://localhost:8080/web/index.php/api/v2/recruitment/candidates,39370,0,0
1768483598475,26300,Create Candidate Request,401,Unauthorized,Candidate Creation Thread Group 1-150,text,false,,261,494,1000,1000,http://localhost:8080/web/index.php/api/v2/recruitment/candidates,26298,0,0
1768483581217,43563,Create Candidate Request,401,Unauthorized,Candidate Creation Thread Group 1-684,text,false,,261,494,1000,1000,http://localhost:8080/web/index.php/api/v2/recruitment/candidates,43563,0,0
1768483581212,43659,Create Candidate Request,401,Unauthorized,Candidate Creation Thread Group 1-882,text,false,,261,494,1000,1000,http://localhost:8080/web/index.php/api/v2/recruitment/candidates,43575,0,1
1768483581212,43663,Create Candidate Request,401,Unauthorized,Candidate Creation Thread Group 1-706,text,false,,261,494,1000,1000,http://localhost:8080/web/index.php/api/v2/recruitment/candidates,43662,0,0
1768483581217,43753,Create Candidate Request,401,Unauthorized,Candidate Creation Thread Group 1-708,text,false,,261,494,1000,1000,http://localhost:8080/web/index.php/api/v2/recruitment/candidates,43752,0,0
1768483586671,38305,Create Candidate Request,401,Unauthorized,Candidate Creation Thread Group 1-230,text,false,,261,494,1000,1000,http://localhost:8080/web/index.php/api/v2/recruitment/candidates,38305,0,0
1768483581213,43768,Create Candidate Request,401,Unauthorized,Candidate Creation Thread Group 1-697,text,false,,261,494,1000,1000,http://localhost:8080/web/index.php/api/v2/recruitment/candidates,43767,0,1
1768483581574,43500,Create Candidate Request,401,Unauthorized,Candidate Creation Thread Group 1-598,text,false,,261,491,1000,1000,http://localhost:8080/web/index.php/api/v2/recruitment/candidates,43499,0,0
1768483586873,38211,Create Candidate Request,401,Unauthorized,Candidate Creation Thread Group 1-71,text,false,,261,491,1000,1000,http://localhost:8080/web/index.php/api/v2/recruitment/candidates,38210,0,1
1768483586719,38455,Create Candidate Request,401,Unauthorized,Candidate Creation Thread Group 1-24,text,false,,261,491,1000,1000,http://localhost:8080/web/index.php/api/v2/recruitment/candidates,38455,0,1
1768483586789,38396,Create Candidate Request,401,Unauthorized,Candidate Creation Thread Group 1-27,text,false,,261,491,1000,1000,http://localhost:8080/web/index.php/api/v2/recruitment/candidates,38396,0,0
1768483586978,38293,Create Candidate Request,401,Unauthorized,Candidate Creation Thread Group 1-163,text,false,,261,491,1000,1000,http://localhost:8080/web/index.php/api/v2/recruitment/candidates,38293,0,1
1768483586882,38394,Create Candidate Request,401,Unauthorized,Candidate Creation Thread Group 1-135,text,false,,261,491,1000,1000,http://localhost:8080/web/index.php/api/v2/recruitment/candidates,38394,0,1
1768483587083,38200,Create Candidate Request,401,Unauthorized,Candidate Creation Thread Group 1-124,text,false,,261,491,1000,1000,http://localhost:8080/web/index.php/api/v2/recruitment/candidates,38199,0,1
1768483586276,39017,Create Candidate Request,401,Unauthorized,Candidate Creation Thread Group 1-26,text,false,,261,494,1000,1000,http://localhost:8080/web/index.php/api/v2/recruitment/candidates,39017,0,1
1768483587272,38102,Create Candidate Request,401,Unauthorized,Candidate Creation Thread Group 1-25,text,false,,261,491,1000,1000,http://localhost:8080/web/index.php/api/v2/recruitment/candidates,38101,0,1
1768483587385,37996,Create Candidate Request,401,Unauthorized,Candidate Creation Thread Group 1-186,text,false,,261,494,1000,1000,http://localhost:8080/web/index.php/api/v2/recruitment/candidates,37995,0,0
1768483586571,38912,Create Candidate Request,401,Unauthorized,Candidate Creation Thread Group 1-30,text,false,,261,494,1000,1000,http://localhost:8080/web/index.php/api/v2/recruitment/candidates,38912,0,5
1768483587372,38129,Create Candidate Request,401,Unauthorized,Candidate Creation Thread Group 1-161,text,false,,261,494,1000,1000,http://localhost:8080/web/index.php/api/v2/recruitment/candidates,38099,0,0
1768483587673,37899,Create Candidate Request,401,Unauthorized,Candidate Creation Thread Group 1-165,text,false,,261,494,1000,1000,http://localhost:8080/web/index.php/api/v2/recruitment/candidates,37898,0,0
1768483584782,40795,Create Candidate Request,401,Unauthorized,Candidate Creation Thread Group 1-17,text,false,,261,494,1000,1000,http://localhost:8080/web/index.php/api/v2/recruitment/candidates,40795,0,0
1768483587878,37793,Create Candidate Request,401,Unauthorized,Candidate Creation Thread Group 1-181,text,false,,261,494,1000,1000,http://localhost:8080/web/index.php/api/v2/recruitment/candidates,37709,0,0
1768483587981,37695,Create Candidate Request,401,Unauthorized,Candidate Creation Thread Group 1-267,text,false,,261,494,1000,1000,http://localhost:8080/web/index.php/api/v2/recruitment/candidates,37694,0,1
1768483588177,37594,Create Candidate Request,401,Unauthorized,Candidate Creation Thread Group 1-127,text,false,,261,494,1000,1000,http://localhost:8080/web/index.php/api/v2/recruitment/candidates,37594,0,1
1768483588170,37609,Create Candidate Request,401,Unauthorized,Candidate Creation Thread Group 1-3,text,false,,261,494,1000,1000,http://localhost:8080/web/index.php/api/v2/recruitment/candidates,37609,0,1
1768483588385,37399,Create Candidate Request,401,Unauthorized,Candidate Creation Thread Group 1-129,text,false,,261,494,1000,1000,http://localhost:8080/web/index.php/api/v2/recruitment/candidates,37398,0,0
1768483588281,37592,Create Candidate Request,401,Unauthorized,Candidate Creation Thread Group 1-14,text,false,,261,494,1000,1000,http://localhost:8080/web/index.php/api/v2/recruitment/candidates,37591,0,1
1768483588473,37407,Create Candidate Request,401,Unauthorized,Candidate Creation Thread Group 1-843,text,false,,261,494,1000,1000,http://localhost:8080/web/index.php/api/v2/recruitment/candidates,37406,0,0
1768483588477,37495,Create Candidate Request,401,Unauthorized,Candidate Creation Thread Group 1-306,text,false,,261,494,1000,1000,http://localhost:8080/web/index.php/api/v2/recruitment/candidates,37495,0,0
1768483588677,37301,Create Candidate Request,401,Unauthorized,Candidate Creation Thread Group 1-289,text,false,,261,494,1000,1000,http://localhost:8080/web/index.php/api/v2/recruitment/candidates,37300,0,1
1768483588585,37400,Create Candidate Request,401,Unauthorized,Candidate Creation Thread Group 1-167,text,false,,261,494,1000,1000,http://localhost:8080/web/index.php/api/v2/recruitment/candidates,37399,0,1
1768483588778,37296,Create Candidate Request,401,Unauthorized,Candidate Creation Thread Group 1-54,text,false,,261,494,1000,1000,http://localhost:8080/web/index.php/api/v2/recruitment/candidates,37295,0,1
1768483588873,37207,Create Candidate Request,401,Unauthorized,Candidate Creation Thread Group 1-110,text,false,,261,494,1000,1000,http://localhost:8080/web/index.php/api/v2/recruitment/candidates,37207,0,0
1768483588886,37286,Create Candidate Request,401,Unauthorized,Candidate Creation Thread Group 1-13,text,false,,261,494,1000,1000,http://localhost:8080/web/index.php/api/v2/recruitment/candidates,37286,0,0
1768483588976,37201,Create Candidate Request,401,Unauthorized,Candidate Creation Thread Group 1-148,text,false,,261,494,1000,1000,http://localhost:8080/web/index.php/api/v2/recruitment/candidates,37200,0,0
1768483589081,37100,Create Candidate Request,401,Unauthorized,Candidate Creation Thread Group 1-42,text,false,,261,494,1000,1000,http://localhost:8080/web/index.php/api/v2/recruitment/candidates,37100,0,0
1768483584983,41290,Create Candidate Request,401,Unauthorized,Candidate Creation Thread Group 1-278,text,false,,261,494,1000,1000,http://localhost:8080/web/index.php/api/v2/recruitment/candidates,41289,0,0
1768483589173,37197,Create Candidate Request,401,Unauthorized,Candidate Creation Thread Group 1-94,text,false,,261,494,1000,1000,http://localhost:8080/web/index.php/api/v2/recruitment/candidates,37197,0,0
1768483589272,37102,Create Candidate Request,401,Unauthorized,Candidate Creation Thread Group 1-147,text,false,,261,494,1000,1000,http://localhost:8080/web/index.php/api/v2/recruitment/candidates,37102,0,0
1768483589180,37199,Create Candidate Request,401,Unauthorized,Candidate Creation Thread Group 1-82,text,false,,261,494,1000,1000,http://localhost:8080/web/index.php/api/v2/recruitment/candidates,37199,0,1
1768483589384,37007,Create Candidate Request,401,Unauthorized,Candidate Creation Thread Group 1-10,text,false,,261,494,1000,1000,http://localhost:8080/web/index.php/api/v2/recruitment/candidates,37007,0,1
1768483589402,37074,Create Candidate Request,401,Unauthorized,Candidate Creation Thread Group 1-868,text,false,,261,494,1000,1000,http://localhost:8080/web/index.php/api/v2/recruitment/candidates,37074,0,0
1768483591171,35312,Create Candidate Request,401,Unauthorized,Candidate Creation Thread Group 1-432,text,false,,261,494,1000,1000,http://localhost:8080/web/index.php/api/v2/recruitment/candidates,35312,0,0
1768483589402,37170,Create Candidate Request,401,Unauthorized,Candidate Creation Thread Group 1-848,text,false,,261,494,1000,1000,http://localhost:8080/web/index.php/api/v2/recruitment/candidates,37169,0,0
1768483591376,35295,Create Candidate Request,401,Unauthorized,Candidate Creation Thread Group 1-320,text,false,,261,494,1000,1000,http://localhost:8080/web/index.php/api/v2/recruitment/candidates,35294,0,4
1768483591184,35493,Create Candidate Request,401,Unauthorized,Candidate Creation Thread Group 1-276,text,false,,261,494,1000,1000,http://localhost:8080/web/index.php/api/v2/recruitment/candidates,35493,0,0
1768483590983,35699,Create Candidate Request,401,Unauthorized,Candidate Creation Thread Group 1-290,text,false,,261,494,1000,1000,http://localhost:8080/web/index.php/api/v2/recruitment/candidates,35698,0,0
1768483589402,37286,Create Candidate Request,401,Unauthorized,Candidate Creation Thread Group 1-865,text,false,,261,494,1000,1000,http://localhost:8080/web/index.php/api/v2/recruitment/candidates,37285,0,0
1768483578370,48403,Create Candidate Request,401,Unauthorized,Candidate Creation Thread Group 1-555,text,false,,261,491,1000,1000,http://localhost:8080/web/index.php/api/v2/recruitment/candidates,48402,0,0
1768483589681,37100,Create Candidate Request,401,Unauthorized,Candidate Creation Thread Group 1-100,text,false,,261,494,1000,1000,http://localhost:8080/web/index.php/api/v2/recruitment/candidates,37099,0,0
1768483589674,37201,Create Candidate Request,401,Unauthorized,Candidate Creation Thread Group 1-117,text,false,,261,494,1000,1000,http://localhost:8080/web/index.php/api/v2/recruitment/candidates,37201,0,0
1768483589774,37109,Create Candidate Request,401,Unauthorized,Candidate Creation Thread Group 1-80,text,false,,261,494,1000,1000,http://localhost:8080/web/index.php/api/v2/recruitment/candidates,37108,0,0
1768483589781,37194,Create Candidate Request,401,Unauthorized,Candidate Creation Thread Group 1-136,text,false,,261,494,1000,1000,http://localhost:8080/web/index.php/api/v2/recruitment/candidates,37194,0,1
1768483590087,36984,Create Candidate Request,401,Unauthorized,Candidate Creation Thread Group 1-146,text,false,,261,494,1000,1000,http://localhost:8080/web/index.php/api/v2/recruitment/candidates,36983,0,0
1768483590177,36899,Create Candidate Request,401,Unauthorized,Candidate Creation Thread Group 1-131,text,false,,261,494,1000,1000,http://localhost:8080/web/index.php/api/v2/recruitment/candidates,36898,0,0
1768483590272,36813,Create Candidate Request,401,Unauthorized,Candidate Creation Thread Group 1-89,text,false,,261,494,1000,1000,http://localhost:8080/web/index.php/api/v2/recruitment/candidates,36812,0,0
1768483591470,35701,Create Candidate Request,401,Unauthorized,Candidate Creation Thread Group 1-280,text,false,,261,494,1000,1000,http://localhost:8080/web/index.php/api/v2/recruitment/candidates,35700,0,1
1768483594683,32493,Create Candidate Request,401,Unauthorized,Candidate Creation Thread Group 1-177,text,false,,261,494,1000,1000,http://localhost:8080/web/index.php/api/v2/recruitment/candidates,32492,0,0
1768483591571,35614,Create Candidate Request,401,Unauthorized,Candidate Creation Thread Group 1-125,text,false,,261,494,1000,1000,http://localhost:8080/web/index.php/api/v2/recruitment/candidates,35613,0,1
1768483591672,35602,Create Candidate Request,401,Unauthorized,Candidate Creation Thread Group 1-137,text,false,,261,494,1000,1000,http://localhost:8080/web/index.php/api/v2/recruitment/candidates,35601,0,1
1768483591776,35505,Create Candidate Request,401,Unauthorized,Candidate Creation Thread Group 1-55,text,false,,261,494,1000,1000,http://localhost:8080/web/index.php/api/v2/recruitment/candidates,35503,0,6
1768483591880,35492,Create Candidate Request,401,Unauthorized,Candidate Creation Thread Group 1-72,text,false,,261,494,1000,1000,http://localhost:8080/web/index.php/api/v2/recruitment/candidates,35492,0,0
1768483591981,35398,Create Candidate Request,401,Unauthorized,Candidate Creation Thread Group 1-313,text,false,,261,494,1000,1000,http://localhost:8080/web/index.php/api/v2/recruitment/candidates,35397,0,0
1768483592083,35390,Create Candidate Request,401,Unauthorized,Candidate Creation Thread Group 1-325,text,false,,261,494,1000,1000,http://localhost:8080/web/index.php/api/v2/recruitment/candidates,35390,0,0
1768483592174,35306,Create Candidate Request,401,Unauthorized,Candidate Creation Thread Group 1-2,text,false,,261,494,1000,1000,http://localhost:8080/web/index.php/api/v2/recruitment/candidates,35305,0,1
1768483592281,35294,Create Candidate Request,401,Unauthorized,Candidate Creation Thread Group 1-235,text,false,,261,494,999,999,http://localhost:8080/web/index.php/api/v2/recruitment/candidates,35293,0,1
1768483589278,38304,Create Candidate Request,401,Unauthorized,Candidate Creation Thread Group 1-88,text,false,,261,494,999,999,http://localhost:8080/web/index.php/api/v2/recruitment/candidates,38303,0,4
1768483592585,35087,Create Candidate Request,401,Unauthorized,Candidate Creation Thread Group 1-602,text,false,,261,494,999,999,http://localhost:8080/web/index.php/api/v2/recruitment/candidates,35087,0,1
1768483589403,38275,Create Candidate Request,401,Unauthorized,Candidate Creation Thread Group 1-864,text,false,,261,494,999,999,http://localhost:8080/web/index.php/api/v2/recruitment/candidates,38275,0,6
1768483592774,34908,Create Candidate Request,401,Unauthorized,Candidate Creation Thread Group 1-470,text,false,,261,491,999,999,http://localhost:8080/web/index.php/api/v2/recruitment/candidates,34908,0,1
1768483589583,38190,Create Candidate Request,401,Unauthorized,Candidate Creation Thread Group 1-21,text,false,,261,494,999,999,http://localhost:8080/web/index.php/api/v2/recruitment/candidates,38190,0,1
1768483589409,38372,Create Candidate Request,401,Unauthorized,Candidate Creation Thread Group 1-862,text,false,,261,491,999,999,http://localhost:8080/web/index.php/api/v2/recruitment/candidates,38371,0,1
1768483604169,23616,Create Candidate Request,401,Unauthorized,Candidate Creation Thread Group 1-379,text,false,,261,491,999,999,http://localhost:8080/web/index.php/api/v2/recruitment/candidates,23616,0,1
1768483592871,34999,Create Candidate Request,401,Unauthorized,Candidate Creation Thread Group 1-188,text,false,,261,491,999,999,http://localhost:8080/web/index.php/api/v2/recruitment/candidates,34999,0,1
1768483593176,34699,Create Candidate Request,401,Unauthorized,Candidate Creation Thread Group 1-316,text,false,,261,491,999,999,http://localhost:8080/web/index.php/api/v2/recruitment/candidates,34699,0,2
1768483592974,34908,Create Candidate Request,401,Unauthorized,Candidate Creation Thread Group 1-227,text,false,,261,491,999,999,http://localhost:8080/web/index.php/api/v2/recruitment/candidates,34907,0,1
1768483593272,34700,Create Candidate Request,401,Unauthorized,Candidate Creation Thread Group 1-486,text,false,,261,491,999,999,http://localhost:8080/web/index.php/api/v2/recruitment/candidates,34700,0,9
1768483592381,35594,Create Candidate Request,401,Unauthorized,Candidate Creation Thread Group 1-92,text,false,,261,494,999,999,http://localhost:8080/web/index.php/api/v2/recruitment/candidates,35594,0,1
1768483593472,34509,Create Candidate Request,401,Unauthorized,Candidate Creation Thread Group 1-56,text,false,,261,491,999,999,http://localhost:8080/web/index.php/api/v2/recruitment/candidates,34508,0,0
1768483593674,34397,Create Candidate Request,401,Unauthorized,Candidate Creation Thread Group 1-319,text,false,,261,494,999,999,http://localhost:8080/web/index.php/api/v2/recruitment/candidates,34396,0,1
1768483590583,37494,Create Candidate Request,401,Unauthorized,Candidate Creation Thread Group 1-76,text,false,,261,494,999,999,http://localhost:8080/web/index.php/api/v2/recruitment/candidates,37493,0,1
1768483586673,41497,Create Candidate Request,401,Unauthorized,Candidate Creation Thread Group 1-5,text,false,,261,494,999,999,http://localhost:8080/web/index.php/api/v2/recruitment/candidates,41414,0,0
1768483594179,33995,Create Candidate Request,401,Unauthorized,Candidate Creation Thread Group 1-446,text,false,,261,494,999,999,http://localhost:8080/web/index.php/api/v2/recruitment/candidates,33995,0,0
1768483593972,34208,Create Candidate Request,401,Unauthorized,Candidate Creation Thread Group 1-321,text,false,,261,494,999,999,http://localhost:8080/web/index.php/api/v2/recruitment/candidates,34207,0,1
1768483593782,34403,Create Candidate Request,401,Unauthorized,Candidate Creation Thread Group 1-314,text,false,,261,494,999,999,http://localhost:8080/web/index.php/api/v2/recruitment/candidates,34402,0,1
1768483594075,34195,Create Candidate Request,401,Unauthorized,Candidate Creation Thread Group 1-322,text,false,,261,494,999,999,http://localhost:8080/web/index.php/api/v2/recruitment/candidates,34195,0,0
1768483594378,33898,Create Candidate Request,401,Unauthorized,Candidate Creation Thread Group 1-362,text,false,,261,494,999,999,http://localhost:8080/web/index.php/api/v2/recruitment/candidates,33897,0,0
1768483590171,38112,Create Candidate Request,401,Unauthorized,Candidate Creation Thread Group 1-87,text,false,,261,494,999,999,http://localhost:8080/web/index.php/api/v2/recruitment/candidates,38112,0,1
1768483594283,34093,Create Candidate Request,401,Unauthorized,Candidate Creation Thread Group 1-357,text,false,,261,494,999,999,http://localhost:8080/web/index.php/api/v2/recruitment/candidates,34092,0,0
1768483594383,34001,Create Candidate Request,401,Unauthorized,Candidate Creation Thread Group 1-52,text,false,,261,494,999,999,http://localhost:8080/web/index.php/api/v2/recruitment/candidates,34000,0,0
1768483594474,33998,Create Candidate Request,401,Unauthorized,Candidate Creation Thread Group 1-345,text,false,,261,494,999,999,http://localhost:8080/web/index.php/api/v2/recruitment/candidates,33997,0,0
1768483594483,33996,Create Candidate Request,401,Unauthorized,Candidate Creation Thread Group 1-955,text,false,,261,494,999,999,http://localhost:8080/web/index.php/api/v2/recruitment/candidates,33996,0,0
1768483594578,33905,Create Candidate Request,401,Unauthorized,Candidate Creation Thread Group 1-288,text,false,,261,494,999,999,http://localhost:8080/web/index.php/api/v2/recruitment/candidates,33905,0,1
1768483594586,33984,Create Candidate Request,401,Unauthorized,Candidate Creation Thread Group 1-59,text,false,,261,494,999,999,http://localhost:8080/web/index.php/api/v2/recruitment/candidates,33984,0,0
1768483593771,34808,Create Candidate Request,401,Unauthorized,Candidate Creation Thread Group 1-317,text,false,,261,494,999,999,http://localhost:8080/web/index.php/api/v2/recruitment/candidates,34808,0,1
1768483594973,33698,Create Candidate Request,401,Unauthorized,Candidate Creation Thread Group 1-185,text,false,,261,494,999,999,http://localhost:8080/web/index.php/api/v2/recruitment/candidates,33697,0,1
1768483592695,35979,Create Candidate Request,401,Unauthorized,Candidate Creation Thread Group 1-251,text,false,,261,491,999,999,http://localhost:8080/web/index.php/api/v2/recruitment/candidates,35979,0,0
1768483594982,33697,Create Candidate Request,401,Unauthorized,Candidate Creation Thread Group 1-81,text,false,,261,494,999,999,http://localhost:8080/web/index.php/api/v2/recruitment/candidates,33697,0,1
1768483595084,33688,Create Candidate Request,401,Unauthorized,Candidate Creation Thread Group 1-101,text,false,,261,494,999,999,http://localhost:8080/web/index.php/api/v2/recruitment/candidates,33688,0,1
1768483595177,33600,Create Candidate Request,401,Unauthorized,Candidate Creation Thread Group 1-106,text,false,,261,494,999,999,http://localhost:8080/web/index.php/api/v2/recruitment/candidates,33600,0,0
1768483594172,34611,Create Candidate Request,401,Unauthorized,Candidate Creation Thread Group 1-265,text,false,,261,494,999,999,http://localhost:8080/web/index.php/api/v2/recruitment/candidates,34610,0,0
1768483595272,33602,Create Candidate Request,401,Unauthorized,Candidate Creation Thread Group 1-16,text,false,,261,494,999,999,http://localhost:8080/web/index.php/api/v2/recruitment/candidates,33602,0,2
1768483595378,33503,Create Candidate Request,401,Unauthorized,Candidate Creation Thread Group 1-143,text,false,,261,494,999,999,http://localhost:8080/web/index.php/api/v2/recruitment/candidates,33503,0,0
1768483595576,33397,Create Candidate Request,401,Unauthorized,Candidate Creation Thread Group 1-140,text,false,,261,494,999,999,http://localhost:8080/web/index.php/api/v2/recruitment/candidates,33397,0,1
1768483593574,35405,Create Candidate Request,401,Unauthorized,Candidate Creation Thread Group 1-318,text,false,,261,491,999,999,http://localhost:8080/web/index.php/api/v2/recruitment/candidates,35404,0,4
1768483590476,38595,Create Candidate Request,401,Unauthorized,Candidate Creation Thread Group 1-344,text,false,,261,494,999,999,http://localhost:8080/web/index.php/api/v2/recruitment/candidates,38595,0,1
1768483595775,33302,Create Candidate Request,401,Unauthorized,Candidate Creation Thread Group 1-91,text,false,,261,494,999,999,http://localhost:8080/web/index.php/api/v2/recruitment/candidates,33301,0,1
1768483595686,33396,Create Candidate Request,401,Unauthorized,Candidate Creation Thread Group 1-93,text,false,,261,494,999,999,http://localhost:8080/web/index.php/api/v2/recruitment/candidates,33396,0,1
1768483595786,33303,Create Candidate Request,401,Unauthorized,Candidate Creation Thread Group 1-189,text,false,,261,494,999,999,http://localhost:8080/web/index.php/api/v2/recruitment/candidates,33303,0,0
1768483595882,33293,Create Candidate Request,401,Unauthorized,Candidate Creation Thread Group 1-182,text,false,,261,494,999,999,http://localhost:8080/web/index.php/api/v2/recruitment/candidates,33292,0,1
1768483595981,33198,Create Candidate Request,401,Unauthorized,Candidate Creation Thread Group 1-183,text,false,,261,494,999,999,http://localhost:8080/web/index.php/api/v2/recruitment/candidates,33198,0,1
1768483596171,33100,Create Candidate Request,401,Unauthorized,Candidate Creation Thread Group 1-192,text,false,,261,494,999,999,http://localhost:8080/web/index.php/api/v2/recruitment/candidates,33099,0,0
1768483596174,33100,Create Candidate Request,401,Unauthorized,Candidate Creation Thread Group 1-194,text,false,,261,494,999,999,http://localhost:8080/web/index.php/api/v2/recruitment/candidates,33100,0,0
1768483588989,40292,Create Candidate Request,401,Unauthorized,Candidate Creation Thread Group 1-33,text,false,,261,494,999,999,http://localhost:8080/web/index.php/api/v2/recruitment/candidates,40292,0,1
1768483596381,32904,Create Candidate Request,401,Unauthorized,Candidate Creation Thread Group 1-296,text,false,,261,494,999,999,http://localhost:8080/web/index.php/api/v2/recruitment/candidates,32904,0,1
1768483605816,23560,Create Candidate Request,401,Unauthorized,Candidate Creation Thread Group 1-758,text,false,,261,494,999,999,http://localhost:8080/web/index.php/api/v2/recruitment/candidates,23559,0,0
1768483593285,36098,Create Candidate Request,401,Unauthorized,Candidate Creation Thread Group 1-308,text,false,,261,491,999,999,http://localhost:8080/web/index.php/api/v2/recruitment/candidates,36098,0,0
1768483596479,32991,Create Candidate Request,401,Unauthorized,Candidate Creation Thread Group 1-246,text,false,,261,494,999,999,http://localhost:8080/web/index.php/api/v2/recruitment/candidates,32991,0,1
1768483596473,33002,Create Candidate Request,401,Unauthorized,Candidate Creation Thread Group 1-458,text,false,,261,494,999,999,http://localhost:8080/web/index.php/api/v2/recruitment/candidates,33002,0,2
1768483596582,32903,Create Candidate Request,401,Unauthorized,Candidate Creation Thread Group 1-358,text,false,,261,494,999,999,http://localhost:8080/web/index.php/api/v2/recruitment/candidates,32903,0,1
1768483596785,32788,Create Candidate Request,401,Unauthorized,Candidate Creation Thread Group 1-199,text,false,,261,491,999,999,http://localhost:8080/web/index.php/api/v2/recruitment/candidates,32788,0,0
1768483596785,32794,Create Candidate Request,401,Unauthorized,Candidate Creation Thread Group 1-155,text,false,,261,491,999,999,http://localhost:8080/web/index.php/api/v2/recruitment/candidates,32794,0,0
1768483594871,34803,Create Candidate Request,401,Unauthorized,Candidate Creation Thread Group 1-178,text,false,,261,494,999,999,http://localhost:8080/web/index.php/api/v2/recruitment/candidates,34802,0,1
1768483597082,32689,Create Candidate Request,401,Unauthorized,Candidate Creation Thread Group 1-676,text,false,,261,491,999,999,http://localhost:8080/web/index.php/api/v2/recruitment/candidates,32688,0,1
1768483596971,32805,Create Candidate Request,401,Unauthorized,Candidate Creation Thread Group 1-240,text,false,,261,491,999,999,http://localhost:8080/web/index.php/api/v2/recruitment/candidates,32804,0,0
1768483596978,32802,Create Candidate Request,401,Unauthorized,Candidate Creation Thread Group 1-252,text,false,,261,491,999,999,http://localhost:8080/web/index.php/api/v2/recruitment/candidates,32801,0,1
1768483596785,33088,Create Candidate Request,401,Unauthorized,Candidate Creation Thread Group 1-85,text,false,,261,491,999,999,http://localhost:8080/web/index.php/api/v2/recruitment/candidates,33087,0,0
1768483597173,32707,Create Candidate Request,401,Unauthorized,Candidate Creation Thread Group 1-248,text,false,,261,491,999,999,http://localhost:8080/web/index.php/api/v2/recruitment/candidates,32706,0,0
1768483597180,32791,Create Candidate Request,401,Unauthorized,Candidate Creation Thread Group 1-665,text,false,,261,491,999,999,http://localhost:8080/web/index.php/api/v2/recruitment/candidates,32791,0,0
1768483607470,22506,Create Candidate Request,401,Unauthorized,Candidate Creation Thread Group 1-577,text,false,,261,494,999,999,http://localhost:8080/web/index.php/api/v2/recruitment/candidates,22505,0,0
1768483597277,32703,Create Candidate Request,401,Unauthorized,Candidate Creation Thread Group 1-315,text,false,,261,491,999,999,http://localhost:8080/web/index.php/api/v2/recruitment/candidates,32703,0,1
1768483597479,32506,Create Candidate Request,401,Unauthorized,Candidate Creation Thread Group 1-670,text,false,,261,494,999,999,http://localhost:8080/web/index.php/api/v2/recruitment/candidates,32505,0,0
1768483597582,32495,Create Candidate Request,401,Unauthorized,Candidate Creation Thread Group 1-253,text,false,,261,494,999,999,http://localhost:8080/web/index.php/api/v2/recruitment/candidates,32495,0,2
1768483597382,32706,Create Candidate Request,401,Unauthorized,Candidate Creation Thread Group 1-669,text,false,,261,494,999,999,http://localhost:8080/web/index.php/api/v2/recruitment/candidates,32706,0,0
1768483605816,24359,Create Candidate Request,401,Unauthorized,Candidate Creation Thread Group 1-980,text,false,,261,494,999,999,http://localhost:8080/web/index.php/api/v2/recruitment/candidates,24359,0,0
1768483605831,24439,Create Candidate Request,401,Unauthorized,Candidate Creation Thread Group 1-775,text,false,,261,494,999,999,http://localhost:8080/web/index.php/api/v2/recruitment/candidates,24353,0,0
1768483607175,23100,Create Candidate Request,401,Unauthorized,Candidate Creation Thread Group 1-214,text,false,,261,494,999,999,http://localhost:8080/web/index.php/api/v2/recruitment/candidates,23100,0,0
1768483607180,23101,Create Candidate Request,401,Unauthorized,Candidate Creation Thread Group 1-297,text,false,,261,494,999,999,http://localhost:8080/web/index.php/api/v2/recruitment/candidates,23101,0,0
1768483607271,23016,Create Candidate Request,401,Unauthorized,Candidate Creation Thread Group 1-295,text,false,,261,494,999,999,http://localhost:8080/web/index.php/api/v2/recruitment/candidates,23016,0,0
1768483496073,134288,Create Candidate Request,Non HTTP response code: java.net.SocketException,Non HTTP response message: Connection reset,Candidate Creation Thread Group 1-222,text,false,,2437,0,999,999,http://localhost:8080/web/index.php/api/v2/recruitment/candidates,0,0,4
1768483607275,23099,Create Candidate Request,401,Unauthorized,Candidate Creation Thread Group 1-216,text,false,,261,494,999,999,http://localhost:8080/web/index.php/api/v2/recruitment/candidates,23099,0,0
1768483607376,23012,Create Candidate Request,401,Unauthorized,Candidate Creation Thread Group 1-219,text,false,,261,494,999,999,http://localhost:8080/web/index.php/api/v2/recruitment/candidates,23012,0,0
1768483607379,23009,Create Candidate Request,401,Unauthorized,Candidate Creation Thread Group 1-217,text,false,,261,494,999,999,http://localhost:8080/web/index.php/api/v2/recruitment/candidates,23009,0,0
1768483607280,23200,Create Candidate Request,401,Unauthorized,Candidate Creation Thread Group 1-433,text,false,,261,494,999,999,http://localhost:8080/web/index.php/api/v2/recruitment/candidates,23198,0,0
1768483597673,32898,Create Candidate Request,401,Unauthorized,Candidate Creation Thread Group 1-262,text,false,,261,494,999,999,http://localhost:8080/web/index.php/api/v2/recruitment/candidates,32896,0,0
1768483598574,32004,Create Candidate Request,401,Unauthorized,Candidate Creation Thread Group 1-247,text,false,,261,494,999,999,http://localhost:8080/web/index.php/api/v2/recruitment/candidates,32002,0,0
1768483597770,32815,Create Candidate Request,401,Unauthorized,Candidate Creation Thread Group 1-256,text,false,,261,494,999,999,http://localhost:8080/web/index.php/api/v2/recruitment/candidates,32814,0,1
1768483598171,32512,Create Candidate Request,401,Unauthorized,Candidate Creation Thread Group 1-333,text,false,,261,494,999,999,http://localhost:8080/web/index.php/api/v2/recruitment/candidates,32509,0,1
1768483583674,47100,Create Candidate Request,401,Unauthorized,Candidate Creation Thread Group 1-31,text,false,,261,494,999,999,http://localhost:8080/web/index.php/api/v2/recruitment/candidates,47099,0,0
1768483595180,35601,Create Candidate Request,401,Unauthorized,Candidate Creation Thread Group 1-179,text,false,,261,494,999,999,http://localhost:8080/web/index.php/api/v2/recruitment/candidates,35599,0,1
1768483595481,35392,Create Candidate Request,401,Unauthorized,Candidate Creation Thread Group 1-171,text,false,,261,494,999,999,http://localhost:8080/web/index.php/api/v2/recruitment/candidates,35392,0,1
1768483598587,32294,Create Candidate Request,401,Unauthorized,Candidate Creation Thread Group 1-438,text,false,,261,494,999,999,http://localhost:8080/web/index.php/api/v2/recruitment/candidates,32292,0,0
1768483595673,35300,Create Candidate Request,401,Unauthorized,Candidate Creation Thread Group 1-133,text,false,,261,494,999,999,http://localhost:8080/web/index.php/api/v2/recruitment/candidates,35300,0,0
1768483598776,32207,Create Candidate Request,401,Unauthorized,Candidate Creation Thread Group 1-269,text,false,,261,494,999,999,http://localhost:8080/web/index.php/api/v2/recruitment/candidates,32206,0,0
1768483598774,32299,Create Candidate Request,401,Unauthorized,Candidate Creation Thread Group 1-310,text,false,,261,494,999,999,http://localhost:8080/web/index.php/api/v2/recruitment/candidates,32298,0,0
1768483598783,32295,Create Candidate Request,401,Unauthorized,Candidate Creation Thread Group 1-346,text,false,,261,494,999,999,http://localhost:8080/web/index.php/api/v2/recruitment/candidates,32295,0,0
1768483598981,32189,Create Candidate Request,401,Unauthorized,Candidate Creation Thread Group 1-162,text,false,,261,494,999,999,http://localhost:8080/web/index.php/api/v2/recruitment/candidates,32189,0,1
1768483598884,32386,Create Candidate Request,401,Unauthorized,Candidate Creation Thread Group 1-334,text,false,,261,494,999,999,http://localhost:8080/web/index.php/api/v2/recruitment/candidates,32386,0,0
1768483587778,43496,Create Candidate Request,401,Unauthorized,Candidate Creation Thread Group 1-98,text,false,,261,494,999,999,http://localhost:8080/web/index.php/api/v2/recruitment/candidates,43495,0,1
1768483599178,32192,Create Candidate Request,401,Unauthorized,Candidate Creation Thread Group 1-272,text,false,,261,494,999,999,http://localhost:8080/web/index.php/api/v2/recruitment/candidates,32192,0,0
1768483598179,33197,Create Candidate Request,401,Unauthorized,Candidate Creation Thread Group 1-260,text,false,,261,494,999,999,http://localhost:8080/web/index.php/api/v2/recruitment/candidates,33196,0,0
1768483599275,32198,Create Candidate Request,401,Unauthorized,Candidate Creation Thread Group 1-274,text,false,,261,494,999,999,http://localhost:8080/web/index.php/api/v2/recruitment/candidates,32198,0,0
1768483599386,32092,Create Candidate Request,401,Unauthorized,Candidate Creation Thread Group 1-250,text,false,,261,494,999,999,http://localhost:8080/web/index.php/api/v2/recruitment/candidates,32092,0,0
1768483599379,32194,Create Candidate Request,401,Unauthorized,Candidate Creation Thread Group 1-447,text,false,,261,494,999,999,http://localhost:8080/web/index.php/api/v2/recruitment/candidates,32193,0,0
1768483599284,32301,Create Candidate Request,401,Unauthorized,Candidate Creation Thread Group 1-436,text,false,,261,494,999,999,http://localhost:8080/web/index.php/api/v2/recruitment/candidates,32301,0,0
1768483599485,32285,Create Candidate Request,401,Unauthorized,Candidate Creation Thread Group 1-336,text,false,,261,494,999,999,http://localhost:8080/web/index.php/api/v2/recruitment/candidates,32285,0,0
1768483599490,32292,Create Candidate Request,401,Unauthorized,Candidate Creation Thread Group 1-279,text,false,,261,494,999,999,http://localhost:8080/web/index.php/api/v2/recruitment/candidates,32291,0,0
1768483599483,32299,Create Candidate Request,401,Unauthorized,Candidate Creation Thread Group 1-277,text,false,,261,494,999,999,http://localhost:8080/web/index.php/api/v2/recruitment/candidates,32299,0,1
1768483599496,32385,Create Candidate Request,401,Unauthorized,Candidate Creation Thread Group 1-359,text,false,,261,494,999,999,http://localhost:8080/web/index.php/api/v2/recruitment/candidates,32384,0,0
1768483609770,22204,Create Candidate Request,401,Unauthorized,Candidate Creation Thread Group 1-193,text,false,,261,491,999,999,http://localhost:8080/web/index.php/api/v2/recruitment/candidates,22204,0,0
1768483599670,32309,Create Candidate Request,401,Unauthorized,Candidate Creation Thread Group 1-338,text,false,,261,494,999,999,http://localhost:8080/web/index.php/api/v2/recruitment/candidates,32308,0,0
1768483599675,32396,Create Candidate Request,401,Unauthorized,Candidate Creation Thread Group 1-332,text,false,,261,494,999,999,http://localhost:8080/web/index.php/api/v2/recruitment/candidates,32395,0,0
1768483599775,32302,Create Candidate Request,401,Unauthorized,Candidate Creation Thread Group 1-339,text,false,,261,494,999,999,http://localhost:8080/web/index.php/api/v2/recruitment/candidates,32300,0,0
1768483599781,32304,Create Candidate Request,401,Unauthorized,Candidate Creation Thread Group 1-365,text,false,,261,494,999,999,http://localhost:8080/web/index.php/api/v2/recruitment/candidates,32304,0,0
1768483597975,34198,Create Candidate Request,401,Unauthorized,Candidate Creation Thread Group 1-259,text,false,,261,494,999,999,http://localhost:8080/web/index.php/api/v2/recruitment/candidates,34198,0,7
1768483599871,32311,Create Candidate Request,401,Unauthorized,Candidate Creation Thread Group 1-337,text,false,,261,494,999,999,http://localhost:8080/web/index.php/api/v2/recruitment/candidates,32311,0,1
1768483599990,32286,Create Candidate Request,401,Unauthorized,Candidate Creation Thread Group 1-341,text,false,,261,491,999,999,http://localhost:8080/web/index.php/api/v2/recruitment/candidates,32286,0,1
1768483599990,32381,Create Candidate Request,401,Unauthorized,Candidate Creation Thread Group 1-342,text,false,,261,491,999,999,http://localhost:8080/web/index.php/api/v2/recruitment/candidates,32381,0,1
1768483600081,32294,Create Candidate Request,401,Unauthorized,Candidate Creation Thread Group 1-103,text,false,,261,491,999,999,http://localhost:8080/web/index.php/api/v2/recruitment/candidates,32294,0,1
1768483600182,32288,Create Candidate Request,401,Unauthorized,Candidate Creation Thread Group 1-370,text,false,,261,491,999,999,http://localhost:8080/web/index.php/api/v2/recruitment/candidates,32203,0,0
1768483600270,32213,Create Candidate Request,401,Unauthorized,Candidate Creation Thread Group 1-286,text,false,,261,491,999,999,http://localhost:8080/web/index.php/api/v2/recruitment/candidates,32213,0,1
1768483600280,32392,Create Candidate Request,401,Unauthorized,Candidate Creation Thread Group 1-323,text,false,,261,491,999,999,http://localhost:8080/web/index.php/api/v2/recruitment/candidates,32302,0,0
1768483600382,32301,Create Candidate Request,401,Unauthorized,Candidate Creation Thread Group 1-664,text,false,,261,491,999,999,http://localhost:8080/web/index.php/api/v2/recruitment/candidates,32301,0,0
1768483600478,32304,Create Candidate Request,401,Unauthorized,Candidate Creation Thread Group 1-347,text,false,,261,491,999,999,http://localhost:8080/web/index.php/api/v2/recruitment/candidates,32303,0,1
1768483600582,32297,Create Candidate Request,401,Unauthorized,Candidate Creation Thread Group 1-442,text,false,,261,491,999,999,http://localhost:8080/web/index.php/api/v2/recruitment/candidates,32297,0,0
1768483609785,23188,Create Candidate Request,401,Unauthorized,Candidate Creation Thread Group 1-473,text,false,,261,491,999,999,http://localhost:8080/web/index.php/api/v2/recruitment/candidates,23187,0,0
1768483600681,32297,Create Candidate Request,401,Unauthorized,Candidate Creation Thread Group 1-505,text,false,,261,494,999,999,http://localhost:8080/web/index.php/api/v2/recruitment/candidates,32296,0,1
1768483600779,32293,Create Candidate Request,401,Unauthorized,Candidate Creation Thread Group 1-349,text,false,,261,494,999,999,http://localhost:8080/web/index.php/api/v2/recruitment/candidates,32293,0,1
1768483607483,25595,Create Candidate Request,401,Unauthorized,Candidate Creation Thread Group 1-221,text,false,,261,494,999,999,http://localhost:8080/web/index.php/api/v2/recruitment/candidates,25594,0,0
1768483600870,32302,Create Candidate Request,401,Unauthorized,Candidate Creation Thread Group 1-268,text,false,,261,494,999,999,http://localhost:8080/web/index.php/api/v2/recruitment/candidates,32301,0,0
1768483600881,32296,Create Candidate Request,401,Unauthorized,Candidate Creation Thread Group 1-348,text,false,,261,494,999,999,http://localhost:8080/web/index.php/api/v2/recruitment/candidates,32296,0,1
1768483600975,32296,Create Candidate Request,401,Unauthorized,Candidate Creation Thread Group 1-448,text,false,,261,494,999,999,http://localhost:8080/web/index.php/api/v2/recruitment/candidates,32296,0,1
1768483601080,32200,Create Candidate Request,401,Unauthorized,Candidate Creation Thread Group 1-439,text,false,,261,494,999,999,http://localhost:8080/web/index.php/api/v2/recruitment/candidates,32199,0,0
1768483601173,32200,Create Candidate Request,401,Unauthorized,Candidate Creation Thread Group 1-377,text,false,,261,494,999,999,http://localhost:8080/web/index.php/api/v2/recruitment/candidates,32198,0,1
1768483607669,25711,Create Candidate Request,401,Unauthorized,Candidate Creation Thread Group 1-223,text,false,,261,494,999,999,http://localhost:8080/web/index.php/api/v2/recruitment/candidates,25710,0,1
1768483606483,26991,Create Candidate Request,401,Unauthorized,Candidate Creation Thread Group 1-77,text,false,,261,494,999,999,http://localhost:8080/web/index.php/api/v2/recruitment/candidates,26990,0,1
1768483601284,32194,Create Candidate Request,401,Unauthorized,Candidate Creation Thread Group 1-798,text,false,,261,494,999,999,http://localhost:8080/web/index.php/api/v2/recruitment/candidates,32194,0,0
1768483598282,35201,Create Candidate Request,401,Unauthorized,Candidate Creation Thread Group 1-263,text,false,,261,494,999,999,http://localhost:8080/web/index.php/api/v2/recruitment/candidates,35201,0,1
1768483601480,32094,Create Candidate Request,401,Unauthorized,Candidate Creation Thread Group 1-40,text,false,,261,494,999,999,http://localhost:8080/web/index.php/api/v2/recruitment/candidates,32093,0,0
1768483601579,32091,Create Candidate Request,401,Unauthorized,Candidate Creation Thread Group 1-49,text,false,,261,494,999,999,http://localhost:8080/web/index.php/api/v2/recruitment/candidates,32091,0,0
1768483601573,32100,Create Candidate Request,401,Unauthorized,Candidate Creation Thread Group 1-111,text,false,,261,494,999,999,http://localhost:8080/web/index.php/api/v2/recruitment/candidates,32100,0,0
1768483601587,32095,Create Candidate Request,401,Unauthorized,Candidate Creation Thread Group 1-800,text,false,,261,494,999,999,http://localhost:8080/web/index.php/api/v2/recruitment/candidates,32094,0,0
1768483601683,32098,Create Candidate Request,401,Unauthorized,Candidate Creation Thread Group 1-226,text,false,,261,494,999,999,http://localhost:8080/web/index.php/api/v2/recruitment/candidates,32096,0,0
1768483601781,32104,Create Candidate Request,401,Unauthorized,Candidate Creation Thread Group 1-229,text,false,,261,494,999,999,http://localhost:8080/web/index.php/api/v2/recruitment/candidates,32103,0,0
1768483598682,35294,Create Candidate Request,401,Unauthorized,Candidate Creation Thread Group 1-266,text,false,,261,494,999,999,http://localhost:8080/web/index.php/api/v2/recruitment/candidates,35293,0,1
1768483599770,34215,Create Candidate Request,401,Unauthorized,Candidate Creation Thread Group 1-468,text,false,,261,494,999,999,http://localhost:8080/web/index.php/api/v2/recruitment/candidates,34214,0,0
1768483601773,32300,Create Candidate Request,401,Unauthorized,Candidate Creation Thread Group 1-805,text,false,,261,494,999,999,http://localhost:8080/web/index.php/api/v2/recruitment/candidates,32300,0,8
1768483601980,32103,Create Candidate Request,401,Unauthorized,Candidate Creation Thread Group 1-173,text,false,,261,494,999,999,http://localhost:8080/web/index.php/api/v2/recruitment/candidates,32102,0,1
1768483602484,31706,Create Candidate Request,401,Unauthorized,Candidate Creation Thread Group 1-67,text,false,,261,494,999,999,http://localhost:8080/web/index.php/api/v2/recruitment/candidates,31702,0,1
1768483602175,32015,Create Candidate Request,401,Unauthorized,Candidate Creation Thread Group 1-242,text,false,,261,494,999,999,http://localhost:8080/web/index.php/api/v2/recruitment/candidates,32015,0,0
1768483602078,32112,Create Candidate Request,401,Unauthorized,Candidate Creation Thread Group 1-243,text,false,,261,494,999,999,http://localhost:8080/web/index.php/api/v2/recruitment/candidates,32096,0,1
1768483602283,31993,Create Candidate Request,401,Unauthorized,Candidate Creation Thread Group 1-312,text,false,,261,494,999,999,http://localhost:8080/web/index.php/api/v2/recruitment/candidates,31991,0,0
1768483602384,31894,Create Candidate Request,401,Unauthorized,Candidate Creation Thread Group 1-228,text,false,,261,494,999,999,http://localhost:8080/web/index.php/api/v2/recruitment/candidates,31893,0,0
1768483601472,32811,Create Candidate Request,401,Unauthorized,Candidate Creation Thread Group 1-7,text,false,,261,494,999,999,http://localhost:8080/web/index.php/api/v2/recruitment/candidates,32810,0,2
1768483602672,31698,Create Candidate Request,401,Unauthorized,Candidate Creation Thread Group 1-237,text,false,,261,494,999,999,http://localhost:8080/web/index.php/api/v2/recruitment/candidates,31697,0,0
1768483602678,31700,Create Candidate Request,401,Unauthorized,Candidate Creation Thread Group 1-239,text,false,,261,494,999,999,http://localhost:8080/web/index.php/api/v2/recruitment/candidates,31700,0,0
1768483500879,133577,Create Candidate Request,Non HTTP response code: java.net.SocketException,Non HTTP response message: Connection reset,Candidate Creation Thread Group 1-327,text,false,,2437,0,999,999,http://localhost:8080/web/index.php/api/v2/recruitment/candidates,0,0,0
1768483602874,31601,Create Candidate Request,401,Unauthorized,Candidate Creation Thread Group 1-291,text,false,,261,494,999,999,http://localhost:8080/web/index.php/api/v2/recruitment/candidates,31600,0,0
1768483602973,31508,Create Candidate Request,401,Unauthorized,Candidate Creation Thread Group 1-282,text,false,,261,494,999,999,http://localhost:8080/web/index.php/api/v2/recruitment/candidates,31507,0,0
1768483602683,31803,Create Candidate Request,401,Unauthorized,Candidate Creation Thread Group 1-284,text,false,,261,494,999,999,http://localhost:8080/web/index.php/api/v2/recruitment/candidates,31803,0,0
1768483603070,31504,Create Candidate Request,401,Unauthorized,Candidate Creation Thread Group 1-440,text,false,,261,494,999,999,http://localhost:8080/web/index.php/api/v2/recruitment/candidates,31503,0,1
1768483603077,31509,Create Candidate Request,401,Unauthorized,Candidate Creation Thread Group 1-275,text,false,,261,494,999,999,http://localhost:8080/web/index.php/api/v2/recruitment/candidates,31507,0,0
1768483603082,31591,Create Candidate Request,401,Unauthorized,Candidate Creation Thread Group 1-435,text,false,,261,494,999,999,http://localhost:8080/web/index.php/api/v2/recruitment/candidates,31590,0,1
1768483603275,31403,Create Candidate Request,401,Unauthorized,Candidate Creation Thread Group 1-264,text,false,,261,494,999,999,http://localhost:8080/web/index.php/api/v2/recruitment/candidates,31403,0,0
1768483603173,31510,Create Candidate Request,401,Unauthorized,Candidate Creation Thread Group 1-378,text,false,,261,494,999,999,http://localhost:8080/web/index.php/api/v2/recruitment/candidates,31509,0,0
1768483603178,31509,Create Candidate Request,401,Unauthorized,Candidate Creation Thread Group 1-443,text,false,,261,494,999,999,http://localhost:8080/web/index.php/api/v2/recruitment/candidates,31508,0,0
1768483612486,22287,Create Candidate Request,401,Unauthorized,Candidate Creation Thread Group 1-502,text,false,,261,494,999,999,http://localhost:8080/web/index.php/api/v2/recruitment/candidates,22287,0,0
1768483603276,31506,Create Candidate Request,401,Unauthorized,Candidate Creation Thread Group 1-445,text,false,,261,494,999,999,http://localhost:8080/web/index.php/api/v2/recruitment/candidates,31505,0,0
1768483603284,31587,Create Candidate Request,401,Unauthorized,Candidate Creation Thread Group 1-488,text,false,,261,494,999,999,http://localhost:8080/web/index.php/api/v2/recruitment/candidates,31586,0,1
1768483603378,31497,Create Candidate Request,401,Unauthorized,Candidate Creation Thread Group 1-453,text,false,,261,494,999,999,http://localhost:8080/web/index.php/api/v2/recruitment/candidates,31497,0,1
1768483596283,38689,Create Candidate Request,401,Unauthorized,Candidate Creation Thread Group 1-151,text,false,,261,494,999,999,http://localhost:8080/web/index.php/api/v2/recruitment/candidates,38687,0,1
1768483603491,31578,Create Candidate Request,401,Unauthorized,Candidate Creation Thread Group 1-454,text,false,,261,491,999,999,http://localhost:8080/web/index.php/api/v2/recruitment/candidates,31488,0,0
1768483612683,22388,Create Candidate Request,401,Unauthorized,Candidate Creation Thread Group 1-490,text,false,,261,494,999,999,http://localhost:8080/web/index.php/api/v2/recruitment/candidates,22387,0,0
1768483612772,22305,Create Candidate Request,401,Unauthorized,Candidate Creation Thread Group 1-549,text,false,,261,494,999,999,http://localhost:8080/web/index.php/api/v2/recruitment/candidates,22305,0,0
1768483612784,22300,Create Candidate Request,401,Unauthorized,Candidate Creation Thread Group 1-350,text,false,,261,494,999,999,http://localhost:8080/web/index.php/api/v2/recruitment/candidates,22300,0,0
1768483603473,31698,Create Candidate Request,401,Unauthorized,Candidate Creation Thread Group 1-450,text,false,,261,494,999,999,http://localhost:8080/web/index.php/api/v2/recruitment/candidates,31698,0,0
1768483612878,22298,Create Candidate Request,401,Unauthorized,Candidate Creation Thread Group 1-354,text,false,,261,494,999,999,http://localhost:8080/web/index.php/api/v2/recruitment/candidates,22298,0,0
1768483612778,22407,Create Candidate Request,401,Unauthorized,Candidate Creation Thread Group 1-406,text,false,,261,494,999,999,http://localhost:8080/web/index.php/api/v2/recruitment/candidates,22405,0,0
1768483603581,31691,Create Candidate Request,401,Unauthorized,Candidate Creation Thread Group 1-455,text,false,,261,491,999,999,http://localhost:8080/web/index.php/api/v2/recruitment/candidates,31690,0,0
1768483603572,31704,Create Candidate Request,401,Unauthorized,Candidate Creation Thread Group 1-885,text,false,,261,491,999,999,http://localhost:8080/web/index.php/api/v2/recruitment/candidates,31703,0,1
1768483603680,31599,Create Candidate Request,401,Unauthorized,Candidate Creation Thread Group 1-388,text,false,,261,491,999,999,http://localhost:8080/web/index.php/api/v2/recruitment/candidates,31599,0,1
1768483603882,31492,Create Candidate Request,401,Unauthorized,Candidate Creation Thread Group 1-364,text,false,,261,491,999,999,http://localhost:8080/web/index.php/api/v2/recruitment/candidates,31491,0,1
1768483604176,31206,Create Candidate Request,401,Unauthorized,Candidate Creation Thread Group 1-403,text,false,,261,491,999,999,http://localhost:8080/web/index.php/api/v2/recruitment/candidates,31204,0,1
1768483601883,33591,Create Candidate Request,401,Unauthorized,Candidate Creation Thread Group 1-241,text,false,,261,494,999,999,http://localhost:8080/web/index.php/api/v2/recruitment/candidates,33590,0,0
1768483603373,32106,Create Candidate Request,401,Unauthorized,Candidate Creation Thread Group 1-449,text,false,,261,494,999,999,http://localhost:8080/web/index.php/api/v2/recruitment/candidates,32105,0,0
1768483599083,36487,Create Candidate Request,401,Unauthorized,Candidate Creation Thread Group 1-271,text,false,,261,494,999,999,http://localhost:8080/web/index.php/api/v2/recruitment/candidates,36487,0,0
1768483604372,31204,Create Candidate Request,401,Unauthorized,Candidate Creation Thread Group 1-386,text,false,,261,494,999,999,http://localhost:8080/web/index.php/api/v2/recruitment/candidates,31204,0,6
1768483604385,31201,Create Candidate Request,401,Unauthorized,Candidate Creation Thread Group 1-395,text,false,,261,494,999,999,http://localhost:8080/web/index.php/api/v2/recruitment/candidates,31201,0,1
1768483604474,31216,Create Candidate Request,401,Unauthorized,Candidate Creation Thread Group 1-620,text,false,,261,494,999,999,http://localhost:8080/web/index.php/api/v2/recruitment/candidates,31215,0,0
1768483604680,31094,Create Candidate Request,401,Unauthorized,Candidate Creation Thread Group 1-340,text,false,,261,494,999,999,http://localhost:8080/web/index.php/api/v2/recruitment/candidates,31094,0,1
1768483604771,31016,Create Candidate Request,401,Unauthorized,Candidate Creation Thread Group 1-393,text,false,,261,494,999,999,http://localhost:8080/web/index.php/api/v2/recruitment/candidates,31015,0,0
1768483604584,31295,Create Candidate Request,401,Unauthorized,Candidate Creation Thread Group 1-392,text,false,,261,494,999,999,http://localhost:8080/web/index.php/api/v2/recruitment/candidates,31294,0,0
1768483612883,23097,Create Candidate Request,401,Unauthorized,Candidate Creation Thread Group 1-302,text,false,,261,494,999,999,http://localhost:8080/web/index.php/api/v2/recruitment/candidates,23096,0,0
1768483612889,23184,Create Candidate Request,401,Unauthorized,Candidate Creation Thread Group 1-353,text,false,,261,494,999,999,http://localhost:8080/web/index.php/api/v2/recruitment/candidates,23184,0,0
1768483604782,31388,Create Candidate Request,401,Unauthorized,Candidate Creation Thread Group 1-398,text,false,,261,494,999,999,http://localhost:8080/web/index.php/api/v2/recruitment/candidates,31387,0,1
1768483603779,32398,Create Candidate Request,401,Unauthorized,Candidate Creation Thread Group 1-232,text,false,,261,491,999,999,http://localhost:8080/web/index.php/api/v2/recruitment/candidates,32397,0,0
1768483604876,31395,Create Candidate Request,401,Unauthorized,Candidate Creation Thread Group 1-444,text,false,,261,494,999,999,http://localhost:8080/web/index.php/api/v2/recruitment/candidates,31394,0,0
1768483604879,31399,Create Candidate Request,401,Unauthorized,Candidate Creation Thread Group 1-397,text,false,,261,494,999,999,http://localhost:8080/web/index.php/api/v2/recruitment/candidates,31396,0,0
1768483605075,31300,Create Candidate Request,401,Unauthorized,Candidate Creation Thread Group 1-210,text,false,,261,494,999,999,http://localhost:8080/web/index.php/api/v2/recruitment/candidates,31298,0,0
1768483604987,31487,Create Candidate Request,401,Unauthorized,Candidate Creation Thread Group 1-496,text,false,,261,494,999,999,http://localhost:8080/web/index.php/api/v2/recruitment/candidates,31486,0,1
1768483604974,31597,Create Candidate Request,401,Unauthorized,Candidate Creation Thread Group 1-211,text,false,,261,494,999,999,http://localhost:8080/web/index.php/api/v2/recruitment/candidates,31596,0,1
1768483605178,31409,Create Candidate Request,401,Unauthorized,Candidate Creation Thread Group 1-198,text,false,,261,494,999,999,http://localhost:8080/web/index.php/api/v2/recruitment/candidates,31409,0,1
1768483606971,29618,Create Candidate Request,401,Unauthorized,Candidate Creation Thread Group 1-390,text,false,,261,491,999,999,http://localhost:8080/web/index.php/api/v2/recruitment/candidates,29614,0,0
1768483606879,29793,Create Candidate Request,401,Unauthorized,Candidate Creation Thread Group 1-206,text,false,,261,491,999,999,http://localhost:8080/web/index.php/api/v2/recruitment/candidates,29791,0,0
1768483605271,31406,Create Candidate Request,401,Unauthorized,Candidate Creation Thread Group 1-184,text,false,,261,494,999,999,http://localhost:8080/web/index.php/api/v2/recruitment/candidates,31405,0,1
1768483602183,34592,Create Candidate Request,401,Unauthorized,Candidate Creation Thread Group 1-22,text,false,,261,494,999,999,http://localhost:8080/web/index.php/api/v2/recruitment/candidates,34591,0,1
1768483614081,22700,Create Candidate Request,401,Unauthorized,Candidate Creation Thread Group 1-578,text,false,,261,491,999,999,http://localhost:8080/web/index.php/api/v2/recruitment/candidates,22699,0,1
1768483608580,28290,Create Candidate Request,401,Unauthorized,Candidate Creation Thread Group 1-330,text,false,,261,494,999,999,http://localhost:8080/web/index.php/api/v2/recruitment/candidates,28205,0,2
1768483608670,28208,Create Candidate Request,401,Unauthorized,Candidate Creation Thread Group 1-97,text,false,,261,494,999,999,http://localhost:8080/web/index.php/api/v2/recruitment/candidates,28208,0,1
1768483608675,28297,Create Candidate Request,401,Unauthorized,Candidate Creation Thread Group 1-309,text,false,,261,494,999,999,http://localhost:8080/web/index.php/api/v2/recruitment/candidates,28297,0,0
1768483608771,28209,Create Candidate Request,401,Unauthorized,Candidate Creation Thread Group 1-218,text,false,,261,494,999,999,http://localhost:8080/web/index.php/api/v2/recruitment/candidates,28208,0,1
1768483608785,28204,Create Candidate Request,401,Unauthorized,Candidate Creation Thread Group 1-545,text,false,,261,494,999,999,http://localhost:8080/web/index.php/api/v2/recruitment/candidates,28204,0,2
1768483608976,28098,Create Candidate Request,401,Unauthorized,Candidate Creation Thread Group 1-208,text,false,,261,494,999,999,http://localhost:8080/web/index.php/api/v2/recruitment/candidates,28098,0,0
1768483604073,33012,Create Candidate Request,401,Unauthorized,Candidate Creation Thread Group 1-385,text,false,,261,491,999,999,http://localhost:8080/web/index.php/api/v2/recruitment/candidates,33011,0,0
1768483597778,39397,Create Candidate Request,401,Unauthorized,Candidate Creation Thread Group 1-197,text,false,,261,494,999,999,http://localhost:8080/web/index.php/api/v2/recruitment/candidates,39396,0,0
1768483608071,29115,Create Candidate Request,401,Unauthorized,Candidate Creation Thread Group 1-304,text,false,,261,494,999,999,http://localhost:8080/web/index.php/api/v2/recruitment/candidates,29115,0,1
1768483609171,28104,Create Candidate Request,401,Unauthorized,Candidate Creation Thread Group 1-331,text,false,,261,494,999,999,http://localhost:8080/web/index.php/api/v2/recruitment/candidates,28103,0,1
1768483609178,28103,Create Candidate Request,401,Unauthorized,Candidate Creation Thread Group 1-609,text,false,,261,494,999,999,http://localhost:8080/web/index.php/api/v2/recruitment/candidates,28102,0,0
1768483609273,28105,Create Candidate Request,401,Unauthorized,Candidate Creation Thread Group 1-462,text,false,,261,494,999,999,http://localhost:8080/web/index.php/api/v2/recruitment/candidates,28103,0,1
1768483609386,27999,Create Candidate Request,401,Unauthorized,Candidate Creation Thread Group 1-474,text,false,,261,494,999,999,http://localhost:8080/web/index.php/api/v2/recruitment/candidates,27999,0,0
1768483608376,29097,Create Candidate Request,401,Unauthorized,Candidate Creation Thread Group 1-307,text,false,,261,494,999,999,http://localhost:8080/web/index.php/api/v2/recruitment/candidates,29096,0,1
1768483609581,27895,Create Candidate Request,401,Unauthorized,Candidate Creation Thread Group 1-466,text,false,,261,491,999,999,http://localhost:8080/web/index.php/api/v2/recruitment/candidates,27895,0,0
1768483608471,29013,Create Candidate Request,401,Unauthorized,Candidate Creation Thread Group 1-220,text,false,,261,494,999,999,http://localhost:8080/web/index.php/api/v2/recruitment/candidates,29012,0,0
1768483609583,27992,Create Candidate Request,401,Unauthorized,Candidate Creation Thread Group 1-464,text,false,,261,491,999,999,http://localhost:8080/web/index.php/api/v2/recruitment/candidates,27992,0,4
1768483609588,27998,Create Candidate Request,401,Unauthorized,Candidate Creation Thread Group 1-465,text,false,,261,491,999,999,http://localhost:8080/web/index.php/api/v2/recruitment/candidates,27994,0,0
1768483609677,27999,Create Candidate Request,401,Unauthorized,Candidate Creation Thread Group 1-467,text,false,,261,491,999,999,http://localhost:8080/web/index.php/api/v2/recruitment/candidates,27998,0,0
1768483609775,27910,Create Candidate Request,401,Unauthorized,Candidate Creation Thread Group 1-471,text,false,,261,491,999,999,http://localhost:8080/web/index.php/api/v2/recruitment/candidates,27909,0,0
1768483609907,27869,Create Candidate Request,401,Unauthorized,Candidate Creation Thread Group 1-461,text,false,,261,494,999,999,http://localhost:8080/web/index.php/api/v2/recruitment/candidates,27869,0,0
1768483609974,27810,Create Candidate Request,401,Unauthorized,Candidate Creation Thread Group 1-224,text,false,,261,494,999,999,http://localhost:8080/web/index.php/api/v2/recruitment/candidates,27809,0,0
1768483610171,27699,Create Candidate Request,401,Unauthorized,Candidate Creation Thread Group 1-489,text,false,,261,494,999,999,http://localhost:8080/web/index.php/api/v2/recruitment/candidates,27699,0,0
1768483609979,27896,Create Candidate Request,401,Unauthorized,Candidate Creation Thread Group 1-281,text,false,,261,494,999,999,http://localhost:8080/web/index.php/api/v2/recruitment/candidates,27895,0,0
1768483610175,27709,Create Candidate Request,401,Unauthorized,Candidate Creation Thread Group 1-477,text,false,,261,494,999,999,http://localhost:8080/web/index.php/api/v2/recruitment/candidates,27709,0,0
1768483609985,27899,Create Candidate Request,401,Unauthorized,Candidate Creation Thread Group 1-373,text,false,,261,494,999,999,http://localhost:8080/web/index.php/api/v2/recruitment/candidates,27899,0,0
1768483610179,27794,Create Candidate Request,401,Unauthorized,Candidate Creation Thread Group 1-360,text,false,,261,494,999,999,http://localhost:8080/web/index.php/api/v2/recruitment/candidates,27793,0,0
1768483610370,27700,Create Candidate Request,401,Unauthorized,Candidate Creation Thread Group 1-479,text,false,,261,494,999,999,http://localhost:8080/web/index.php/api/v2/recruitment/candidates,27700,0,0
1768483610770,27305,Create Candidate Request,401,Unauthorized,Candidate Creation Thread Group 1-491,text,false,,261,494,999,999,http://localhost:8080/web/index.php/api/v2/recruitment/candidates,27304,0,1
1768483610376,27706,Create Candidate Request,401,Unauthorized,Candidate Creation Thread Group 1-343,text,false,,261,494,999,999,http://localhost:8080/web/index.php/api/v2/recruitment/candidates,27705,0,1
1768483610386,27786,Create Candidate Request,401,Unauthorized,Candidate Creation Thread Group 1-481,text,false,,261,494,999,999,http://localhost:8080/web/index.php/api/v2/recruitment/candidates,27786,0,0
1768483609374,28896,Create Candidate Request,401,Unauthorized,Candidate Creation Thread Group 1-212,text,false,,261,494,999,999,http://localhost:8080/web/index.php/api/v2/recruitment/candidates,28896,0,0
1768483610475,27802,Create Candidate Request,401,Unauthorized,Candidate Creation Thread Group 1-571,text,false,,261,494,999,999,http://localhost:8080/web/index.php/api/v2/recruitment/candidates,27801,0,0
1768483610478,27807,Create Candidate Request,401,Unauthorized,Candidate Creation Thread Group 1-501,text,false,,261,494,999,999,http://localhost:8080/web/index.php/api/v2/recruitment/candidates,27806,0,2
1768483610572,27813,Create Candidate Request,401,Unauthorized,Candidate Creation Thread Group 1-482,text,false,,261,494,999,999,http://localhost:8080/web/index.php/api/v2/recruitment/candidates,27812,0,0
1768483610675,27798,Create Candidate Request,401,Unauthorized,Candidate Creation Thread Group 1-483,text,false,,261,494,999,999,http://localhost:8080/web/index.php/api/v2/recruitment/candidates,27798,0,1
1768483610784,27696,Create Candidate Request,401,Unauthorized,Candidate Creation Thread Group 1-615,text,false,,261,494,999,999,http://localhost:8080/web/index.php/api/v2/recruitment/candidates,27695,0,0
1768483610982,27592,Create Candidate Request,401,Unauthorized,Candidate Creation Thread Group 1-626,text,false,,261,494,999,999,http://localhost:8080/web/index.php/api/v2/recruitment/candidates,27591,0,0
1768483610880,27702,Create Candidate Request,401,Unauthorized,Candidate Creation Thread Group 1-43,text,false,,261,494,999,999,http://localhost:8080/web/index.php/api/v2/recruitment/candidates,27701,0,1
1768483611083,27592,Create Candidate Request,401,Unauthorized,Candidate Creation Thread Group 1-427,text,false,,261,494,998,998,http://localhost:8080/web/index.php/api/v2/recruitment/candidates,27592,0,1
1768483609081,29600,Create Candidate Request,401,Unauthorized,Candidate Creation Thread Group 1-300,text,false,,261,494,998,998,http://localhost:8080/web/index.php/api/v2/recruitment/candidates,29599,0,5
1768483611175,27596,Create Candidate Request,401,Unauthorized,Candidate Creation Thread Group 1-138,text,false,,261,494,998,998,http://localhost:8080/web/index.php/api/v2/recruitment/candidates,27596,0,0
1768483611180,27691,Create Candidate Request,401,Unauthorized,Candidate Creation Thread Group 1-113,text,false,,261,494,997,997,http://localhost:8080/web/index.php/api/v2/recruitment/candidates,27690,0,0
1768483611276,27598,Create Candidate Request,401,Unauthorized,Candidate Creation Thread Group 1-73,text,false,,261,494,996,996,http://localhost:8080/web/index.php/api/v2/recruitment/candidates,27598,0,2
1768483611371,27600,Create Candidate Request,401,Unauthorized,Candidate Creation Thread Group 1-574,text,false,,261,494,995,995,http://localhost:8080/web/index.php/api/v2/recruitment/candidates,27515,0,5
1768483611381,27602,Create Candidate Request,401,Unauthorized,Candidate Creation Thread Group 1-63,text,false,,261,494,995,995,http://localhost:8080/web/index.php/api/v2/recruitment/candidates,27602,0,1
1768483611473,27607,Create Candidate Request,401,Unauthorized,Candidate Creation Thread Group 1-409,text,false,,261,494,994,994,http://localhost:8080/web/index.php/api/v2/recruitment/candidates,27606,0,0
1768483611376,27706,Create Candidate Request,401,Unauthorized,Candidate Creation Thread Group 1-168,text,false,,261,494,994,994,http://localhost:8080/web/index.php/api/v2/recruitment/candidates,27696,0,1
1768483611481,27693,Create Candidate Request,401,Unauthorized,Candidate Creation Thread Group 1-625,text,false,,261,494,993,993,http://localhost:8080/web/index.php/api/v2/recruitment/candidates,27692,0,0
1768483611574,27606,Create Candidate Request,401,Unauthorized,Candidate Creation Thread Group 1-628,text,false,,261,494,993,993,http://localhost:8080/web/index.php/api/v2/recruitment/candidates,27606,0,0
1768483611671,27515,Create Candidate Request,401,Unauthorized,Candidate Creation Thread Group 1-627,text,false,,261,494,993,993,http://localhost:8080/web/index.php/api/v2/recruitment/candidates,27514,0,0
1768483611684,27590,Create Candidate Request,401,Unauthorized,Candidate Creation Thread Group 1-538,text,false,,261,494,993,993,http://localhost:8080/web/index.php/api/v2/recruitment/candidates,27589,0,1
1768483611772,27507,Create Candidate Request,401,Unauthorized,Candidate Creation Thread Group 1-630,text,false,,261,494,993,993,http://localhost:8080/web/index.php/api/v2/recruitment/candidates,27506,0,0
1768483611786,27589,Create Candidate Request,401,Unauthorized,Candidate Creation Thread Group 1-629,text,false,,261,494,993,993,http://localhost:8080/web/index.php/api/v2/recruitment/candidates,27588,0,1
1768483612572,26900,Create Candidate Request,401,Unauthorized,Candidate Creation Thread Group 1-506,text,false,,261,494,993,993,http://localhost:8080/web/index.php/api/v2/recruitment/candidates,26899,0,0
1768483610775,28702,Create Candidate Request,401,Unauthorized,Candidate Creation Thread Group 1-441,text,false,,261,494,993,993,http://localhost:8080/web/index.php/api/v2/recruitment/candidates,28700,0,0
1768483611873,27610,Create Candidate Request,401,Unauthorized,Candidate Creation Thread Group 1-632,text,false,,261,494,993,993,http://localhost:8080/web/index.php/api/v2/recruitment/candidates,27609,0,0
1768483611979,27594,Create Candidate Request,401,Unauthorized,Candidate Creation Thread Group 1-579,text,false,,261,494,993,993,http://localhost:8080/web/index.php/api/v2/recruitment/candidates,27594,0,2
1768483611878,27701,Create Candidate Request,401,Unauthorized,Candidate Creation Thread Group 1-6,text,false,,261,494,993,993,http://localhost:8080/web/index.php/api/v2/recruitment/candidates,27701,0,1
1768483612077,27596,Create Candidate Request,401,Unauthorized,Candidate Creation Thread Group 1-494,text,false,,261,494,992,992,http://localhost:8080/web/index.php/api/v2/recruitment/candidates,27596,0,0
1768483608881,30889,Create Candidate Request,401,Unauthorized,Candidate Creation Thread Group 1-561,text,false,,261,494,992,992,http://localhost:8080/web/index.php/api/v2/recruitment/candidates,30889,0,1
1768483612098,27675,Create Candidate Request,401,Unauthorized,Candidate Creation Thread Group 1-476,text,false,,261,491,992,992,http://localhost:8080/web/index.php/api/v2/recruitment/candidates,27675,0,0
1768483612098,27683,Create Candidate Request,401,Unauthorized,Candidate Creation Thread Group 1-492,text,false,,261,491,992,992,http://localhost:8080/web/index.php/api/v2/recruitment/candidates,27683,0,0
1768483612180,27691,Create Candidate Request,401,Unauthorized,Candidate Creation Thread Group 1-245,text,false,,261,491,992,992,http://localhost:8080/web/index.php/api/v2/recruitment/candidates,27690,0,4
1768483612184,27691,Create Candidate Request,401,Unauthorized,Candidate Creation Thread Group 1-846,text,false,,261,491,992,992,http://localhost:8080/web/index.php/api/v2/recruitment/candidates,27691,0,0
1768483606874,33009,Create Candidate Request,401,Unauthorized,Candidate Creation Thread Group 1-399,text,false,,261,491,992,992,http://localhost:8080/web/index.php/api/v2/recruitment/candidates,33009,0,0
1768483612271,27706,Create Candidate Request,401,Unauthorized,Candidate Creation Thread Group 1-452,text,false,,261,491,992,992,http://localhost:8080/web/index.php/api/v2/recruitment/candidates,27706,0,0
1768483612274,27709,Create Candidate Request,401,Unauthorized,Candidate Creation Thread Group 1-437,text,false,,261,491,992,992,http://localhost:8080/web/index.php/api/v2/recruitment/candidates,27709,0,1
1768483605788,34285,Create Candidate Request,401,Unauthorized,Candidate Creation Thread Group 1-751,text,false,,261,494,992,992,http://localhost:8080/web/index.php/api/v2/recruitment/candidates,34285,0,0
1768483612283,27798,Create Candidate Request,401,Unauthorized,Candidate Creation Thread Group 1-500,text,false,,261,491,992,992,http://localhost:8080/web/index.php/api/v2/recruitment/candidates,27798,0,1
1768483612388,27700,Create Candidate Request,401,Unauthorized,Candidate Creation Thread Group 1-858,text,false,,261,494,992,992,http://localhost:8080/web/index.php/api/v2/recruitment/candidates,27699,0,1
1768483615675,24499,Create Candidate Request,401,Unauthorized,Candidate Creation Thread Group 1-480,text,false,,261,494,992,992,http://localhost:8080/web/index.php/api/v2/recruitment/candidates,24498,0,0
1768483615586,24592,Create Candidate Request,401,Unauthorized,Candidate Creation Thread Group 1-521,text,false,,261,494,992,992,http://localhost:8080/web/index.php/api/v2/recruitment/candidates,24592,0,1
1768483615681,24503,Create Candidate Request,401,Unauthorized,Candidate Creation Thread Group 1-523,text,false,,261,494,992,992,http://localhost:8080/web/index.php/api/v2/recruitment/candidates,24502,0,0
1768483617275,22996,Create Candidate Request,401,Unauthorized,Candidate Creation Thread Group 1-534,text,false,,261,494,992,992,http://localhost:8080/web/index.php/api/v2/recruitment/candidates,22996,0,0
1768483615688,24589,Create Candidate Request,401,Unauthorized,Candidate Creation Thread Group 1-522,text,false,,261,494,992,992,http://localhost:8080/web/index.php/api/v2/recruitment/candidates,24588,0,0
1768483610582,29790,Create Candidate Request,401,Unauthorized,Candidate Creation Thread Group 1-305,text,false,,261,494,992,992,http://localhost:8080/web/index.php/api/v2/recruitment/candidates,29789,0,3
1768483615773,24698,Create Candidate Request,401,Unauthorized,Candidate Creation Thread Group 1-575,text,false,,261,494,992,992,http://localhost:8080/web/index.php/api/v2/recruitment/candidates,24698,0,0
1768483615878,24598,Create Candidate Request,401,Unauthorized,Candidate Creation Thread Group 1-678,text,false,,261,494,992,992,http://localhost:8080/web/index.php/api/v2/recruitment/candidates,24598,0,0
1768483615778,24705,Create Candidate Request,401,Unauthorized,Candidate Creation Thread Group 1-374,text,false,,261,494,992,992,http://localhost:8080/web/index.php/api/v2/recruitment/candidates,24704,0,0
1768483611776,28800,Create Candidate Request,401,Unauthorized,Candidate Creation Thread Group 1-585,text,false,,261,494,992,992,http://localhost:8080/web/index.php/api/v2/recruitment/candidates,28799,0,1
1768483615970,24617,Create Candidate Request,401,Unauthorized,Candidate Creation Thread Group 1-728,text,false,,261,494,992,992,http://localhost:8080/web/index.php/api/v2/recruitment/candidates,24611,0,0
1768483615982,24607,Create Candidate Request,401,Unauthorized,Candidate Creation Thread Group 1-429,text,false,,261,494,992,992,http://localhost:8080/web/index.php/api/v2/recruitment/candidates,24607,0,6
1768483616088,24586,Create Candidate Request,401,Unauthorized,Candidate Creation Thread Group 1-529,text,false,,261,494,992,992,http://localhost:8080/web/index.php/api/v2/recruitment/candidates,24585,0,0
1768483616082,24597,Create Candidate Request,401,Unauthorized,Candidate Creation Thread Group 1-526,text,false,,261,494,992,992,http://localhost:8080/web/index.php/api/v2/recruitment/candidates,24597,0,0
1768483616075,24607,Create Candidate Request,401,Unauthorized,Candidate Creation Thread Group 1-527,text,false,,261,494,992,992,http://localhost:8080/web/index.php/api/v2/recruitment/candidates,24607,0,0
1768483616102,24584,Create Candidate Request,401,Unauthorized,Candidate Creation Thread Group 1-531,text,false,,261,491,992,992,http://localhost:8080/web/index.php/api/v2/recruitment/candidates,24584,0,0
1768483616175,24599,Create Candidate Request,401,Unauthorized,Candidate Creation Thread Group 1-532,text,false,,261,491,992,992,http://localhost:8080/web/index.php/api/v2/recruitment/candidates,24599,0,0
1768483616189,24593,Create Candidate Request,401,Unauthorized,Candidate Creation Thread Group 1-535,text,false,,261,491,992,992,http://localhost:8080/web/index.php/api/v2/recruitment/candidates,24593,0,0
1768483617981,22889,Create Candidate Request,401,Unauthorized,Candidate Creation Thread Group 1-658,text,false,,261,494,992,992,http://localhost:8080/web/index.php/api/v2/recruitment/candidates,22889,0,1
1768483618075,22800,Create Candidate Request,401,Unauthorized,Candidate Creation Thread Group 1-618,text,false,,261,494,992,992,http://localhost:8080/web/index.php/api/v2/recruitment/candidates,22800,0,0
1768483605816,35063,Create Candidate Request,401,Unauthorized,Candidate Creation Thread Group 1-923,text,false,,261,494,992,992,http://localhost:8080/web/index.php/api/v2/recruitment/candidates,35063,0,0
1768483608576,32404,Create Candidate Request,401,Unauthorized,Candidate Creation Thread Group 1-254,text,false,,261,494,992,992,http://localhost:8080/web/index.php/api/v2/recruitment/candidates,32402,0,1
1768483617482,23590,Create Candidate Request,401,Unauthorized,Candidate Creation Thread Group 1-638,text,false,,261,494,992,992,http://localhost:8080/web/index.php/api/v2/recruitment/candidates,23589,0,1
1768483614178,26900,Create Candidate Request,401,Unauthorized,Candidate Creation Thread Group 1-413,text,false,,261,491,992,992,http://localhost:8080/web/index.php/api/v2/recruitment/candidates,26899,0,1
1768483614183,26994,Create Candidate Request,401,Unauthorized,Candidate Creation Thread Group 1-457,text,false,,261,491,992,992,http://localhost:8080/web/index.php/api/v2/recruitment/candidates,26993,0,1
1768483614278,26905,Create Candidate Request,401,Unauthorized,Candidate Creation Thread Group 1-418,text,false,,261,491,992,992,http://localhost:8080/web/index.php/api/v2/recruitment/candidates,26904,0,0
1768483614273,26998,Create Candidate Request,401,Unauthorized,Candidate Creation Thread Group 1-416,text,false,,261,491,992,992,http://localhost:8080/web/index.php/api/v2/recruitment/candidates,26998,0,1
1768483613171,28103,Create Candidate Request,401,Unauthorized,Candidate Creation Thread Group 1-387,text,false,,261,494,992,992,http://localhost:8080/web/index.php/api/v2/recruitment/candidates,28103,0,0
1768483614470,26808,Create Candidate Request,401,Unauthorized,Candidate Creation Thread Group 1-498,text,false,,261,494,992,992,http://localhost:8080/web/index.php/api/v2/recruitment/candidates,26808,0,0
1768483613478,27806,Create Candidate Request,401,Unauthorized,Candidate Creation Thread Group 1-270,text,false,,261,494,992,992,http://localhost:8080/web/index.php/api/v2/recruitment/candidates,27806,0,0
1768483614474,26905,Create Candidate Request,401,Unauthorized,Candidate Creation Thread Group 1-421,text,false,,261,494,992,992,http://localhost:8080/web/index.php/api/v2/recruitment/candidates,26905,0,0
1768483614482,26992,Create Candidate Request,401,Unauthorized,Candidate Creation Thread Group 1-422,text,false,,261,494,992,992,http://localhost:8080/web/index.php/api/v2/recruitment/candidates,26991,0,1
1768483614580,26902,Create Candidate Request,401,Unauthorized,Candidate Creation Thread Group 1-400,text,false,,261,494,992,992,http://localhost:8080/web/index.php/api/v2/recruitment/candidates,26902,0,1
1768483614587,26983,Create Candidate Request,401,Unauthorized,Candidate Creation Thread Group 1-423,text,false,,261,494,992,992,http://localhost:8080/web/index.php/api/v2/recruitment/candidates,26983,0,0
1768483614590,26985,Create Candidate Request,401,Unauthorized,Candidate Creation Thread Group 1-424,text,false,,261,494,992,992,http://localhost:8080/web/index.php/api/v2/recruitment/candidates,26985,0,0
1768483614676,26906,Create Candidate Request,401,Unauthorized,Candidate Creation Thread Group 1-840,text,false,,261,494,992,992,http://localhost:8080/web/index.php/api/v2/recruitment/candidates,26905,0,0
1768483614685,26988,Create Candidate Request,401,Unauthorized,Candidate Creation Thread Group 1-426,text,false,,261,494,992,992,http://localhost:8080/web/index.php/api/v2/recruitment/candidates,26988,0,1
1768483614773,26906,Create Candidate Request,401,Unauthorized,Candidate Creation Thread Group 1-552,text,false,,261,494,992,992,http://localhost:8080/web/index.php/api/v2/recruitment/candidates,26905,0,1
1768483614784,26902,Create Candidate Request,401,Unauthorized,Candidate Creation Thread Group 1-425,text,false,,261,494,992,992,http://localhost:8080/web/index.php/api/v2/recruitment/candidates,26900,0,0
1768483614873,26900,Create Candidate Request,401,Unauthorized,Candidate Creation Thread Group 1-653,text,false,,261,494,992,992,http://localhost:8080/web/index.php/api/v2/recruitment/candidates,26900,0,0
1768483614971,26805,Create Candidate Request,401,Unauthorized,Candidate Creation Thread Group 1-380,text,false,,261,494,992,992,http://localhost:8080/web/index.php/api/v2/recruitment/candidates,26805,0,1
1768483614882,26898,Create Candidate Request,401,Unauthorized,Candidate Creation Thread Group 1-402,text,false,,261,494,992,992,http://localhost:8080/web/index.php/api/v2/recruitment/candidates,26898,0,0
1768483614877,26996,Create Candidate Request,401,Unauthorized,Candidate Creation Thread Group 1-355,text,false,,261,494,992,992,http://localhost:8080/web/index.php/api/v2/recruitment/candidates,26996,0,0
1768483614976,26906,Create Candidate Request,401,Unauthorized,Candidate Creation Thread Group 1-509,text,false,,261,494,992,992,http://localhost:8080/web/index.php/api/v2/recruitment/candidates,26906,0,1
1768483614985,26986,Create Candidate Request,401,Unauthorized,Candidate Creation Thread Group 1-510,text,false,,261,494,992,992,http://localhost:8080/web/index.php/api/v2/recruitment/candidates,26986,0,0
1768483615077,26899,Create Candidate Request,401,Unauthorized,Candidate Creation Thread Group 1-593,text,false,,261,494,992,992,http://localhost:8080/web/index.php/api/v2/recruitment/candidates,26898,0,0
1768483615085,26895,Create Candidate Request,401,Unauthorized,Candidate Creation Thread Group 1-516,text,false,,261,494,992,992,http://localhost:8080/web/index.php/api/v2/recruitment/candidates,26895,0,0
1768483615174,26898,Create Candidate Request,401,Unauthorized,Candidate Creation Thread Group 1-412,text,false,,261,494,992,992,http://localhost:8080/web/index.php/api/v2/recruitment/candidates,26897,0,0
1768483615181,26899,Create Candidate Request,401,Unauthorized,Candidate Creation Thread Group 1-408,text,false,,261,494,992,992,http://localhost:8080/web/index.php/api/v2/recruitment/candidates,26897,0,1
1768483615272,26812,Create Candidate Request,401,Unauthorized,Candidate Creation Thread Group 1-514,text,false,,261,494,992,992,http://localhost:8080/web/index.php/api/v2/recruitment/candidates,26812,0,1
1768483615283,26892,Create Candidate Request,401,Unauthorized,Candidate Creation Thread Group 1-430,text,false,,261,494,992,992,http://localhost:8080/web/index.php/api/v2/recruitment/candidates,26892,0,0
1768483615378,26802,Create Candidate Request,401,Unauthorized,Candidate Creation Thread Group 1-401,text,false,,261,494,992,992,http://localhost:8080/web/index.php/api/v2/recruitment/candidates,26801,0,1
1768483615473,26798,Create Candidate Request,401,Unauthorized,Candidate Creation Thread Group 1-428,text,false,,261,494,992,992,http://localhost:8080/web/index.php/api/v2/recruitment/candidates,26798,0,1
1768483615570,26706,Create Candidate Request,401,Unauthorized,Candidate Creation Thread Group 1-508,text,false,,261,494,992,992,http://localhost:8080/web/index.php/api/v2/recruitment/candidates,26706,0,3
1768483615583,26787,Create Candidate Request,401,Unauthorized,Candidate Creation Thread Group 1-420,text,false,,261,494,992,992,http://localhost:8080/web/index.php/api/v2/recruitment/candidates,26704,0,1
1768483617674,24700,Create Candidate Request,401,Unauthorized,Candidate Creation Thread Group 1-654,text,false,,261,494,992,992,http://localhost:8080/web/index.php/api/v2/recruitment/candidates,24700,0,0
1768483617582,24798,Create Candidate Request,401,Unauthorized,Candidate Creation Thread Group 1-635,text,false,,261,494,992,992,http://localhost:8080/web/index.php/api/v2/recruitment/candidates,24798,0,1
1768483605795,36675,Create Candidate Request,401,Unauthorized,Candidate Creation Thread Group 1-994,text,false,,261,494,992,992,http://localhost:8080/web/index.php/api/v2/recruitment/candidates,36675,0,0
1768483617683,24794,Create Candidate Request,401,Unauthorized,Candidate Creation Thread Group 1-624,text,false,,261,494,992,992,http://localhost:8080/web/index.php/api/v2/recruitment/candidates,24792,0,0
1768483617877,24604,Create Candidate Request,401,Unauthorized,Candidate Creation Thread Group 1-159,text,false,,261,494,992,992,http://localhost:8080/web/index.php/api/v2/recruitment/candidates,24604,0,0
1768483617870,24701,Create Candidate Request,401,Unauthorized,Candidate Creation Thread Group 1-160,text,false,,261,494,991,991,http://localhost:8080/web/index.php/api/v2/recruitment/candidates,24700,0,1
1768483617881,24695,Create Candidate Request,401,Unauthorized,Candidate Creation Thread Group 1-642,text,false,,261,494,990,990,http://localhost:8080/web/index.php/api/v2/recruitment/candidates,24694,0,0
1768483617975,24614,Create Candidate Request,401,Unauthorized,Candidate Creation Thread Group 1-645,text,false,,261,494,990,990,http://localhost:8080/web/index.php/api/v2/recruitment/candidates,24614,0,0
1768483470288,172361,Create Candidate Request,Non HTTP response code: org.apache.http.NoHttpResponseException,Non HTTP response message: localhost:8080 failed to respond,Candidate Creation Thread Group 1-791,text,false,,2057,0,990,990,http://localhost:8080/web/index.php/api/v2/recruitment/candidates,0,0,0
1768483470289,172360,Create Candidate Request,Non HTTP response code: org.apache.http.NoHttpResponseException,Non HTTP response message: localhost:8080 failed to respond,Candidate Creation Thread Group 1-792,text,false,,2057,0,990,990,http://localhost:8080/web/index.php/api/v2/recruitment/candidates,0,0,0
1768483470310,172339,Create Candidate Request,Non HTTP response code: org.apache.http.NoHttpResponseException,Non HTTP response message: localhost:8080 failed to respond,Candidate Creation Thread Group 1-803,text,false,,2057,0,990,990,http://localhost:8080/web/index.php/api/v2/recruitment/candidates,0,0,0
1768483470295,172355,Create Candidate Request,Non HTTP response code: org.apache.http.NoHttpResponseException,Non HTTP response message: localhost:8080 failed to respond,Candidate Creation Thread Group 1-795,text,false,,2057,0,990,990,http://localhost:8080/web/index.php/api/v2/recruitment/candidates,0,0,0
1768483470194,172456,Create Candidate Request,Non HTTP response code: org.apache.http.NoHttpResponseException,Non HTTP response message: localhost:8080 failed to respond,Candidate Creation Thread Group 1-744,text,false,,2057,0,990,990,http://localhost:8080/web/index.php/api/v2/recruitment/candidates,0,0,0
1768483470196,172454,Create Candidate Request,Non HTTP response code: org.apache.http.NoHttpResponseException,Non HTTP response message: localhost:8080 failed to respond,Candidate Creation Thread Group 1-746,text,false,,2057,0,990,990,http://localhost:8080/web/index.php/api/v2/recruitment/candidates,0,0,1
1768483470293,172357,Create Candidate Request,Non HTTP response code: org.apache.http.NoHttpResponseException,Non HTTP response message: localhost:8080 failed to respond,Candidate Creation Thread Group 1-794,text,false,,2057,0,990,990,http://localhost:8080/web/index.php/api/v2/recruitment/candidates,0,0,0
1768483470317,172333,Create Candidate Request,Non HTTP response code: org.apache.http.NoHttpResponseException,Non HTTP response message: localhost:8080 failed to respond,Candidate Creation Thread Group 1-806,text,false,,2057,0,990,990,http://localhost:8080/web/index.php/api/v2/recruitment/candidates,0,0,0
1768483470308,172342,Create Candidate Request,Non HTTP response code: org.apache.http.NoHttpResponseException,Non HTTP response message: localhost:8080 failed to respond,Candidate Creation Thread Group 1-799,text,false,,2057,0,990,990,http://localhost:8080/web/index.php/api/v2/recruitment/candidates,0,0,0
1768483470319,172331,Create Candidate Request,Non HTTP response code: org.apache.http.NoHttpResponseException,Non HTTP response message: localhost:8080 failed to respond,Candidate Creation Thread Group 1-807,text,false,,2057,0,990,990,http://localhost:8080/web/index.php/api/v2/recruitment/candidates,0,0,0
1768483617971,24700,Create Candidate Request,401,Unauthorized,Candidate Creation Thread Group 1-644,text,false,,261,494,990,990,http://localhost:8080/web/index.php/api/v2/recruitment/candidates,24700,0,0
1768483616181,26496,Create Candidate Request,401,Unauthorized,Candidate Creation Thread Group 1-533,text,false,,261,491,990,990,http://localhost:8080/web/index.php/api/v2/recruitment/candidates,26496,0,0
1768483616273,26499,Create Candidate Request,401,Unauthorized,Candidate Creation Thread Group 1-576,text,false,,261,491,990,990,http://localhost:8080/web/index.php/api/v2/recruitment/candidates,26497,0,1
1768483616279,26591,Create Candidate Request,401,Unauthorized,Candidate Creation Thread Group 1-785,text,false,,261,491,990,990,http://localhost:8080/web/index.php/api/v2/recruitment/candidates,26505,0,0
1768483616378,26497,Create Candidate Request,401,Unauthorized,Candidate Creation Thread Group 1-519,text,false,,261,491,990,990,http://localhost:8080/web/index.php/api/v2/recruitment/candidates,26497,0,1
1768483616372,26600,Create Candidate Request,401,Unauthorized,Candidate Creation Thread Group 1-456,text,false,,261,491,990,990,http://localhost:8080/web/index.php/api/v2/recruitment/candidates,26599,0,7
1768483617278,25702,Create Candidate Request,401,Unauthorized,Candidate Creation Thread Group 1-636,text,false,,261,494,990,990,http://localhost:8080/web/index.php/api/v2/recruitment/candidates,25701,0,0
1768483616385,26688,Create Candidate Request,401,Unauthorized,Candidate Creation Thread Group 1-536,text,false,,261,491,990,990,http://localhost:8080/web/index.php/api/v2/recruitment/candidates,26688,0,1
1768483616474,26606,Create Candidate Request,401,Unauthorized,Candidate Creation Thread Group 1-845,text,false,,261,494,990,990,http://localhost:8080/web/index.php/api/v2/recruitment/candidates,26604,0,0
1768483616478,26693,Create Candidate Request,401,Unauthorized,Candidate Creation Thread Group 1-541,text,false,,261,494,990,990,http://localhost:8080/web/index.php/api/v2/recruitment/candidates,26693,0,1
1768483616575,26601,Create Candidate Request,401,Unauthorized,Candidate Creation Thread Group 1-99,text,false,,261,494,990,990,http://localhost:8080/web/index.php/api/v2/recruitment/candidates,26601,0,2
1768483616484,26699,Create Candidate Request,401,Unauthorized,Candidate Creation Thread Group 1-544,text,false,,261,494,989,989,http://localhost:8080/web/index.php/api/v2/recruitment/candidates,26698,0,1
1768483618171,25100,Create Candidate Request,401,Unauthorized,Candidate Creation Thread Group 1-646,text,false,,261,494,989,989,http://localhost:8080/web/index.php/api/v2/recruitment/candidates,25100,0,0
1768483616597,26779,Create Candidate Request,401,Unauthorized,Candidate Creation Thread Group 1-525,text,false,,261,494,989,989,http://localhost:8080/web/index.php/api/v2/recruitment/candidates,26776,0,0
1768483618292,25179,Create Candidate Request,401,Unauthorized,Candidate Creation Thread Group 1-650,text,false,,261,491,989,989,http://localhost:8080/web/index.php/api/v2/recruitment/candidates,25179,0,0
1768483616685,26790,Create Candidate Request,401,Unauthorized,Candidate Creation Thread Group 1-51,text,false,,261,494,989,989,http://localhost:8080/web/index.php/api/v2/recruitment/candidates,26790,0,0
1768483616676,26804,Create Candidate Request,401,Unauthorized,Candidate Creation Thread Group 1-144,text,false,,261,494,988,988,http://localhost:8080/web/index.php/api/v2/recruitment/candidates,26803,0,0
1768483616673,26900,Create Candidate Request,401,Unauthorized,Candidate Creation Thread Group 1-249,text,false,,261,494,988,988,http://localhost:8080/web/index.php/api/v2/recruitment/candidates,26900,0,0
1768483616775,26806,Create Candidate Request,401,Unauthorized,Candidate Creation Thread Group 1-48,text,false,,261,494,988,988,http://localhost:8080/web/index.php/api/v2/recruitment/candidates,26804,0,0
1768483616780,26892,Create Candidate Request,401,Unauthorized,Candidate Creation Thread Group 1-605,text,false,,261,494,987,987,http://localhost:8080/web/index.php/api/v2/recruitment/candidates,26891,0,0
1768483616871,26809,Create Candidate Request,401,Unauthorized,Candidate Creation Thread Group 1-611,text,false,,261,494,987,987,http://localhost:8080/web/index.php/api/v2/recruitment/candidates,26809,0,0
1768483616876,26896,Create Candidate Request,401,Unauthorized,Candidate Creation Thread Group 1-607,text,false,,261,494,987,987,http://localhost:8080/web/index.php/api/v2/recruitment/candidates,26896,0,1
1768483616881,26898,Create Candidate Request,401,Unauthorized,Candidate Creation Thread Group 1-608,text,false,,261,494,987,987,http://localhost:8080/web/index.php/api/v2/recruitment/candidates,26898,0,1
1768483616888,26985,Create Candidate Request,401,Unauthorized,Candidate Creation Thread Group 1-123,text,false,,261,494,987,987,http://localhost:8080/web/index.php/api/v2/recruitment/candidates,26984,0,0
1768483617386,26492,Create Candidate Request,401,Unauthorized,Candidate Creation Thread Group 1-643,text,false,,261,494,986,986,http://localhost:8080/web/index.php/api/v2/recruitment/candidates,26492,0,0
1768483617180,26798,Create Candidate Request,401,Unauthorized,Candidate Creation Thread Group 1-175,text,false,,261,494,986,986,http://localhost:8080/web/index.php/api/v2/recruitment/candidates,26797,0,1
1768483612381,31689,Create Candidate Request,401,Unauthorized,Candidate Creation Thread Group 1-856,text,false,,261,491,985,985,http://localhost:8080/web/index.php/api/v2/recruitment/candidates,31689,0,1
1768483612472,31603,Create Candidate Request,401,Unauthorized,Candidate Creation Thread Group 1-682,text,false,,261,494,985,985,http://localhost:8080/web/index.php/api/v2/recruitment/candidates,31603,0,0
1768483612482,31600,Create Candidate Request,401,Unauthorized,Candidate Creation Thread Group 1-475,text,false,,261,494,985,985,http://localhost:8080/web/index.php/api/v2/recruitment/candidates,31600,0,0
1768483612475,31699,Create Candidate Request,401,Unauthorized,Candidate Creation Thread Group 1-503,text,false,,261,494,985,985,http://localhost:8080/web/index.php/api/v2/recruitment/candidates,31698,0,1
1768483617285,26898,Create Candidate Request,401,Unauthorized,Candidate Creation Thread Group 1-116,text,false,,261,494,985,985,http://localhost:8080/web/index.php/api/v2/recruitment/candidates,26898,0,0
1768483612580,31692,Create Candidate Request,401,Unauthorized,Candidate Creation Thread Group 1-621,text,false,,261,494,984,984,http://localhost:8080/web/index.php/api/v2/recruitment/candidates,31692,0,0
1768483612671,31700,Create Candidate Request,401,Unauthorized,Candidate Creation Thread Group 1-504,text,false,,261,494,984,984,http://localhost:8080/web/index.php/api/v2/recruitment/candidates,31699,0,0
1768483612972,31411,Create Candidate Request,401,Unauthorized,Candidate Creation Thread Group 1-352,text,false,,261,494,984,984,http://localhost:8080/web/index.php/api/v2/recruitment/candidates,31410,0,0
1768483612675,31709,Create Candidate Request,401,Unauthorized,Candidate Creation Thread Group 1-469,text,false,,261,494,984,984,http://localhost:8080/web/index.php/api/v2/recruitment/candidates,31701,0,0
1768483612984,31489,Create Candidate Request,401,Unauthorized,Candidate Creation Thread Group 1-689,text,false,,261,494,984,984,http://localhost:8080/web/index.php/api/v2/recruitment/candidates,31488,0,0
1768483608978,35503,Create Candidate Request,401,Unauthorized,Candidate Creation Thread Group 1-459,text,false,,261,494,984,984,http://localhost:8080/web/index.php/api/v2/recruitment/candidates,35501,0,0
1768483613073,31499,Create Candidate Request,401,Unauthorized,Candidate Creation Thread Group 1-493,text,false,,261,494,984,984,http://localhost:8080/web/index.php/api/v2/recruitment/candidates,31498,0,0
1768483613177,31403,Create Candidate Request,401,Unauthorized,Candidate Creation Thread Group 1-507,text,false,,261,494,984,984,http://localhost:8080/web/index.php/api/v2/recruitment/candidates,31403,0,0
1768483613184,31401,Create Candidate Request,401,Unauthorized,Candidate Creation Thread Group 1-372,text,false,,261,494,984,984,http://localhost:8080/web/index.php/api/v2/recruitment/candidates,31401,0,1
1768483613274,31398,Create Candidate Request,401,Unauthorized,Candidate Creation Thread Group 1-554,text,false,,261,494,984,984,http://localhost:8080/web/index.php/api/v2/recruitment/candidates,31397,0,1
1768483613281,31400,Create Candidate Request,401,Unauthorized,Candidate Creation Thread Group 1-495,text,false,,261,494,984,984,http://localhost:8080/web/index.php/api/v2/recruitment/candidates,31399,0,1
1768483610272,34416,Create Candidate Request,401,Unauthorized,Candidate Creation Thread Group 1-478,text,false,,261,494,984,984,http://localhost:8080/web/index.php/api/v2/recruitment/candidates,34415,0,0
1768483613375,31399,Create Candidate Request,401,Unauthorized,Candidate Creation Thread Group 1-610,text,false,,261,494,984,984,http://localhost:8080/web/index.php/api/v2/recruitment/candidates,31398,0,0
1768483605796,39077,Create Candidate Request,401,Unauthorized,Candidate Creation Thread Group 1-787,text,false,,261,494,984,984,http://localhost:8080/web/index.php/api/v2/recruitment/candidates,39075,0,16
1768483613382,31594,Create Candidate Request,401,Unauthorized,Candidate Creation Thread Group 1-376,text,false,,261,494,984,984,http://localhost:8080/web/index.php/api/v2/recruitment/candidates,31593,0,0
1768483613473,31598,Create Candidate Request,401,Unauthorized,Candidate Creation Thread Group 1-375,text,false,,261,494,984,984,http://localhost:8080/web/index.php/api/v2/recruitment/candidates,31597,0,0
1768483613482,31602,Create Candidate Request,401,Unauthorized,Candidate Creation Thread Group 1-485,text,false,,261,494,984,984,http://localhost:8080/web/index.php/api/v2/recruitment/candidates,31602,0,0
1768483621784,23392,Create Candidate Request,401,Unauthorized,Candidate Creation Thread Group 1-104,text,false,,261,494,984,984,http://localhost:8080/web/index.php/api/v2/recruitment/candidates,23391,0,2
1768483617085,28100,Create Candidate Request,401,Unauthorized,Candidate Creation Thread Group 1-617,text,false,,261,494,983,983,http://localhost:8080/web/index.php/api/v2/recruitment/candidates,28100,0,1
1768483621881,23389,Create Candidate Request,401,Unauthorized,Candidate Creation Thread Group 1-587,text,false,,261,494,983,983,http://localhost:8080/web/index.php/api/v2/recruitment/candidates,23388,0,0
1768483621972,23303,Create Candidate Request,401,Unauthorized,Candidate Creation Thread Group 1-586,text,false,,261,494,983,983,http://localhost:8080/web/index.php/api/v2/recruitment/candidates,23302,0,3
1768483618175,27108,Create Candidate Request,401,Unauthorized,Candidate Creation Thread Group 1-39,text,false,,261,494,983,983,http://localhost:8080/web/index.php/api/v2/recruitment/candidates,27106,0,0
1768483618179,27192,Create Candidate Request,401,Unauthorized,Candidate Creation Thread Group 1-647,text,false,,261,494,982,982,http://localhost:8080/web/index.php/api/v2/recruitment/candidates,27192,0,0
1768483613582,31793,Create Candidate Request,401,Unauthorized,Candidate Creation Thread Group 1-673,text,false,,261,494,982,982,http://localhost:8080/web/index.php/api/v2/recruitment/candidates,31792,0,1
1768483606180,39203,Create Candidate Request,401,Unauthorized,Candidate Creation Thread Group 1-396,text,false,,261,494,982,982,http://localhost:8080/web/index.php/api/v2/recruitment/candidates,39202,0,0
1768483617077,28398,Create Candidate Request,401,Unauthorized,Candidate Creation Thread Group 1-285,text,false,,261,494,982,982,http://localhost:8080/web/index.php/api/v2/recruitment/candidates,28398,0,0
1768483609500,35985,Create Candidate Request,401,Unauthorized,Candidate Creation Thread Group 1-463,text,false,,261,491,981,981,http://localhost:8080/web/index.php/api/v2/recruitment/candidates,35985,0,0
1768483613675,31901,Create Candidate Request,401,Unauthorized,Candidate Creation Thread Group 1-472,text,false,,261,494,981,981,http://localhost:8080/web/index.php/api/v2/recruitment/candidates,31901,0,0
1768483613683,31996,Create Candidate Request,401,Unauthorized,Candidate Creation Thread Group 1-384,text,false,,261,494,981,981,http://localhost:8080/web/index.php/api/v2/recruitment/candidates,31995,0,1
1768483613774,31999,Create Candidate Request,401,Unauthorized,Candidate Creation Thread Group 1-451,text,false,,261,494,981,981,http://localhost:8080/web/index.php/api/v2/recruitment/candidates,31998,0,1
1768483613782,31996,Create Candidate Request,401,Unauthorized,Candidate Creation Thread Group 1-383,text,false,,261,494,981,981,http://localhost:8080/web/index.php/api/v2/recruitment/candidates,31996,0,1
1768483613876,31995,Create Candidate Request,401,Unauthorized,Candidate Creation Thread Group 1-407,text,false,,261,494,981,981,http://localhost:8080/web/index.php/api/v2/recruitment/candidates,31994,0,0
1768483613971,31904,Create Candidate Request,401,Unauthorized,Candidate Creation Thread Group 1-363,text,false,,261,494,981,981,http://localhost:8080/web/index.php/api/v2/recruitment/candidates,31904,0,0
1768483613975,31909,Create Candidate Request,401,Unauthorized,Candidate Creation Thread Group 1-410,text,false,,261,494,981,981,http://localhost:8080/web/index.php/api/v2/recruitment/candidates,31909,0,0
1768483609883,36090,Create Candidate Request,401,Unauthorized,Candidate Creation Thread Group 1-28,text,false,,261,491,981,981,http://localhost:8080/web/index.php/api/v2/recruitment/candidates,36089,0,0
1768483614070,31907,Create Candidate Request,401,Unauthorized,Candidate Creation Thread Group 1-361,text,false,,261,491,981,981,http://localhost:8080/web/index.php/api/v2/recruitment/candidates,31907,0,1
1768483614172,31813,Create Candidate Request,401,Unauthorized,Candidate Creation Thread Group 1-487,text,false,,261,491,981,981,http://localhost:8080/web/index.php/api/v2/recruitment/candidates,31813,0,0
1768483605471,40601,Create Candidate Request,401,Unauthorized,Candidate Creation Thread Group 1-196,text,false,,261,494,981,981,http://localhost:8080/web/index.php/api/v2/recruitment/candidates,40601,0,1
1768483598073,48009,Create Candidate Request,401,Unauthorized,Candidate Creation Thread Group 1-261,text,false,,261,494,981,981,http://localhost:8080/web/index.php/api/v2/recruitment/candidates,48008,0,1
1768483605673,40499,Create Candidate Request,401,Unauthorized,Candidate Creation Thread Group 1-415,text,false,,261,494,981,981,http://localhost:8080/web/index.php/api/v2/recruitment/candidates,40498,0,1
1768483605771,40407,Create Candidate Request,401,Unauthorized,Candidate Creation Thread Group 1-119,text,false,,261,494,981,981,http://localhost:8080/web/index.php/api/v2/recruitment/candidates,40407,0,0
1768483605882,40300,Create Candidate Request,401,Unauthorized,Candidate Creation Thread Group 1-368,text,false,,261,494,981,981,http://localhost:8080/web/index.php/api/v2/recruitment/candidates,40299,0,1
1768483605782,40490,Create Candidate Request,401,Unauthorized,Candidate Creation Thread Group 1-369,text,false,,261,494,981,981,http://localhost:8080/web/index.php/api/v2/recruitment/candidates,40490,0,0
1768483605982,40295,Create Candidate Request,401,Unauthorized,Candidate Creation Thread Group 1-367,text,false,,261,494,981,981,http://localhost:8080/web/index.php/api/v2/recruitment/candidates,40295,0,1
1768483598875,47497,Create Candidate Request,401,Unauthorized,Candidate Creation Thread Group 1-18,text,false,,261,494,981,981,http://localhost:8080/web/index.php/api/v2/recruitment/candidates,47496,0,0
1768483606274,40104,Create Candidate Request,401,Unauthorized,Candidate Creation Thread Group 1-293,text,false,,261,494,981,981,http://localhost:8080/web/index.php/api/v2/recruitment/candidates,40104,0,0
1768483606169,40303,Create Candidate Request,401,Unauthorized,Candidate Creation Thread Group 1-292,text,false,,261,494,981,981,http://localhost:8080/web/index.php/api/v2/recruitment/candidates,40303,0,1
1768483601180,45298,Create Candidate Request,401,Unauthorized,Candidate Creation Thread Group 1-790,text,false,,261,494,981,981,http://localhost:8080/web/index.php/api/v2/recruitment/candidates,45298,0,0
1768483606472,40107,Create Candidate Request,401,Unauthorized,Candidate Creation Thread Group 1-203,text,false,,261,494,981,981,http://localhost:8080/web/index.php/api/v2/recruitment/candidates,40104,0,1
1768483605375,41298,Create Candidate Request,401,Unauthorized,Candidate Creation Thread Group 1-195,text,false,,261,494,981,981,http://localhost:8080/web/index.php/api/v2/recruitment/candidates,41297,0,0
1768483512971,133774,Create Candidate Request,Non HTTP response code: java.net.SocketException,Non HTTP response message: Connection reset,Candidate Creation Thread Group 1-417,text,false,,2437,0,981,981,http://localhost:8080/web/index.php/api/v2/recruitment/candidates,0,0,1
1768483607682,39089,Create Candidate Request,401,Unauthorized,Candidate Creation Thread Group 1-225,text,false,,261,494,981,981,http://localhost:8080/web/index.php/api/v2/recruitment/candidates,39088,0,0
1768483606572,40212,Create Candidate Request,401,Unauthorized,Candidate Creation Thread Group 1-326,text,false,,261,494,981,981,http://localhost:8080/web/index.php/api/v2/recruitment/candidates,40211,0,1
1768483623271,23602,Create Candidate Request,401,Unauthorized,Candidate Creation Thread Group 1-11,text,false,,261,494,981,981,http://localhost:8080/web/index.php/api/v2/recruitment/candidates,23602,0,0
1768483618676,28296,Create Candidate Request,401,Unauthorized,Candidate Creation Thread Group 1-132,text,false,,261,494,980,980,http://localhost:8080/web/index.php/api/v2/recruitment/candidates,28296,0,1
1768483618774,28202,Create Candidate Request,401,Unauthorized,Candidate Creation Thread Group 1-696,text,false,,261,494,979,979,http://localhost:8080/web/index.php/api/v2/recruitment/candidates,28202,0,0
1768483618881,28191,Create Candidate Request,401,Unauthorized,Candidate Creation Thread Group 1-134,text,false,,261,494,979,979,http://localhost:8080/web/index.php/api/v2/recruitment/candidates,28189,0,1
1768483618781,28297,Create Candidate Request,401,Unauthorized,Candidate Creation Thread Group 1-44,text,false,,261,494,979,979,http://localhost:8080/web/index.php/api/v2/recruitment/candidates,28297,0,0
1768483618876,28207,Create Candidate Request,401,Unauthorized,Candidate Creation Thread Group 1-649,text,false,,261,494,978,978,http://localhost:8080/web/index.php/api/v2/recruitment/candidates,28206,0,1
1768483618972,28199,Create Candidate Request,401,Unauthorized,Candidate Creation Thread Group 1-652,text,false,,261,494,978,978,http://localhost:8080/web/index.php/api/v2/recruitment/candidates,28116,0,1
1768483618977,28196,Create Candidate Request,401,Unauthorized,Candidate Creation Thread Group 1-656,text,false,,261,494,978,978,http://localhost:8080/web/index.php/api/v2/recruitment/candidates,28196,0,0
1768483618983,28197,Create Candidate Request,401,Unauthorized,Candidate Creation Thread Group 1-597,text,false,,261,494,978,978,http://localhost:8080/web/index.php/api/v2/recruitment/candidates,28197,0,0
1768483619073,28199,Create Candidate Request,401,Unauthorized,Candidate Creation Thread Group 1-659,text,false,,261,494,978,978,http://localhost:8080/web/index.php/api/v2/recruitment/candidates,28198,0,0
1768483619083,28198,Create Candidate Request,401,Unauthorized,Candidate Creation Thread Group 1-657,text,false,,261,494,978,978,http://localhost:8080/web/index.php/api/v2/recruitment/candidates,28197,0,1
1768483619172,28199,Create Candidate Request,401,Unauthorized,Candidate Creation Thread Group 1-616,text,false,,261,494,978,978,http://localhost:8080/web/index.php/api/v2/recruitment/candidates,28199,0,1
1768483619272,28107,Create Candidate Request,401,Unauthorized,Candidate Creation Thread Group 1-581,text,false,,261,494,978,978,http://localhost:8080/web/index.php/api/v2/recruitment/candidates,28107,0,0
1768483613872,33608,Create Candidate Request,401,Unauthorized,Candidate Creation Thread Group 1-404,text,false,,261,494,978,978,http://localhost:8080/web/index.php/api/v2/recruitment/candidates,33607,0,0
1768483619277,28306,Create Candidate Request,401,Unauthorized,Candidate Creation Thread Group 1-57,text,false,,261,494,978,978,http://localhost:8080/web/index.php/api/v2/recruitment/candidates,28305,0,0
1768483619281,28392,Create Candidate Request,401,Unauthorized,Candidate Creation Thread Group 1-634,text,false,,261,494,977,977,http://localhost:8080/web/index.php/api/v2/recruitment/candidates,28391,0,0
1768483619372,28305,Create Candidate Request,401,Unauthorized,Candidate Creation Thread Group 1-164,text,false,,261,494,977,977,http://localhost:8080/web/index.php/api/v2/recruitment/candidates,28305,0,0
1768483619382,28394,Create Candidate Request,401,Unauthorized,Candidate Creation Thread Group 1-556,text,false,,261,494,976,976,http://localhost:8080/web/index.php/api/v2/recruitment/candidates,28393,0,0
1768483614285,33593,Create Candidate Request,401,Unauthorized,Candidate Creation Thread Group 1-419,text,false,,261,494,976,976,http://localhost:8080/web/index.php/api/v2/recruitment/candidates,33590,0,1
1768483619473,28500,Create Candidate Request,401,Unauthorized,Candidate Creation Thread Group 1-949,text,false,,261,494,976,976,http://localhost:8080/web/index.php/api/v2/recruitment/candidates,28499,0,0
1768483619479,28501,Create Candidate Request,401,Unauthorized,Candidate Creation Thread Group 1-154,text,false,,261,494,976,976,http://localhost:8080/web/index.php/api/v2/recruitment/candidates,28500,0,0
1768483619580,28496,Create Candidate Request,401,Unauthorized,Candidate Creation Thread Group 1-612,text,false,,261,494,975,975,http://localhost:8080/web/index.php/api/v2/recruitment/candidates,28496,0,1
1768483619588,28583,Create Candidate Request,401,Unauthorized,Candidate Creation Thread Group 1-687,text,false,,261,494,975,975,http://localhost:8080/web/index.php/api/v2/recruitment/candidates,28583,0,1
1768483619673,28505,Create Candidate Request,401,Unauthorized,Candidate Creation Thread Group 1-41,text,false,,261,494,975,975,http://localhost:8080/web/index.php/api/v2/recruitment/candidates,28504,0,0
1768483619677,28596,Create Candidate Request,401,Unauthorized,Candidate Creation Thread Group 1-37,text,false,,261,494,974,974,http://localhost:8080/web/index.php/api/v2/recruitment/candidates,28595,0,1
1768483617678,30600,Create Candidate Request,401,Unauthorized,Candidate Creation Thread Group 1-591,text,false,,261,494,973,973,http://localhost:8080/web/index.php/api/v2/recruitment/candidates,30600,0,0
1768483619772,28602,Create Candidate Request,401,Unauthorized,Candidate Creation Thread Group 1-662,text,false,,261,494,973,973,http://localhost:8080/web/index.php/api/v2/recruitment/candidates,28598,0,1
1768483619782,28596,Create Candidate Request,401,Unauthorized,Candidate Creation Thread Group 1-414,text,false,,261,494,973,973,http://localhost:8080/web/index.php/api/v2/recruitment/candidates,28595,0,1
1768483619777,28694,Create Candidate Request,401,Unauthorized,Candidate Creation Thread Group 1-158,text,false,,261,494,973,973,http://localhost:8080/web/index.php/api/v2/recruitment/candidates,28693,0,0
1768483619971,28599,Create Candidate Request,401,Unauthorized,Candidate Creation Thread Group 1-546,text,false,,261,494,973,973,http://localhost:8080/web/index.php/api/v2/recruitment/candidates,28598,0,2
1768483619985,28591,Create Candidate Request,401,Unauthorized,Candidate Creation Thread Group 1-677,text,false,,261,494,973,973,http://localhost:8080/web/index.php/api/v2/recruitment/candidates,28591,0,0
1768483619977,28693,Create Candidate Request,401,Unauthorized,Candidate Creation Thread Group 1-550,text,false,,261,494,973,973,http://localhost:8080/web/index.php/api/v2/recruitment/candidates,28612,0,0
1768483622076,26598,Create Candidate Request,401,Unauthorized,Candidate Creation Thread Group 1-655,text,false,,261,494,973,973,http://localhost:8080/web/index.php/api/v2/recruitment/candidates,26597,0,0
1768483616985,31787,Create Candidate Request,401,Unauthorized,Candidate Creation Thread Group 1-511,text,false,,261,494,973,973,http://localhost:8080/web/index.php/api/v2/recruitment/candidates,31786,0,0
1768483620079,28790,Create Candidate Request,401,Unauthorized,Candidate Creation Thread Group 1-679,text,false,,261,494,973,973,http://localhost:8080/web/index.php/api/v2/recruitment/candidates,28707,0,0
1768483620084,28790,Create Candidate Request,401,Unauthorized,Candidate Creation Thread Group 1-553,text,false,,261,494,973,973,http://localhost:8080/web/index.php/api/v2/recruitment/candidates,28790,0,0
1768483622082,26888,Create Candidate Request,401,Unauthorized,Candidate Creation Thread Group 1-405,text,false,,261,494,973,973,http://localhost:8080/web/index.php/api/v2/recruitment/candidates,26801,0,0
1768483620173,28801,Create Candidate Request,401,Unauthorized,Candidate Creation Thread Group 1-560,text,false,,261,494,973,973,http://localhost:8080/web/index.php/api/v2/recruitment/candidates,28801,0,0
1768483620178,28803,Create Candidate Request,401,Unauthorized,Candidate Creation Thread Group 1-520,text,false,,261,494,973,973,http://localhost:8080/web/index.php/api/v2/recruitment/candidates,28802,0,0
1768483587174,61899,Create Candidate Request,401,Unauthorized,Candidate Creation Thread Group 1-79,text,false,,261,491,973,973,http://localhost:8080/web/index.php/api/v2/recruitment/candidates,61899,0,0
1768483620185,28899,Create Candidate Request,401,Unauthorized,Candidate Creation Thread Group 1-255,text,false,,261,494,973,973,http://localhost:8080/web/index.php/api/v2/recruitment/candidates,28898,0,0
1768483620281,28893,Create Candidate Request,401,Unauthorized,Candidate Creation Thread Group 1-563,text,false,,261,494,973,973,http://localhost:8080/web/index.php/api/v2/recruitment/candidates,28893,0,0
1768483620272,28908,Create Candidate Request,401,Unauthorized,Candidate Creation Thread Group 1-562,text,false,,261,494,973,973,http://localhost:8080/web/index.php/api/v2/recruitment/candidates,28906,0,1
1768483605795,43476,Create Candidate Request,401,Unauthorized,Candidate Creation Thread Group 1-970,text,false,,261,494,973,973,http://localhost:8080/web/index.php/api/v2/recruitment/candidates,43476,0,0
1768483605796,43575,Create Candidate Request,401,Unauthorized,Candidate Creation Thread Group 1-993,text,false,,261,494,973,973,http://localhost:8080/web/index.php/api/v2/recruitment/candidates,43575,0,15
1768483620389,29085,Create Candidate Request,401,Unauthorized,Candidate Creation Thread Group 1-84,text,false,,261,491,973,973,http://localhost:8080/web/index.php/api/v2/recruitment/candidates,29085,0,0
1768483620389,29088,Create Candidate Request,401,Unauthorized,Candidate Creation Thread Group 1-1,text,false,,261,491,973,973,http://localhost:8080/web/index.php/api/v2/recruitment/candidates,29086,0,0
1768483620572,28915,Create Candidate Request,401,Unauthorized,Candidate Creation Thread Group 1-566,text,false,,261,491,971,971,http://localhost:8080/web/index.php/api/v2/recruitment/candidates,28915,0,1
1768483615479,34096,Create Candidate Request,401,Unauthorized,Candidate Creation Thread Group 1-515,text,false,,261,494,971,971,http://localhost:8080/web/index.php/api/v2/recruitment/candidates,34096,0,0
1768483622173,27407,Create Candidate Request,401,Unauthorized,Candidate Creation Thread Group 1-551,text,false,,261,494,971,971,http://localhost:8080/web/index.php/api/v2/recruitment/candidates,27406,0,0
1768483619574,30012,Create Candidate Request,401,Unauthorized,Candidate Creation Thread Group 1-943,text,false,,261,494,971,971,http://localhost:8080/web/index.php/api/v2/recruitment/candidates,30011,0,1
1768483620580,29093,Create Candidate Request,401,Unauthorized,Candidate Creation Thread Group 1-96,text,false,,261,491,971,971,http://localhost:8080/web/index.php/api/v2/recruitment/candidates,29091,0,1
1768483620778,28903,Create Candidate Request,401,Unauthorized,Candidate Creation Thread Group 1-115,text,false,,261,491,970,970,http://localhost:8080/web/index.php/api/v2/recruitment/candidates,28902,0,0
1768483619785,29986,Create Candidate Request,401,Unauthorized,Candidate Creation Thread Group 1-702,text,false,,261,494,969,969,http://localhost:8080/web/index.php/api/v2/recruitment/candidates,29985,0,0
1768483620875,28901,Create Candidate Request,401,Unauthorized,Candidate Creation Thread Group 1-38,text,false,,261,494,969,969,http://localhost:8080/web/index.php/api/v2/recruitment/candidates,28901,0,0
1768483620871,29001,Create Candidate Request,401,Unauthorized,Candidate Creation Thread Group 1-572,text,false,,261,494,968,968,http://localhost:8080/web/index.php/api/v2/recruitment/candidates,28999,0,0
1768483620884,29086,Create Candidate Request,401,Unauthorized,Candidate Creation Thread Group 1-102,text,false,,261,494,968,968,http://localhost:8080/web/index.php/api/v2/recruitment/candidates,29086,0,0
1768483620879,29096,Create Candidate Request,401,Unauthorized,Candidate Creation Thread Group 1-47,text,false,,261,494,968,968,http://localhost:8080/web/index.php/api/v2/recruitment/candidates,29095,0,0
1768483620977,29006,Create Candidate Request,401,Unauthorized,Candidate Creation Thread Group 1-172,text,false,,261,494,966,966,http://localhost:8080/web/index.php/api/v2/recruitment/candidates,29005,0,0
1768483620980,29099,Create Candidate Request,401,Unauthorized,Candidate Creation Thread Group 1-142,text,false,,261,494,965,965,http://localhost:8080/web/index.php/api/v2/recruitment/candidates,29099,0,0
1768483621077,29010,Create Candidate Request,401,Unauthorized,Candidate Creation Thread Group 1-74,text,false,,261,494,964,964,http://localhost:8080/web/index.php/api/v2/recruitment/candidates,29010,0,0
1768483625874,24297,Create Candidate Request,401,Unauthorized,Candidate Creation Thread Group 1-14,text,false,,261,494,963,963,http://localhost:8080/web/index.php/api/v2/recruitment/candidates,24297,0,0
1768483625784,24392,Create Candidate Request,401,Unauthorized,Candidate Creation Thread Group 1-129,text,false,,261,494,962,962,http://localhost:8080/web/index.php/api/v2/recruitment/candidates,24392,0,0
1768483621071,29113,Create Candidate Request,401,Unauthorized,Candidate Creation Thread Group 1-107,text,false,,261,494,961,961,http://localhost:8080/web/index.php/api/v2/recruitment/candidates,29112,0,2
1768483621082,29191,Create Candidate Request,401,Unauthorized,Candidate Creation Thread Group 1-15,text,false,,261,494,960,960,http://localhost:8080/web/index.php/api/v2/recruitment/candidates,29190,0,0
1768483621177,29105,Create Candidate Request,401,Unauthorized,Candidate Creation Thread Group 1-484,text,false,,261,494,959,959,http://localhost:8080/web/index.php/api/v2/recruitment/candidates,29105,0,0
1768483621172,29202,Create Candidate Request,401,Unauthorized,Candidate Creation Thread Group 1-9,text,false,,261,494,958,958,http://localhost:8080/web/index.php/api/v2/recruitment/candidates,29202,0,0
1768483621183,29196,Create Candidate Request,401,Unauthorized,Candidate Creation Thread Group 1-191,text,false,,261,494,957,957,http://localhost:8080/web/index.php/api/v2/recruitment/candidates,29196,0,0
1768483621275,29111,Create Candidate Request,401,Unauthorized,Candidate Creation Thread Group 1-35,text,false,,261,494,956,956,http://localhost:8080/web/index.php/api/v2/recruitment/candidates,29111,0,0
1768483621187,29283,Create Candidate Request,401,Unauthorized,Candidate Creation Thread Group 1-543,text,false,,261,494,955,955,http://localhost:8080/web/index.php/api/v2/recruitment/candidates,29283,0,0
1768483621284,29191,Create Candidate Request,401,Unauthorized,Candidate Creation Thread Group 1-120,text,false,,261,494,955,955,http://localhost:8080/web/index.php/api/v2/recruitment/candidates,29191,0,0
1768483621374,29107,Create Candidate Request,401,Unauthorized,Candidate Creation Thread Group 1-588,text,false,,261,494,954,954,http://localhost:8080/web/index.php/api/v2/recruitment/candidates,29106,0,0
1768483620277,30209,Create Candidate Request,401,Unauthorized,Candidate Creation Thread Group 1-622,text,false,,261,494,954,954,http://localhost:8080/web/index.php/api/v2/recruitment/candidates,30209,0,0
1768483621478,29096,Create Candidate Request,401,Unauthorized,Candidate Creation Thread Group 1-639,text,false,,261,494,954,954,http://localhost:8080/web/index.php/api/v2/recruitment/candidates,29095,0,0
1768483621380,29201,Create Candidate Request,401,Unauthorized,Candidate Creation Thread Group 1-945,text,false,,261,494,954,954,http://localhost:8080/web/index.php/api/v2/recruitment/candidates,29200,0,0
1768483621495,29176,Create Candidate Request,401,Unauthorized,Candidate Creation Thread Group 1-559,text,false,,261,494,954,954,http://localhost:8080/web/index.php/api/v2/recruitment/candidates,29176,0,0
1768483620474,30203,Create Candidate Request,401,Unauthorized,Candidate Creation Thread Group 1-567,text,false,,261,491,954,954,http://localhost:8080/web/index.php/api/v2/recruitment/candidates,30203,0,1
1768483621584,29101,Create Candidate Request,401,Unauthorized,Candidate Creation Thread Group 1-287,text,false,,261,494,954,954,http://localhost:8080/web/index.php/api/v2/recruitment/candidates,29101,0,0
1768483621689,29085,Create Candidate Request,401,Unauthorized,Candidate Creation Thread Group 1-966,text,false,,261,494,953,953,http://localhost:8080/web/index.php/api/v2/recruitment/candidates,29085,0,0
1768483606375,44403,Create Candidate Request,401,Unauthorized,Candidate Creation Thread Group 1-329,text,false,,261,494,953,953,http://localhost:8080/web/index.php/api/v2/recruitment/candidates,44403,0,1
1768483621691,29092,Create Candidate Request,401,Unauthorized,Candidate Creation Thread Group 1-69,text,false,,261,494,953,953,http://localhost:8080/web/index.php/api/v2/recruitment/candidates,29092,0,0
1768483517172,133669,Create Candidate Request,Non HTTP response code: java.net.SocketException,Non HTTP response message: Connection reset,Candidate Creation Thread Group 1-547,text,false,,2437,0,952,952,http://localhost:8080/web/index.php/api/v2/recruitment/candidates,0,0,1
1768483514581,136260,Create Candidate Request,Non HTTP response code: java.net.SocketException,Non HTTP response message: Connection reset,Candidate Creation Thread Group 1-517,text,false,,2437,0,952,952,http://localhost:8080/web/index.php/api/v2/recruitment/candidates,0,0,1
1768483621694,29179,Create Candidate Request,401,Unauthorized,Candidate Creation Thread Group 1-233,text,false,,261,494,952,952,http://localhost:8080/web/index.php/api/v2/recruitment/candidates,29178,0,2
1768483621700,29183,Create Candidate Request,401,Unauthorized,Candidate Creation Thread Group 1-8,text,false,,261,494,951,951,http://localhost:8080/web/index.php/api/v2/recruitment/candidates,29183,0,0
1768483620675,30395,Create Candidate Request,401,Unauthorized,Candidate Creation Thread Group 1-568,text,false,,261,491,950,950,http://localhost:8080/web/index.php/api/v2/recruitment/candidates,30395,0,1
1768483621774,29396,Create Candidate Request,401,Unauthorized,Candidate Creation Thread Group 1-573,text,false,,261,494,950,950,http://localhost:8080/web/index.php/api/v2/recruitment/candidates,29396,0,1
1768483622177,29001,Create Candidate Request,401,Unauthorized,Candidate Creation Thread Group 1-594,text,false,,261,494,950,950,http://localhost:8080/web/index.php/api/v2/recruitment/candidates,29001,0,6
1768483622185,28998,Create Candidate Request,401,Unauthorized,Candidate Creation Thread Group 1-592,text,false,,261,494,950,950,http://localhost:8080/web/index.php/api/v2/recruitment/candidates,28998,0,0
1768483626975,24294,Create Candidate Request,401,Unauthorized,Candidate Creation Thread Group 1-136,text,false,,261,494,950,950,http://localhost:8080/web/index.php/api/v2/recruitment/candidates,24294,0,0
1768483625972,25304,Create Candidate Request,401,Unauthorized,Candidate Creation Thread Group 1-306,text,false,,261,494,949,949,http://localhost:8080/web/index.php/api/v2/recruitment/candidates,25303,0,0
1768483626073,25211,Create Candidate Request,401,Unauthorized,Candidate Creation Thread Group 1-54,text,false,,261,494,948,948,http://localhost:8080/web/index.php/api/v2/recruitment/candidates,25210,0,0
1768483625984,25390,Create Candidate Request,401,Unauthorized,Candidate Creation Thread Group 1-167,text,false,,261,494,947,947,http://localhost:8080/web/index.php/api/v2/recruitment/candidates,25389,0,1
1768483625977,25402,Create Candidate Request,401,Unauthorized,Candidate Creation Thread Group 1-289,text,false,,261,494,946,946,http://localhost:8080/web/index.php/api/v2/recruitment/candidates,25402,0,0
1768483626080,25307,Create Candidate Request,401,Unauthorized,Candidate Creation Thread Group 1-110,text,false,,261,494,945,945,http://localhost:8080/web/index.php/api/v2/recruitment/candidates,25307,0,0
1768483626172,25305,Create Candidate Request,401,Unauthorized,Candidate Creation Thread Group 1-13,text,false,,261,494,944,944,http://localhost:8080/web/index.php/api/v2/recruitment/candidates,25304,0,0
1768483626176,25394,Create Candidate Request,401,Unauthorized,Candidate Creation Thread Group 1-148,text,false,,261,494,943,943,http://localhost:8080/web/index.php/api/v2/recruitment/candidates,25394,0,0
1768483626181,25394,Create Candidate Request,401,Unauthorized,Candidate Creation Thread Group 1-42,text,false,,261,494,942,942,http://localhost:8080/web/index.php/api/v2/recruitment/candidates,25394,0,0
1768483626369,25302,Create Candidate Request,401,Unauthorized,Candidate Creation Thread Group 1-94,text,false,,261,494,941,941,http://localhost:8080/web/index.php/api/v2/recruitment/candidates,25301,0,0
1768483626272,25501,Create Candidate Request,401,Unauthorized,Candidate Creation Thread Group 1-278,text,false,,261,494,940,940,http://localhost:8080/web/index.php/api/v2/recruitment/candidates,25501,0,0
1768483626476,25327,Create Candidate Request,401,Unauthorized,Candidate Creation Thread Group 1-868,text,false,,261,491,939,939,http://localhost:8080/web/index.php/api/v2/recruitment/candidates,25327,0,0
1768483626374,25432,Create Candidate Request,401,Unauthorized,Candidate Creation Thread Group 1-147,text,false,,261,494,939,939,http://localhost:8080/web/index.php/api/v2/recruitment/candidates,25432,0,0
1768483626391,25415,Create Candidate Request,401,Unauthorized,Candidate Creation Thread Group 1-82,text,false,,261,491,939,939,http://localhost:8080/web/index.php/api/v2/recruitment/candidates,25412,0,1
1768483626391,25415,Create Candidate Request,401,Unauthorized,Candidate Creation Thread Group 1-10,text,false,,261,491,939,939,http://localhost:8080/web/index.php/api/v2/recruitment/candidates,25415,0,1
1768483626483,25387,Create Candidate Request,401,Unauthorized,Candidate Creation Thread Group 1-432,text,false,,261,491,936,936,http://localhost:8080/web/index.php/api/v2/recruitment/candidates,25387,0,0
1768483626676,25202,Create Candidate Request,401,Unauthorized,Candidate Creation Thread Group 1-276,text,false,,261,491,935,935,http://localhost:8080/web/index.php/api/v2/recruitment/candidates,25201,0,1
1768483626571,25400,Create Candidate Request,401,Unauthorized,Candidate Creation Thread Group 1-848,text,false,,261,491,934,934,http://localhost:8080/web/index.php/api/v2/recruitment/candidates,25399,0,0
1768483626681,25390,Create Candidate Request,401,Unauthorized,Candidate Creation Thread Group 1-290,text,false,,261,491,934,934,http://localhost:8080/web/index.php/api/v2/recruitment/candidates,25301,0,0
1768483626687,25487,Create Candidate Request,401,Unauthorized,Candidate Creation Thread Group 1-865,text,false,,261,491,933,933,http://localhost:8080/web/index.php/api/v2/recruitment/candidates,25487,0,1
1768483626671,25511,Create Candidate Request,401,Unauthorized,Candidate Creation Thread Group 1-320,text,false,,261,491,933,933,http://localhost:8080/web/index.php/api/v2/recruitment/candidates,25511,0,13
1768483623670,28607,Create Candidate Request,401,Unauthorized,Candidate Creation Thread Group 1-19,text,false,,261,494,932,932,http://localhost:8080/web/index.php/api/v2/recruitment/candidates,28606,0,0
1768483624780,27590,Create Candidate Request,401,Unauthorized,Candidate Creation Thread Group 1-684,text,false,,261,494,931,931,http://localhost:8080/web/index.php/api/v2/recruitment/candidates,27589,0,0
1768483626875,25598,Create Candidate Request,401,Unauthorized,Candidate Creation Thread Group 1-117,text,false,,261,494,931,931,http://localhost:8080/web/index.php/api/v2/recruitment/candidates,25596,0,0
1768483622269,30214,Create Candidate Request,401,Unauthorized,Candidate Creation Thread Group 1-62,text,false,,261,494,930,930,http://localhost:8080/web/index.php/api/v2/recruitment/candidates,30212,0,0
1768483622285,30296,Create Candidate Request,401,Unauthorized,Candidate Creation Thread Group 1-596,text,false,,261,491,929,929,http://localhost:8080/web/index.php/api/v2/recruitment/candidates,30288,0,0
1768483622285,30296,Create Candidate Request,401,Unauthorized,Candidate Creation Thread Group 1-328,text,false,,261,491,929,929,http://localhost:8080/web/index.php/api/v2/recruitment/candidates,30296,0,0
1768483622376,30395,Create Candidate Request,401,Unauthorized,Candidate Creation Thread Group 1-589,text,false,,261,491,928,928,http://localhost:8080/web/index.php/api/v2/recruitment/candidates,30394,0,1
1768483622472,30311,Create Candidate Request,401,Unauthorized,Candidate Creation Thread Group 1-108,text,false,,261,491,928,928,http://localhost:8080/web/index.php/api/v2/recruitment/candidates,30311,0,0
1768483622469,30317,Create Candidate Request,401,Unauthorized,Candidate Creation Thread Group 1-366,text,false,,261,491,927,927,http://localhost:8080/web/index.php/api/v2/recruitment/candidates,30316,0,1
1768483622478,30392,Create Candidate Request,401,Unauthorized,Candidate Creation Thread Group 1-565,text,false,,261,491,926,926,http://localhost:8080/web/index.php/api/v2/recruitment/candidates,30392,0,0
1768483620483,32395,Create Candidate Request,401,Unauthorized,Candidate Creation Thread Group 1-524,text,false,,261,491,926,926,http://localhost:8080/web/index.php/api/v2/recruitment/candidates,32395,0,0
1768483622570,30313,Create Candidate Request,401,Unauthorized,Candidate Creation Thread Group 1-564,text,false,,261,491,926,926,http://localhost:8080/web/index.php/api/v2/recruitment/candidates,30313,0,1
1768483628174,24801,Create Candidate Request,401,Unauthorized,Candidate Creation Thread Group 1-446,text,false,,261,494,926,926,http://localhost:8080/web/index.php/api/v2/recruitment/candidates,24801,0,0
1768483606784,46293,Create Candidate Request,401,Unauthorized,Candidate Creation Thread Group 1-205,text,false,,261,491,925,925,http://localhost:8080/web/index.php/api/v2/recruitment/candidates,46289,0,0
1768483612872,40300,Create Candidate Request,401,Unauthorized,Candidate Creation Thread Group 1-371,text,false,,261,494,925,925,http://localhost:8080/web/index.php/api/v2/recruitment/candidates,40299,0,1
1768483607674,45502,Create Candidate Request,401,Unauthorized,Candidate Creation Thread Group 1-394,text,false,,261,494,925,925,http://localhost:8080/web/index.php/api/v2/recruitment/candidates,45502,0,1
1768483607774,45408,Create Candidate Request,401,Unauthorized,Candidate Creation Thread Group 1-156,text,false,,261,494,925,925,http://localhost:8080/web/index.php/api/v2/recruitment/candidates,45408,0,1
1768483606787,46485,Create Candidate Request,401,Unauthorized,Candidate Creation Thread Group 1-207,text,false,,261,491,925,925,http://localhost:8080/web/index.php/api/v2/recruitment/candidates,46484,0,0
1768483621279,31996,Create Candidate Request,401,Unauthorized,Candidate Creation Thread Group 1-570,text,false,,261,494,925,925,http://localhost:8080/web/index.php/api/v2/recruitment/candidates,31996,0,0
1768483607073,46207,Create Candidate Request,401,Unauthorized,Candidate Creation Thread Group 1-213,text,false,,261,491,925,925,http://localhost:8080/web/index.php/api/v2/recruitment/candidates,46207,0,0
1768483606975,46396,Create Candidate Request,401,Unauthorized,Candidate Creation Thread Group 1-584,text,false,,261,491,925,925,http://localhost:8080/web/index.php/api/v2/recruitment/candidates,46395,0,1
1768483607875,45500,Create Candidate Request,401,Unauthorized,Candidate Creation Thread Group 1-530,text,false,,261,494,925,925,http://localhost:8080/web/index.php/api/v2/recruitment/candidates,45499,0,1
1768483607789,45594,Create Candidate Request,401,Unauthorized,Candidate Creation Thread Group 1-298,text,false,,261,494,925,925,http://localhost:8080/web/index.php/api/v2/recruitment/candidates,45594,0,1
1768483607971,45503,Create Candidate Request,401,Unauthorized,Candidate Creation Thread Group 1-528,text,false,,261,494,925,925,http://localhost:8080/web/index.php/api/v2/recruitment/candidates,45503,0,0
1768483607879,45600,Create Candidate Request,401,Unauthorized,Candidate Creation Thread Group 1-299,text,false,,261,494,925,925,http://localhost:8080/web/index.php/api/v2/recruitment/candidates,45600,0,0
1768483605087,48485,Create Candidate Request,401,Unauthorized,Candidate Creation Thread Group 1-351,text,false,,261,494,925,925,http://localhost:8080/web/index.php/api/v2/recruitment/candidates,48484,0,0
1768483608171,45407,Create Candidate Request,401,Unauthorized,Candidate Creation Thread Group 1-303,text,false,,261,494,925,925,http://localhost:8080/web/index.php/api/v2/recruitment/candidates,45405,0,1
1768483608176,45494,Create Candidate Request,401,Unauthorized,Candidate Creation Thread Group 1-301,text,false,,261,494,925,925,http://localhost:8080/web/index.php/api/v2/recruitment/candidates,45415,0,0
1768483608269,45407,Create Candidate Request,401,Unauthorized,Candidate Creation Thread Group 1-200,text,false,,261,494,925,925,http://localhost:8080/web/index.php/api/v2/recruitment/candidates,45406,0,1
1768483628873,24896,Create Candidate Request,401,Unauthorized,Candidate Creation Thread Group 1-16,text,false,,261,494,925,925,http://localhost:8080/web/index.php/api/v2/recruitment/candidates,24896,0,1
1768483608275,45500,Create Candidate Request,401,Unauthorized,Candidate Creation Thread Group 1-539,text,false,,261,494,924,924,http://localhost:8080/web/index.php/api/v2/recruitment/candidates,45499,0,0
1768483604272,49511,Create Candidate Request,401,Unauthorized,Candidate Creation Thread Group 1-434,text,false,,261,494,924,924,http://localhost:8080/web/index.php/api/v2/recruitment/candidates,49510,0,0
1768483608479,45397,Create Candidate Request,401,Unauthorized,Candidate Creation Thread Group 1-238,text,false,,261,494,924,924,http://localhost:8080/web/index.php/api/v2/recruitment/candidates,45395,0,0
1768483622071,31907,Create Candidate Request,401,Unauthorized,Candidate Creation Thread Group 1-590,text,false,,261,494,924,924,http://localhost:8080/web/index.php/api/v2/recruitment/candidates,31905,0,0
1768483608482,45599,Create Candidate Request,401,Unauthorized,Candidate Creation Thread Group 1-324,text,false,,261,494,924,924,http://localhost:8080/web/index.php/api/v2/recruitment/candidates,45598,0,1
1768483618372,35800,Create Candidate Request,401,Unauthorized,Candidate Creation Thread Group 1-86,text,false,,261,491,924,924,http://localhost:8080/web/index.php/api/v2/recruitment/candidates,35799,0,0
1768483618473,35705,Create Candidate Request,401,Unauthorized,Candidate Creation Thread Group 1-641,text,false,,261,491,923,923,http://localhost:8080/web/index.php/api/v2/recruitment/candidates,35705,0,1
1768483621979,32292,Create Candidate Request,401,Unauthorized,Candidate Creation Thread Group 1-174,text,false,,261,494,923,923,http://localhost:8080/web/index.php/api/v2/recruitment/candidates,32292,0,1
1768483618482,35794,Create Candidate Request,401,Unauthorized,Candidate Creation Thread Group 1-139,text,false,,261,491,922,922,http://localhost:8080/web/index.php/api/v2/recruitment/candidates,35793,0,1
1768483618378,35908,Create Candidate Request,401,Unauthorized,Candidate Creation Thread Group 1-640,text,false,,261,491,921,921,http://localhost:8080/web/index.php/api/v2/recruitment/candidates,35907,0,1
1768483618478,35896,Create Candidate Request,401,Unauthorized,Candidate Creation Thread Group 1-157,text,false,,261,491,921,921,http://localhost:8080/web/index.php/api/v2/recruitment/candidates,35896,0,0
1768483628782,25690,Create Candidate Request,401,Unauthorized,Candidate Creation Thread Group 1-265,text,false,,261,494,920,920,http://localhost:8080/web/index.php/api/v2/recruitment/candidates,25603,0,0
1768483618571,35912,Create Candidate Request,401,Unauthorized,Candidate Creation Thread Group 1-141,text,false,,261,491,919,919,http://localhost:8080/web/index.php/api/v2/recruitment/candidates,35911,0,0
1768483618576,36006,Create Candidate Request,401,Unauthorized,Candidate Creation Thread Group 1-152,text,false,,261,491,918,918,http://localhost:8080/web/index.php/api/v2/recruitment/candidates,36005,0,1
1768483618586,36091,Create Candidate Request,401,Unauthorized,Candidate Creation Thread Group 1-726,text,false,,261,491,917,917,http://localhost:8080/web/index.php/api/v2/recruitment/candidates,36091,0,0
1768483618685,36000,Create Candidate Request,401,Unauthorized,Candidate Creation Thread Group 1-548,text,false,,261,494,917,917,http://localhost:8080/web/index.php/api/v2/recruitment/candidates,36000,0,1
1768483623383,31392,Create Candidate Request,401,Unauthorized,Candidate Creation Thread Group 1-58,text,false,,261,494,917,917,http://localhost:8080/web/index.php/api/v2/recruitment/candidates,31391,0,0
1768483623386,31394,Create Candidate Request,401,Unauthorized,Candidate Creation Thread Group 1-583,text,false,,261,494,916,916,http://localhost:8080/web/index.php/api/v2/recruitment/candidates,31394,0,1
1768483629573,25297,Create Candidate Request,401,Unauthorized,Candidate Creation Thread Group 1-199,text,false,,261,494,916,916,http://localhost:8080/web/index.php/api/v2/recruitment/candidates,25297,0,0
1768483623473,31404,Create Candidate Request,401,Unauthorized,Candidate Creation Thread Group 1-166,text,false,,261,494,915,915,http://localhost:8080/web/index.php/api/v2/recruitment/candidates,31404,0,0
1768483605795,49091,Create Candidate Request,401,Unauthorized,Candidate Creation Thread Group 1-975,text,false,,261,494,914,914,http://localhost:8080/web/index.php/api/v2/recruitment/candidates,49090,0,0
1768483623479,31493,Create Candidate Request,401,Unauthorized,Candidate Creation Thread Group 1-187,text,false,,261,494,914,914,http://localhost:8080/web/index.php/api/v2/recruitment/candidates,31493,0,1
1768483628570,26410,Create Candidate Request,401,Unauthorized,Candidate Creation Thread Group 1-59,text,false,,261,491,913,913,http://localhost:8080/web/index.php/api/v2/recruitment/candidates,26409,0,0
1768483605795,49196,Create Candidate Request,401,Unauthorized,Candidate Creation Thread Group 1-969,text,false,,261,494,912,912,http://localhost:8080/web/index.php/api/v2/recruitment/candidates,49196,0,1
1768483629879,25197,Create Candidate Request,401,Unauthorized,Candidate Creation Thread Group 1-248,text,false,,261,494,912,912,http://localhost:8080/web/index.php/api/v2/recruitment/candidates,25197,0,0
1768483623675,31407,Create Candidate Request,401,Unauthorized,Candidate Creation Thread Group 1-53,text,false,,261,494,911,911,http://localhost:8080/web/index.php/api/v2/recruitment/candidates,31406,0,0
1768483623679,31409,Create Candidate Request,401,Unauthorized,Candidate Creation Thread Group 1-149,text,false,,261,494,910,910,http://localhost:8080/web/index.php/api/v2/recruitment/candidates,31409,0,1
1768483623776,31396,Create Candidate Request,401,Unauthorized,Candidate Creation Thread Group 1-180,text,false,,261,494,909,909,http://localhost:8080/web/index.php/api/v2/recruitment/candidates,31395,0,0
1768483623686,31490,Create Candidate Request,401,Unauthorized,Candidate Creation Thread Group 1-112,text,false,,261,494,908,908,http://localhost:8080/web/index.php/api/v2/recruitment/candidates,31490,0,0
1768483622679,32503,Create Candidate Request,401,Unauthorized,Candidate Creation Thread Group 1-75,text,false,,261,494,907,907,http://localhost:8080/web/index.php/api/v2/recruitment/candidates,32503,0,1
1768483630088,25181,Create Candidate Request,401,Unauthorized,Candidate Creation Thread Group 1-669,text,false,,261,494,906,906,http://localhost:8080/web/index.php/api/v2/recruitment/candidates,25181,0,0
1768483623781,31493,Create Candidate Request,401,Unauthorized,Candidate Creation Thread Group 1-109,text,false,,261,494,906,906,http://localhost:8080/web/index.php/api/v2/recruitment/candidates,31493,0,1
1768483623787,31494,Create Candidate Request,401,Unauthorized,Candidate Creation Thread Group 1-12,text,false,,261,494,905,905,http://localhost:8080/web/index.php/api/v2/recruitment/candidates,31493,0,0
1768483623789,31587,Create Candidate Request,401,Unauthorized,Candidate Creation Thread Group 1-90,text,false,,261,494,904,904,http://localhost:8080/web/index.php/api/v2/recruitment/candidates,31586,0,0
1768483623883,31588,Create Candidate Request,401,Unauthorized,Candidate Creation Thread Group 1-64,text,false,,261,494,903,903,http://localhost:8080/web/index.php/api/v2/recruitment/candidates,31588,0,1
1768483621874,33602,Create Candidate Request,401,Unauthorized,Candidate Creation Thread Group 1-540,text,false,,261,494,902,902,http://localhost:8080/web/index.php/api/v2/recruitment/candidates,33602,0,2
1768483623979,31501,Create Candidate Request,401,Unauthorized,Candidate Creation Thread Group 1-145,text,false,,261,494,902,902,http://localhost:8080/web/index.php/api/v2/recruitment/candidates,31501,0,0
1768483624075,31410,Create Candidate Request,401,Unauthorized,Candidate Creation Thread Group 1-542,text,false,,261,494,901,901,http://localhost:8080/web/index.php/api/v2/recruitment/candidates,31410,0,3
1768483624069,31501,Create Candidate Request,401,Unauthorized,Candidate Creation Thread Group 1-170,text,false,,261,494,901,901,http://localhost:8080/web/index.php/api/v2/recruitment/candidates,31500,0,1
1768483624169,31406,Create Candidate Request,401,Unauthorized,Candidate Creation Thread Group 1-623,text,false,,261,494,900,900,http://localhost:8080/web/index.php/api/v2/recruitment/candidates,31406,0,1
1768483624181,31490,Create Candidate Request,401,Unauthorized,Candidate Creation Thread Group 1-889,text,false,,261,494,900,900,http://localhost:8080/web/index.php/api/v2/recruitment/candidates,31490,0,1
1768483624175,31504,Create Candidate Request,401,Unauthorized,Candidate Creation Thread Group 1-45,text,false,,261,494,900,900,http://localhost:8080/web/index.php/api/v2/recruitment/candidates,31504,0,1
1768483589402,66282,Create Candidate Request,401,Unauthorized,Candidate Creation Thread Group 1-842,text,false,,261,494,899,899,http://localhost:8080/web/index.php/api/v2/recruitment/candidates,66282,0,0
1768483624372,31409,Create Candidate Request,401,Unauthorized,Candidate Creation Thread Group 1-234,text,false,,261,491,899,899,http://localhost:8080/web/index.php/api/v2/recruitment/candidates,31406,0,1
1768483619178,36697,Create Candidate Request,401,Unauthorized,Candidate Creation Thread Group 1-660,text,false,,261,494,898,898,http://localhost:8080/web/index.php/api/v2/recruitment/candidates,36697,0,0
1768483630682,25199,Create Candidate Request,401,Unauthorized,Candidate Creation Thread Group 1-333,text,false,,261,491,898,898,http://localhost:8080/web/index.php/api/v2/recruitment/candidates,25199,0,1
1768483624376,31595,Create Candidate Request,401,Unauthorized,Candidate Creation Thread Group 1-257,text,false,,261,491,897,897,http://localhost:8080/web/index.php/api/v2/recruitment/candidates,31595,0,1
1768483630281,25697,Create Candidate Request,401,Unauthorized,Candidate Creation Thread Group 1-297,text,false,,261,494,896,896,http://localhost:8080/web/index.php/api/v2/recruitment/candidates,25697,0,2
1768483630287,25784,Create Candidate Request,401,Unauthorized,Candidate Creation Thread Group 1-295,text,false,,261,494,895,895,http://localhost:8080/web/index.php/api/v2/recruitment/candidates,25783,0,1
1768483630389,25779,Create Candidate Request,401,Unauthorized,Candidate Creation Thread Group 1-217,text,false,,261,491,894,894,http://localhost:8080/web/index.php/api/v2/recruitment/candidates,25696,0,0
1768483630389,25785,Create Candidate Request,401,Unauthorized,Candidate Creation Thread Group 1-219,text,false,,261,491,893,893,http://localhost:8080/web/index.php/api/v2/recruitment/candidates,25783,0,0
1768483630480,25699,Create Candidate Request,401,Unauthorized,Candidate Creation Thread Group 1-433,text,false,,261,491,892,892,http://localhost:8080/web/index.php/api/v2/recruitment/candidates,25699,0,0
1768483630584,25686,Create Candidate Request,401,Unauthorized,Candidate Creation Thread Group 1-256,text,false,,261,491,891,891,http://localhost:8080/web/index.php/api/v2/recruitment/candidates,25684,0,0
1768483630577,25697,Create Candidate Request,401,Unauthorized,Candidate Creation Thread Group 1-247,text,false,,261,491,890,890,http://localhost:8080/web/index.php/api/v2/recruitment/candidates,25697,0,0
1768483630773,25507,Create Candidate Request,401,Unauthorized,Candidate Creation Thread Group 1-31,text,false,,261,491,889,889,http://localhost:8080/web/index.php/api/v2/recruitment/candidates,25506,0,0
1768483630781,25590,Create Candidate Request,401,Unauthorized,Candidate Creation Thread Group 1-179,text,false,,261,494,888,888,http://localhost:8080/web/index.php/api/v2/recruitment/candidates,25589,0,0
1768483619375,37003,Create Candidate Request,401,Unauthorized,Candidate Creation Thread Group 1-731,text,false,,261,494,887,887,http://localhost:8080/web/index.php/api/v2/recruitment/candidates,37002,0,1
1768483624472,31911,Create Candidate Request,401,Unauthorized,Candidate Creation Thread Group 1-311,text,false,,261,491,887,887,http://localhost:8080/web/index.php/api/v2/recruitment/candidates,31911,0,0
1768483623274,33200,Create Candidate Request,401,Unauthorized,Candidate Creation Thread Group 1-50,text,false,,261,494,886,886,http://localhost:8080/web/index.php/api/v2/recruitment/candidates,33200,0,0
1768483624576,31904,Create Candidate Request,401,Unauthorized,Candidate Creation Thread Group 1-126,text,false,,261,491,885,885,http://localhost:8080/web/index.php/api/v2/recruitment/candidates,31904,0,0
1768483623584,32901,Create Candidate Request,401,Unauthorized,Candidate Creation Thread Group 1-839,text,false,,261,494,884,884,http://localhost:8080/web/index.php/api/v2/recruitment/candidates,32901,0,0
1768483623574,32999,Create Candidate Request,401,Unauthorized,Candidate Creation Thread Group 1-153,text,false,,261,494,884,884,http://localhost:8080/web/index.php/api/v2/recruitment/candidates,32999,0,0
1768483624680,31903,Create Candidate Request,401,Unauthorized,Candidate Creation Thread Group 1-964,text,false,,261,494,883,883,http://localhost:8080/web/index.php/api/v2/recruitment/candidates,31902,0,0
1768483624586,32085,Create Candidate Request,401,Unauthorized,Candidate Creation Thread Group 1-83,text,false,,261,491,883,883,http://localhost:8080/web/index.php/api/v2/recruitment/candidates,32084,0,0
1768483621692,34990,Create Candidate Request,401,Unauthorized,Candidate Creation Thread Group 1-582,text,false,,261,494,882,882,http://localhost:8080/web/index.php/api/v2/recruitment/candidates,34989,0,0
1768483613574,43198,Create Candidate Request,401,Unauthorized,Candidate Creation Thread Group 1-335,text,false,,261,494,882,882,http://localhost:8080/web/index.php/api/v2/recruitment/candidates,43198,0,1
1768483624777,32001,Create Candidate Request,401,Unauthorized,Candidate Creation Thread Group 1-150,text,false,,261,494,882,882,http://localhost:8080/web/index.php/api/v2/recruitment/candidates,32000,0,0
1768483621384,35496,Create Candidate Request,401,Unauthorized,Candidate Creation Thread Group 1-580,text,false,,261,494,881,881,http://localhost:8080/web/index.php/api/v2/recruitment/candidates,35495,0,1
1768483624970,32002,Create Candidate Request,401,Unauthorized,Candidate Creation Thread Group 1-708,text,false,,261,494,881,881,http://localhost:8080/web/index.php/api/v2/recruitment/candidates,32001,0,0
1768483624981,31996,Create Candidate Request,401,Unauthorized,Candidate Creation Thread Group 1-697,text,false,,261,494,881,881,http://localhost:8080/web/index.php/api/v2/recruitment/candidates,31995,0,1
1768483624976,32095,Create Candidate Request,401,Unauthorized,Candidate Creation Thread Group 1-230,text,false,,261,494,881,881,http://localhost:8080/web/index.php/api/v2/recruitment/candidates,32095,0,0
1768483625074,32002,Create Candidate Request,401,Unauthorized,Candidate Creation Thread Group 1-598,text,false,,261,494,880,880,http://localhost:8080/web/index.php/api/v2/recruitment/candidates,32002,0,3
1768483625185,31987,Create Candidate Request,401,Unauthorized,Candidate Creation Thread Group 1-27,text,false,,261,494,880,880,http://localhost:8080/web/index.php/api/v2/recruitment/candidates,31986,0,0
1768483625173,32003,Create Candidate Request,401,Unauthorized,Candidate Creation Thread Group 1-24,text,false,,261,494,879,879,http://localhost:8080/web/index.php/api/v2/recruitment/candidates,32003,0,1
1768483625084,32185,Create Candidate Request,401,Unauthorized,Candidate Creation Thread Group 1-71,text,false,,261,494,878,878,http://localhost:8080/web/index.php/api/v2/recruitment/candidates,32101,0,0
1768483625270,32003,Create Candidate Request,401,Unauthorized,Candidate Creation Thread Group 1-163,text,false,,261,494,877,877,http://localhost:8080/web/index.php/api/v2/recruitment/candidates,32002,0,0
1768483625282,31994,Create Candidate Request,401,Unauthorized,Candidate Creation Thread Group 1-124,text,false,,261,494,876,876,http://localhost:8080/web/index.php/api/v2/recruitment/candidates,31994,0,0
1768483625292,32078,Create Candidate Request,401,Unauthorized,Candidate Creation Thread Group 1-26,text,false,,261,494,875,875,http://localhost:8080/web/index.php/api/v2/recruitment/candidates,32078,0,0
1768483624288,33183,Create Candidate Request,401,Unauthorized,Candidate Creation Thread Group 1-46,text,false,,261,491,874,874,http://localhost:8080/web/index.php/api/v2/recruitment/candidates,33183,0,0
1768483625381,32093,Create Candidate Request,401,Unauthorized,Candidate Creation Thread Group 1-186,text,false,,261,494,873,873,http://localhost:8080/web/index.php/api/v2/recruitment/candidates,32093,0,0
1768483625483,32097,Create Candidate Request,401,Unauthorized,Candidate Creation Thread Group 1-30,text,false,,261,494,872,872,http://localhost:8080/web/index.php/api/v2/recruitment/candidates,32095,0,0
1768483617072,40601,Create Candidate Request,401,Unauthorized,Candidate Creation Thread Group 1-569,text,false,,261,494,871,871,http://localhost:8080/web/index.php/api/v2/recruitment/candidates,40601,0,0
1768483618073,39697,Create Candidate Request,401,Unauthorized,Candidate Creation Thread Group 1-60,text,false,,261,494,871,871,http://localhost:8080/web/index.php/api/v2/recruitment/candidates,39608,0,0
1768483625571,32300,Create Candidate Request,401,Unauthorized,Candidate Creation Thread Group 1-165,text,false,,261,494,871,871,http://localhost:8080/web/index.php/api/v2/recruitment/candidates,32299,0,0
1768483628880,29090,Create Candidate Request,401,Unauthorized,Candidate Creation Thread Group 1-143,text,false,,261,494,870,870,http://localhost:8080/web/index.php/api/v2/recruitment/candidates,29089,0,0
1768483625576,32397,Create Candidate Request,401,Unauthorized,Candidate Creation Thread Group 1-17,text,false,,261,494,869,869,http://localhost:8080/web/index.php/api/v2/recruitment/candidates,32397,0,1
1768483625670,32311,Create Candidate Request,401,Unauthorized,Candidate Creation Thread Group 1-181,text,false,,261,494,868,868,http://localhost:8080/web/index.php/api/v2/recruitment/candidates,32309,0,0
1768483631769,26302,Create Candidate Request,401,Unauthorized,Candidate Creation Thread Group 1-336,text,false,,261,494,867,867,http://localhost:8080/web/index.php/api/v2/recruitment/candidates,26302,0,5
1768483631781,26301,Create Candidate Request,401,Unauthorized,Candidate Creation Thread Group 1-277,text,false,,261,494,866,866,http://localhost:8080/web/index.php/api/v2/recruitment/candidates,26300,0,1
1768483631781,26392,Create Candidate Request,401,Unauthorized,Candidate Creation Thread Group 1-279,text,false,,261,494,865,865,http://localhost:8080/web/index.php/api/v2/recruitment/candidates,26392,0,1
1768483631881,26301,Create Candidate Request,401,Unauthorized,Candidate Creation Thread Group 1-359,text,false,,261,494,864,864,http://localhost:8080/web/index.php/api/v2/recruitment/candidates,26301,0,0
1768483631973,26298,Create Candidate Request,401,Unauthorized,Candidate Creation Thread Group 1-193,text,false,,261,494,863,863,http://localhost:8080/web/index.php/api/v2/recruitment/candidates,26297,0,0
1768483631978,26296,Create Candidate Request,401,Unauthorized,Candidate Creation Thread Group 1-338,text,false,,261,494,862,862,http://localhost:8080/web/index.php/api/v2/recruitment/candidates,26296,0,0
1768483632070,26211,Create Candidate Request,401,Unauthorized,Candidate Creation Thread Group 1-332,text,false,,261,494,861,861,http://localhost:8080/web/index.php/api/v2/recruitment/candidates,26211,0,0
1768483632076,26295,Create Candidate Request,401,Unauthorized,Candidate Creation Thread Group 1-339,text,false,,261,494,860,860,http://localhost:8080/web/index.php/api/v2/recruitment/candidates,26294,0,0
1768483632085,26291,Create Candidate Request,401,Unauthorized,Candidate Creation Thread Group 1-365,text,false,,261,494,859,859,http://localhost:8080/web/index.php/api/v2/recruitment/candidates,26291,0,0
1768483633669,24711,Create Candidate Request,401,Unauthorized,Candidate Creation Thread Group 1-49,text,false,,261,494,858,858,http://localhost:8080/web/index.php/api/v2/recruitment/candidates,24711,0,0
1768483632172,26298,Create Candidate Request,401,Unauthorized,Candidate Creation Thread Group 1-259,text,false,,261,494,857,857,http://localhost:8080/web/index.php/api/v2/recruitment/candidates,26297,0,1
1768483632181,26293,Create Candidate Request,401,Unauthorized,Candidate Creation Thread Group 1-337,text,false,,261,494,856,856,http://localhost:8080/web/index.php/api/v2/recruitment/candidates,26293,0,1
1768483632276,26204,Create Candidate Request,401,Unauthorized,Candidate Creation Thread Group 1-341,text,false,,261,494,855,855,http://localhost:8080/web/index.php/api/v2/recruitment/candidates,26204,0,0
1768483632370,26201,Create Candidate Request,401,Unauthorized,Candidate Creation Thread Group 1-342,text,false,,261,494,854,854,http://localhost:8080/web/index.php/api/v2/recruitment/candidates,26200,0,0
1768483632374,26204,Create Candidate Request,401,Unauthorized,Candidate Creation Thread Group 1-103,text,false,,261,494,853,853,http://localhost:8080/web/index.php/api/v2/recruitment/candidates,26203,0,1
1768483632469,26117,Create Candidate Request,401,Unauthorized,Candidate Creation Thread Group 1-370,text,false,,261,494,852,852,http://localhost:8080/web/index.php/api/v2/recruitment/candidates,26116,0,1
1768483632683,25996,Create Candidate Request,401,Unauthorized,Candidate Creation Thread Group 1-664,text,false,,261,494,851,851,http://localhost:8080/web/index.php/api/v2/recruitment/candidates,25994,0,0
1768483632482,26290,Create Candidate Request,401,Unauthorized,Candidate Creation Thread Group 1-286,text,false,,261,494,851,851,http://localhost:8080/web/index.php/api/v2/recruitment/candidates,26290,0,1
1768483632671,26105,Create Candidate Request,401,Unauthorized,Candidate Creation Thread Group 1-323,text,false,,261,494,850,850,http://localhost:8080/web/index.php/api/v2/recruitment/candidates,26105,0,1
1768483632781,26099,Create Candidate Request,401,Unauthorized,Candidate Creation Thread Group 1-347,text,false,,261,494,849,849,http://localhost:8080/web/index.php/api/v2/recruitment/candidates,26097,0,0
1768483632879,26111,Create Candidate Request,401,Unauthorized,Candidate Creation Thread Group 1-442,text,false,,261,494,848,848,http://localhost:8080/web/index.php/api/v2/recruitment/candidates,26091,0,1
1768483632977,26013,Create Candidate Request,401,Unauthorized,Candidate Creation Thread Group 1-505,text,false,,261,494,848,848,http://localhost:8080/web/index.php/api/v2/recruitment/candidates,26002,0,1
1768483523580,135453,Create Candidate Request,Non HTTP response code: java.net.SocketException,Non HTTP response message: Connection reset,Candidate Creation Thread Group 1-631,text,false,,2437,0,846,846,http://localhost:8080/web/index.php/api/v2/recruitment/candidates,0,0,0
1768483523883,135150,Create Candidate Request,Non HTTP response code: java.net.SocketException,Non HTTP response message: Connection reset,Candidate Creation Thread Group 1-633,text,false,,2437,0,846,846,http://localhost:8080/web/index.php/api/v2/recruitment/candidates,0,0,0
1768483525378,133656,Create Candidate Request,Non HTTP response code: java.net.SocketException,Non HTTP response message: Connection reset,Candidate Creation Thread Group 1-648,text,false,,2437,0,846,846,http://localhost:8080/web/index.php/api/v2/recruitment/candidates,0,0,0
1768483625778,33290,Create Candidate Request,401,Unauthorized,Candidate Creation Thread Group 1-3,text,false,,261,494,846,846,http://localhost:8080/web/index.php/api/v2/recruitment/candidates,33211,0,1
1768483621574,37501,Create Candidate Request,401,Unauthorized,Candidate Creation Thread Group 1-231,text,false,,261,494,845,845,http://localhost:8080/web/index.php/api/v2/recruitment/candidates,37500,0,1
1768483624674,34405,Create Candidate Request,401,Unauthorized,Candidate Creation Thread Group 1-176,text,false,,261,494,844,844,http://localhost:8080/web/index.php/api/v2/recruitment/candidates,34405,0,0
1768483620784,38388,Create Candidate Request,401,Unauthorized,Candidate Creation Thread Group 1-557,text,false,,261,491,843,843,http://localhost:8080/web/index.php/api/v2/recruitment/candidates,38388,0,0
1768483626882,32294,Create Candidate Request,401,Unauthorized,Candidate Creation Thread Group 1-80,text,false,,261,494,843,843,http://localhost:8080/web/index.php/api/v2/recruitment/candidates,32293,0,1
1768483627071,32110,Create Candidate Request,401,Unauthorized,Candidate Creation Thread Group 1-146,text,false,,261,494,842,842,http://localhost:8080/web/index.php/api/v2/recruitment/candidates,32109,0,0
1768483627075,32195,Create Candidate Request,401,Unauthorized,Candidate Creation Thread Group 1-131,text,false,,261,494,841,841,http://localhost:8080/web/index.php/api/v2/recruitment/candidates,32195,0,1
1768483633171,26106,Create Candidate Request,401,Unauthorized,Candidate Creation Thread Group 1-268,text,false,,261,494,840,840,http://localhost:8080/web/index.php/api/v2/recruitment/candidates,26106,0,0
1768483633188,26182,Create Candidate Request,401,Unauthorized,Candidate Creation Thread Group 1-348,text,false,,261,491,839,839,http://localhost:8080/web/index.php/api/v2/recruitment/candidates,26181,0,0
1768483627084,32290,Create Candidate Request,401,Unauthorized,Candidate Creation Thread Group 1-89,text,false,,261,494,838,838,http://localhost:8080/web/index.php/api/v2/recruitment/candidates,32290,0,1
1768483627175,32298,Create Candidate Request,401,Unauthorized,Candidate Creation Thread Group 1-177,text,false,,261,494,837,837,http://localhost:8080/web/index.php/api/v2/recruitment/candidates,32297,0,0
1768483622483,37000,Create Candidate Request,401,Unauthorized,Candidate Creation Thread Group 1-518,text,false,,261,491,836,836,http://localhost:8080/web/index.php/api/v2/recruitment/candidates,37000,0,0
1768483633681,25905,Create Candidate Request,401,Unauthorized,Candidate Creation Thread Group 1-800,text,false,,261,494,836,836,http://localhost:8080/web/index.php/api/v2/recruitment/candidates,25904,0,0
1768483627170,32514,Create Candidate Request,401,Unauthorized,Candidate Creation Thread Group 1-280,text,false,,261,494,836,836,http://localhost:8080/web/index.php/api/v2/recruitment/candidates,32513,0,0
1768483627274,32500,Create Candidate Request,401,Unauthorized,Candidate Creation Thread Group 1-137,text,false,,261,494,835,835,http://localhost:8080/web/index.php/api/v2/recruitment/candidates,32499,0,0
1768483624288,35494,Create Candidate Request,401,Unauthorized,Candidate Creation Thread Group 1-68,text,false,,261,491,834,834,http://localhost:8080/web/index.php/api/v2/recruitment/candidates,35494,0,0
1768483634971,24901,Create Candidate Request,401,Unauthorized,Candidate Creation Thread Group 1-151,text,false,,261,494,833,833,http://localhost:8080/web/index.php/api/v2/recruitment/candidates,24901,0,1
1768483627280,32597,Create Candidate Request,401,Unauthorized,Candidate Creation Thread Group 1-55,text,false,,261,494,832,832,http://localhost:8080/web/index.php/api/v2/recruitment/candidates,32597,0,1
1768483627373,32511,Create Candidate Request,401,Unauthorized,Candidate Creation Thread Group 1-72,text,false,,261,494,831,831,http://localhost:8080/web/index.php/api/v2/recruitment/candidates,32510,0,0
1768483627378,32594,Create Candidate Request,401,Unauthorized,Candidate Creation Thread Group 1-313,text,false,,261,494,830,830,http://localhost:8080/web/index.php/api/v2/recruitment/candidates,32593,0,0
1768483624871,35106,Create Candidate Request,401,Unauthorized,Candidate Creation Thread Group 1-882,text,false,,261,494,829,829,http://localhost:8080/web/index.php/api/v2/recruitment/candidates,35105,0,0
1768483624478,35504,Create Candidate Request,401,Unauthorized,Candidate Creation Thread Group 1-29,text,false,,261,491,829,829,http://localhost:8080/web/index.php/api/v2/recruitment/candidates,35504,0,0
1768483627574,32495,Create Candidate Request,401,Unauthorized,Candidate Creation Thread Group 1-235,text,false,,261,494,828,828,http://localhost:8080/web/index.php/api/v2/recruitment/candidates,32413,0,0
1768483635176,24897,Create Candidate Request,401,Unauthorized,Candidate Creation Thread Group 1-354,text,false,,261,494,827,827,http://localhost:8080/web/index.php/api/v2/recruitment/candidates,24896,0,0
1768483627677,32405,Create Candidate Request,401,Unauthorized,Candidate Creation Thread Group 1-864,text,false,,261,494,826,826,http://localhost:8080/web/index.php/api/v2/recruitment/candidates,32405,0,1
1768483627772,32316,Create Candidate Request,401,Unauthorized,Candidate Creation Thread Group 1-21,text,false,,261,494,826,826,http://localhost:8080/web/index.php/api/v2/recruitment/candidates,32315,0,0
1768483627581,32591,Create Candidate Request,401,Unauthorized,Candidate Creation Thread Group 1-88,text,false,,261,494,825,825,http://localhost:8080/web/index.php/api/v2/recruitment/candidates,32590,0,1
1768483627681,32496,Create Candidate Request,401,Unauthorized,Candidate Creation Thread Group 1-470,text,false,,261,494,824,824,http://localhost:8080/web/index.php/api/v2/recruitment/candidates,32495,0,0
1768483627784,32398,Create Candidate Request,401,Unauthorized,Candidate Creation Thread Group 1-379,text,false,,261,494,824,824,http://localhost:8080/web/index.php/api/v2/recruitment/candidates,32398,0,1
1768483627672,32602,Create Candidate Request,401,Unauthorized,Candidate Creation Thread Group 1-602,text,false,,261,494,823,823,http://localhost:8080/web/index.php/api/v2/recruitment/candidates,32601,0,0
1768483627780,32502,Create Candidate Request,401,Unauthorized,Candidate Creation Thread Group 1-862,text,false,,261,494,823,823,http://localhost:8080/web/index.php/api/v2/recruitment/candidates,32501,0,0
1768483627870,32500,Create Candidate Request,401,Unauthorized,Candidate Creation Thread Group 1-188,text,false,,261,494,823,823,http://localhost:8080/web/index.php/api/v2/recruitment/candidates,32499,0,0
1768483627881,32495,Create Candidate Request,401,Unauthorized,Candidate Creation Thread Group 1-227,text,false,,261,494,822,822,http://localhost:8080/web/index.php/api/v2/recruitment/candidates,32495,0,0
1768483627875,32510,Create Candidate Request,401,Unauthorized,Candidate Creation Thread Group 1-316,text,false,,261,494,821,821,http://localhost:8080/web/index.php/api/v2/recruitment/candidates,32508,0,0
1768483627971,32499,Create Candidate Request,401,Unauthorized,Candidate Creation Thread Group 1-486,text,false,,261,494,820,820,http://localhost:8080/web/index.php/api/v2/recruitment/candidates,32498,0,1
1768483627981,32493,Create Candidate Request,401,Unauthorized,Candidate Creation Thread Group 1-56,text,false,,261,494,819,819,http://localhost:8080/web/index.php/api/v2/recruitment/candidates,32493,0,0
1768483627975,32595,Create Candidate Request,401,Unauthorized,Candidate Creation Thread Group 1-92,text,false,,261,494,818,818,http://localhost:8080/web/index.php/api/v2/recruitment/candidates,32595,0,0
1768483628070,32508,Create Candidate Request,401,Unauthorized,Candidate Creation Thread Group 1-319,text,false,,261,494,817,817,http://localhost:8080/web/index.php/api/v2/recruitment/candidates,32507,0,0
1768483628077,32595,Create Candidate Request,401,Unauthorized,Candidate Creation Thread Group 1-76,text,false,,261,494,816,816,http://localhost:8080/web/index.php/api/v2/recruitment/candidates,32595,0,0
1768483628169,32600,Create Candidate Request,401,Unauthorized,Candidate Creation Thread Group 1-5,text,false,,261,494,815,815,http://localhost:8080/web/index.php/api/v2/recruitment/candidates,32600,0,0
1768483628185,32588,Create Candidate Request,401,Unauthorized,Candidate Creation Thread Group 1-314,text,false,,261,494,814,814,http://localhost:8080/web/index.php/api/v2/recruitment/candidates,32587,0,0
1768483622575,38207,Create Candidate Request,401,Unauthorized,Candidate Creation Thread Group 1-558,text,false,,261,491,813,813,http://localhost:8080/web/index.php/api/v2/recruitment/candidates,38206,0,1
1768483622581,38294,Create Candidate Request,401,Unauthorized,Candidate Creation Thread Group 1-613,text,false,,261,494,813,813,http://localhost:8080/web/index.php/api/v2/recruitment/candidates,38290,0,1
1768483622670,38205,Create Candidate Request,401,Unauthorized,Candidate Creation Thread Group 1-283,text,false,,261,494,813,813,http://localhost:8080/web/index.php/api/v2/recruitment/candidates,38205,0,0
1768483622673,38208,Create Candidate Request,401,Unauthorized,Candidate Creation Thread Group 1-169,text,false,,261,494,812,812,http://localhost:8080/web/index.php/api/v2/recruitment/candidates,38207,0,1
1768483596184,64702,Create Candidate Request,401,Unauthorized,Candidate Creation Thread Group 1-294,text,false,,261,494,811,811,http://localhost:8080/web/index.php/api/v2/recruitment/candidates,64701,0,0
1768483633884,27091,Create Candidate Request,401,Unauthorized,Candidate Creation Thread Group 1-229,text,false,,261,494,811,811,http://localhost:8080/web/index.php/api/v2/recruitment/candidates,27091,0,1
1768483622773,38208,Create Candidate Request,401,Unauthorized,Candidate Creation Thread Group 1-273,text,false,,261,494,810,810,http://localhost:8080/web/index.php/api/v2/recruitment/candidates,38207,0,0
1768483622769,38303,Create Candidate Request,401,Unauthorized,Candidate Creation Thread Group 1-604,text,false,,261,494,809,809,http://localhost:8080/web/index.php/api/v2/recruitment/candidates,38302,0,0
1768483622782,38386,Create Candidate Request,401,Unauthorized,Candidate Creation Thread Group 1-601,text,false,,261,494,809,809,http://localhost:8080/web/index.php/api/v2/recruitment/candidates,38301,0,0
1768483622874,38298,Create Candidate Request,401,Unauthorized,Candidate Creation Thread Group 1-599,text,false,,261,494,809,809,http://localhost:8080/web/index.php/api/v2/recruitment/candidates,38297,0,1
1768483622974,38201,Create Candidate Request,401,Unauthorized,Candidate Creation Thread Group 1-130,text,false,,261,494,809,809,http://localhost:8080/web/index.php/api/v2/recruitment/candidates,38201,0,1
1768483622878,38303,Create Candidate Request,401,Unauthorized,Candidate Creation Thread Group 1-603,text,false,,261,494,808,808,http://localhost:8080/web/index.php/api/v2/recruitment/candidates,38302,0,1
1768483634874,26397,Create Candidate Request,401,Unauthorized,Candidate Creation Thread Group 1-453,text,false,,261,494,808,808,http://localhost:8080/web/index.php/api/v2/recruitment/candidates,26396,0,1
1768483622971,38306,Create Candidate Request,401,Unauthorized,Candidate Creation Thread Group 1-606,text,false,,261,494,807,807,http://localhost:8080/web/index.php/api/v2/recruitment/candidates,38305,0,0
1768483623073,38208,Create Candidate Request,401,Unauthorized,Candidate Creation Thread Group 1-20,text,false,,261,494,807,807,http://localhost:8080/web/index.php/api/v2/recruitment/candidates,38208,0,0
1768483623080,38296,Create Candidate Request,401,Unauthorized,Candidate Creation Thread Group 1-34,text,false,,261,494,806,806,http://localhost:8080/web/index.php/api/v2/recruitment/candidates,38295,0,1
1768483623171,38211,Create Candidate Request,401,Unauthorized,Candidate Creation Thread Group 1-614,text,false,,261,494,805,805,http://localhost:8080/web/index.php/api/v2/recruitment/candidates,38211,0,0
1768483623177,38294,Create Candidate Request,401,Unauthorized,Candidate Creation Thread Group 1-595,text,false,,261,494,805,805,http://localhost:8080/web/index.php/api/v2/recruitment/candidates,38294,0,0
1768483623281,38198,Create Candidate Request,401,Unauthorized,Candidate Creation Thread Group 1-745,text,false,,261,494,805,805,http://localhost:8080/web/index.php/api/v2/recruitment/candidates,38197,0,0
1768483606582,54988,Create Candidate Request,401,Unauthorized,Candidate Creation Thread Group 1-431,text,false,,261,494,805,805,http://localhost:8080/web/index.php/api/v2/recruitment/candidates,54908,0,0
1768483606675,54900,Create Candidate Request,401,Unauthorized,Candidate Creation Thread Group 1-204,text,false,,261,494,805,805,http://localhost:8080/web/index.php/api/v2/recruitment/candidates,54900,0,0
1768483606771,54811,Create Candidate Request,401,Unauthorized,Candidate Creation Thread Group 1-209,text,false,,261,494,805,805,http://localhost:8080/web/index.php/api/v2/recruitment/candidates,54810,0,0
1768483606784,54889,Create Candidate Request,401,Unauthorized,Candidate Creation Thread Group 1-201,text,false,,261,491,805,805,http://localhost:8080/web/index.php/api/v2/recruitment/candidates,54888,0,0
1768483624876,36800,Create Candidate Request,401,Unauthorized,Candidate Creation Thread Group 1-706,text,false,,261,494,805,805,http://localhost:8080/web/index.php/api/v2/recruitment/candidates,36799,0,0
1768483627184,34586,Create Candidate Request,401,Unauthorized,Candidate Creation Thread Group 1-125,text,false,,261,494,805,805,http://localhost:8080/web/index.php/api/v2/recruitment/candidates,34585,0,0
1768483625276,36499,Create Candidate Request,401,Unauthorized,Candidate Creation Thread Group 1-135,text,false,,261,494,804,804,http://localhost:8080/web/index.php/api/v2/recruitment/candidates,36499,0,0
1768483628283,33587,Create Candidate Request,401,Unauthorized,Candidate Creation Thread Group 1-87,text,false,,261,494,803,803,http://localhost:8080/web/index.php/api/v2/recruitment/candidates,33586,0,0
1768483628275,33600,Create Candidate Request,401,Unauthorized,Candidate Creation Thread Group 1-362,text,false,,261,494,802,802,http://localhost:8080/web/index.php/api/v2/recruitment/candidates,33599,0,0
1768483628270,33700,Create Candidate Request,401,Unauthorized,Candidate Creation Thread Group 1-322,text,false,,261,494,801,801,http://localhost:8080/web/index.php/api/v2/recruitment/candidates,33699,0,0
1768483628480,33494,Create Candidate Request,401,Unauthorized,Candidate Creation Thread Group 1-955,text,false,,261,491,800,800,http://localhost:8080/web/index.php/api/v2/recruitment/candidates,33494,0,1
1768483628383,33687,Create Candidate Request,401,Unauthorized,Candidate Creation Thread Group 1-52,text,false,,261,494,800,800,http://localhost:8080/web/index.php/api/v2/recruitment/candidates,33686,0,0
1768483628578,33502,Create Candidate Request,401,Unauthorized,Candidate Creation Thread Group 1-317,text,false,,261,491,799,799,http://localhost:8080/web/index.php/api/v2/recruitment/candidates,33501,0,0
1768483628480,33605,Create Candidate Request,401,Unauthorized,Candidate Creation Thread Group 1-345,text,false,,261,491,798,798,http://localhost:8080/web/index.php/api/v2/recruitment/candidates,33604,0,1
1768483627472,34700,Create Candidate Request,401,Unauthorized,Candidate Creation Thread Group 1-325,text,false,,261,494,797,797,http://localhost:8080/web/index.php/api/v2/recruitment/candidates,34700,0,0
1768483628679,33498,Create Candidate Request,401,Unauthorized,Candidate Creation Thread Group 1-81,text,false,,261,491,796,796,http://localhost:8080/web/index.php/api/v2/recruitment/candidates,33498,0,0
1768483628673,33508,Create Candidate Request,401,Unauthorized,Candidate Creation Thread Group 1-251,text,false,,261,491,795,795,http://localhost:8080/web/index.php/api/v2/recruitment/candidates,33507,0,0
1768483628670,33601,Create Candidate Request,401,Unauthorized,Candidate Creation Thread Group 1-185,text,false,,261,491,794,794,http://localhost:8080/web/index.php/api/v2/recruitment/candidates,33601,0,0
1768483624570,37709,Create Candidate Request,401,Unauthorized,Candidate Creation Thread Group 1-128,text,false,,261,491,793,793,http://localhost:8080/web/index.php/api/v2/recruitment/candidates,37708,0,0
1768483628771,33599,Create Candidate Request,401,Unauthorized,Candidate Creation Thread Group 1-101,text,false,,261,491,792,792,http://localhost:8080/web/index.php/api/v2/recruitment/candidates,33598,0,0
1768483628777,33606,Create Candidate Request,401,Unauthorized,Candidate Creation Thread Group 1-106,text,false,,261,494,791,791,http://localhost:8080/web/index.php/api/v2/recruitment/candidates,33606,0,0
1768483625879,36593,Create Candidate Request,401,Unauthorized,Candidate Creation Thread Group 1-843,text,false,,261,494,790,790,http://localhost:8080/web/index.php/api/v2/recruitment/candidates,36593,0,0
1768483628978,33503,Create Candidate Request,401,Unauthorized,Candidate Creation Thread Group 1-318,text,false,,261,494,790,790,http://localhost:8080/web/index.php/api/v2/recruitment/candidates,33502,0,0
1768483629071,33500,Create Candidate Request,401,Unauthorized,Candidate Creation Thread Group 1-344,text,false,,261,494,789,789,http://localhost:8080/web/index.php/api/v2/recruitment/candidates,33499,0,0
1768483629076,33501,Create Candidate Request,401,Unauthorized,Candidate Creation Thread Group 1-91,text,false,,261,494,789,789,http://localhost:8080/web/index.php/api/v2/recruitment/candidates,33499,0,1
1768483629081,33589,Create Candidate Request,401,Unauthorized,Candidate Creation Thread Group 1-93,text,false,,261,494,788,788,http://localhost:8080/web/index.php/api/v2/recruitment/candidates,33589,0,1
1768483629088,33588,Create Candidate Request,401,Unauthorized,Candidate Creation Thread Group 1-189,text,false,,261,494,787,787,http://localhost:8080/web/index.php/api/v2/recruitment/candidates,33587,0,1
1768483629179,33590,Create Candidate Request,401,Unauthorized,Candidate Creation Thread Group 1-183,text,false,,261,494,786,786,http://localhost:8080/web/index.php/api/v2/recruitment/candidates,33590,0,0
1768483629770,33006,Create Candidate Request,401,Unauthorized,Candidate Creation Thread Group 1-676,text,false,,261,494,785,785,http://localhost:8080/web/index.php/api/v2/recruitment/candidates,33006,0,0
1768483630880,31988,Create Candidate Request,401,Unauthorized,Candidate Creation Thread Group 1-438,text,false,,261,494,785,785,http://localhost:8080/web/index.php/api/v2/recruitment/candidates,31904,0,1
1768483630873,32000,Create Candidate Request,401,Unauthorized,Candidate Creation Thread Group 1-171,text,false,,261,494,784,784,http://localhost:8080/web/index.php/api/v2/recruitment/candidates,32000,0,0
1768483629174,33796,Create Candidate Request,401,Unauthorized,Candidate Creation Thread Group 1-182,text,false,,261,494,783,783,http://localhost:8080/web/index.php/api/v2/recruitment/candidates,33795,0,0
1768483629270,33710,Create Candidate Request,401,Unauthorized,Candidate Creation Thread Group 1-192,text,false,,261,494,782,782,http://localhost:8080/web/index.php/api/v2/recruitment/candidates,33709,0,0
1768483629273,33801,Create Candidate Request,401,Unauthorized,Candidate Creation Thread Group 1-194,text,false,,261,494,781,781,http://localhost:8080/web/index.php/api/v2/recruitment/candidates,33801,0,0
1768483629284,33801,Create Candidate Request,401,Unauthorized,Candidate Creation Thread Group 1-296,text,false,,261,494,780,780,http://localhost:8080/web/index.php/api/v2/recruitment/candidates,33800,0,0
1768483629280,33892,Create Candidate Request,401,Unauthorized,Candidate Creation Thread Group 1-33,text,false,,261,494,779,779,http://localhost:8080/web/index.php/api/v2/recruitment/candidates,33892,0,1
1768483629383,33797,Create Candidate Request,401,Unauthorized,Candidate Creation Thread Group 1-308,text,false,,261,494,778,778,http://localhost:8080/web/index.php/api/v2/recruitment/candidates,33796,0,0
1768483629470,33798,Create Candidate Request,401,Unauthorized,Candidate Creation Thread Group 1-246,text,false,,261,494,777,777,http://localhost:8080/web/index.php/api/v2/recruitment/candidates,33715,0,0
1768483628375,34895,Create Candidate Request,401,Unauthorized,Candidate Creation Thread Group 1-357,text,false,,261,494,777,777,http://localhost:8080/web/index.php/api/v2/recruitment/candidates,34895,0,1
1768483629474,33803,Create Candidate Request,401,Unauthorized,Candidate Creation Thread Group 1-458,text,false,,261,494,775,775,http://localhost:8080/web/index.php/api/v2/recruitment/candidates,33803,0,1
1768483629579,33795,Create Candidate Request,401,Unauthorized,Candidate Creation Thread Group 1-155,text,false,,261,494,774,774,http://localhost:8080/web/index.php/api/v2/recruitment/candidates,33794,0,0
1768483629673,33707,Create Candidate Request,401,Unauthorized,Candidate Creation Thread Group 1-178,text,false,,261,494,773,773,http://localhost:8080/web/index.php/api/v2/recruitment/candidates,33706,0,0
1768483629776,33695,Create Candidate Request,401,Unauthorized,Candidate Creation Thread Group 1-240,text,false,,261,494,772,772,http://localhost:8080/web/index.php/api/v2/recruitment/candidates,33695,0,0
1768483629779,33697,Create Candidate Request,401,Unauthorized,Candidate Creation Thread Group 1-252,text,false,,261,494,771,771,http://localhost:8080/web/index.php/api/v2/recruitment/candidates,33696,0,0
1768483625675,37894,Create Candidate Request,401,Unauthorized,Candidate Creation Thread Group 1-267,text,false,,261,494,770,770,http://localhost:8080/web/index.php/api/v2/recruitment/candidates,37893,0,0
1768483629872,33707,Create Candidate Request,401,Unauthorized,Candidate Creation Thread Group 1-85,text,false,,261,494,770,770,http://localhost:8080/web/index.php/api/v2/recruitment/candidates,33707,0,0
1768483629970,33703,Create Candidate Request,401,Unauthorized,Candidate Creation Thread Group 1-665,text,false,,261,494,769,769,http://localhost:8080/web/index.php/api/v2/recruitment/candidates,33702,0,1
1768483628972,34708,Create Candidate Request,401,Unauthorized,Candidate Creation Thread Group 1-140,text,false,,261,494,769,769,http://localhost:8080/web/index.php/api/v2/recruitment/candidates,34708,0,1
1768483629984,33789,Create Candidate Request,401,Unauthorized,Candidate Creation Thread Group 1-670,text,false,,261,494,768,768,http://localhost:8080/web/index.php/api/v2/recruitment/candidates,33788,0,0
1768483629979,33797,Create Candidate Request,401,Unauthorized,Candidate Creation Thread Group 1-315,text,false,,261,494,768,768,http://localhost:8080/web/index.php/api/v2/recruitment/candidates,33797,0,1
1768483628179,35603,Create Candidate Request,401,Unauthorized,Candidate Creation Thread Group 1-321,text,false,,261,494,767,767,http://localhost:8080/web/index.php/api/v2/recruitment/candidates,35602,0,0
1768483630174,33701,Create Candidate Request,401,Unauthorized,Candidate Creation Thread Group 1-980,text,false,,261,494,766,766,http://localhost:8080/web/index.php/api/v2/recruitment/candidates,33700,0,0
1768483630274,33606,Create Candidate Request,401,Unauthorized,Candidate Creation Thread Group 1-214,text,false,,261,494,766,766,http://localhost:8080/web/index.php/api/v2/recruitment/candidates,33605,0,0
1768483630269,33703,Create Candidate Request,401,Unauthorized,Candidate Creation Thread Group 1-775,text,false,,261,494,765,765,http://localhost:8080/web/index.php/api/v2/recruitment/candidates,33702,0,0
1768483630389,33586,Create Candidate Request,401,Unauthorized,Candidate Creation Thread Group 1-216,text,false,,261,491,765,765,http://localhost:8080/web/index.php/api/v2/recruitment/candidates,33586,0,0
1768483630973,33010,Create Candidate Request,401,Unauthorized,Candidate Creation Thread Group 1-133,text,false,,261,494,764,764,http://localhost:8080/web/index.php/api/v2/recruitment/candidates,33009,0,0
1768483633077,30995,Create Candidate Request,401,Unauthorized,Candidate Creation Thread Group 1-221,text,false,,261,494,763,763,http://localhost:8080/web/index.php/api/v2/recruitment/candidates,30995,0,0
1768483630982,33098,Create Candidate Request,401,Unauthorized,Candidate Creation Thread Group 1-269,text,false,,261,494,762,762,http://localhost:8080/web/index.php/api/v2/recruitment/candidates,33095,0,0
1768483631072,33099,Create Candidate Request,401,Unauthorized,Candidate Creation Thread Group 1-310,text,false,,261,494,761,761,http://localhost:8080/web/index.php/api/v2/recruitment/candidates,33099,0,0
1768483631169,33006,Create Candidate Request,401,Unauthorized,Candidate Creation Thread Group 1-162,text,false,,261,494,760,760,http://localhost:8080/web/index.php/api/v2/recruitment/candidates,33005,0,0
1768483623975,40205,Create Candidate Request,401,Unauthorized,Candidate Creation Thread Group 1-36,text,false,,261,494,760,760,http://localhost:8080/web/index.php/api/v2/recruitment/candidates,40205,0,0
1768483631269,33002,Create Candidate Request,401,Unauthorized,Candidate Creation Thread Group 1-334,text,false,,261,494,759,759,http://localhost:8080/web/index.php/api/v2/recruitment/candidates,33002,0,1
1768483631376,32902,Create Candidate Request,401,Unauthorized,Candidate Creation Thread Group 1-260,text,false,,261,494,758,758,http://localhost:8080/web/index.php/api/v2/recruitment/candidates,32901,0,0
1768483631369,33007,Create Candidate Request,401,Unauthorized,Candidate Creation Thread Group 1-272,text,false,,261,494,757,757,http://localhost:8080/web/index.php/api/v2/recruitment/candidates,33006,0,1
1768483640174,24214,Create Candidate Request,401,Unauthorized,Candidate Creation Thread Group 1-480,text,false,,261,494,756,756,http://localhost:8080/web/index.php/api/v2/recruitment/candidates,24214,0,0
1768483639174,25301,Create Candidate Request,401,Unauthorized,Candidate Creation Thread Group 1-625,text,false,,261,494,755,755,http://localhost:8080/web/index.php/api/v2/recruitment/candidates,25301,0,0
1768483639279,25206,Create Candidate Request,401,Unauthorized,Candidate Creation Thread Group 1-630,text,false,,261,494,754,754,http://localhost:8080/web/index.php/api/v2/recruitment/candidates,25201,0,0
1768483639274,25298,Create Candidate Request,401,Unauthorized,Candidate Creation Thread Group 1-538,text,false,,261,494,753,753,http://localhost:8080/web/index.php/api/v2/recruitment/candidates,25296,0,0
1768483639180,25395,Create Candidate Request,401,Unauthorized,Candidate Creation Thread Group 1-628,text,false,,261,494,752,752,http://localhost:8080/web/index.php/api/v2/recruitment/candidates,25395,0,0
1768483639186,25486,Create Candidate Request,401,Unauthorized,Candidate Creation Thread Group 1-627,text,false,,261,494,751,751,http://localhost:8080/web/index.php/api/v2/recruitment/candidates,25485,0,1
1768483639375,25301,Create Candidate Request,401,Unauthorized,Candidate Creation Thread Group 1-629,text,false,,261,494,750,750,http://localhost:8080/web/index.php/api/v2/recruitment/candidates,25301,0,1
1768483638385,26388,Create Candidate Request,401,Unauthorized,Candidate Creation Thread Group 1-482,text,false,,261,494,749,749,http://localhost:8080/web/index.php/api/v2/recruitment/candidates,26388,0,1
1768483639477,25308,Create Candidate Request,401,Unauthorized,Candidate Creation Thread Group 1-441,text,false,,261,494,748,748,http://localhost:8080/web/index.php/api/v2/recruitment/candidates,25307,0,0
1768483639483,25398,Create Candidate Request,401,Unauthorized,Candidate Creation Thread Group 1-632,text,false,,261,494,747,747,http://localhost:8080/web/index.php/api/v2/recruitment/candidates,25398,0,0
1768483638575,26398,Create Candidate Request,401,Unauthorized,Candidate Creation Thread Group 1-626,text,false,,261,494,746,746,http://localhost:8080/web/index.php/api/v2/recruitment/candidates,26398,0,0
1768483639574,25405,Create Candidate Request,401,Unauthorized,Candidate Creation Thread Group 1-579,text,false,,261,494,745,745,http://localhost:8080/web/index.php/api/v2/recruitment/candidates,25405,0,0
1768483637575,27410,Create Candidate Request,401,Unauthorized,Candidate Creation Thread Group 1-464,text,false,,261,494,744,744,http://localhost:8080/web/index.php/api/v2/recruitment/candidates,27410,0,0
1768483628483,36590,Create Candidate Request,401,Unauthorized,Candidate Creation Thread Group 1-288,text,false,,261,491,743,743,http://localhost:8080/web/index.php/api/v2/recruitment/candidates,36590,0,0
1768483639770,25312,Create Candidate Request,401,Unauthorized,Candidate Creation Thread Group 1-561,text,false,,261,494,742,742,http://localhost:8080/web/index.php/api/v2/recruitment/candidates,25311,0,1
1768483639782,25304,Create Candidate Request,401,Unauthorized,Candidate Creation Thread Group 1-492,text,false,,261,494,741,741,http://localhost:8080/web/index.php/api/v2/recruitment/candidates,25303,0,1
1768483639774,25399,Create Candidate Request,401,Unauthorized,Candidate Creation Thread Group 1-476,text,false,,261,494,740,740,http://localhost:8080/web/index.php/api/v2/recruitment/candidates,25398,0,0
1768483639876,25304,Create Candidate Request,401,Unauthorized,Candidate Creation Thread Group 1-846,text,false,,261,494,739,739,http://localhost:8080/web/index.php/api/v2/recruitment/candidates,25303,0,2
1768483639871,25402,Create Candidate Request,401,Unauthorized,Candidate Creation Thread Group 1-245,text,false,,261,494,739,739,http://localhost:8080/web/index.php/api/v2/recruitment/candidates,25402,0,0
1768483639883,25394,Create Candidate Request,401,Unauthorized,Candidate Creation Thread Group 1-399,text,false,,261,494,738,738,http://localhost:8080/web/index.php/api/v2/recruitment/candidates,25394,0,1
1768483639978,25308,Create Candidate Request,401,Unauthorized,Candidate Creation Thread Group 1-452,text,false,,261,494,737,737,http://localhost:8080/web/index.php/api/v2/recruitment/candidates,25308,0,0
1768483640980,24393,Create Candidate Request,401,Unauthorized,Candidate Creation Thread Group 1-254,text,false,,261,494,736,736,http://localhost:8080/web/index.php/api/v2/recruitment/candidates,24393,0,1
1768483640074,25304,Create Candidate Request,401,Unauthorized,Candidate Creation Thread Group 1-751,text,false,,261,494,735,735,http://localhost:8080/web/index.php/api/v2/recruitment/candidates,25304,0,0
1768483640081,25301,Create Candidate Request,401,Unauthorized,Candidate Creation Thread Group 1-500,text,false,,261,494,735,735,http://localhost:8080/web/index.php/api/v2/recruitment/candidates,25300,0,6
1768483640088,25388,Create Candidate Request,401,Unauthorized,Candidate Creation Thread Group 1-858,text,false,,261,494,734,734,http://localhost:8080/web/index.php/api/v2/recruitment/candidates,25387,0,0
1768483571782,93699,Create Candidate Request,401,Unauthorized,Candidate Creation Thread Group 1-619,text,false,,261,494,734,734,http://localhost:8080/web/index.php/api/v2/recruitment/candidates,93698,0,0
1768483631273,34311,Create Candidate Request,401,Unauthorized,Candidate Creation Thread Group 1-98,text,false,,261,494,734,734,http://localhost:8080/web/index.php/api/v2/recruitment/candidates,34308,0,4
1768483631078,34592,Create Candidate Request,401,Unauthorized,Candidate Creation Thread Group 1-346,text,false,,261,494,733,733,http://localhost:8080/web/index.php/api/v2/recruitment/candidates,34592,0,0
1768483631477,34197,Create Candidate Request,401,Unauthorized,Candidate Creation Thread Group 1-250,text,false,,261,494,732,732,http://localhost:8080/web/index.php/api/v2/recruitment/candidates,34197,0,0
1768483631472,34211,Create Candidate Request,401,Unauthorized,Candidate Creation Thread Group 1-274,text,false,,261,494,731,731,http://localhost:8080/web/index.php/api/v2/recruitment/candidates,34210,0,1
1768483631572,34201,Create Candidate Request,401,Unauthorized,Candidate Creation Thread Group 1-447,text,false,,261,494,730,730,http://localhost:8080/web/index.php/api/v2/recruitment/candidates,34201,0,0
1768483631585,34193,Create Candidate Request,401,Unauthorized,Candidate Creation Thread Group 1-436,text,false,,261,494,729,729,http://localhost:8080/web/index.php/api/v2/recruitment/candidates,34192,0,0
1768483633270,32601,Create Candidate Request,401,Unauthorized,Candidate Creation Thread Group 1-448,text,false,,261,491,728,728,http://localhost:8080/web/index.php/api/v2/recruitment/candidates,32601,0,2
1768483633279,32597,Create Candidate Request,401,Unauthorized,Candidate Creation Thread Group 1-439,text,false,,261,491,727,727,http://localhost:8080/web/index.php/api/v2/recruitment/candidates,32596,0,1
1768483633372,32509,Create Candidate Request,401,Unauthorized,Candidate Creation Thread Group 1-377,text,false,,261,491,726,726,http://localhost:8080/web/index.php/api/v2/recruitment/candidates,32508,0,0
1768483633379,32505,Create Candidate Request,401,Unauthorized,Candidate Creation Thread Group 1-223,text,false,,261,491,725,725,http://localhost:8080/web/index.php/api/v2/recruitment/candidates,32505,0,1
1768483605833,60140,Create Candidate Request,401,Unauthorized,Candidate Creation Thread Group 1-817,text,false,,261,494,724,724,http://localhost:8080/web/index.php/api/v2/recruitment/candidates,60140,0,5
1768483633477,32500,Create Candidate Request,401,Unauthorized,Candidate Creation Thread Group 1-798,text,false,,261,491,724,724,http://localhost:8080/web/index.php/api/v2/recruitment/candidates,32499,0,0
1768483629375,36694,Create Candidate Request,401,Unauthorized,Candidate Creation Thread Group 1-758,text,false,,261,494,724,724,http://localhost:8080/web/index.php/api/v2/recruitment/candidates,36694,0,1
1768483633483,32591,Create Candidate Request,401,Unauthorized,Candidate Creation Thread Group 1-263,text,false,,261,491,724,724,http://localhost:8080/web/index.php/api/v2/recruitment/candidates,32591,0,1
1768483633573,32596,Create Candidate Request,401,Unauthorized,Candidate Creation Thread Group 1-40,text,false,,261,491,723,723,http://localhost:8080/web/index.php/api/v2/recruitment/candidates,32596,0,1
1768483626780,39396,Create Candidate Request,401,Unauthorized,Candidate Creation Thread Group 1-100,text,false,,261,494,722,722,http://localhost:8080/web/index.php/api/v2/recruitment/candidates,39396,0,0
1768483633975,32296,Create Candidate Request,401,Unauthorized,Candidate Creation Thread Group 1-266,text,false,,261,494,721,721,http://localhost:8080/web/index.php/api/v2/recruitment/candidates,32295,0,0
1768483633985,32290,Create Candidate Request,401,Unauthorized,Candidate Creation Thread Group 1-468,text,false,,261,494,720,720,http://localhost:8080/web/index.php/api/v2/recruitment/candidates,32290,0,0
1768483634072,32212,Create Candidate Request,401,Unauthorized,Candidate Creation Thread Group 1-805,text,false,,261,494,719,719,http://localhost:8080/web/index.php/api/v2/recruitment/candidates,32211,0,0
1768483634082,32290,Create Candidate Request,401,Unauthorized,Candidate Creation Thread Group 1-173,text,false,,261,494,719,719,http://localhost:8080/web/index.php/api/v2/recruitment/candidates,32290,0,0
1768483634190,32188,Create Candidate Request,401,Unauthorized,Candidate Creation Thread Group 1-242,text,false,,261,494,718,718,http://localhost:8080/web/index.php/api/v2/recruitment/candidates,32186,0,0
1768483634190,32195,Create Candidate Request,401,Unauthorized,Candidate Creation Thread Group 1-67,text,false,,261,494,717,717,http://localhost:8080/web/index.php/api/v2/recruitment/candidates,32195,0,0
1768483634275,32198,Create Candidate Request,401,Unauthorized,Candidate Creation Thread Group 1-312,text,false,,261,494,716,716,http://localhost:8080/web/index.php/api/v2/recruitment/candidates,32197,0,0
1768483634277,32291,Create Candidate Request,401,Unauthorized,Candidate Creation Thread Group 1-228,text,false,,261,494,715,715,http://localhost:8080/web/index.php/api/v2/recruitment/candidates,32203,0,0
1768483634282,32291,Create Candidate Request,401,Unauthorized,Candidate Creation Thread Group 1-7,text,false,,261,494,714,714,http://localhost:8080/web/index.php/api/v2/recruitment/candidates,32291,0,0
1768483634377,32204,Create Candidate Request,401,Unauthorized,Candidate Creation Thread Group 1-239,text,false,,261,494,713,713,http://localhost:8080/web/index.php/api/v2/recruitment/candidates,32203,0,0
1768483626775,39899,Create Candidate Request,401,Unauthorized,Candidate Creation Thread Group 1-555,text,false,,261,494,712,712,http://localhost:8080/web/index.php/api/v2/recruitment/candidates,39899,0,1
1768483634474,32203,Create Candidate Request,401,Unauthorized,Candidate Creation Thread Group 1-291,text,false,,261,494,712,712,http://localhost:8080/web/index.php/api/v2/recruitment/candidates,32203,0,0
1768483630361,36410,Create Candidate Request,401,Unauthorized,Candidate Creation Thread Group 1-222,text,false,,261,494,711,711,http://localhost:8080/web/index.php/api/v2/recruitment/candidates,36410,0,1
1768483633473,33302,Create Candidate Request,401,Unauthorized,Candidate Creation Thread Group 1-77,text,false,,261,491,711,711,http://localhost:8080/web/index.php/api/v2/recruitment/candidates,33301,0,1
1768483634486,32386,Create Candidate Request,401,Unauthorized,Candidate Creation Thread Group 1-284,text,false,,261,494,710,710,http://localhost:8080/web/index.php/api/v2/recruitment/candidates,32385,0,0
1768483634573,32302,Create Candidate Request,401,Unauthorized,Candidate Creation Thread Group 1-440,text,false,,261,494,709,709,http://localhost:8080/web/index.php/api/v2/recruitment/candidates,32302,0,0
1768483634585,32298,Create Candidate Request,401,Unauthorized,Candidate Creation Thread Group 1-275,text,false,,261,494,708,708,http://localhost:8080/web/index.php/api/v2/recruitment/candidates,32298,0,0
1768483642477,24498,Create Candidate Request,401,Unauthorized,Candidate Creation Thread Group 1-624,text,false,,261,494,707,707,http://localhost:8080/web/index.php/api/v2/recruitment/candidates,24497,0,0
1768483634672,32397,Create Candidate Request,401,Unauthorized,Candidate Creation Thread Group 1-435,text,false,,261,494,706,706,http://localhost:8080/web/index.php/api/v2/recruitment/candidates,32315,0,0
1768483634682,32391,Create Candidate Request,401,Unauthorized,Candidate Creation Thread Group 1-378,text,false,,261,494,705,705,http://localhost:8080/web/index.php/api/v2/recruitment/candidates,32390,0,0
1768483634677,32491,Create Candidate Request,401,Unauthorized,Candidate Creation Thread Group 1-264,text,false,,261,494,704,704,http://localhost:8080/web/index.php/api/v2/recruitment/candidates,32411,0,0
1768483634686,32490,Create Candidate Request,401,Unauthorized,Candidate Creation Thread Group 1-443,text,false,,261,494,703,703,http://localhost:8080/web/index.php/api/v2/recruitment/candidates,32490,0,0
1768483634773,32408,Create Candidate Request,401,Unauthorized,Candidate Creation Thread Group 1-502,text,false,,261,494,702,702,http://localhost:8080/web/index.php/api/v2/recruitment/candidates,32408,0,0
1768483534381,132843,Create Candidate Request,Non HTTP response code: java.net.SocketException,Non HTTP response message: Connection reset,Candidate Creation Thread Group 1-121,text,false,,2437,0,701,701,http://localhost:8080/web/index.php/api/v2/recruitment/candidates,0,0,0
1768483532081,135143,Create Candidate Request,Non HTTP response code: java.net.SocketException,Non HTTP response message: Connection reset,Candidate Creation Thread Group 1-122,text,false,,2437,0,701,701,http://localhost:8080/web/index.php/api/v2/recruitment/candidates,0,0,0
1768483533976,133248,Create Candidate Request,Non HTTP response code: java.net.SocketException,Non HTTP response message: Connection reset,Candidate Creation Thread Group 1-66,text,false,,2437,0,701,701,http://localhost:8080/web/index.php/api/v2/recruitment/candidates,0,0,3
1768483634870,32401,Create Candidate Request,401,Unauthorized,Candidate Creation Thread Group 1-488,text,false,,261,494,701,701,http://localhost:8080/web/index.php/api/v2/recruitment/candidates,32401,0,1
1768483634781,32496,Create Candidate Request,401,Unauthorized,Candidate Creation Thread Group 1-445,text,false,,261,494,700,700,http://localhost:8080/web/index.php/api/v2/recruitment/candidates,32495,0,0
1768483635069,32214,Create Candidate Request,401,Unauthorized,Candidate Creation Thread Group 1-454,text,false,,261,494,699,699,http://localhost:8080/web/index.php/api/v2/recruitment/candidates,32214,0,0
1768483630076,37297,Create Candidate Request,401,Unauthorized,Candidate Creation Thread Group 1-253,text,false,,261,494,698,698,http://localhost:8080/web/index.php/api/v2/recruitment/candidates,37296,0,1
1768483635070,32315,Create Candidate Request,401,Unauthorized,Candidate Creation Thread Group 1-490,text,false,,261,494,697,697,http://localhost:8080/web/index.php/api/v2/recruitment/candidates,32315,0,0
1768483635083,32397,Create Candidate Request,401,Unauthorized,Candidate Creation Thread Group 1-350,text,false,,261,494,696,696,http://localhost:8080/web/index.php/api/v2/recruitment/candidates,32397,0,0
1768483635077,32494,Create Candidate Request,401,Unauthorized,Candidate Creation Thread Group 1-549,text,false,,261,494,695,695,http://localhost:8080/web/index.php/api/v2/recruitment/candidates,32493,0,0
1768483635184,32394,Create Candidate Request,401,Unauthorized,Candidate Creation Thread Group 1-406,text,false,,261,494,694,694,http://localhost:8080/web/index.php/api/v2/recruitment/candidates,32393,0,0
1768483635271,32399,Create Candidate Request,401,Unauthorized,Candidate Creation Thread Group 1-455,text,false,,261,494,693,693,http://localhost:8080/web/index.php/api/v2/recruitment/candidates,32398,0,1
1768483635276,32493,Create Candidate Request,401,Unauthorized,Candidate Creation Thread Group 1-885,text,false,,261,494,692,692,http://localhost:8080/web/index.php/api/v2/recruitment/candidates,32493,0,0
1768483643271,24505,Create Candidate Request,401,Unauthorized,Candidate Creation Thread Group 1-646,text,false,,261,494,692,692,http://localhost:8080/web/index.php/api/v2/recruitment/candidates,24505,0,1
1768483635325,32454,Create Candidate Request,401,Unauthorized,Candidate Creation Thread Group 1-388,text,false,,261,491,691,691,http://localhost:8080/web/index.php/api/v2/recruitment/candidates,32454,0,0
1768483635381,32519,Create Candidate Request,401,Unauthorized,Candidate Creation Thread Group 1-403,text,false,,261,491,690,690,http://localhost:8080/web/index.php/api/v2/recruitment/candidates,32519,0,0
1768483635374,32526,Create Candidate Request,401,Unauthorized,Candidate Creation Thread Group 1-364,text,false,,261,491,690,690,http://localhost:8080/web/index.php/api/v2/recruitment/candidates,32526,0,5
1768483635478,32493,Create Candidate Request,401,Unauthorized,Candidate Creation Thread Group 1-449,text,false,,261,491,688,688,http://localhost:8080/web/index.php/api/v2/recruitment/candidates,32493,0,1
1768483635473,32503,Create Candidate Request,401,Unauthorized,Candidate Creation Thread Group 1-241,text,false,,261,491,687,687,http://localhost:8080/web/index.php/api/v2/recruitment/candidates,32503,0,0
1768483635569,32503,Create Candidate Request,401,Unauthorized,Candidate Creation Thread Group 1-271,text,false,,261,491,686,686,http://localhost:8080/web/index.php/api/v2/recruitment/candidates,32502,0,1
1768483635585,32497,Create Candidate Request,401,Unauthorized,Candidate Creation Thread Group 1-395,text,false,,261,491,685,685,http://localhost:8080/web/index.php/api/v2/recruitment/candidates,32495,0,1
1768483635576,32693,Create Candidate Request,401,Unauthorized,Candidate Creation Thread Group 1-386,text,false,,261,491,684,684,http://localhost:8080/web/index.php/api/v2/recruitment/candidates,32693,0,0
1768483635689,32589,Create Candidate Request,401,Unauthorized,Candidate Creation Thread Group 1-620,text,false,,261,491,683,683,http://localhost:8080/web/index.php/api/v2/recruitment/candidates,32588,0,0
1768483635774,32597,Create Candidate Request,401,Unauthorized,Candidate Creation Thread Group 1-340,text,false,,261,494,682,682,http://localhost:8080/web/index.php/api/v2/recruitment/candidates,32597,0,0
1768483635786,32591,Create Candidate Request,401,Unauthorized,Candidate Creation Thread Group 1-393,text,false,,261,494,681,681,http://localhost:8080/web/index.php/api/v2/recruitment/candidates,32591,0,0
1768483635878,32592,Create Candidate Request,401,Unauthorized,Candidate Creation Thread Group 1-392,text,false,,261,494,680,680,http://localhost:8080/web/index.php/api/v2/recruitment/candidates,32592,0,1
1768483635979,32495,Create Candidate Request,401,Unauthorized,Candidate Creation Thread Group 1-302,text,false,,261,494,679,679,http://localhost:8080/web/index.php/api/v2/recruitment/candidates,32494,0,1
1768483636072,32408,Create Candidate Request,401,Unauthorized,Candidate Creation Thread Group 1-353,text,false,,261,494,678,678,http://localhost:8080/web/index.php/api/v2/recruitment/candidates,32406,0,1
1768483636169,32404,Create Candidate Request,401,Unauthorized,Candidate Creation Thread Group 1-398,text,false,,261,494,677,677,http://localhost:8080/web/index.php/api/v2/recruitment/candidates,32403,0,0
1768483636177,32491,Create Candidate Request,401,Unauthorized,Candidate Creation Thread Group 1-232,text,false,,261,494,676,676,http://localhost:8080/web/index.php/api/v2/recruitment/candidates,32408,0,0
1768483636270,32407,Create Candidate Request,401,Unauthorized,Candidate Creation Thread Group 1-444,text,false,,261,494,675,675,http://localhost:8080/web/index.php/api/v2/recruitment/candidates,32404,0,0
1768483636277,32493,Create Candidate Request,401,Unauthorized,Candidate Creation Thread Group 1-397,text,false,,261,494,674,674,http://localhost:8080/web/index.php/api/v2/recruitment/candidates,32492,0,1
1768483636375,32402,Create Candidate Request,401,Unauthorized,Candidate Creation Thread Group 1-210,text,false,,261,494,673,673,http://localhost:8080/web/index.php/api/v2/recruitment/candidates,32402,0,0
1768483636473,32308,Create Candidate Request,401,Unauthorized,Candidate Creation Thread Group 1-496,text,false,,261,494,672,672,http://localhost:8080/web/index.php/api/v2/recruitment/candidates,32308,0,1
1768483636586,32287,Create Candidate Request,401,Unauthorized,Candidate Creation Thread Group 1-198,text,false,,261,494,671,671,http://localhost:8080/web/index.php/api/v2/recruitment/candidates,32286,0,1
1768483633672,35209,Create Candidate Request,401,Unauthorized,Candidate Creation Thread Group 1-111,text,false,,261,494,670,670,http://localhost:8080/web/index.php/api/v2/recruitment/candidates,35208,0,1
1768483636671,32301,Create Candidate Request,401,Unauthorized,Candidate Creation Thread Group 1-206,text,false,,261,494,669,669,http://localhost:8080/web/index.php/api/v2/recruitment/candidates,32300,0,0
1768483636676,32306,Create Candidate Request,401,Unauthorized,Candidate Creation Thread Group 1-184,text,false,,261,494,668,668,http://localhost:8080/web/index.php/api/v2/recruitment/candidates,32305,0,0
1768483636774,32301,Create Candidate Request,401,Unauthorized,Candidate Creation Thread Group 1-22,text,false,,261,494,667,667,http://localhost:8080/web/index.php/api/v2/recruitment/candidates,32300,0,1
1768483636780,32391,Create Candidate Request,401,Unauthorized,Candidate Creation Thread Group 1-578,text,false,,261,494,666,666,http://localhost:8080/web/index.php/api/v2/recruitment/candidates,32391,0,0
1768483636870,32308,Create Candidate Request,401,Unauthorized,Candidate Creation Thread Group 1-330,text,false,,261,494,665,665,http://localhost:8080/web/index.php/api/v2/recruitment/candidates,32308,0,0
1768483633780,35490,Create Candidate Request,401,Unauthorized,Candidate Creation Thread Group 1-226,text,false,,261,494,664,664,http://localhost:8080/web/index.php/api/v2/recruitment/candidates,35490,0,1
1768483636878,32398,Create Candidate Request,401,Unauthorized,Candidate Creation Thread Group 1-97,text,false,,261,494,663,663,http://localhost:8080/web/index.php/api/v2/recruitment/candidates,32397,0,1
1768483636990,32291,Create Candidate Request,401,Unauthorized,Candidate Creation Thread Group 1-545,text,false,,261,494,662,662,http://localhost:8080/web/index.php/api/v2/recruitment/candidates,32291,0,0
1768483636973,32400,Create Candidate Request,401,Unauthorized,Candidate Creation Thread Group 1-309,text,false,,261,494,661,661,http://localhost:8080/web/index.php/api/v2/recruitment/candidates,32399,0,0
1768483632972,36410,Create Candidate Request,401,Unauthorized,Candidate Creation Thread Group 1-473,text,false,,261,494,660,660,http://localhost:8080/web/index.php/api/v2/recruitment/candidates,36410,0,0
1768483637085,32422,Create Candidate Request,401,Unauthorized,Candidate Creation Thread Group 1-385,text,false,,261,494,659,659,http://localhost:8080/web/index.php/api/v2/recruitment/candidates,32422,0,1
1768483637075,32499,Create Candidate Request,401,Unauthorized,Candidate Creation Thread Group 1-208,text,false,,261,494,658,658,http://localhost:8080/web/index.php/api/v2/recruitment/candidates,32498,0,0
1768483637175,32406,Create Candidate Request,401,Unauthorized,Candidate Creation Thread Group 1-197,text,false,,261,494,657,657,http://localhost:8080/web/index.php/api/v2/recruitment/candidates,32405,0,0
1768483637187,32403,Create Candidate Request,401,Unauthorized,Candidate Creation Thread Group 1-304,text,false,,261,494,656,656,http://localhost:8080/web/index.php/api/v2/recruitment/candidates,32402,0,0
1768483637275,32403,Create Candidate Request,401,Unauthorized,Candidate Creation Thread Group 1-331,text,false,,261,494,655,655,http://localhost:8080/web/index.php/api/v2/recruitment/candidates,32402,0,0
1768483637281,32492,Create Candidate Request,401,Unauthorized,Candidate Creation Thread Group 1-609,text,false,,261,494,654,654,http://localhost:8080/web/index.php/api/v2/recruitment/candidates,32492,0,0
1768483637378,32399,Create Candidate Request,401,Unauthorized,Candidate Creation Thread Group 1-462,text,false,,261,494,653,653,http://localhost:8080/web/index.php/api/v2/recruitment/candidates,32399,0,0
1768483637473,32423,Create Candidate Request,401,Unauthorized,Candidate Creation Thread Group 1-307,text,false,,261,494,652,652,http://localhost:8080/web/index.php/api/v2/recruitment/candidates,32423,0,0
1768483637386,32585,Create Candidate Request,401,Unauthorized,Candidate Creation Thread Group 1-474,text,false,,261,494,651,651,http://localhost:8080/web/index.php/api/v2/recruitment/candidates,32512,0,0
1768483637476,32508,Create Candidate Request,401,Unauthorized,Candidate Creation Thread Group 1-466,text,false,,261,494,650,650,http://localhost:8080/web/index.php/api/v2/recruitment/candidates,32507,0,1
1768483642271,27811,Create Candidate Request,401,Unauthorized,Candidate Creation Thread Group 1-428,text,false,,261,494,649,649,http://localhost:8080/web/index.php/api/v2/recruitment/candidates,27811,0,1
1768483637586,32590,Create Candidate Request,401,Unauthorized,Candidate Creation Thread Group 1-465,text,false,,261,494,648,648,http://localhost:8080/web/index.php/api/v2/recruitment/candidates,32588,0,0
1768483637484,32788,Create Candidate Request,401,Unauthorized,Candidate Creation Thread Group 1-220,text,false,,261,494,647,647,http://localhost:8080/web/index.php/api/v2/recruitment/candidates,32788,0,0
1768483636589,33687,Create Candidate Request,401,Unauthorized,Candidate Creation Thread Group 1-390,text,false,,261,494,646,646,http://localhost:8080/web/index.php/api/v2/recruitment/candidates,33687,0,0
1768483637677,32693,Create Candidate Request,401,Unauthorized,Candidate Creation Thread Group 1-467,text,false,,261,494,645,645,http://localhost:8080/web/index.php/api/v2/recruitment/candidates,32607,0,0
1768483637776,32601,Create Candidate Request,401,Unauthorized,Candidate Creation Thread Group 1-461,text,false,,261,494,644,644,http://localhost:8080/web/index.php/api/v2/recruitment/candidates,32600,0,0
1768483637784,32688,Create Candidate Request,401,Unauthorized,Candidate Creation Thread Group 1-224,text,false,,261,494,643,643,http://localhost:8080/web/index.php/api/v2/recruitment/candidates,32687,0,0
1768483637870,32605,Create Candidate Request,401,Unauthorized,Candidate Creation Thread Group 1-489,text,false,,261,494,642,642,http://localhost:8080/web/index.php/api/v2/recruitment/candidates,32605,0,1
1768483637886,32599,Create Candidate Request,401,Unauthorized,Candidate Creation Thread Group 1-373,text,false,,261,491,641,641,http://localhost:8080/web/index.php/api/v2/recruitment/candidates,32598,0,0
1768483637886,32691,Create Candidate Request,401,Unauthorized,Candidate Creation Thread Group 1-281,text,false,,261,491,640,640,http://localhost:8080/web/index.php/api/v2/recruitment/candidates,32690,0,0
1768483637973,32613,Create Candidate Request,401,Unauthorized,Candidate Creation Thread Group 1-360,text,false,,261,491,639,639,http://localhost:8080/web/index.php/api/v2/recruitment/candidates,32612,0,1
1768483637886,32785,Create Candidate Request,401,Unauthorized,Candidate Creation Thread Group 1-477,text,false,,261,491,638,638,http://localhost:8080/web/index.php/api/v2/recruitment/candidates,32785,0,0
1768483636980,33695,Create Candidate Request,401,Unauthorized,Candidate Creation Thread Group 1-218,text,false,,261,494,637,637,http://localhost:8080/web/index.php/api/v2/recruitment/candidates,33695,0,1
1768483638071,32608,Create Candidate Request,401,Unauthorized,Candidate Creation Thread Group 1-479,text,false,,261,491,636,636,http://localhost:8080/web/index.php/api/v2/recruitment/candidates,32607,0,0
1768483638075,32614,Create Candidate Request,401,Unauthorized,Candidate Creation Thread Group 1-491,text,false,,261,491,635,635,http://localhost:8080/web/index.php/api/v2/recruitment/candidates,32612,0,1
1768483638083,32690,Create Candidate Request,401,Unauthorized,Candidate Creation Thread Group 1-343,text,false,,261,491,634,634,http://localhost:8080/web/index.php/api/v2/recruitment/candidates,32689,0,0
1768483638173,32605,Create Candidate Request,401,Unauthorized,Candidate Creation Thread Group 1-481,text,false,,261,491,633,633,http://localhost:8080/web/index.php/api/v2/recruitment/candidates,32604,0,0
1768483638277,32595,Create Candidate Request,401,Unauthorized,Candidate Creation Thread Group 1-571,text,false,,261,494,632,632,http://localhost:8080/web/index.php/api/v2/recruitment/candidates,32595,0,0
1768483638270,32613,Create Candidate Request,401,Unauthorized,Candidate Creation Thread Group 1-212,text,false,,261,491,631,631,http://localhost:8080/web/index.php/api/v2/recruitment/candidates,32612,0,0
1768483638481,32411,Create Candidate Request,401,Unauthorized,Candidate Creation Thread Group 1-615,text,false,,261,494,630,630,http://localhost:8080/web/index.php/api/v2/recruitment/candidates,32411,0,0
1768483638285,32688,Create Candidate Request,401,Unauthorized,Candidate Creation Thread Group 1-501,text,false,,261,494,629,629,http://localhost:8080/web/index.php/api/v2/recruitment/candidates,32688,0,0
1768483638473,32505,Create Candidate Request,401,Unauthorized,Candidate Creation Thread Group 1-483,text,false,,261,494,628,628,http://localhost:8080/web/index.php/api/v2/recruitment/candidates,32505,0,1
1768483636570,34412,Create Candidate Request,401,Unauthorized,Candidate Creation Thread Group 1-211,text,false,,261,494,627,627,http://localhost:8080/web/index.php/api/v2/recruitment/candidates,34412,0,2
1768483634370,36699,Create Candidate Request,401,Unauthorized,Candidate Creation Thread Group 1-237,text,false,,261,494,626,626,http://localhost:8080/web/index.php/api/v2/recruitment/candidates,36699,0,0
1768483634480,36597,Create Candidate Request,401,Unauthorized,Candidate Creation Thread Group 1-282,text,false,,261,494,625,625,http://localhost:8080/web/index.php/api/v2/recruitment/candidates,36596,0,0
1768483638675,32494,Create Candidate Request,401,Unauthorized,Candidate Creation Thread Group 1-427,text,false,,261,494,624,624,http://localhost:8080/web/index.php/api/v2/recruitment/candidates,32410,0,1
1768483638681,32492,Create Candidate Request,401,Unauthorized,Candidate Creation Thread Group 1-300,text,false,,261,494,623,623,http://localhost:8080/web/index.php/api/v2/recruitment/candidates,32492,0,1
1768483638971,32209,Create Candidate Request,401,Unauthorized,Candidate Creation Thread Group 1-574,text,false,,261,494,622,622,http://localhost:8080/web/index.php/api/v2/recruitment/candidates,32206,0,2
1768483581215,90057,Create Candidate Request,401,Unauthorized,Candidate Creation Thread Group 1-685,text,false,,261,494,621,621,http://localhost:8080/web/index.php/api/v2/recruitment/candidates,90057,0,1
1768483581217,90152,Create Candidate Request,401,Unauthorized,Candidate Creation Thread Group 1-680,text,false,,261,494,621,621,http://localhost:8080/web/index.php/api/v2/recruitment/candidates,90067,0,0
1768483585307,86070,Create Candidate Request,401,Unauthorized,Candidate Creation Thread Group 1-936,text,false,,261,491,621,621,http://localhost:8080/web/index.php/api/v2/recruitment/candidates,86070,0,1
1768483581216,90256,Create Candidate Request,401,Unauthorized,Candidate Creation Thread Group 1-874,text,false,,261,494,621,621,http://localhost:8080/web/index.php/api/v2/recruitment/candidates,90255,0,0
1768483639082,32395,Create Candidate Request,401,Unauthorized,Candidate Creation Thread Group 1-409,text,false,,261,494,621,621,http://localhost:8080/web/index.php/api/v2/recruitment/candidates,32395,0,0
1768483640184,31298,Create Candidate Request,401,Unauthorized,Candidate Creation Thread Group 1-523,text,false,,261,494,620,620,http://localhost:8080/web/index.php/api/v2/recruitment/candidates,31298,0,1
1768483645375,26202,Create Candidate Request,401,Unauthorized,Candidate Creation Thread Group 1-673,text,false,,261,491,619,619,http://localhost:8080/web/index.php/api/v2/recruitment/candidates,26200,0,0
1768483640178,31492,Create Candidate Request,401,Unauthorized,Candidate Creation Thread Group 1-521,text,false,,261,494,619,619,http://localhost:8080/web/index.php/api/v2/recruitment/candidates,31410,0,0
1768483640271,31498,Create Candidate Request,401,Unauthorized,Candidate Creation Thread Group 1-534,text,false,,261,494,618,618,http://localhost:8080/web/index.php/api/v2/recruitment/candidates,31415,0,0
1768483633071,38706,Create Candidate Request,401,Unauthorized,Candidate Creation Thread Group 1-349,text,false,,261,494,617,617,http://localhost:8080/web/index.php/api/v2/recruitment/candidates,38705,0,1
1768483640471,31400,Create Candidate Request,401,Unauthorized,Candidate Creation Thread Group 1-575,text,false,,261,494,616,616,http://localhost:8080/web/index.php/api/v2/recruitment/candidates,31317,0,0
1768483640477,31397,Create Candidate Request,401,Unauthorized,Candidate Creation Thread Group 1-678,text,false,,261,494,615,615,http://localhost:8080/web/index.php/api/v2/recruitment/candidates,31397,0,0
1768483640588,31382,Create Candidate Request,401,Unauthorized,Candidate Creation Thread Group 1-728,text,false,,261,491,614,614,http://localhost:8080/web/index.php/api/v2/recruitment/candidates,31293,0,0
1768483645383,26688,Create Candidate Request,401,Unauthorized,Candidate Creation Thread Group 1-396,text,false,,261,494,613,613,http://localhost:8080/web/index.php/api/v2/recruitment/candidates,26688,0,0
1768483640483,31595,Create Candidate Request,401,Unauthorized,Candidate Creation Thread Group 1-374,text,false,,261,494,612,612,http://localhost:8080/web/index.php/api/v2/recruitment/candidates,31594,0,0
1768483640589,31582,Create Candidate Request,401,Unauthorized,Candidate Creation Thread Group 1-429,text,false,,261,491,611,611,http://localhost:8080/web/index.php/api/v2/recruitment/candidates,31582,0,0
1768483641582,30594,Create Candidate Request,401,Unauthorized,Candidate Creation Thread Group 1-840,text,false,,261,494,610,610,http://localhost:8080/web/index.php/api/v2/recruitment/candidates,30594,0,0
1768483640588,31592,Create Candidate Request,401,Unauthorized,Candidate Creation Thread Group 1-585,text,false,,261,491,610,610,http://localhost:8080/web/index.php/api/v2/recruitment/candidates,31591,0,0
1768483625501,46684,Create Candidate Request,401,Unauthorized,Candidate Creation Thread Group 1-161,text,false,,261,494,609,609,http://localhost:8080/web/index.php/api/v2/recruitment/candidates,46684,0,1
1768483643680,28596,Create Candidate Request,401,Unauthorized,Candidate Creation Thread Group 1-611,text,false,,261,494,608,608,http://localhost:8080/web/index.php/api/v2/recruitment/candidates,28595,0,1
1768483640674,31607,Create Candidate Request,401,Unauthorized,Candidate Creation Thread Group 1-529,text,false,,261,491,607,607,http://localhost:8080/web/index.php/api/v2/recruitment/candidates,31607,0,0
1768483640682,31694,Create Candidate Request,401,Unauthorized,Candidate Creation Thread Group 1-527,text,false,,261,491,606,606,http://localhost:8080/web/index.php/api/v2/recruitment/candidates,31693,0,1
1768483640679,31703,Create Candidate Request,401,Unauthorized,Candidate Creation Thread Group 1-526,text,false,,261,491,605,605,http://localhost:8080/web/index.php/api/v2/recruitment/candidates,31702,0,0
1768483640686,31789,Create Candidate Request,401,Unauthorized,Candidate Creation Thread Group 1-531,text,false,,261,491,604,604,http://localhost:8080/web/index.php/api/v2/recruitment/candidates,31789,0,1
1768483640774,31708,Create Candidate Request,401,Unauthorized,Candidate Creation Thread Group 1-532,text,false,,261,491,603,603,http://localhost:8080/web/index.php/api/v2/recruitment/candidates,31707,0,2
1768483640871,31616,Create Candidate Request,401,Unauthorized,Candidate Creation Thread Group 1-658,text,false,,261,494,602,602,http://localhost:8080/web/index.php/api/v2/recruitment/candidates,31615,0,0
1768483640875,31697,Create Candidate Request,401,Unauthorized,Candidate Creation Thread Group 1-618,text,false,,261,494,601,601,http://localhost:8080/web/index.php/api/v2/recruitment/candidates,31696,0,0
1768483640879,31698,Create Candidate Request,401,Unauthorized,Candidate Creation Thread Group 1-923,text,false,,261,494,600,600,http://localhost:8080/web/index.php/api/v2/recruitment/candidates,31698,0,0
1768483639983,32601,Create Candidate Request,401,Unauthorized,Candidate Creation Thread Group 1-437,text,false,,261,494,600,600,http://localhost:8080/web/index.php/api/v2/recruitment/candidates,32601,0,1
1768483641072,31598,Create Candidate Request,401,Unauthorized,Candidate Creation Thread Group 1-638,text,false,,261,494,599,599,http://localhost:8080/web/index.php/api/v2/recruitment/candidates,31598,0,0
1768483635170,37511,Create Candidate Request,401,Unauthorized,Candidate Creation Thread Group 1-450,text,false,,261,494,598,598,http://localhost:8080/web/index.php/api/v2/recruitment/candidates,37509,0,1
1768483641177,31693,Create Candidate Request,401,Unauthorized,Candidate Creation Thread Group 1-457,text,false,,261,494,597,597,http://localhost:8080/web/index.php/api/v2/recruitment/candidates,31693,0,1
1768483641183,31691,Create Candidate Request,401,Unauthorized,Candidate Creation Thread Group 1-418,text,false,,261,494,596,596,http://localhost:8080/web/index.php/api/v2/recruitment/candidates,31690,0,0
1768483641274,31606,Create Candidate Request,401,Unauthorized,Candidate Creation Thread Group 1-387,text,false,,261,494,595,595,http://localhost:8080/web/index.php/api/v2/recruitment/candidates,31605,0,1
1768483641279,31692,Create Candidate Request,401,Unauthorized,Candidate Creation Thread Group 1-498,text,false,,261,494,594,594,http://localhost:8080/web/index.php/api/v2/recruitment/candidates,31692,0,3
1768483641284,31693,Create Candidate Request,401,Unauthorized,Candidate Creation Thread Group 1-270,text,false,,261,494,593,593,http://localhost:8080/web/index.php/api/v2/recruitment/candidates,31692,0,1
1768483640277,32708,Create Candidate Request,401,Unauthorized,Candidate Creation Thread Group 1-522,text,false,,261,494,592,592,http://localhost:8080/web/index.php/api/v2/recruitment/candidates,32708,0,0
1768483646746,26338,Create Candidate Request,401,Unauthorized,Candidate Creation Thread Group 1-417,text,false,,261,494,591,591,http://localhost:8080/web/index.php/api/v2/recruitment/candidates,26336,0,0
1768483641379,31708,Create Candidate Request,401,Unauthorized,Candidate Creation Thread Group 1-421,text,false,,261,494,591,591,http://localhost:8080/web/index.php/api/v2/recruitment/candidates,31707,0,4
1768483641570,31603,Create Candidate Request,401,Unauthorized,Candidate Creation Thread Group 1-423,text,false,,261,494,590,590,http://localhost:8080/web/index.php/api/v2/recruitment/candidates,31603,0,1
1768483641575,31601,Create Candidate Request,401,Unauthorized,Candidate Creation Thread Group 1-424,text,false,,261,494,589,589,http://localhost:8080/web/index.php/api/v2/recruitment/candidates,31601,0,1
1768483641476,31706,Create Candidate Request,401,Unauthorized,Candidate Creation Thread Group 1-422,text,false,,261,494,588,588,http://localhost:8080/web/index.php/api/v2/recruitment/candidates,31705,0,0
1768483605813,67374,Create Candidate Request,401,Unauthorized,Candidate Creation Thread Group 1-905,text,false,,261,491,587,587,http://localhost:8080/web/index.php/api/v2/recruitment/candidates,67374,0,0
1768483605814,67460,Create Candidate Request,401,Unauthorized,Candidate Creation Thread Group 1-816,text,false,,261,491,587,587,http://localhost:8080/web/index.php/api/v2/recruitment/candidates,67460,0,0
1768483605813,67467,Create Candidate Request,401,Unauthorized,Candidate Creation Thread Group 1-804,text,false,,261,491,587,587,http://localhost:8080/web/index.php/api/v2/recruitment/candidates,67467,0,0
1768483649180,24194,Create Candidate Request,401,Unauthorized,Candidate Creation Thread Group 1-562,text,false,,261,494,587,587,http://localhost:8080/web/index.php/api/v2/recruitment/candidates,24193,0,1
1768483641777,31605,Create Candidate Request,401,Unauthorized,Candidate Creation Thread Group 1-380,text,false,,261,494,586,586,http://localhost:8080/web/index.php/api/v2/recruitment/candidates,31604,0,0
1768483648471,25011,Create Candidate Request,401,Unauthorized,Candidate Creation Thread Group 1-158,text,false,,261,491,585,585,http://localhost:8080/web/index.php/api/v2/recruitment/candidates,25010,0,1
1768483647480,26093,Create Candidate Request,401,Unauthorized,Candidate Creation Thread Group 1-404,text,false,,261,494,584,584,http://localhost:8080/web/index.php/api/v2/recruitment/candidates,26092,0,1
1768483645679,27901,Create Candidate Request,401,Unauthorized,Candidate Creation Thread Group 1-384,text,false,,261,494,583,583,http://localhost:8080/web/index.php/api/v2/recruitment/candidates,27901,0,1
1768483645779,27893,Create Candidate Request,401,Unauthorized,Candidate Creation Thread Group 1-383,text,false,,261,494,582,582,http://localhost:8080/web/index.php/api/v2/recruitment/candidates,27893,0,0
1768483645875,27802,Create Candidate Request,401,Unauthorized,Candidate Creation Thread Group 1-363,text,false,,261,494,581,581,http://localhost:8080/web/index.php/api/v2/recruitment/candidates,27800,0,1
1768483645871,27812,Create Candidate Request,401,Unauthorized,Candidate Creation Thread Group 1-407,text,false,,261,494,580,580,http://localhost:8080/web/index.php/api/v2/recruitment/candidates,27811,0,0
1768483645884,27898,Create Candidate Request,401,Unauthorized,Candidate Creation Thread Group 1-410,text,false,,261,494,579,579,http://localhost:8080/web/index.php/api/v2/recruitment/candidates,27898,0,0
1768483645973,27907,Create Candidate Request,401,Unauthorized,Candidate Creation Thread Group 1-28,text,false,,261,494,578,578,http://localhost:8080/web/index.php/api/v2/recruitment/candidates,27905,0,0
1768483644894,29088,Create Candidate Request,401,Unauthorized,Candidate Creation Thread Group 1-787,text,false,,261,491,578,578,http://localhost:8080/web/index.php/api/v2/recruitment/candidates,29088,0,0
1768483645977,28193,Create Candidate Request,401,Unauthorized,Candidate Creation Thread Group 1-361,text,false,,261,494,578,578,http://localhost:8080/web/index.php/api/v2/recruitment/candidates,28193,0,1
1768483645986,28189,Create Candidate Request,401,Unauthorized,Candidate Creation Thread Group 1-487,text,false,,261,494,577,577,http://localhost:8080/web/index.php/api/v2/recruitment/candidates,28188,0,1
1768483646074,28106,Create Candidate Request,401,Unauthorized,Candidate Creation Thread Group 1-196,text,false,,261,494,576,576,http://localhost:8080/web/index.php/api/v2/recruitment/candidates,28105,0,0
1768483646082,28101,Create Candidate Request,401,Unauthorized,Candidate Creation Thread Group 1-261,text,false,,261,494,575,575,http://localhost:8080/web/index.php/api/v2/recruitment/candidates,28101,0,0
1768483646172,28100,Create Candidate Request,401,Unauthorized,Candidate Creation Thread Group 1-415,text,false,,261,494,574,574,http://localhost:8080/web/index.php/api/v2/recruitment/candidates,28100,0,0
1768483646178,28103,Create Candidate Request,401,Unauthorized,Candidate Creation Thread Group 1-119,text,false,,261,494,573,573,http://localhost:8080/web/index.php/api/v2/recruitment/candidates,28102,0,0
1768483646182,28191,Create Candidate Request,401,Unauthorized,Candidate Creation Thread Group 1-368,text,false,,261,494,572,572,http://localhost:8080/web/index.php/api/v2/recruitment/candidates,28191,0,1
1768483646273,28109,Create Candidate Request,401,Unauthorized,Candidate Creation Thread Group 1-369,text,false,,261,494,571,571,http://localhost:8080/web/index.php/api/v2/recruitment/candidates,28109,0,0
1768483646472,27999,Create Candidate Request,401,Unauthorized,Candidate Creation Thread Group 1-292,text,false,,261,494,570,570,http://localhost:8080/web/index.php/api/v2/recruitment/candidates,27998,0,0
1768483646277,28197,Create Candidate Request,401,Unauthorized,Candidate Creation Thread Group 1-367,text,false,,261,494,569,569,http://localhost:8080/web/index.php/api/v2/recruitment/candidates,28197,0,1
1768483646378,28100,Create Candidate Request,401,Unauthorized,Candidate Creation Thread Group 1-293,text,false,,261,494,568,568,http://localhost:8080/web/index.php/api/v2/recruitment/candidates,28099,0,2
1768483643376,31110,Create Candidate Request,401,Unauthorized,Candidate Creation Thread Group 1-525,text,false,,261,494,567,567,http://localhost:8080/web/index.php/api/v2/recruitment/candidates,31109,0,0
1768483646673,27904,Create Candidate Request,401,Unauthorized,Candidate Creation Thread Group 1-195,text,false,,261,494,566,566,http://localhost:8080/web/index.php/api/v2/recruitment/candidates,27903,0,0
1768483646479,28194,Create Candidate Request,401,Unauthorized,Candidate Creation Thread Group 1-790,text,false,,261,494,565,565,http://localhost:8080/web/index.php/api/v2/recruitment/candidates,28193,0,0
1768483646579,28192,Create Candidate Request,401,Unauthorized,Candidate Creation Thread Group 1-203,text,false,,261,494,565,565,http://localhost:8080/web/index.php/api/v2/recruitment/candidates,28191,0,1
1768483646976,27799,Create Candidate Request,401,Unauthorized,Candidate Creation Thread Group 1-696,text,false,,261,494,564,564,http://localhost:8080/web/index.php/api/v2/recruitment/candidates,27799,0,0
1768483646771,28012,Create Candidate Request,401,Unauthorized,Candidate Creation Thread Group 1-225,text,false,,261,494,563,563,http://localhost:8080/web/index.php/api/v2/recruitment/candidates,28012,0,1
1768483646784,28089,Create Candidate Request,401,Unauthorized,Candidate Creation Thread Group 1-326,text,false,,261,494,562,562,http://localhost:8080/web/index.php/api/v2/recruitment/candidates,28088,0,0
1768483644977,29905,Create Candidate Request,401,Unauthorized,Candidate Creation Thread Group 1-376,text,false,,261,491,561,561,http://localhost:8080/web/index.php/api/v2/recruitment/candidates,29904,0,0
1768483647083,27896,Create Candidate Request,401,Unauthorized,Candidate Creation Thread Group 1-649,text,false,,261,494,560,560,http://localhost:8080/web/index.php/api/v2/recruitment/candidates,27895,0,0
1768483647072,28004,Create Candidate Request,401,Unauthorized,Candidate Creation Thread Group 1-134,text,false,,261,494,559,559,http://localhost:8080/web/index.php/api/v2/recruitment/candidates,28000,0,0
1768483645084,30096,Create Candidate Request,401,Unauthorized,Candidate Creation Thread Group 1-485,text,false,,261,491,558,558,http://localhost:8080/web/index.php/api/v2/recruitment/candidates,30096,0,1
1768483647171,28136,Create Candidate Request,401,Unauthorized,Candidate Creation Thread Group 1-652,text,false,,261,494,557,557,http://localhost:8080/web/index.php/api/v2/recruitment/candidates,28135,0,0
1768483647173,28200,Create Candidate Request,401,Unauthorized,Candidate Creation Thread Group 1-656,text,false,,261,494,556,556,http://localhost:8080/web/index.php/api/v2/recruitment/candidates,28200,0,0
1768483578975,96407,Create Candidate Request,401,Unauthorized,Candidate Creation Thread Group 1-537,text,false,,261,494,555,555,http://localhost:8080/web/index.php/api/v2/recruitment/candidates,96406,0,1
1768483647181,28210,Create Candidate Request,401,Unauthorized,Candidate Creation Thread Group 1-597,text,false,,261,494,555,555,http://localhost:8080/web/index.php/api/v2/recruitment/candidates,28209,0,0
1768483541769,133647,Create Candidate Request,Non HTTP response code: java.net.SocketException,Non HTTP response message: Connection reset,Candidate Creation Thread Group 1-215,text,false,,2437,0,554,554,http://localhost:8080/web/index.php/api/v2/recruitment/candidates,0,0,4
1768483645276,30199,Create Candidate Request,401,Unauthorized,Candidate Creation Thread Group 1-586,text,false,,261,491,554,554,http://localhost:8080/web/index.php/api/v2/recruitment/candidates,30198,0,1
1768483647281,28199,Create Candidate Request,401,Unauthorized,Candidate Creation Thread Group 1-657,text,false,,261,494,553,553,http://localhost:8080/web/index.php/api/v2/recruitment/candidates,28199,0,0
1768483647372,28113,Create Candidate Request,401,Unauthorized,Candidate Creation Thread Group 1-616,text,false,,261,494,552,552,http://localhost:8080/web/index.php/api/v2/recruitment/candidates,28112,0,0
1768483640372,35199,Create Candidate Request,401,Unauthorized,Candidate Creation Thread Group 1-305,text,false,,261,494,551,551,http://localhost:8080/web/index.php/api/v2/recruitment/candidates,35199,0,1
1768483647380,28199,Create Candidate Request,401,Unauthorized,Candidate Creation Thread Group 1-581,text,false,,261,494,550,550,http://localhost:8080/web/index.php/api/v2/recruitment/candidates,28198,0,0
1768483649581,26090,Create Candidate Request,401,Unauthorized,Candidate Creation Thread Group 1-551,text,false,,261,494,549,549,http://localhost:8080/web/index.php/api/v2/recruitment/candidates,26090,0,1
1768483648576,27101,Create Candidate Request,401,Unauthorized,Candidate Creation Thread Group 1-677,text,false,,261,494,548,548,http://localhost:8080/web/index.php/api/v2/recruitment/candidates,27101,0,0
1768483648570,27201,Create Candidate Request,401,Unauthorized,Candidate Creation Thread Group 1-546,text,false,,261,491,548,548,http://localhost:8080/web/index.php/api/v2/recruitment/candidates,27200,0,1
1768483648670,27106,Create Candidate Request,401,Unauthorized,Candidate Creation Thread Group 1-550,text,false,,261,494,547,547,http://localhost:8080/web/index.php/api/v2/recruitment/candidates,27105,0,0
1768483648675,27105,Create Candidate Request,401,Unauthorized,Candidate Creation Thread Group 1-655,text,false,,261,494,546,546,http://localhost:8080/web/index.php/api/v2/recruitment/candidates,27105,0,0
1768483648773,27098,Create Candidate Request,401,Unauthorized,Candidate Creation Thread Group 1-511,text,false,,261,494,545,545,http://localhost:8080/web/index.php/api/v2/recruitment/candidates,27097,0,1
1768483648869,27007,Create Candidate Request,401,Unauthorized,Candidate Creation Thread Group 1-679,text,false,,261,494,544,544,http://localhost:8080/web/index.php/api/v2/recruitment/candidates,27006,0,1
1768483648874,27096,Create Candidate Request,401,Unauthorized,Candidate Creation Thread Group 1-553,text,false,,261,494,544,544,http://localhost:8080/web/index.php/api/v2/recruitment/candidates,27013,0,1
1768483648974,27096,Create Candidate Request,401,Unauthorized,Candidate Creation Thread Group 1-560,text,false,,261,494,543,543,http://localhost:8080/web/index.php/api/v2/recruitment/candidates,27095,0,0
1768483648972,27108,Create Candidate Request,401,Unauthorized,Candidate Creation Thread Group 1-405,text,false,,261,494,542,542,http://localhost:8080/web/index.php/api/v2/recruitment/candidates,27107,0,0
1768483649084,27005,Create Candidate Request,401,Unauthorized,Candidate Creation Thread Group 1-255,text,false,,261,494,541,541,http://localhost:8080/web/index.php/api/v2/recruitment/candidates,27004,0,0
1768483648982,27198,Create Candidate Request,401,Unauthorized,Candidate Creation Thread Group 1-520,text,false,,261,494,540,540,http://localhost:8080/web/index.php/api/v2/recruitment/candidates,27197,0,0
1768483649073,27207,Create Candidate Request,401,Unauthorized,Candidate Creation Thread Group 1-79,text,false,,261,494,539,539,http://localhost:8080/web/index.php/api/v2/recruitment/candidates,27206,0,1
1768483646373,30010,Create Candidate Request,401,Unauthorized,Candidate Creation Thread Group 1-18,text,false,,261,494,538,538,http://localhost:8080/web/index.php/api/v2/recruitment/candidates,30008,0,0
1768483647673,28801,Create Candidate Request,401,Unauthorized,Candidate Creation Thread Group 1-634,text,false,,261,494,537,537,http://localhost:8080/web/index.php/api/v2/recruitment/candidates,28800,0,0
1768483642650,33922,Create Candidate Request,401,Unauthorized,Candidate Creation Thread Group 1-795,text,false,,261,491,536,536,http://localhost:8080/web/index.php/api/v2/recruitment/candidates,33922,0,0
1768483644688,31986,Create Candidate Request,401,Unauthorized,Candidate Creation Thread Group 1-478,text,false,,261,494,536,536,http://localhost:8080/web/index.php/api/v2/recruitment/candidates,31985,0,0
1768483649174,27603,Create Candidate Request,401,Unauthorized,Candidate Creation Thread Group 1-563,text,false,,261,494,535,535,http://localhost:8080/web/index.php/api/v2/recruitment/candidates,27602,0,0
1768483647973,28904,Create Candidate Request,401,Unauthorized,Candidate Creation Thread Group 1-949,text,false,,261,491,534,534,http://localhost:8080/web/index.php/api/v2/recruitment/candidates,28904,0,0
1768483648076,28905,Create Candidate Request,401,Unauthorized,Candidate Creation Thread Group 1-612,text,false,,261,491,533,533,http://localhost:8080/web/index.php/api/v2/recruitment/candidates,28905,0,1
1768483642650,34424,Create Candidate Request,401,Unauthorized,Candidate Creation Thread Group 1-744,text,false,,261,491,532,532,http://localhost:8080/web/index.php/api/v2/recruitment/candidates,34424,0,0
1768483648171,28915,Create Candidate Request,401,Unauthorized,Candidate Creation Thread Group 1-687,text,false,,261,491,532,532,http://localhost:8080/web/index.php/api/v2/recruitment/candidates,28915,0,1
1768483653676,23594,Create Candidate Request,401,Unauthorized,Candidate Creation Thread Group 1-200,text,false,,261,494,531,531,http://localhost:8080/web/index.php/api/v2/recruitment/candidates,23594,0,0
1768483642649,34626,Create Candidate Request,401,Unauthorized,Candidate Creation Thread Group 1-792,text,false,,261,491,530,530,http://localhost:8080/web/index.php/api/v2/recruitment/candidates,34626,0,0
1768483648279,29001,Create Candidate Request,401,Unauthorized,Candidate Creation Thread Group 1-591,text,false,,261,491,530,530,http://localhost:8080/web/index.php/api/v2/recruitment/candidates,29000,0,0
1768483648378,29002,Create Candidate Request,401,Unauthorized,Candidate Creation Thread Group 1-414,text,false,,261,491,529,529,http://localhost:8080/web/index.php/api/v2/recruitment/candidates,29001,0,1
1768483648374,29099,Create Candidate Request,401,Unauthorized,Candidate Creation Thread Group 1-662,text,false,,261,491,528,528,http://localhost:8080/web/index.php/api/v2/recruitment/candidates,29098,0,0
1768483634192,43378,Create Candidate Request,401,Unauthorized,Candidate Creation Thread Group 1-243,text,false,,261,494,527,527,http://localhost:8080/web/index.php/api/v2/recruitment/candidates,43377,0,0
1768483649271,28308,Create Candidate Request,401,Unauthorized,Candidate Creation Thread Group 1-970,text,false,,261,494,526,526,http://localhost:8080/web/index.php/api/v2/recruitment/candidates,28306,0,0
1768483641773,35909,Create Candidate Request,401,Unauthorized,Candidate Creation Thread Group 1-653,text,false,,261,494,526,526,http://localhost:8080/web/index.php/api/v2/recruitment/candidates,35908,0,1
1768483649487,28286,Create Candidate Request,401,Unauthorized,Candidate Creation Thread Group 1-566,text,false,,261,494,525,525,http://localhost:8080/web/index.php/api/v2/recruitment/candidates,28285,0,1
1768483641780,35998,Create Candidate Request,401,Unauthorized,Candidate Creation Thread Group 1-402,text,false,,261,494,524,524,http://localhost:8080/web/index.php/api/v2/recruitment/candidates,35998,0,1
1768483641971,35907,Create Candidate Request,401,Unauthorized,Candidate Creation Thread Group 1-510,text,false,,261,494,523,523,http://localhost:8080/web/index.php/api/v2/recruitment/candidates,35906,0,1
1768483641873,36105,Create Candidate Request,401,Unauthorized,Candidate Creation Thread Group 1-355,text,false,,261,494,522,522,http://localhost:8080/web/index.php/api/v2/recruitment/candidates,36103,0,1
1768483641976,36093,Create Candidate Request,401,Unauthorized,Candidate Creation Thread Group 1-593,text,false,,261,494,521,521,http://localhost:8080/web/index.php/api/v2/recruitment/candidates,36009,0,0
1768483641980,36093,Create Candidate Request,401,Unauthorized,Candidate Creation Thread Group 1-516,text,false,,261,494,520,520,http://localhost:8080/web/index.php/api/v2/recruitment/candidates,36093,0,1
1768483605832,72343,Create Candidate Request,401,Unauthorized,Candidate Creation Thread Group 1-986,text,false,,261,494,519,519,http://localhost:8080/web/index.php/api/v2/recruitment/candidates,72342,0,0
1768483642073,36197,Create Candidate Request,401,Unauthorized,Candidate Creation Thread Group 1-412,text,false,,261,494,519,519,http://localhost:8080/web/index.php/api/v2/recruitment/candidates,36110,0,0
1768483642080,36193,Create Candidate Request,401,Unauthorized,Candidate Creation Thread Group 1-408,text,false,,261,494,518,518,http://localhost:8080/web/index.php/api/v2/recruitment/candidates,36193,0,1
1768483642085,36195,Create Candidate Request,401,Unauthorized,Candidate Creation Thread Group 1-514,text,false,,261,494,517,517,http://localhost:8080/web/index.php/api/v2/recruitment/candidates,36194,0,0
1768483642175,36201,Create Candidate Request,401,Unauthorized,Candidate Creation Thread Group 1-430,text,false,,261,494,516,516,http://localhost:8080/web/index.php/api/v2/recruitment/candidates,36200,0,0
1768483641271,37112,Create Candidate Request,401,Unauthorized,Candidate Creation Thread Group 1-416,text,false,,261,494,515,515,http://localhost:8080/web/index.php/api/v2/recruitment/candidates,37111,0,0
1768483642180,36301,Create Candidate Request,401,Unauthorized,Candidate Creation Thread Group 1-401,text,false,,261,494,514,514,http://localhost:8080/web/index.php/api/v2/recruitment/candidates,36299,0,0
1768483642277,36295,Create Candidate Request,401,Unauthorized,Candidate Creation Thread Group 1-508,text,false,,261,494,513,513,http://localhost:8080/web/index.php/api/v2/recruitment/candidates,36294,0,0
1768483642375,36204,Create Candidate Request,401,Unauthorized,Candidate Creation Thread Group 1-654,text,false,,261,494,512,512,http://localhost:8080/web/index.php/api/v2/recruitment/candidates,36204,0,0
1768483642380,36292,Create Candidate Request,401,Unauthorized,Candidate Creation Thread Group 1-635,text,false,,261,494,511,511,http://localhost:8080/web/index.php/api/v2/recruitment/candidates,36291,0,0
1768483605788,72890,Create Candidate Request,401,Unauthorized,Candidate Creation Thread Group 1-933,text,false,,261,494,510,510,http://localhost:8080/web/index.php/api/v2/recruitment/candidates,72890,0,0
1768483605832,72941,Create Candidate Request,401,Unauthorized,Candidate Creation Thread Group 1-764,text,false,,261,494,510,510,http://localhost:8080/web/index.php/api/v2/recruitment/candidates,72940,0,0
1768483641483,37387,Create Candidate Request,401,Unauthorized,Candidate Creation Thread Group 1-400,text,false,,261,494,510,510,http://localhost:8080/web/index.php/api/v2/recruitment/candidates,37387,0,0
1768483639473,39402,Create Candidate Request,401,Unauthorized,Candidate Creation Thread Group 1-506,text,false,,261,494,509,509,http://localhost:8080/web/index.php/api/v2/recruitment/candidates,39401,0,0
1768483642672,36207,Create Candidate Request,401,Unauthorized,Candidate Creation Thread Group 1-644,text,false,,261,494,508,508,http://localhost:8080/web/index.php/api/v2/recruitment/candidates,36207,0,0
1768483642590,36299,Create Candidate Request,401,Unauthorized,Candidate Creation Thread Group 1-645,text,false,,261,491,507,507,http://localhost:8080/web/index.php/api/v2/recruitment/candidates,36299,0,1
1768483642590,36480,Create Candidate Request,401,Unauthorized,Candidate Creation Thread Group 1-642,text,false,,261,491,506,506,http://localhost:8080/web/index.php/api/v2/recruitment/candidates,36480,0,1
1768483641686,37389,Create Candidate Request,401,Unauthorized,Candidate Creation Thread Group 1-425,text,false,,261,494,505,505,http://localhost:8080/web/index.php/api/v2/recruitment/candidates,37389,0,0
1768483643183,35900,Create Candidate Request,401,Unauthorized,Candidate Creation Thread Group 1-544,text,false,,261,494,504,504,http://localhost:8080/web/index.php/api/v2/recruitment/candidates,35898,0,0
1768483642773,36400,Create Candidate Request,401,Unauthorized,Candidate Creation Thread Group 1-576,text,false,,261,494,503,503,http://localhost:8080/web/index.php/api/v2/recruitment/candidates,36400,0,0
1768483642870,36307,Create Candidate Request,401,Unauthorized,Candidate Creation Thread Group 1-785,text,false,,261,494,502,502,http://localhost:8080/web/index.php/api/v2/recruitment/candidates,36306,0,1
1768483625770,53414,Create Candidate Request,401,Unauthorized,Candidate Creation Thread Group 1-127,text,false,,261,494,502,502,http://localhost:8080/web/index.php/api/v2/recruitment/candidates,53412,0,2
1768483642875,36398,Create Candidate Request,401,Unauthorized,Candidate Creation Thread Group 1-519,text,false,,261,494,501,501,http://localhost:8080/web/index.php/api/v2/recruitment/candidates,36398,0,0
1768483642982,36297,Create Candidate Request,401,Unauthorized,Candidate Creation Thread Group 1-636,text,false,,261,494,500,500,http://localhost:8080/web/index.php/api/v2/recruitment/candidates,36297,0,0
1768483642972,36400,Create Candidate Request,401,Unauthorized,Candidate Creation Thread Group 1-456,text,false,,261,494,499,499,http://localhost:8080/web/index.php/api/v2/recruitment/candidates,36399,0,0
1768483643080,36297,Create Candidate Request,401,Unauthorized,Candidate Creation Thread Group 1-845,text,false,,261,494,498,498,http://localhost:8080/web/index.php/api/v2/recruitment/candidates,36296,0,0
1768483641673,37805,Create Candidate Request,401,Unauthorized,Candidate Creation Thread Group 1-426,text,false,,261,494,497,497,http://localhost:8080/web/index.php/api/v2/recruitment/candidates,37803,0,0
1768483545381,134132,Create Candidate Request,Non HTTP response code: java.net.SocketException,Non HTTP response message: Connection reset,Candidate Creation Thread Group 1-190,text,false,,2437,0,496,496,http://localhost:8080/web/index.php/api/v2/recruitment/candidates,0,0,1
1768483641679,37892,Create Candidate Request,401,Unauthorized,Candidate Creation Thread Group 1-552,text,false,,261,494,496,496,http://localhost:8080/web/index.php/api/v2/recruitment/candidates,37892,0,0
1768483605839,73740,Create Candidate Request,401,Unauthorized,Candidate Creation Thread Group 1-808,text,false,,261,494,495,495,http://localhost:8080/web/index.php/api/v2/recruitment/candidates,73737,0,0
1768483642370,37301,Create Candidate Request,401,Unauthorized,Candidate Creation Thread Group 1-420,text,false,,261,494,495,495,http://localhost:8080/web/index.php/api/v2/recruitment/candidates,37300,0,1
1768483643472,36211,Create Candidate Request,401,Unauthorized,Candidate Creation Thread Group 1-650,text,false,,261,494,494,494,http://localhost:8080/web/index.php/api/v2/recruitment/candidates,36210,0,0
1768483642471,37310,Create Candidate Request,401,Unauthorized,Candidate Creation Thread Group 1-994,text,false,,261,494,493,493,http://localhost:8080/web/index.php/api/v2/recruitment/candidates,37308,0,0
1768483643480,36403,Create Candidate Request,401,Unauthorized,Candidate Creation Thread Group 1-144,text,false,,261,494,493,493,http://localhost:8080/web/index.php/api/v2/recruitment/candidates,36403,0,1
1768483642649,37422,Create Candidate Request,401,Unauthorized,Candidate Creation Thread Group 1-791,text,false,,261,491,492,492,http://localhost:8080/web/index.php/api/v2/recruitment/candidates,37421,0,0
1768483605820,74262,Create Candidate Request,401,Unauthorized,Candidate Creation Thread Group 1-763,text,false,,261,494,492,492,http://localhost:8080/web/index.php/api/v2/recruitment/candidates,74262,0,0
1768483653272,26904,Create Candidate Request,401,Unauthorized,Candidate Creation Thread Group 1-207,text,false,,261,491,492,492,http://localhost:8080/web/index.php/api/v2/recruitment/candidates,26902,0,0
1768483653182,27090,Create Candidate Request,401,Unauthorized,Candidate Creation Thread Group 1-156,text,false,,261,491,491,491,http://localhost:8080/web/index.php/api/v2/recruitment/candidates,27089,0,0
1768483653783,26495,Create Candidate Request,401,Unauthorized,Candidate Creation Thread Group 1-434,text,false,,261,494,490,490,http://localhost:8080/web/index.php/api/v2/recruitment/candidates,26494,0,1
1768483653275,27104,Create Candidate Request,401,Unauthorized,Candidate Creation Thread Group 1-570,text,false,,261,494,489,489,http://localhost:8080/web/index.php/api/v2/recruitment/candidates,27098,0,0
1768483653280,27196,Create Candidate Request,401,Unauthorized,Candidate Creation Thread Group 1-213,text,false,,261,494,488,488,http://localhost:8080/web/index.php/api/v2/recruitment/candidates,27195,0,0
1768483653371,27198,Create Candidate Request,401,Unauthorized,Candidate Creation Thread Group 1-584,text,false,,261,494,487,487,http://localhost:8080/web/index.php/api/v2/recruitment/candidates,27115,0,0
1768483653375,27199,Create Candidate Request,401,Unauthorized,Candidate Creation Thread Group 1-530,text,false,,261,494,487,487,http://localhost:8080/web/index.php/api/v2/recruitment/candidates,27199,0,0
1768483653384,27201,Create Candidate Request,401,Unauthorized,Candidate Creation Thread Group 1-298,text,false,,261,494,486,486,http://localhost:8080/web/index.php/api/v2/recruitment/candidates,27200,0,0
1768483585379,95303,Create Candidate Request,401,Unauthorized,Candidate Creation Thread Group 1-244,text,false,,261,494,485,485,http://localhost:8080/web/index.php/api/v2/recruitment/candidates,95301,0,1
1768483653474,27298,Create Candidate Request,401,Unauthorized,Candidate Creation Thread Group 1-528,text,false,,261,494,485,485,http://localhost:8080/web/index.php/api/v2/recruitment/candidates,27298,0,1
1768483653480,27298,Create Candidate Request,401,Unauthorized,Candidate Creation Thread Group 1-299,text,false,,261,494,484,484,http://localhost:8080/web/index.php/api/v2/recruitment/candidates,27298,0,0
1768483653578,27205,Create Candidate Request,401,Unauthorized,Candidate Creation Thread Group 1-303,text,false,,261,494,483,483,http://localhost:8080/web/index.php/api/v2/recruitment/candidates,27205,0,0
1768483653572,27300,Create Candidate Request,401,Unauthorized,Candidate Creation Thread Group 1-351,text,false,,261,494,482,482,http://localhost:8080/web/index.php/api/v2/recruitment/candidates,27299,0,0
1768483653670,27205,Create Candidate Request,401,Unauthorized,Candidate Creation Thread Group 1-301,text,false,,261,494,481,481,http://localhost:8080/web/index.php/api/v2/recruitment/candidates,27205,0,0
1768483653876,27005,Create Candidate Request,401,Unauthorized,Candidate Creation Thread Group 1-238,text,false,,261,494,480,480,http://localhost:8080/web/index.php/api/v2/recruitment/candidates,27004,0,0
1768483618074,62896,Create Candidate Request,401,Unauthorized,Candidate Creation Thread Group 1-499,text,false,,261,494,479,479,http://localhost:8080/web/index.php/api/v2/recruitment/candidates,62812,0,0
1768483618073,62905,Create Candidate Request,401,Unauthorized,Candidate Creation Thread Group 1-32,text,false,,261,494,479,479,http://localhost:8080/web/index.php/api/v2/recruitment/candidates,62904,0,0
1768483653979,27092,Create Candidate Request,401,Unauthorized,Candidate Creation Thread Group 1-590,text,false,,261,494,479,479,http://localhost:8080/web/index.php/api/v2/recruitment/candidates,27092,0,1
1768483654180,26899,Create Candidate Request,401,Unauthorized,Candidate Creation Thread Group 1-641,text,false,,261,494,478,478,http://localhost:8080/web/index.php/api/v2/recruitment/candidates,26898,0,0
1768483654082,27094,Create Candidate Request,401,Unauthorized,Candidate Creation Thread Group 1-324,text,false,,261,494,477,477,http://localhost:8080/web/index.php/api/v2/recruitment/candidates,27093,0,1
1768483654286,26984,Create Candidate Request,401,Unauthorized,Candidate Creation Thread Group 1-640,text,false,,261,494,476,476,http://localhost:8080/web/index.php/api/v2/recruitment/candidates,26984,0,1
1768483586377,94899,Create Candidate Request,401,Unauthorized,Candidate Creation Thread Group 1-23,text,false,,261,494,475,475,http://localhost:8080/web/index.php/api/v2/recruitment/candidates,94898,0,0
1768483654677,26604,Create Candidate Request,401,Unauthorized,Candidate Creation Thread Group 1-726,text,false,,261,494,475,475,http://localhost:8080/web/index.php/api/v2/recruitment/candidates,26604,0,6
1768483586371,95002,Create Candidate Request,401,Unauthorized,Candidate Creation Thread Group 1-114,text,false,,261,494,474,474,http://localhost:8080/web/index.php/api/v2/recruitment/candidates,95002,0,2
1768483654685,26695,Create Candidate Request,401,Unauthorized,Candidate Creation Thread Group 1-548,text,false,,261,494,474,474,http://localhost:8080/web/index.php/api/v2/recruitment/candidates,26695,0,1
1768483654781,26692,Create Candidate Request,401,Unauthorized,Candidate Creation Thread Group 1-583,text,false,,261,494,473,473,http://localhost:8080/web/index.php/api/v2/recruitment/candidates,26691,0,0
1768483654886,26594,Create Candidate Request,401,Unauthorized,Candidate Creation Thread Group 1-975,text,false,,261,494,472,472,http://localhost:8080/web/index.php/api/v2/recruitment/candidates,26593,0,1
1768483605788,75785,Create Candidate Request,401,Unauthorized,Candidate Creation Thread Group 1-760,text,false,,261,494,472,472,http://localhost:8080/web/index.php/api/v2/recruitment/candidates,75785,0,0
1768483605814,75765,Create Candidate Request,401,Unauthorized,Candidate Creation Thread Group 1-926,text,false,,261,494,472,472,http://localhost:8080/web/index.php/api/v2/recruitment/candidates,75764,0,0
1768483605840,75833,Create Candidate Request,401,Unauthorized,Candidate Creation Thread Group 1-932,text,false,,261,494,472,472,http://localhost:8080/web/index.php/api/v2/recruitment/candidates,75832,0,0
1768483605832,75846,Create Candidate Request,401,Unauthorized,Candidate Creation Thread Group 1-911,text,false,,261,494,472,472,http://localhost:8080/web/index.php/api/v2/recruitment/candidates,75845,0,0
1768483605833,75939,Create Candidate Request,401,Unauthorized,Candidate Creation Thread Group 1-997,text,false,,261,494,472,472,http://localhost:8080/web/index.php/api/v2/recruitment/candidates,75939,0,0
1768483605832,75946,Create Candidate Request,401,Unauthorized,Candidate Creation Thread Group 1-987,text,false,,261,494,472,472,http://localhost:8080/web/index.php/api/v2/recruitment/candidates,75945,0,0
1768483605814,75969,Create Candidate Request,401,Unauthorized,Candidate Creation Thread Group 1-900,text,false,,261,494,472,472,http://localhost:8080/web/index.php/api/v2/recruitment/candidates,75969,0,1
1768483605840,76032,Create Candidate Request,401,Unauthorized,Candidate Creation Thread Group 1-903,text,false,,261,494,472,472,http://localhost:8080/web/index.php/api/v2/recruitment/candidates,76032,0,0
1768483605832,76044,Create Candidate Request,401,Unauthorized,Candidate Creation Thread Group 1-789,text,false,,261,494,472,472,http://localhost:8080/web/index.php/api/v2/recruitment/candidates,76044,0,0
1768483605572,76312,Create Candidate Request,401,Unauthorized,Candidate Creation Thread Group 1-258,text,false,,261,494,472,472,http://localhost:8080/web/index.php/api/v2/recruitment/candidates,76311,0,1
1768483605832,76143,Create Candidate Request,401,Unauthorized,Candidate Creation Thread Group 1-823,text,false,,261,494,472,472,http://localhost:8080/web/index.php/api/v2/recruitment/candidates,76142,0,0
1768483605831,76150,Create Candidate Request,401,Unauthorized,Candidate Creation Thread Group 1-904,text,false,,261,494,472,472,http://localhost:8080/web/index.php/api/v2/recruitment/candidates,76149,0,0
1768483605832,76241,Create Candidate Request,401,Unauthorized,Candidate Creation Thread Group 1-824,text,false,,261,494,472,472,http://localhost:8080/web/index.php/api/v2/recruitment/candidates,76240,0,0
1768483605840,76243,Create Candidate Request,401,Unauthorized,Candidate Creation Thread Group 1-897,text,false,,261,494,472,472,http://localhost:8080/web/index.php/api/v2/recruitment/candidates,76243,0,0
1768483605839,76335,Create Candidate Request,401,Unauthorized,Candidate Creation Thread Group 1-831,text,false,,261,494,472,472,http://localhost:8080/web/index.php/api/v2/recruitment/candidates,76334,0,0
1768483605817,76365,Create Candidate Request,401,Unauthorized,Candidate Creation Thread Group 1-815,text,false,,261,494,472,472,http://localhost:8080/web/index.php/api/v2/recruitment/candidates,76365,0,1
1768483605833,76440,Create Candidate Request,401,Unauthorized,Candidate Creation Thread Group 1-826,text,false,,261,494,472,472,http://localhost:8080/web/index.php/api/v2/recruitment/candidates,76440,0,0
1768483654991,27287,Create Candidate Request,401,Unauthorized,Candidate Creation Thread Group 1-969,text,false,,261,494,472,472,http://localhost:8080/web/index.php/api/v2/recruitment/candidates,27287,0,1
1768483655271,27016,Create Candidate Request,401,Unauthorized,Candidate Creation Thread Group 1-669,text,false,,261,494,472,472,http://localhost:8080/web/index.php/api/v2/recruitment/candidates,27016,0,0
1768483655478,26895,Create Candidate Request,401,Unauthorized,Candidate Creation Thread Group 1-540,text,false,,261,494,471,471,http://localhost:8080/web/index.php/api/v2/recruitment/candidates,26895,0,0
1768483655487,26892,Create Candidate Request,401,Unauthorized,Candidate Creation Thread Group 1-542,text,false,,261,494,470,470,http://localhost:8080/web/index.php/api/v2/recruitment/candidates,26892,0,0
1768483655576,26901,Create Candidate Request,401,Unauthorized,Candidate Creation Thread Group 1-623,text,false,,261,494,469,469,http://localhost:8080/web/index.php/api/v2/recruitment/candidates,26900,0,0
1768483655673,26898,Create Candidate Request,401,Unauthorized,Candidate Creation Thread Group 1-889,text,false,,261,494,468,468,http://localhost:8080/web/index.php/api/v2/recruitment/candidates,26898,0,0
1768483655684,26892,Create Candidate Request,401,Unauthorized,Candidate Creation Thread Group 1-842,text,false,,261,494,467,467,http://localhost:8080/web/index.php/api/v2/recruitment/candidates,26892,0,1
1768483656378,26207,Create Candidate Request,401,Unauthorized,Candidate Creation Thread Group 1-731,text,false,,261,494,467,467,http://localhost:8080/web/index.php/api/v2/recruitment/candidates,26206,0,0
1768483655876,26806,Create Candidate Request,401,Unauthorized,Candidate Creation Thread Group 1-660,text,false,,261,494,466,466,http://localhost:8080/web/index.php/api/v2/recruitment/candidates,26805,0,0
1768483656486,26293,Create Candidate Request,401,Unauthorized,Candidate Creation Thread Group 1-839,text,false,,261,494,465,465,http://localhost:8080/web/index.php/api/v2/recruitment/candidates,26292,0,0
1768483656584,26289,Create Candidate Request,401,Unauthorized,Candidate Creation Thread Group 1-964,text,false,,261,494,464,464,http://localhost:8080/web/index.php/api/v2/recruitment/candidates,26288,0,1
1768483656682,26194,Create Candidate Request,401,Unauthorized,Candidate Creation Thread Group 1-582,text,false,,261,494,464,464,http://localhost:8080/web/index.php/api/v2/recruitment/candidates,26194,0,1
1768483656772,26109,Create Candidate Request,401,Unauthorized,Candidate Creation Thread Group 1-335,text,false,,261,494,463,463,http://localhost:8080/web/index.php/api/v2/recruitment/candidates,26109,0,1
1768483656880,26092,Create Candidate Request,401,Unauthorized,Candidate Creation Thread Group 1-580,text,false,,261,494,462,462,http://localhost:8080/web/index.php/api/v2/recruitment/candidates,26092,0,1
1768483656973,26004,Create Candidate Request,401,Unauthorized,Candidate Creation Thread Group 1-708,text,false,,261,494,461,461,http://localhost:8080/web/index.php/api/v2/recruitment/candidates,26004,0,0
1768483637685,45387,Create Candidate Request,401,Unauthorized,Candidate Creation Thread Group 1-471,text,false,,261,494,461,461,http://localhost:8080/web/index.php/api/v2/recruitment/candidates,45387,0,1
1768483657077,26002,Create Candidate Request,401,Unauthorized,Candidate Creation Thread Group 1-598,text,false,,261,494,460,460,http://localhost:8080/web/index.php/api/v2/recruitment/candidates,26001,0,1
1768483656978,26194,Create Candidate Request,401,Unauthorized,Candidate Creation Thread Group 1-697,text,false,,261,494,459,459,http://localhost:8080/web/index.php/api/v2/recruitment/candidates,26194,0,0
1768483589470,93706,Create Candidate Request,401,Unauthorized,Candidate Creation Thread Group 1-78,text,false,,261,494,459,459,http://localhost:8080/web/index.php/api/v2/recruitment/candidates,93705,0,1
1768483589402,93777,Create Candidate Request,401,Unauthorized,Candidate Creation Thread Group 1-849,text,false,,261,494,459,459,http://localhost:8080/web/index.php/api/v2/recruitment/candidates,93777,0,0
1768483589402,93782,Create Candidate Request,401,Unauthorized,Candidate Creation Thread Group 1-851,text,false,,261,494,459,459,http://localhost:8080/web/index.php/api/v2/recruitment/candidates,93782,0,0
1768483589402,93870,Create Candidate Request,401,Unauthorized,Candidate Creation Thread Group 1-844,text,false,,261,494,459,459,http://localhost:8080/web/index.php/api/v2/recruitment/candidates,93870,0,1
1768483589402,93874,Create Candidate Request,401,Unauthorized,Candidate Creation Thread Group 1-855,text,false,,261,494,459,459,http://localhost:8080/web/index.php/api/v2/recruitment/candidates,93874,0,7
1768483589409,93873,Create Candidate Request,401,Unauthorized,Candidate Creation Thread Group 1-853,text,false,,261,491,459,459,http://localhost:8080/web/index.php/api/v2/recruitment/candidates,93872,0,1
1768483589403,93969,Create Candidate Request,401,Unauthorized,Candidate Creation Thread Group 1-847,text,false,,261,494,459,459,http://localhost:8080/web/index.php/api/v2/recruitment/candidates,93967,0,0
1768483589409,93968,Create Candidate Request,401,Unauthorized,Candidate Creation Thread Group 1-850,text,false,,261,491,459,459,http://localhost:8080/web/index.php/api/v2/recruitment/candidates,93967,0,1
1768483589483,93899,Create Candidate Request,401,Unauthorized,Candidate Creation Thread Group 1-105,text,false,,261,494,459,459,http://localhost:8080/web/index.php/api/v2/recruitment/candidates,93899,0,1
1768483589410,94068,Create Candidate Request,401,Unauthorized,Candidate Creation Thread Group 1-61,text,false,,261,494,459,459,http://localhost:8080/web/index.php/api/v2/recruitment/candidates,94067,0,0
1768483589409,94164,Create Candidate Request,401,Unauthorized,Candidate Creation Thread Group 1-861,text,false,,261,491,459,459,http://localhost:8080/web/index.php/api/v2/recruitment/candidates,94164,0,1
1768483660283,23297,Create Candidate Request,401,Unauthorized,Candidate Creation Thread Group 1-862,text,false,,261,494,459,459,http://localhost:8080/web/index.php/api/v2/recruitment/candidates,23296,0,1
1768483577131,106477,Create Candidate Request,Non HTTP response code: org.apache.http.NoHttpResponseException,Non HTTP response message: localhost:8080 failed to respond,Candidate Creation Thread Group 1-713,text,false,,2057,0,459,459,http://localhost:8080/web/index.php/api/v2/recruitment/candidates,0,0,0
1768483577131,106477,Create Candidate Request,Non HTTP response code: org.apache.http.NoHttpResponseException,Non HTTP response message: localhost:8080 failed to respond,Candidate Creation Thread Group 1-738,text,false,,2057,0,459,459,http://localhost:8080/web/index.php/api/v2/recruitment/candidates,0,0,0
1768483577113,106495,Create Candidate Request,Non HTTP response code: org.apache.http.NoHttpResponseException,Non HTTP response message: localhost:8080 failed to respond,Candidate Creation Thread Group 1-675,text,false,,2057,0,459,459,http://localhost:8080/web/index.php/api/v2/recruitment/candidates,0,0,0
1768483577113,106495,Create Candidate Request,Non HTTP response code: org.apache.http.NoHttpResponseException,Non HTTP response message: localhost:8080 failed to respond,Candidate Creation Thread Group 1-671,text,false,,2057,0,459,459,http://localhost:8080/web/index.php/api/v2/recruitment/candidates,0,0,0
1768483577131,106477,Create Candidate Request,Non HTTP response code: org.apache.http.NoHttpResponseException,Non HTTP response message: localhost:8080 failed to respond,Candidate Creation Thread Group 1-742,text,false,,2057,0,459,459,http://localhost:8080/web/index.php/api/v2/recruitment/candidates,0,0,0
1768483577146,106462,Create Candidate Request,Non HTTP response code: org.apache.http.NoHttpResponseException,Non HTTP response message: localhost:8080 failed to respond,Candidate Creation Thread Group 1-716,text,false,,2057,0,459,459,http://localhost:8080/web/index.php/api/v2/recruitment/candidates,0,0,0
1768483577113,106495,Create Candidate Request,Non HTTP response code: org.apache.http.NoHttpResponseException,Non HTTP response message: localhost:8080 failed to respond,Candidate Creation Thread Group 1-725,text,false,,2057,0,459,459,http://localhost:8080/web/index.php/api/v2/recruitment/candidates,0,0,18
1768483577132,106476,Create Candidate Request,Non HTTP response code: org.apache.http.NoHttpResponseException,Non HTTP response message: localhost:8080 failed to respond,Candidate Creation Thread Group 1-663,text,false,,2057,0,459,459,http://localhost:8080/web/index.php/api/v2/recruitment/candidates,0,0,0
1768483577132,106476,Create Candidate Request,Non HTTP response code: org.apache.http.NoHttpResponseException,Non HTTP response message: localhost:8080 failed to respond,Candidate Creation Thread Group 1-735,text,false,,2057,0,459,459,http://localhost:8080/web/index.php/api/v2/recruitment/candidates,0,0,0
1768483577131,106478,Create Candidate Request,Non HTTP response code: org.apache.http.NoHttpResponseException,Non HTTP response message: localhost:8080 failed to respond,Candidate Creation Thread Group 1-733,text,false,,2057,0,459,459,http://localhost:8080/web/index.php/api/v2/recruitment/candidates,0,0,1
1768483577133,106475,Create Candidate Request,Non HTTP response code: org.apache.http.NoHttpResponseException,Non HTTP response message: localhost:8080 failed to respond,Candidate Creation Thread Group 1-743,text,false,,2057,0,459,459,http://localhost:8080/web/index.php/api/v2/recruitment/candidates,0,0,0
1768483577132,106477,Create Candidate Request,Non HTTP response code: org.apache.http.NoHttpResponseException,Non HTTP response message: localhost:8080 failed to respond,Candidate Creation Thread Group 1-715,text,false,,2057,0,459,459,http://localhost:8080/web/index.php/api/v2/recruitment/candidates,0,0,0
1768483577146,106463,Create Candidate Request,Non HTTP response code: org.apache.http.NoHttpResponseException,Non HTTP response message: localhost:8080 failed to respond,Candidate Creation Thread Group 1-736,text,false,,2057,0,459,459,http://localhost:8080/web/index.php/api/v2/recruitment/candidates,0,0,0
1768483577132,106477,Create Candidate Request,Non HTTP response code: org.apache.http.NoHttpResponseException,Non HTTP response message: localhost:8080 failed to respond,Candidate Creation Thread Group 1-717,text,false,,2057,0,459,459,http://localhost:8080/web/index.php/api/v2/recruitment/candidates,0,0,1
1768483577131,106478,Create Candidate Request,Non HTTP response code: org.apache.http.NoHttpResponseException,Non HTTP response message: localhost:8080 failed to respond,Candidate Creation Thread Group 1-661,text,false,,2057,0,459,459,http://localhost:8080/web/index.php/api/v2/recruitment/candidates,0,0,0
1768483577132,106477,Create Candidate Request,Non HTTP response code: org.apache.http.NoHttpResponseException,Non HTTP response message: localhost:8080 failed to respond,Candidate Creation Thread Group 1-674,text,false,,2057,0,459,459,http://localhost:8080/web/index.php/api/v2/recruitment/candidates,0,0,1
1768483577132,106477,Create Candidate Request,Non HTTP response code: org.apache.http.NoHttpResponseException,Non HTTP response message: localhost:8080 failed to respond,Candidate Creation Thread Group 1-668,text,false,,2057,0,459,459,http://localhost:8080/web/index.php/api/v2/recruitment/candidates,0,0,0
1768483577146,106463,Create Candidate Request,Non HTTP response code: org.apache.http.NoHttpResponseException,Non HTTP response message: localhost:8080 failed to respond,Candidate Creation Thread Group 1-737,text,false,,2057,0,459,459,http://localhost:8080/web/index.php/api/v2/recruitment/candidates,0,0,0
1768483577113,106496,Create Candidate Request,Non HTTP response code: org.apache.http.NoHttpResponseException,Non HTTP response message: localhost:8080 failed to respond,Candidate Creation Thread Group 1-723,text,false,,2057,0,459,459,http://localhost:8080/web/index.php/api/v2/recruitment/candidates,0,0,0
1768483577133,106475,Create Candidate Request,Non HTTP response code: org.apache.http.NoHttpResponseException,Non HTTP response message: localhost:8080 failed to respond,Candidate Creation Thread Group 1-714,text,false,,2057,0,459,459,http://localhost:8080/web/index.php/api/v2/recruitment/candidates,0,0,0
1768483577132,106477,Create Candidate Request,Non HTTP response code: org.apache.http.NoHttpResponseException,Non HTTP response message: localhost:8080 failed to respond,Candidate Creation Thread Group 1-741,text,false,,2057,0,459,459,http://localhost:8080/web/index.php/api/v2/recruitment/candidates,0,0,0
1768483577131,106477,Create Candidate Request,Non HTTP response code: org.apache.http.NoHttpResponseException,Non HTTP response message: localhost:8080 failed to respond,Candidate Creation Thread Group 1-740,text,false,,2057,0,459,459,http://localhost:8080/web/index.php/api/v2/recruitment/candidates,0,0,0
1768483577146,106463,Create Candidate Request,Non HTTP response code: org.apache.http.NoHttpResponseException,Non HTTP response message: localhost:8080 failed to respond,Candidate Creation Thread Group 1-672,text,false,,2057,0,459,459,http://localhost:8080/web/index.php/api/v2/recruitment/candidates,0,0,0
1768483577146,106462,Create Candidate Request,Non HTTP response code: org.apache.http.NoHttpResponseException,Non HTTP response message: localhost:8080 failed to respond,Candidate Creation Thread Group 1-667,text,false,,2057,0,459,459,http://localhost:8080/web/index.php/api/v2/recruitment/candidates,0,0,0
1768483577113,106496,Create Candidate Request,Non HTTP response code: org.apache.http.NoHttpResponseException,Non HTTP response message: localhost:8080 failed to respond,Candidate Creation Thread Group 1-712,text,false,,2057,0,459,459,http://localhost:8080/web/index.php/api/v2/recruitment/candidates,0,0,0
1768483577131,106478,Create Candidate Request,Non HTTP response code: org.apache.http.NoHttpResponseException,Non HTTP response message: localhost:8080 failed to respond,Candidate Creation Thread Group 1-732,text,false,,2057,0,459,459,http://localhost:8080/web/index.php/api/v2/recruitment/candidates,0,0,0
1768483577132,106477,Create Candidate Request,Non HTTP response code: org.apache.http.NoHttpResponseException,Non HTTP response message: localhost:8080 failed to respond,Candidate Creation Thread Group 1-734,text,false,,2057,0,459,459,http://localhost:8080/web/index.php/api/v2/recruitment/candidates,0,0,0
1768483577113,106496,Create Candidate Request,Non HTTP response code: org.apache.http.NoHttpResponseException,Non HTTP response message: localhost:8080 failed to respond,Candidate Creation Thread Group 1-724,text,false,,2057,0,459,459,http://localhost:8080/web/index.php/api/v2/recruitment/candidates,0,0,0
1768483577113,106496,Create Candidate Request,Non HTTP response code: org.apache.http.NoHttpResponseException,Non HTTP response message: localhost:8080 failed to respond,Candidate Creation Thread Group 1-666,text,false,,2057,0,459,459,http://localhost:8080/web/index.php/api/v2/recruitment/candidates,0,0,0
1768483577146,106463,Create Candidate Request,Non HTTP response code: org.apache.http.NoHttpResponseException,Non HTTP response message: localhost:8080 failed to respond,Candidate Creation Thread Group 1-722,text,false,,2057,0,459,459,http://localhost:8080/web/index.php/api/v2/recruitment/candidates,0,0,0
1768483577132,106477,Create Candidate Request,Non HTTP response code: org.apache.http.NoHttpResponseException,Non HTTP response message: localhost:8080 failed to respond,Candidate Creation Thread Group 1-729,text,false,,2057,0,459,459,http://localhost:8080/web/index.php/api/v2/recruitment/candidates,0,0,1
1768483577131,106478,Create Candidate Request,Non HTTP response code: org.apache.http.NoHttpResponseException,Non HTTP response message: localhost:8080 failed to respond,Candidate Creation Thread Group 1-720,text,false,,2057,0,459,459,http://localhost:8080/web/index.php/api/v2/recruitment/candidates,0,0,0
1768483510171,173439,Create Candidate Request,Non HTTP response code: org.apache.http.NoHttpResponseException,Non HTTP response message: localhost:8080 failed to respond,Candidate Creation Thread Group 1-381,text,false,,2057,0,459,459,http://localhost:8080/web/index.php/api/v2/recruitment/candidates,0,0,0
1768483577131,106478,Create Candidate Request,Non HTTP response code: org.apache.http.NoHttpResponseException,Non HTTP response message: localhost:8080 failed to respond,Candidate Creation Thread Group 1-730,text,false,,2057,0,459,459,http://localhost:8080/web/index.php/api/v2/recruitment/candidates,0,0,0
1768483577132,106477,Create Candidate Request,Non HTTP response code: org.apache.http.NoHttpResponseException,Non HTTP response message: localhost:8080 failed to respond,Candidate Creation Thread Group 1-718,text,false,,2057,0,459,459,http://localhost:8080/web/index.php/api/v2/recruitment/candidates,0,0,0
1768483577131,106478,Create Candidate Request,Non HTTP response code: org.apache.http.NoHttpResponseException,Non HTTP response message: localhost:8080 failed to respond,Candidate Creation Thread Group 1-719,text,false,,2057,0,459,459,http://localhost:8080/web/index.php/api/v2/recruitment/candidates,0,0,0
1768483577131,106477,Create Candidate Request,Non HTTP response code: org.apache.http.NoHttpResponseException,Non HTTP response message: localhost:8080 failed to respond,Candidate Creation Thread Group 1-727,text,false,,2057,0,459,459,http://localhost:8080/web/index.php/api/v2/recruitment/candidates,0,0,0
1768483577133,106476,Create Candidate Request,Non HTTP response code: org.apache.http.NoHttpResponseException,Non HTTP response message: localhost:8080 failed to respond,Candidate Creation Thread Group 1-721,text,false,,2057,0,459,459,http://localhost:8080/web/index.php/api/v2/recruitment/candidates,0,0,0
1768483577132,106477,Create Candidate Request,Non HTTP response code: org.apache.http.NoHttpResponseException,Non HTTP response message: localhost:8080 failed to respond,Candidate Creation Thread Group 1-739,text,false,,2057,0,459,459,http://localhost:8080/web/index.php/api/v2/recruitment/candidates,0,0,0
1768483659033,24641,Create Candidate Request,401,Unauthorized,Candidate Creation Thread Group 1-633,text,false,,261,491,459,459,http://localhost:8080/web/index.php/api/v2/recruitment/candidates,24640,0,0
1768483659172,24509,Create Candidate Request,401,Unauthorized,Candidate Creation Thread Group 1-557,text,false,,261,491,459,459,http://localhost:8080/web/index.php/api/v2/recruitment/candidates,24507,0,0
1768483659484,24288,Create Candidate Request,401,Unauthorized,Candidate Creation Thread Group 1-518,text,false,,261,491,458,458,http://localhost:8080/web/index.php/api/v2/recruitment/candidates,24288,0,1
1768483605839,77942,Create Candidate Request,401,Unauthorized,Candidate Creation Thread Group 1-893,text,false,,261,494,457,457,http://localhost:8080/web/index.php/api/v2/recruitment/candidates,77942,0,0
1768483605832,78045,Create Candidate Request,401,Unauthorized,Candidate Creation Thread Group 1-781,text,false,,261,494,457,457,http://localhost:8080/web/index.php/api/v2/recruitment/candidates,78044,0,0
1768483605816,78067,Create Candidate Request,401,Unauthorized,Candidate Creation Thread Group 1-983,text,false,,261,494,457,457,http://localhost:8080/web/index.php/api/v2/recruitment/candidates,78067,0,0
1768483605840,78132,Create Candidate Request,401,Unauthorized,Candidate Creation Thread Group 1-985,text,false,,261,494,457,457,http://localhost:8080/web/index.php/api/v2/recruitment/candidates,78132,0,0
1768483605818,78160,Create Candidate Request,401,Unauthorized,Candidate Creation Thread Group 1-812,text,false,,261,494,457,457,http://localhost:8080/web/index.php/api/v2/recruitment/candidates,78160,0,0
1768483605832,78238,Create Candidate Request,401,Unauthorized,Candidate Creation Thread Group 1-973,text,false,,261,494,457,457,http://localhost:8080/web/index.php/api/v2/recruitment/candidates,78238,0,0
1768483605832,78244,Create Candidate Request,401,Unauthorized,Candidate Creation Thread Group 1-770,text,false,,261,494,457,457,http://localhost:8080/web/index.php/api/v2/recruitment/candidates,78243,0,0
1768483605820,78265,Create Candidate Request,401,Unauthorized,Candidate Creation Thread Group 1-834,text,false,,261,494,457,457,http://localhost:8080/web/index.php/api/v2/recruitment/candidates,78263,0,11
1768483605832,78343,Create Candidate Request,401,Unauthorized,Candidate Creation Thread Group 1-916,text,false,,261,494,457,457,http://localhost:8080/web/index.php/api/v2/recruitment/candidates,78342,0,0
1768483605818,78365,Create Candidate Request,401,Unauthorized,Candidate Creation Thread Group 1-776,text,false,,261,494,457,457,http://localhost:8080/web/index.php/api/v2/recruitment/candidates,78362,0,1
1768483605796,78477,Create Candidate Request,401,Unauthorized,Candidate Creation Thread Group 1-919,text,false,,261,494,457,457,http://localhost:8080/web/index.php/api/v2/recruitment/candidates,78477,0,15
1768483605840,78440,Create Candidate Request,401,Unauthorized,Candidate Creation Thread Group 1-910,text,false,,261,494,457,457,http://localhost:8080/web/index.php/api/v2/recruitment/candidates,78440,0,0
1768483605833,78453,Create Candidate Request,401,Unauthorized,Candidate Creation Thread Group 1-778,text,false,,261,494,457,457,http://localhost:8080/web/index.php/api/v2/recruitment/candidates,78453,0,0
1768483605817,78555,Create Candidate Request,401,Unauthorized,Candidate Creation Thread Group 1-991,text,false,,261,494,457,457,http://localhost:8080/web/index.php/api/v2/recruitment/candidates,78555,0,1
1768483605840,78538,Create Candidate Request,401,Unauthorized,Candidate Creation Thread Group 1-838,text,false,,261,494,457,457,http://localhost:8080/web/index.php/api/v2/recruitment/candidates,78536,0,0
1768483605831,78557,Create Candidate Request,401,Unauthorized,Candidate Creation Thread Group 1-981,text,false,,261,491,457,457,http://localhost:8080/web/index.php/api/v2/recruitment/candidates,78556,0,0
1768483605832,78641,Create Candidate Request,401,Unauthorized,Candidate Creation Thread Group 1-895,text,false,,261,494,457,457,http://localhost:8080/web/index.php/api/v2/recruitment/candidates,78639,0,0
1768483605818,78660,Create Candidate Request,401,Unauthorized,Candidate Creation Thread Group 1-901,text,false,,261,494,457,457,http://localhost:8080/web/index.php/api/v2/recruitment/candidates,78659,0,1
1768483642649,41921,Create Candidate Request,401,Unauthorized,Candidate Creation Thread Group 1-803,text,false,,261,491,457,457,http://localhost:8080/web/index.php/api/v2/recruitment/candidates,41921,0,0
1768483642678,41897,Create Candidate Request,401,Unauthorized,Candidate Creation Thread Group 1-533,text,false,,261,494,457,457,http://localhost:8080/web/index.php/api/v2/recruitment/candidates,41897,0,0
1768483643773,40809,Create Candidate Request,401,Unauthorized,Candidate Creation Thread Group 1-607,text,false,,261,494,456,456,http://localhost:8080/web/index.php/api/v2/recruitment/candidates,40807,0,0
1768483643673,40997,Create Candidate Request,401,Unauthorized,Candidate Creation Thread Group 1-605,text,false,,261,494,455,455,http://localhost:8080/web/index.php/api/v2/recruitment/candidates,40919,0,0
1768483643780,40993,Create Candidate Request,401,Unauthorized,Candidate Creation Thread Group 1-608,text,false,,261,494,454,454,http://localhost:8080/web/index.php/api/v2/recruitment/candidates,40991,0,1
1768483643878,40992,Create Candidate Request,401,Unauthorized,Candidate Creation Thread Group 1-643,text,false,,261,494,453,453,http://localhost:8080/web/index.php/api/v2/recruitment/candidates,40906,0,0
1768483641882,43002,Create Candidate Request,401,Unauthorized,Candidate Creation Thread Group 1-509,text,false,,261,494,452,452,http://localhost:8080/web/index.php/api/v2/recruitment/candidates,43001,0,0
1768483644071,41002,Create Candidate Request,401,Unauthorized,Candidate Creation Thread Group 1-856,text,false,,261,494,451,451,http://localhost:8080/web/index.php/api/v2/recruitment/candidates,41000,0,0
1768483644075,41095,Create Candidate Request,401,Unauthorized,Candidate Creation Thread Group 1-682,text,false,,261,494,451,451,http://localhost:8080/web/index.php/api/v2/recruitment/candidates,41095,0,0
1768483644083,41099,Create Candidate Request,401,Unauthorized,Candidate Creation Thread Group 1-475,text,false,,261,494,450,450,http://localhost:8080/web/index.php/api/v2/recruitment/candidates,41097,0,0
1768483643074,42201,Create Candidate Request,401,Unauthorized,Candidate Creation Thread Group 1-536,text,false,,261,494,449,449,http://localhost:8080/web/index.php/api/v2/recruitment/candidates,42200,0,1
1768483644174,41108,Create Candidate Request,401,Unauthorized,Candidate Creation Thread Group 1-503,text,false,,261,494,448,448,http://localhost:8080/web/index.php/api/v2/recruitment/candidates,41106,0,1
1768483643172,42213,Create Candidate Request,401,Unauthorized,Candidate Creation Thread Group 1-541,text,false,,261,494,447,447,http://localhost:8080/web/index.php/api/v2/recruitment/candidates,42212,0,0
1768483644273,41300,Create Candidate Request,401,Unauthorized,Candidate Creation Thread Group 1-621,text,false,,261,494,446,446,http://localhost:8080/web/index.php/api/v2/recruitment/candidates,41299,0,0
1768483644372,41206,Create Candidate Request,401,Unauthorized,Candidate Creation Thread Group 1-504,text,false,,261,494,445,445,http://localhost:8080/web/index.php/api/v2/recruitment/candidates,41206,0,6
1768483644384,41203,Create Candidate Request,401,Unauthorized,Candidate Creation Thread Group 1-469,text,false,,261,494,444,444,http://localhost:8080/web/index.php/api/v2/recruitment/candidates,41202,0,0
1768483644383,41291,Create Candidate Request,401,Unauthorized,Candidate Creation Thread Group 1-352,text,false,,261,494,443,443,http://localhost:8080/web/index.php/api/v2/recruitment/candidates,41291,0,1
1768483644473,41207,Create Candidate Request,401,Unauthorized,Candidate Creation Thread Group 1-689,text,false,,261,494,442,442,http://localhost:8080/web/index.php/api/v2/recruitment/candidates,41207,0,0
1768483644572,41113,Create Candidate Request,401,Unauthorized,Candidate Creation Thread Group 1-493,text,false,,261,494,442,442,http://localhost:8080/web/index.php/api/v2/recruitment/candidates,41112,0,1
1768483644481,41296,Create Candidate Request,401,Unauthorized,Candidate Creation Thread Group 1-459,text,false,,261,494,441,441,http://localhost:8080/web/index.php/api/v2/recruitment/candidates,41296,0,0
1768483644580,41202,Create Candidate Request,401,Unauthorized,Candidate Creation Thread Group 1-507,text,false,,261,494,440,440,http://localhost:8080/web/index.php/api/v2/recruitment/candidates,41202,0,0
1768483644681,41189,Create Candidate Request,401,Unauthorized,Candidate Creation Thread Group 1-495,text,false,,261,494,439,439,http://localhost:8080/web/index.php/api/v2/recruitment/candidates,41189,0,0
1768483644672,41203,Create Candidate Request,401,Unauthorized,Candidate Creation Thread Group 1-554,text,false,,261,494,438,438,http://localhost:8080/web/index.php/api/v2/recruitment/candidates,41203,0,1
1768483644585,41296,Create Candidate Request,401,Unauthorized,Candidate Creation Thread Group 1-372,text,false,,261,494,437,437,http://localhost:8080/web/index.php/api/v2/recruitment/candidates,41296,0,1
1768483645486,40487,Create Candidate Request,401,Unauthorized,Candidate Creation Thread Group 1-463,text,false,,261,494,436,436,http://localhost:8080/web/index.php/api/v2/recruitment/candidates,40486,0,0
1768483644774,41204,Create Candidate Request,401,Unauthorized,Candidate Creation Thread Group 1-610,text,false,,261,494,435,435,http://localhost:8080/web/index.php/api/v2/recruitment/candidates,41204,0,2
1768483639673,46311,Create Candidate Request,401,Unauthorized,Candidate Creation Thread Group 1-494,text,false,,261,494,434,434,http://localhost:8080/web/index.php/api/v2/recruitment/candidates,46311,0,0
1768483640782,45295,Create Candidate Request,401,Unauthorized,Candidate Creation Thread Group 1-535,text,false,,261,491,433,433,http://localhost:8080/web/index.php/api/v2/recruitment/candidates,45294,0,0
1768483641078,45092,Create Candidate Request,401,Unauthorized,Candidate Creation Thread Group 1-413,text,false,,261,494,432,432,http://localhost:8080/web/index.php/api/v2/recruitment/candidates,45092,0,0
1768483645185,40993,Create Candidate Request,401,Unauthorized,Candidate Creation Thread Group 1-617,text,false,,261,491,431,431,http://localhost:8080/web/index.php/api/v2/recruitment/candidates,40993,0,0
1768483643573,42612,Create Candidate Request,401,Unauthorized,Candidate Creation Thread Group 1-249,text,false,,261,494,430,430,http://localhost:8080/web/index.php/api/v2/recruitment/candidates,42612,0,1
1768483645073,41197,Create Candidate Request,401,Unauthorized,Candidate Creation Thread Group 1-375,text,false,,261,491,429,429,http://localhost:8080/web/index.php/api/v2/recruitment/candidates,41197,0,11
1768483589402,96873,Create Candidate Request,401,Unauthorized,Candidate Creation Thread Group 1-841,text,false,,261,494,428,428,http://localhost:8080/web/index.php/api/v2/recruitment/candidates,96872,0,1
1768483645271,41008,Create Candidate Request,401,Unauthorized,Candidate Creation Thread Group 1-587,text,false,,261,491,428,428,http://localhost:8080/web/index.php/api/v2/recruitment/candidates,41007,0,0
1768483589410,96961,Create Candidate Request,401,Unauthorized,Candidate Creation Thread Group 1-870,text,false,,261,491,427,427,http://localhost:8080/web/index.php/api/v2/recruitment/candidates,96961,0,0
1768483645373,41005,Create Candidate Request,401,Unauthorized,Candidate Creation Thread Group 1-647,text,false,,261,491,427,427,http://localhost:8080/web/index.php/api/v2/recruitment/candidates,41004,0,0
1768483645577,40806,Create Candidate Request,401,Unauthorized,Candidate Creation Thread Group 1-472,text,false,,261,494,426,426,http://localhost:8080/web/index.php/api/v2/recruitment/candidates,40806,0,0
1768483605815,80755,Create Candidate Request,401,Unauthorized,Candidate Creation Thread Group 1-974,text,false,,261,494,425,425,http://localhost:8080/web/index.php/api/v2/recruitment/candidates,80755,0,0
1768483649575,37010,Create Candidate Request,401,Unauthorized,Candidate Creation Thread Group 1-515,text,false,,261,494,425,425,http://localhost:8080/web/index.php/api/v2/recruitment/candidates,37009,0,0
1768483649771,36913,Create Candidate Request,401,Unauthorized,Candidate Creation Thread Group 1-702,text,false,,261,494,424,424,http://localhost:8080/web/index.php/api/v2/recruitment/candidates,36913,0,0
1768483605812,80969,Create Candidate Request,401,Unauthorized,Candidate Creation Thread Group 1-968,text,false,,261,491,423,423,http://localhost:8080/web/index.php/api/v2/recruitment/candidates,80968,0,0
1768483649586,37284,Create Candidate Request,401,Unauthorized,Candidate Creation Thread Group 1-943,text,false,,261,494,423,423,http://localhost:8080/web/index.php/api/v2/recruitment/candidates,37199,0,1
1768483605833,81044,Create Candidate Request,401,Unauthorized,Candidate Creation Thread Group 1-931,text,false,,261,494,422,422,http://localhost:8080/web/index.php/api/v2/recruitment/candidates,81043,0,5
1768483605815,81070,Create Candidate Request,401,Unauthorized,Candidate Creation Thread Group 1-928,text,false,,261,494,422,422,http://localhost:8080/web/index.php/api/v2/recruitment/candidates,81069,0,1
1768483605840,81146,Create Candidate Request,401,Unauthorized,Candidate Creation Thread Group 1-833,text,false,,261,494,422,422,http://localhost:8080/web/index.php/api/v2/recruitment/candidates,81146,0,0
1768483666773,20219,Create Candidate Request,401,Unauthorized,Candidate Creation Thread Group 1-222,text,false,,261,494,422,422,http://localhost:8080/web/index.php/api/v2/recruitment/candidates,20219,0,0
1768483630570,56431,Create Candidate Request,401,Unauthorized,Candidate Creation Thread Group 1-262,text,false,,261,491,422,422,http://localhost:8080/web/index.php/api/v2/recruitment/candidates,56430,0,0
1768483581709,105362,Create Candidate Request,401,Unauthorized,Candidate Creation Thread Group 1-600,text,false,,261,491,421,421,http://localhost:8080/web/index.php/api/v2/recruitment/candidates,105361,0,0
1768483647776,39302,Create Candidate Request,401,Unauthorized,Candidate Creation Thread Group 1-556,text,false,,261,494,421,421,http://localhost:8080/web/index.php/api/v2/recruitment/candidates,39302,0,1
1768483613992,73092,Create Candidate Request,401,Unauthorized,Candidate Creation Thread Group 1-65,text,false,,261,491,420,420,http://localhost:8080/web/index.php/api/v2/recruitment/candidates,73091,0,1
1768483614075,73099,Create Candidate Request,401,Unauthorized,Candidate Creation Thread Group 1-411,text,false,,261,491,420,420,http://localhost:8080/web/index.php/api/v2/recruitment/candidates,73098,0,0
1768483642650,44529,Create Candidate Request,401,Unauthorized,Candidate Creation Thread Group 1-807,text,false,,261,494,420,420,http://localhost:8080/web/index.php/api/v2/recruitment/candidates,44529,0,0
1768483605815,81457,Create Candidate Request,401,Unauthorized,Candidate Creation Thread Group 1-989,text,false,,261,494,420,420,http://localhost:8080/web/index.php/api/v2/recruitment/candidates,81456,0,0
1768483605819,81465,Create Candidate Request,401,Unauthorized,Candidate Creation Thread Group 1-755,text,false,,261,494,420,420,http://localhost:8080/web/index.php/api/v2/recruitment/candidates,81462,0,0
1768483642650,44722,Create Candidate Request,401,Unauthorized,Candidate Creation Thread Group 1-806,text,false,,261,494,420,420,http://localhost:8080/web/index.php/api/v2/recruitment/candidates,44722,0,0
1768483605842,81534,Create Candidate Request,401,Unauthorized,Candidate Creation Thread Group 1-811,text,false,,261,494,420,420,http://localhost:8080/web/index.php/api/v2/recruitment/candidates,81533,0,0
1768483642650,44736,Create Candidate Request,401,Unauthorized,Candidate Creation Thread Group 1-746,text,false,,261,491,420,420,http://localhost:8080/web/index.php/api/v2/recruitment/candidates,44736,0,0
1768483642650,44740,Create Candidate Request,401,Unauthorized,Candidate Creation Thread Group 1-794,text,false,,261,491,420,420,http://localhost:8080/web/index.php/api/v2/recruitment/candidates,44740,0,0
1768483642650,44821,Create Candidate Request,401,Unauthorized,Candidate Creation Thread Group 1-799,text,false,,261,494,420,420,http://localhost:8080/web/index.php/api/v2/recruitment/candidates,44821,0,0
1768483647273,40203,Create Candidate Request,401,Unauthorized,Candidate Creation Thread Group 1-659,text,false,,261,494,420,420,http://localhost:8080/web/index.php/api/v2/recruitment/candidates,40203,0,0
1768483650471,37100,Create Candidate Request,401,Unauthorized,Candidate Creation Thread Group 1-543,text,false,,261,494,419,419,http://localhost:8080/web/index.php/api/v2/recruitment/candidates,37099,0,0
1768483605813,81767,Create Candidate Request,401,Unauthorized,Candidate Creation Thread Group 1-999,text,false,,261,491,418,418,http://localhost:8080/web/index.php/api/v2/recruitment/candidates,81762,0,0
1768483649371,38300,Create Candidate Request,401,Unauthorized,Candidate Creation Thread Group 1-993,text,false,,261,494,418,418,http://localhost:8080/web/index.php/api/v2/recruitment/candidates,38299,0,5
1768483605842,81832,Create Candidate Request,401,Unauthorized,Candidate Creation Thread Group 1-753,text,false,,261,494,418,418,http://localhost:8080/web/index.php/api/v2/recruitment/candidates,81832,0,0
1768483650481,37199,Create Candidate Request,401,Unauthorized,Candidate Creation Thread Group 1-588,text,false,,261,494,418,418,http://localhost:8080/web/index.php/api/v2/recruitment/candidates,37198,0,0
1768483605840,81930,Create Candidate Request,401,Unauthorized,Candidate Creation Thread Group 1-920,text,false,,261,494,417,417,http://localhost:8080/web/index.php/api/v2/recruitment/candidates,81930,0,0
1768483650487,37289,Create Candidate Request,401,Unauthorized,Candidate Creation Thread Group 1-622,text,false,,261,494,417,417,http://localhost:8080/web/index.php/api/v2/recruitment/candidates,37289,0,0
1768483605816,82068,Create Candidate Request,401,Unauthorized,Candidate Creation Thread Group 1-917,text,false,,261,494,416,416,http://localhost:8080/web/index.php/api/v2/recruitment/candidates,82065,0,0
1768483650574,37396,Create Candidate Request,401,Unauthorized,Candidate Creation Thread Group 1-639,text,false,,261,494,416,416,http://localhost:8080/web/index.php/api/v2/recruitment/candidates,37315,0,0
1768483605817,82158,Create Candidate Request,401,Unauthorized,Candidate Creation Thread Group 1-747,text,false,,261,494,415,415,http://localhost:8080/web/index.php/api/v2/recruitment/candidates,82158,0,0
1768483650581,37398,Create Candidate Request,401,Unauthorized,Candidate Creation Thread Group 1-945,text,false,,261,494,415,415,http://localhost:8080/web/index.php/api/v2/recruitment/candidates,37397,0,0
1768483650677,37307,Create Candidate Request,401,Unauthorized,Candidate Creation Thread Group 1-567,text,false,,261,494,414,414,http://localhost:8080/web/index.php/api/v2/recruitment/candidates,37306,0,1
1768483605842,82232,Create Candidate Request,401,Unauthorized,Candidate Creation Thread Group 1-829,text,false,,261,494,413,413,http://localhost:8080/web/index.php/api/v2/recruitment/candidates,82230,0,0
1768483650672,37408,Create Candidate Request,401,Unauthorized,Candidate Creation Thread Group 1-559,text,false,,261,494,413,413,http://localhost:8080/web/index.php/api/v2/recruitment/candidates,37407,0,1
1768483650774,37398,Create Candidate Request,401,Unauthorized,Candidate Creation Thread Group 1-966,text,false,,261,494,412,412,http://localhost:8080/web/index.php/api/v2/recruitment/candidates,37398,0,1
1768483650778,37399,Create Candidate Request,401,Unauthorized,Candidate Creation Thread Group 1-329,text,false,,261,494,411,411,http://localhost:8080/web/index.php/api/v2/recruitment/candidates,37399,0,1
1768483582775,105496,Create Candidate Request,401,Unauthorized,Candidate Creation Thread Group 1-651,text,false,,261,494,410,410,http://localhost:8080/web/index.php/api/v2/recruitment/candidates,105496,0,1
1768483650841,37435,Create Candidate Request,401,Unauthorized,Candidate Creation Thread Group 1-547,text,false,,261,494,410,410,http://localhost:8080/web/index.php/api/v2/recruitment/candidates,37435,0,0
1768483650841,37528,Create Candidate Request,401,Unauthorized,Candidate Creation Thread Group 1-517,text,false,,261,494,410,410,http://localhost:8080/web/index.php/api/v2/recruitment/candidates,37445,0,0
1768483649872,38502,Create Candidate Request,401,Unauthorized,Candidate Creation Thread Group 1-572,text,false,,261,494,410,410,http://localhost:8080/web/index.php/api/v2/recruitment/candidates,38502,0,1
1768483647894,40486,Create Candidate Request,401,Unauthorized,Candidate Creation Thread Group 1-419,text,false,,261,491,409,409,http://localhost:8080/web/index.php/api/v2/recruitment/candidates,40486,0,0
1768483645773,42706,Create Candidate Request,401,Unauthorized,Candidate Creation Thread Group 1-451,text,false,,261,494,408,408,http://localhost:8080/web/index.php/api/v2/recruitment/candidates,42704,0,0
1768483651071,37500,Create Candidate Request,401,Unauthorized,Candidate Creation Thread Group 1-568,text,false,,261,494,407,407,http://localhost:8080/web/index.php/api/v2/recruitment/candidates,37500,0,0
1768483651170,37412,Create Candidate Request,401,Unauthorized,Candidate Creation Thread Group 1-573,text,false,,261,494,406,406,http://localhost:8080/web/index.php/api/v2/recruitment/candidates,37411,0,0
1768483651179,37496,Create Candidate Request,401,Unauthorized,Candidate Creation Thread Group 1-594,text,false,,261,494,405,405,http://localhost:8080/web/index.php/api/v2/recruitment/candidates,37496,0,1
1768483651184,37499,Create Candidate Request,401,Unauthorized,Candidate Creation Thread Group 1-592,text,false,,261,494,404,404,http://localhost:8080/web/index.php/api/v2/recruitment/candidates,37499,0,0
1768483651804,36970,Create Candidate Request,401,Unauthorized,Candidate Creation Thread Group 1-868,text,false,,261,494,403,403,http://localhost:8080/web/index.php/api/v2/recruitment/candidates,36970,0,0
1768483615783,72994,Create Candidate Request,401,Unauthorized,Candidate Creation Thread Group 1-389,text,false,,261,494,403,403,http://localhost:8080/web/index.php/api/v2/recruitment/candidates,72994,0,0
1768483651972,36809,Create Candidate Request,401,Unauthorized,Candidate Creation Thread Group 1-848,text,false,,261,494,403,403,http://localhost:8080/web/index.php/api/v2/recruitment/candidates,36808,0,10
1768483652175,36716,Create Candidate Request,401,Unauthorized,Candidate Creation Thread Group 1-865,text,false,,261,494,403,403,http://localhost:8080/web/index.php/api/v2/recruitment/candidates,36707,0,0
1768483652371,36603,Create Candidate Request,401,Unauthorized,Candidate Creation Thread Group 1-684,text,false,,261,494,403,403,http://localhost:8080/web/index.php/api/v2/recruitment/candidates,36602,0,1
1768483652582,36488,Create Candidate Request,401,Unauthorized,Candidate Creation Thread Group 1-596,text,false,,261,494,403,403,http://localhost:8080/web/index.php/api/v2/recruitment/candidates,36402,0,0
1768483652785,36289,Create Candidate Request,401,Unauthorized,Candidate Creation Thread Group 1-589,text,false,,261,491,402,402,http://localhost:8080/web/index.php/api/v2/recruitment/candidates,36289,0,1
1768483652872,36209,Create Candidate Request,401,Unauthorized,Candidate Creation Thread Group 1-565,text,false,,261,491,401,401,http://localhost:8080/web/index.php/api/v2/recruitment/candidates,36209,0,0
1768483652885,36206,Create Candidate Request,401,Unauthorized,Candidate Creation Thread Group 1-564,text,false,,261,491,400,400,http://localhost:8080/web/index.php/api/v2/recruitment/candidates,36204,0,0
1768483652878,36296,Create Candidate Request,401,Unauthorized,Candidate Creation Thread Group 1-524,text,false,,261,491,399,399,http://localhost:8080/web/index.php/api/v2/recruitment/candidates,36296,0,1
1768483653077,36104,Create Candidate Request,401,Unauthorized,Candidate Creation Thread Group 1-205,text,false,,261,491,398,398,http://localhost:8080/web/index.php/api/v2/recruitment/candidates,36104,0,0
1768483653172,36100,Create Candidate Request,401,Unauthorized,Candidate Creation Thread Group 1-371,text,false,,261,491,397,397,http://localhost:8080/web/index.php/api/v2/recruitment/candidates,36099,0,1
1768483653775,35502,Create Candidate Request,401,Unauthorized,Candidate Creation Thread Group 1-539,text,false,,261,494,396,396,http://localhost:8080/web/index.php/api/v2/recruitment/candidates,35501,0,0
1768483653177,36104,Create Candidate Request,401,Unauthorized,Candidate Creation Thread Group 1-394,text,false,,261,491,395,395,http://localhost:8080/web/index.php/api/v2/recruitment/candidates,36103,0,0
1768483605832,83454,Create Candidate Request,401,Unauthorized,Candidate Creation Thread Group 1-782,text,false,,261,494,394,394,http://localhost:8080/web/index.php/api/v2/recruitment/candidates,83454,0,0
1768483605839,83535,Create Candidate Request,401,Unauthorized,Candidate Creation Thread Group 1-998,text,false,,261,491,394,394,http://localhost:8080/web/index.php/api/v2/recruitment/candidates,83535,0,0
1768483605839,83544,Create Candidate Request,401,Unauthorized,Candidate Creation Thread Group 1-927,text,false,,261,491,394,394,http://localhost:8080/web/index.php/api/v2/recruitment/candidates,83541,0,0
1768483605839,83633,Create Candidate Request,401,Unauthorized,Candidate Creation Thread Group 1-830,text,false,,261,491,394,394,http://localhost:8080/web/index.php/api/v2/recruitment/candidates,83632,0,0
1768483605839,83638,Create Candidate Request,401,Unauthorized,Candidate Creation Thread Group 1-996,text,false,,261,491,394,394,http://localhost:8080/web/index.php/api/v2/recruitment/candidates,83638,0,0
1768483605839,83732,Create Candidate Request,401,Unauthorized,Candidate Creation Thread Group 1-810,text,false,,261,491,394,394,http://localhost:8080/web/index.php/api/v2/recruitment/candidates,83731,0,0
1768483623875,65705,Create Candidate Request,401,Unauthorized,Candidate Creation Thread Group 1-118,text,false,,261,494,394,394,http://localhost:8080/web/index.php/api/v2/recruitment/candidates,65704,0,6
1768483605832,83841,Create Candidate Request,401,Unauthorized,Candidate Creation Thread Group 1-835,text,false,,261,494,393,393,http://localhost:8080/web/index.php/api/v2/recruitment/candidates,83841,0,0
1768483605839,83837,Create Candidate Request,401,Unauthorized,Candidate Creation Thread Group 1-828,text,false,,261,491,393,393,http://localhost:8080/web/index.php/api/v2/recruitment/candidates,83837,0,0
1768483605833,83849,Create Candidate Request,401,Unauthorized,Candidate Creation Thread Group 1-769,text,false,,261,494,393,393,http://localhost:8080/web/index.php/api/v2/recruitment/candidates,83849,0,5
1768483605831,83947,Create Candidate Request,401,Unauthorized,Candidate Creation Thread Group 1-909,text,false,,261,491,393,393,http://localhost:8080/web/index.php/api/v2/recruitment/candidates,83945,0,0
1768483605839,84032,Create Candidate Request,401,Unauthorized,Candidate Creation Thread Group 1-820,text,false,,261,491,393,393,http://localhost:8080/web/index.php/api/v2/recruitment/candidates,84032,0,0
1768483605832,84044,Create Candidate Request,401,Unauthorized,Candidate Creation Thread Group 1-896,text,false,,261,494,393,393,http://localhost:8080/web/index.php/api/v2/recruitment/candidates,84044,0,0
1768483671577,18393,Create Candidate Request,401,Unauthorized,Candidate Creation Thread Group 1-673,text,false,,261,491,393,393,http://localhost:8080/web/index.php/api/v2/recruitment/candidates,18393,0,1
1768483605795,84181,Create Candidate Request,401,Unauthorized,Candidate Creation Thread Group 1-930,text,false,,261,494,392,392,http://localhost:8080/web/index.php/api/v2/recruitment/candidates,84181,0,0
1768483605796,84184,Create Candidate Request,401,Unauthorized,Candidate Creation Thread Group 1-921,text,false,,261,494,392,392,http://localhost:8080/web/index.php/api/v2/recruitment/candidates,84183,0,15
1768483605795,84188,Create Candidate Request,401,Unauthorized,Candidate Creation Thread Group 1-913,text,false,,261,494,392,392,http://localhost:8080/web/index.php/api/v2/recruitment/candidates,84188,0,0
1768483605795,84290,Create Candidate Request,401,Unauthorized,Candidate Creation Thread Group 1-750,text,false,,261,494,392,392,http://localhost:8080/web/index.php/api/v2/recruitment/candidates,84287,0,1
1768483605795,84378,Create Candidate Request,401,Unauthorized,Candidate Creation Thread Group 1-832,text,false,,261,494,392,392,http://localhost:8080/web/index.php/api/v2/recruitment/candidates,84377,0,0
1768483671272,18909,Create Candidate Request,401,Unauthorized,Candidate Creation Thread Group 1-685,text,false,,261,491,392,392,http://localhost:8080/web/index.php/api/v2/recruitment/candidates,18908,0,1
1768483671369,18904,Create Candidate Request,401,Unauthorized,Candidate Creation Thread Group 1-680,text,false,,261,491,392,392,http://localhost:8080/web/index.php/api/v2/recruitment/candidates,18903,0,0
1768483671472,18805,Create Candidate Request,401,Unauthorized,Candidate Creation Thread Group 1-874,text,false,,261,491,392,392,http://localhost:8080/web/index.php/api/v2/recruitment/candidates,18805,0,0
1768483671377,18909,Create Candidate Request,401,Unauthorized,Candidate Creation Thread Group 1-936,text,false,,261,491,392,392,http://localhost:8080/web/index.php/api/v2/recruitment/candidates,18909,0,0
1768483672577,17808,Create Candidate Request,401,Unauthorized,Candidate Creation Thread Group 1-923,text,false,,261,491,392,392,http://localhost:8080/web/index.php/api/v2/recruitment/candidates,17808,0,0
1768483672175,18303,Create Candidate Request,401,Unauthorized,Candidate Creation Thread Group 1-840,text,false,,261,491,392,392,http://localhost:8080/web/index.php/api/v2/recruitment/candidates,18302,0,1
1768483604484,86090,Create Candidate Request,401,Unauthorized,Candidate Creation Thread Group 1-391,text,false,,261,494,391,391,http://localhost:8080/web/index.php/api/v2/recruitment/candidates,86090,0,0
1768483673187,17393,Create Candidate Request,401,Unauthorized,Candidate Creation Thread Group 1-905,text,false,,261,494,391,391,http://localhost:8080/web/index.php/api/v2/recruitment/candidates,17392,0,0
1768483673083,17589,Create Candidate Request,401,Unauthorized,Candidate Creation Thread Group 1-417,text,false,,261,494,391,391,http://localhost:8080/web/index.php/api/v2/recruitment/candidates,17589,0,1
1768483673273,17497,Create Candidate Request,401,Unauthorized,Candidate Creation Thread Group 1-816,text,false,,261,494,391,391,http://localhost:8080/web/index.php/api/v2/recruitment/candidates,17497,0,1
1768483673279,17498,Create Candidate Request,401,Unauthorized,Candidate Creation Thread Group 1-804,text,false,,261,494,391,391,http://localhost:8080/web/index.php/api/v2/recruitment/candidates,17497,0,0
1768483605814,84973,Create Candidate Request,401,Unauthorized,Candidate Creation Thread Group 1-971,text,false,,261,494,391,391,http://localhost:8080/web/index.php/api/v2/recruitment/candidates,84973,0,0
1768483605820,85055,Create Candidate Request,401,Unauthorized,Candidate Creation Thread Group 1-1000,text,false,,261,494,391,391,http://localhost:8080/web/index.php/api/v2/recruitment/candidates,85055,0,0
1768483605817,85069,Create Candidate Request,401,Unauthorized,Candidate Creation Thread Group 1-784,text,false,,261,494,391,391,http://localhost:8080/web/index.php/api/v2/recruitment/candidates,85067,0,0
1768483605817,85157,Create Candidate Request,401,Unauthorized,Candidate Creation Thread Group 1-759,text,false,,261,494,391,391,http://localhost:8080/web/index.php/api/v2/recruitment/candidates,85156,0,0
1768483605832,85148,Create Candidate Request,401,Unauthorized,Candidate Creation Thread Group 1-988,text,false,,261,494,391,391,http://localhost:8080/web/index.php/api/v2/recruitment/candidates,85148,0,0
1768483605814,85267,Create Candidate Request,401,Unauthorized,Candidate Creation Thread Group 1-757,text,false,,261,494,391,391,http://localhost:8080/web/index.php/api/v2/recruitment/candidates,85266,0,1
1768483605831,85340,Create Candidate Request,401,Unauthorized,Candidate Creation Thread Group 1-809,text,false,,261,494,391,391,http://localhost:8080/web/index.php/api/v2/recruitment/candidates,85340,0,0
1768483605831,85346,Create Candidate Request,401,Unauthorized,Candidate Creation Thread Group 1-822,text,false,,261,494,391,391,http://localhost:8080/web/index.php/api/v2/recruitment/candidates,85345,0,0
1768483605831,85439,Create Candidate Request,401,Unauthorized,Candidate Creation Thread Group 1-771,text,false,,261,491,391,391,http://localhost:8080/web/index.php/api/v2/recruitment/candidates,85439,0,0
1768483612977,78300,Create Candidate Request,401,Unauthorized,Candidate Creation Thread Group 1-356,text,false,,261,494,391,391,http://localhost:8080/web/index.php/api/v2/recruitment/candidates,78299,0,0
1768483605832,85540,Create Candidate Request,401,Unauthorized,Candidate Creation Thread Group 1-899,text,false,,261,494,391,391,http://localhost:8080/web/index.php/api/v2/recruitment/candidates,85539,0,0
1768483680978,10400,Create Candidate Request,401,Unauthorized,Candidate Creation Thread Group 1-32,text,false,,261,494,391,391,http://localhost:8080/web/index.php/api/v2/recruitment/candidates,10399,0,0
1768483674672,16712,Create Candidate Request,401,Unauthorized,Candidate Creation Thread Group 1-790,text,false,,261,494,391,391,http://localhost:8080/web/index.php/api/v2/recruitment/candidates,16711,0,1
1768483605831,85642,Create Candidate Request,401,Unauthorized,Candidate Creation Thread Group 1-891,text,false,,261,491,391,391,http://localhost:8080/web/index.php/api/v2/recruitment/candidates,85642,0,0
1768483605831,85650,Create Candidate Request,401,Unauthorized,Candidate Creation Thread Group 1-752,text,false,,261,494,391,391,http://localhost:8080/web/index.php/api/v2/recruitment/candidates,85650,0,0
1768483605839,85734,Create Candidate Request,401,Unauthorized,Candidate Creation Thread Group 1-786,text,false,,261,494,391,391,http://localhost:8080/web/index.php/api/v2/recruitment/candidates,85734,0,0
1768483605842,85739,Create Candidate Request,401,Unauthorized,Candidate Creation Thread Group 1-772,text,false,,261,494,391,391,http://localhost:8080/web/index.php/api/v2/recruitment/candidates,85739,0,0
1768483605839,85832,Create Candidate Request,401,Unauthorized,Candidate Creation Thread Group 1-836,text,false,,261,491,391,391,http://localhost:8080/web/index.php/api/v2/recruitment/candidates,85832,0,0
1768483605839,85837,Create Candidate Request,401,Unauthorized,Candidate Creation Thread Group 1-766,text,false,,261,494,391,391,http://localhost:8080/web/index.php/api/v2/recruitment/candidates,85837,0,0
1768483605819,85861,Create Candidate Request,401,Unauthorized,Candidate Creation Thread Group 1-762,text,false,,261,494,391,391,http://localhost:8080/web/index.php/api/v2/recruitment/candidates,85860,0,0
1768483605839,85933,Create Candidate Request,401,Unauthorized,Candidate Creation Thread Group 1-992,text,false,,261,491,391,391,http://localhost:8080/web/index.php/api/v2/recruitment/candidates,85933,0,0
1768483667229,24549,Create Candidate Request,401,Unauthorized,Candidate Creation Thread Group 1-121,text,false,,261,494,391,391,http://localhost:8080/web/index.php/api/v2/recruitment/candidates,24547,0,0
1768483667229,24556,Create Candidate Request,401,Unauthorized,Candidate Creation Thread Group 1-122,text,false,,261,491,391,391,http://localhost:8080/web/index.php/api/v2/recruitment/candidates,24555,0,0
1768483581214,110586,Create Candidate Request,Non HTTP response code: org.apache.http.NoHttpResponseException,Non HTTP response message: localhost:8080 failed to respond,Candidate Creation Thread Group 1-703,text,false,,2057,0,391,391,http://localhost:8080/web/index.php/api/v2/recruitment/candidates,0,0,1
1768483581217,110583,Create Candidate Request,Non HTTP response code: org.apache.http.NoHttpResponseException,Non HTTP response message: localhost:8080 failed to respond,Candidate Creation Thread Group 1-683,text,false,,2057,0,391,391,http://localhost:8080/web/index.php/api/v2/recruitment/candidates,0,0,0
1768483581214,110586,Create Candidate Request,Non HTTP response code: org.apache.http.NoHttpResponseException,Non HTTP response message: localhost:8080 failed to respond,Candidate Creation Thread Group 1-878,text,false,,2057,0,391,391,http://localhost:8080/web/index.php/api/v2/recruitment/candidates,0,0,1
1768483581213,110587,Create Candidate Request,Non HTTP response code: org.apache.http.NoHttpResponseException,Non HTTP response message: localhost:8080 failed to respond,Candidate Creation Thread Group 1-699,text,false,,2057,0,391,391,http://localhost:8080/web/index.php/api/v2/recruitment/candidates,0,0,1
1768483581213,110587,Create Candidate Request,Non HTTP response code: org.apache.http.NoHttpResponseException,Non HTTP response message: localhost:8080 failed to respond,Candidate Creation Thread Group 1-691,text,false,,2057,0,391,391,http://localhost:8080/web/index.php/api/v2/recruitment/candidates,0,0,0
1768483581217,110583,Create Candidate Request,Non HTTP response code: org.apache.http.NoHttpResponseException,Non HTTP response message: localhost:8080 failed to respond,Candidate Creation Thread Group 1-884,text,false,,2057,0,391,391,http://localhost:8080/web/index.php/api/v2/recruitment/candidates,0,0,0
1768483585311,106490,Create Candidate Request,Non HTTP response code: org.apache.http.NoHttpResponseException,Non HTTP response message: localhost:8080 failed to respond,Candidate Creation Thread Group 1-4,text,false,,2057,0,391,391,http://localhost:8080/web/index.php/api/v2/recruitment/candidates,0,0,0
1768483581214,110586,Create Candidate Request,Non HTTP response code: org.apache.http.NoHttpResponseException,Non HTTP response message: localhost:8080 failed to respond,Candidate Creation Thread Group 1-690,text,false,,2057,0,391,391,http://localhost:8080/web/index.php/api/v2/recruitment/candidates,0,0,0
1768483581209,110591,Create Candidate Request,Non HTTP response code: org.apache.http.NoHttpResponseException,Non HTTP response message: localhost:8080 failed to respond,Candidate Creation Thread Group 1-886,text,false,,2057,0,391,391,http://localhost:8080/web/index.php/api/v2/recruitment/candidates,0,0,0
1768483581215,110586,Create Candidate Request,Non HTTP response code: org.apache.http.NoHttpResponseException,Non HTTP response message: localhost:8080 failed to respond,Candidate Creation Thread Group 1-681,text,false,,2057,0,391,391,http://localhost:8080/web/index.php/api/v2/recruitment/candidates,0,0,0
1768483581213,110588,Create Candidate Request,Non HTTP response code: org.apache.http.NoHttpResponseException,Non HTTP response message: localhost:8080 failed to respond,Candidate Creation Thread Group 1-880,text,false,,2057,0,391,391,http://localhost:8080/web/index.php/api/v2/recruitment/candidates,0,0,1
1768483581216,110585,Create Candidate Request,Non HTTP response code: org.apache.http.NoHttpResponseException,Non HTTP response message: localhost:8080 failed to respond,Candidate Creation Thread Group 1-707,text,false,,2057,0,391,391,http://localhost:8080/web/index.php/api/v2/recruitment/candidates,0,0,0
1768483585309,106493,Create Candidate Request,Non HTTP response code: org.apache.http.NoHttpResponseException,Non HTTP response message: localhost:8080 failed to respond,Candidate Creation Thread Group 1-954,text,false,,2057,0,391,391,http://localhost:8080/web/index.php/api/v2/recruitment/candidates,0,0,0
1768483581215,110586,Create Candidate Request,Non HTTP response code: org.apache.http.NoHttpResponseException,Non HTTP response message: localhost:8080 failed to respond,Candidate Creation Thread Group 1-875,text,false,,2057,0,391,391,http://localhost:8080/web/index.php/api/v2/recruitment/candidates,0,0,0
1768483585310,106492,Create Candidate Request,Non HTTP response code: org.apache.http.NoHttpResponseException,Non HTTP response message: localhost:8080 failed to respond,Candidate Creation Thread Group 1-946,text,false,,2057,0,391,391,http://localhost:8080/web/index.php/api/v2/recruitment/candidates,0,0,0
1768483581216,110585,Create Candidate Request,Non HTTP response code: org.apache.http.NoHttpResponseException,Non HTTP response message: localhost:8080 failed to respond,Candidate Creation Thread Group 1-686,text,false,,2057,0,391,391,http://localhost:8080/web/index.php/api/v2/recruitment/candidates,0,0,0
1768483581212,110589,Create Candidate Request,Non HTTP response code: org.apache.http.NoHttpResponseException,Non HTTP response message: localhost:8080 failed to respond,Candidate Creation Thread Group 1-701,text,false,,2057,0,391,391,http://localhost:8080/web/index.php/api/v2/recruitment/candidates,0,0,0
1768483585307,106495,Create Candidate Request,Non HTTP response code: org.apache.http.NoHttpResponseException,Non HTTP response message: localhost:8080 failed to respond,Candidate Creation Thread Group 1-938,text,false,,2057,0,391,391,http://localhost:8080/web/index.php/api/v2/recruitment/candidates,0,0,1
1768483581217,110583,Create Candidate Request,Non HTTP response code: org.apache.http.NoHttpResponseException,Non HTTP response message: localhost:8080 failed to respond,Candidate Creation Thread Group 1-877,text,false,,2057,0,391,391,http://localhost:8080/web/index.php/api/v2/recruitment/candidates,0,0,0
1768483581213,110588,Create Candidate Request,Non HTTP response code: org.apache.http.NoHttpResponseException,Non HTTP response message: localhost:8080 failed to respond,Candidate Creation Thread Group 1-709,text,false,,2057,0,391,391,http://localhost:8080/web/index.php/api/v2/recruitment/candidates,0,0,0
1768483585310,106492,Create Candidate Request,Non HTTP response code: org.apache.http.NoHttpResponseException,Non HTTP response message: localhost:8080 failed to respond,Candidate Creation Thread Group 1-967,text,false,,2057,0,391,391,http://localhost:8080/web/index.php/api/v2/recruitment/candidates,0,0,0
1768483585309,106494,Create Candidate Request,Non HTTP response code: org.apache.http.NoHttpResponseException,Non HTTP response message: localhost:8080 failed to respond,Candidate Creation Thread Group 1-961,text,false,,2057,0,391,391,http://localhost:8080/web/index.php/api/v2/recruitment/candidates,0,0,0
1768483585310,106493,Create Candidate Request,Non HTTP response code: org.apache.http.NoHttpResponseException,Non HTTP response message: localhost:8080 failed to respond,Candidate Creation Thread Group 1-940,text,false,,2057,0,391,391,http://localhost:8080/web/index.php/api/v2/recruitment/candidates,0,0,0
1768483581215,110586,Create Candidate Request,Non HTTP response code: org.apache.http.NoHttpResponseException,Non HTTP response message: localhost:8080 failed to respond,Candidate Creation Thread Group 1-711,text,false,,2057,0,391,391,http://localhost:8080/web/index.php/api/v2/recruitment/candidates,0,0,0
1768483581212,110590,Create Candidate Request,Non HTTP response code: org.apache.http.NoHttpResponseException,Non HTTP response message: localhost:8080 failed to respond,Candidate Creation Thread Group 1-693,text,false,,2057,0,391,391,http://localhost:8080/web/index.php/api/v2/recruitment/candidates,0,0,0
1768483585309,106494,Create Candidate Request,Non HTTP response code: org.apache.http.NoHttpResponseException,Non HTTP response message: localhost:8080 failed to respond,Candidate Creation Thread Group 1-950,text,false,,2057,0,391,391,http://localhost:8080/web/index.php/api/v2/recruitment/candidates,0,0,1
1768483585309,106494,Create Candidate Request,Non HTTP response code: org.apache.http.NoHttpResponseException,Non HTTP response message: localhost:8080 failed to respond,Candidate Creation Thread Group 1-956,text,false,,2057,0,391,391,http://localhost:8080/web/index.php/api/v2/recruitment/candidates,0,0,1
1768483581217,110585,Create Candidate Request,Non HTTP response code: org.apache.http.NoHttpResponseException,Non HTTP response message: localhost:8080 failed to respond,Candidate Creation Thread Group 1-881,text,false,,2057,0,391,391,http://localhost:8080/web/index.php/api/v2/recruitment/candidates,0,0,1
1768483585309,106494,Create Candidate Request,Non HTTP response code: org.apache.http.NoHttpResponseException,Non HTTP response message: localhost:8080 failed to respond,Candidate Creation Thread Group 1-951,text,false,,2057,0,391,391,http://localhost:8080/web/index.php/api/v2/recruitment/candidates,0,0,0
1768483581213,110589,Create Candidate Request,Non HTTP response code: org.apache.http.NoHttpResponseException,Non HTTP response message: localhost:8080 failed to respond,Candidate Creation Thread Group 1-887,text,false,,2057,0,391,391,http://localhost:8080/web/index.php/api/v2/recruitment/candidates,0,0,0
1768483585310,106493,Create Candidate Request,Non HTTP response code: org.apache.http.NoHttpResponseException,Non HTTP response message: localhost:8080 failed to respond,Candidate Creation Thread Group 1-963,text,false,,2057,0,391,391,http://localhost:8080/web/index.php/api/v2/recruitment/candidates,0,0,0
1768483585309,106494,Create Candidate Request,Non HTTP response code: org.apache.http.NoHttpResponseException,Non HTTP response message: localhost:8080 failed to respond,Candidate Creation Thread Group 1-962,text,false,,2057,0,391,391,http://localhost:8080/web/index.php/api/v2/recruitment/candidates,0,0,0
1768483585310,106493,Create Candidate Request,Non HTTP response code: org.apache.http.NoHttpResponseException,Non HTTP response message: localhost:8080 failed to respond,Candidate Creation Thread Group 1-947,text,false,,2057,0,391,391,http://localhost:8080/web/index.php/api/v2/recruitment/candidates,0,0,0
1768483581217,110585,Create Candidate Request,Non HTTP response code: org.apache.http.NoHttpResponseException,Non HTTP response message: localhost:8080 failed to respond,Candidate Creation Thread Group 1-698,text,false,,2057,0,391,391,http://localhost:8080/web/index.php/api/v2/recruitment/candidates,0,0,0
1768483581215,110587,Create Candidate Request,Non HTTP response code: org.apache.http.NoHttpResponseException,Non HTTP response message: localhost:8080 failed to respond,Candidate Creation Thread Group 1-700,text,false,,2057,0,391,391,http://localhost:8080/web/index.php/api/v2/recruitment/candidates,0,0,1
1768483585307,106496,Create Candidate Request,Non HTTP response code: org.apache.http.NoHttpResponseException,Non HTTP response message: localhost:8080 failed to respond,Candidate Creation Thread Group 1-941,text,false,,2057,0,391,391,http://localhost:8080/web/index.php/api/v2/recruitment/candidates,0,0,1
1768483581216,110586,Create Candidate Request,Non HTTP response code: org.apache.http.NoHttpResponseException,Non HTTP response message: localhost:8080 failed to respond,Candidate Creation Thread Group 1-695,text,false,,2057,0,391,391,http://localhost:8080/web/index.php/api/v2/recruitment/candidates,0,0,0
1768483581215,110587,Create Candidate Request,Non HTTP response code: org.apache.http.NoHttpResponseException,Non HTTP response message: localhost:8080 failed to respond,Candidate Creation Thread Group 1-692,text,false,,2057,0,391,391,http://localhost:8080/web/index.php/api/v2/recruitment/candidates,0,0,0
1768483585310,106493,Create Candidate Request,Non HTTP response code: org.apache.http.NoHttpResponseException,Non HTTP response message: localhost:8080 failed to respond,Candidate Creation Thread Group 1-965,text,false,,2057,0,391,391,http://localhost:8080/web/index.php/api/v2/recruitment/candidates,0,0,1
1768483585309,106494,Create Candidate Request,Non HTTP response code: org.apache.http.NoHttpResponseException,Non HTTP response message: localhost:8080 failed to respond,Candidate Creation Thread Group 1-939,text,false,,2057,0,391,391,http://localhost:8080/web/index.php/api/v2/recruitment/candidates,0,0,0
1768483581212,110590,Create Candidate Request,Non HTTP response code: org.apache.http.NoHttpResponseException,Non HTTP response message: localhost:8080 failed to respond,Candidate Creation Thread Group 1-888,text,false,,2057,0,391,391,http://localhost:8080/web/index.php/api/v2/recruitment/candidates,0,0,1
1768483585312,106491,Create Candidate Request,Non HTTP response code: org.apache.http.NoHttpResponseException,Non HTTP response message: localhost:8080 failed to respond,Candidate Creation Thread Group 1-935,text,false,,2057,0,391,391,http://localhost:8080/web/index.php/api/v2/recruitment/candidates,0,0,0
1768483581213,110589,Create Candidate Request,Non HTTP response code: org.apache.http.NoHttpResponseException,Non HTTP response message: localhost:8080 failed to respond,Candidate Creation Thread Group 1-873,text,false,,2057,0,391,391,http://localhost:8080/web/index.php/api/v2/recruitment/candidates,0,0,0
1768483585311,106493,Create Candidate Request,Non HTTP response code: org.apache.http.NoHttpResponseException,Non HTTP response message: localhost:8080 failed to respond,Candidate Creation Thread Group 1-958,text,false,,2057,0,391,391,http://localhost:8080/web/index.php/api/v2/recruitment/candidates,0,0,0
1768483585310,106494,Create Candidate Request,Non HTTP response code: org.apache.http.NoHttpResponseException,Non HTTP response message: localhost:8080 failed to respond,Candidate Creation Thread Group 1-952,text,false,,2057,0,391,391,http://localhost:8080/web/index.php/api/v2/recruitment/candidates,0,0,1
1768483583276,108528,Create Candidate Request,Non HTTP response code: org.apache.http.NoHttpResponseException,Non HTTP response message: localhost:8080 failed to respond,Candidate Creation Thread Group 1-95,text,false,,2057,0,391,391,http://localhost:8080/web/index.php/api/v2/recruitment/candidates,0,0,1
1768483585311,106493,Create Candidate Request,Non HTTP response code: org.apache.http.NoHttpResponseException,Non HTTP response message: localhost:8080 failed to respond,Candidate Creation Thread Group 1-937,text,false,,2057,0,391,391,http://localhost:8080/web/index.php/api/v2/recruitment/candidates,0,0,0
1768483585307,106497,Create Candidate Request,Non HTTP response code: org.apache.http.NoHttpResponseException,Non HTTP response message: localhost:8080 failed to respond,Candidate Creation Thread Group 1-948,text,false,,2057,0,391,391,http://localhost:8080/web/index.php/api/v2/recruitment/candidates,0,0,0
1768483585311,106493,Create Candidate Request,Non HTTP response code: org.apache.http.NoHttpResponseException,Non HTTP response message: localhost:8080 failed to respond,Candidate Creation Thread Group 1-953,text,false,,2057,0,391,391,http://localhost:8080/web/index.php/api/v2/recruitment/candidates,0,0,1
1768483581215,110588,Create Candidate Request,Non HTTP response code: org.apache.http.NoHttpResponseException,Non HTTP response message: localhost:8080 failed to respond,Candidate Creation Thread Group 1-883,text,false,,2057,0,391,391,http://localhost:8080/web/index.php/api/v2/recruitment/candidates,0,0,0
1768483581213,110590,Create Candidate Request,Non HTTP response code: org.apache.http.NoHttpResponseException,Non HTTP response message: localhost:8080 failed to respond,Candidate Creation Thread Group 1-890,text,false,,2057,0,391,391,http://localhost:8080/web/index.php/api/v2/recruitment/candidates,0,0,1
1768483581217,110586,Create Candidate Request,Non HTTP response code: org.apache.http.NoHttpResponseException,Non HTTP response message: localhost:8080 failed to respond,Candidate Creation Thread Group 1-694,text,false,,2057,0,391,391,http://localhost:8080/web/index.php/api/v2/recruitment/candidates,0,0,0
1768483581216,110587,Create Candidate Request,Non HTTP response code: org.apache.http.NoHttpResponseException,Non HTTP response message: localhost:8080 failed to respond,Candidate Creation Thread Group 1-876,text,false,,2057,0,391,391,http://localhost:8080/web/index.php/api/v2/recruitment/candidates,0,0,0
1768483581209,110594,Create Candidate Request,Non HTTP response code: org.apache.http.NoHttpResponseException,Non HTTP response message: localhost:8080 failed to respond,Candidate Creation Thread Group 1-710,text,false,,2057,0,391,391,http://localhost:8080/web/index.php/api/v2/recruitment/candidates,0,0,1
1768483585311,106493,Create Candidate Request,Non HTTP response code: org.apache.http.NoHttpResponseException,Non HTTP response message: localhost:8080 failed to respond,Candidate Creation Thread Group 1-942,text,false,,2057,0,391,391,http://localhost:8080/web/index.php/api/v2/recruitment/candidates,0,0,0
1768483585311,106493,Create Candidate Request,Non HTTP response code: org.apache.http.NoHttpResponseException,Non HTTP response message: localhost:8080 failed to respond,Candidate Creation Thread Group 1-959,text,false,,2057,0,391,391,http://localhost:8080/web/index.php/api/v2/recruitment/candidates,0,0,0
1768483581209,110594,Create Candidate Request,Non HTTP response code: org.apache.http.NoHttpResponseException,Non HTTP response message: localhost:8080 failed to respond,Candidate Creation Thread Group 1-688,text,false,,2057,0,391,391,http://localhost:8080/web/index.php/api/v2/recruitment/candidates,0,0,0
1768483585310,106494,Create Candidate Request,Non HTTP response code: org.apache.http.NoHttpResponseException,Non HTTP response message: localhost:8080 failed to respond,Candidate Creation Thread Group 1-944,text,false,,2057,0,391,391,http://localhost:8080/web/index.php/api/v2/recruitment/candidates,0,0,0
1768483581214,110589,Create Candidate Request,Non HTTP response code: org.apache.http.NoHttpResponseException,Non HTTP response message: localhost:8080 failed to respond,Candidate Creation Thread Group 1-705,text,false,,2057,0,391,391,http://localhost:8080/web/index.php/api/v2/recruitment/candidates,0,0,0
1768483581214,110589,Create Candidate Request,Non HTTP response code: org.apache.http.NoHttpResponseException,Non HTTP response message: localhost:8080 failed to respond,Candidate Creation Thread Group 1-879,text,false,,2057,0,391,391,http://localhost:8080/web/index.php/api/v2/recruitment/candidates,0,0,0
1768483581216,110587,Create Candidate Request,Non HTTP response code: org.apache.http.NoHttpResponseException,Non HTTP response message: localhost:8080 failed to respond,Candidate Creation Thread Group 1-704,text,false,,2057,0,391,391,http://localhost:8080/web/index.php/api/v2/recruitment/candidates,0,0,0
1768483585310,106494,Create Candidate Request,Non HTTP response code: org.apache.http.NoHttpResponseException,Non HTTP response message: localhost:8080 failed to respond,Candidate Creation Thread Group 1-957,text,false,,2057,0,391,391,http://localhost:8080/web/index.php/api/v2/recruitment/candidates,0,0,1
1768483581213,110590,Create Candidate Request,Non HTTP response code: org.apache.http.NoHttpResponseException,Non HTTP response message: localhost:8080 failed to respond,Candidate Creation Thread Group 1-872,text,false,,2057,0,391,391,http://localhost:8080/web/index.php/api/v2/recruitment/candidates,0,0,1
1768483605831,86040,Create Candidate Request,401,Unauthorized,Candidate Creation Thread Group 1-912,text,false,,261,491,391,391,http://localhost:8080/web/index.php/api/v2/recruitment/candidates,86040,0,0
1768483605842,86035,Create Candidate Request,401,Unauthorized,Candidate Creation Thread Group 1-990,text,false,,261,494,391,391,http://localhost:8080/web/index.php/api/v2/recruitment/candidates,86034,0,0
1768483605817,86067,Create Candidate Request,401,Unauthorized,Candidate Creation Thread Group 1-924,text,false,,261,494,391,391,http://localhost:8080/web/index.php/api/v2/recruitment/candidates,86067,0,0
1768483682073,9903,Create Candidate Request,401,Unauthorized,Candidate Creation Thread Group 1-824,text,false,,261,491,391,391,http://localhost:8080/web/index.php/api/v2/recruitment/candidates,9902,0,0
1768483605839,86143,Create Candidate Request,401,Unauthorized,Candidate Creation Thread Group 1-819,text,false,,261,494,391,391,http://localhost:8080/web/index.php/api/v2/recruitment/candidates,86142,0,0
1768483605814,86260,Create Candidate Request,401,Unauthorized,Candidate Creation Thread Group 1-892,text,false,,261,494,391,391,http://localhost:8080/web/index.php/api/v2/recruitment/candidates,86259,0,0
1768483605840,86244,Create Candidate Request,401,Unauthorized,Candidate Creation Thread Group 1-918,text,false,,261,494,391,391,http://localhost:8080/web/index.php/api/v2/recruitment/candidates,86243,0,0
1768483659978,32196,Create Candidate Request,401,Unauthorized,Candidate Creation Thread Group 1-882,text,false,,261,491,391,391,http://localhost:8080/web/index.php/api/v2/recruitment/candidates,32195,0,0
1768483605839,86343,Create Candidate Request,401,Unauthorized,Candidate Creation Thread Group 1-906,text,false,,261,494,391,391,http://localhost:8080/web/index.php/api/v2/recruitment/candidates,86342,0,0
1768483659587,32684,Create Candidate Request,401,Unauthorized,Candidate Creation Thread Group 1-800,text,false,,261,491,391,391,http://localhost:8080/web/index.php/api/v2/recruitment/candidates,32684,0,1
1768483682084,10191,Create Candidate Request,401,Unauthorized,Candidate Creation Thread Group 1-897,text,false,,261,491,391,391,http://localhost:8080/web/index.php/api/v2/recruitment/candidates,10191,0,0
1768483660179,32100,Create Candidate Request,401,Unauthorized,Candidate Creation Thread Group 1-470,text,false,,261,494,391,391,http://localhost:8080/web/index.php/api/v2/recruitment/candidates,32099,0,0
1768483660083,32202,Create Candidate Request,401,Unauthorized,Candidate Creation Thread Group 1-864,text,false,,261,491,390,390,http://localhost:8080/web/index.php/api/v2/recruitment/candidates,32202,0,1
1768483605813,86561,Create Candidate Request,401,Unauthorized,Candidate Creation Thread Group 1-818,text,false,,261,491,390,390,http://localhost:8080/web/index.php/api/v2/recruitment/candidates,86559,0,1
1768483660275,32104,Create Candidate Request,401,Unauthorized,Candidate Creation Thread Group 1-602,text,false,,261,494,390,390,http://localhost:8080/web/index.php/api/v2/recruitment/candidates,32104,0,1
1768483605840,86633,Create Candidate Request,401,Unauthorized,Candidate Creation Thread Group 1-783,text,false,,261,494,389,389,http://localhost:8080/web/index.php/api/v2/recruitment/candidates,86632,0,0
1768483592484,100088,Create Candidate Request,401,Unauthorized,Candidate Creation Thread Group 1-236,text,false,,261,494,389,389,http://localhost:8080/web/index.php/api/v2/recruitment/candidates,100087,0,0
1768483657673,34905,Create Candidate Request,401,Unauthorized,Candidate Creation Thread Group 1-569,text,false,,261,494,389,389,http://localhost:8080/web/index.php/api/v2/recruitment/candidates,34904,0,1
1768483605842,86828,Create Candidate Request,401,Unauthorized,Candidate Creation Thread Group 1-907,text,false,,261,494,388,388,http://localhost:8080/web/index.php/api/v2/recruitment/candidates,86828,0,0
1768483657770,34905,Create Candidate Request,401,Unauthorized,Candidate Creation Thread Group 1-60,text,false,,261,494,388,388,http://localhost:8080/web/index.php/api/v2/recruitment/candidates,34904,0,11
1768483658709,33970,Create Candidate Request,401,Unauthorized,Candidate Creation Thread Group 1-664,text,false,,261,491,388,388,http://localhost:8080/web/index.php/api/v2/recruitment/candidates,33969,0,0
1768483659033,33740,Create Candidate Request,401,Unauthorized,Candidate Creation Thread Group 1-631,text,false,,261,491,387,387,http://localhost:8080/web/index.php/api/v2/recruitment/candidates,33739,0,0
1768483659034,33744,Create Candidate Request,401,Unauthorized,Candidate Creation Thread Group 1-648,text,false,,261,491,387,387,http://localhost:8080/web/index.php/api/v2/recruitment/candidates,33744,0,0
1768483660783,32089,Create Candidate Request,401,Unauthorized,Candidate Creation Thread Group 1-558,text,false,,261,494,387,387,http://localhost:8080/web/index.php/api/v2/recruitment/candidates,32088,0,0
1768483660876,32001,Create Candidate Request,401,Unauthorized,Candidate Creation Thread Group 1-613,text,false,,261,494,386,386,http://localhost:8080/web/index.php/api/v2/recruitment/candidates,32001,0,0
1768483660886,31997,Create Candidate Request,401,Unauthorized,Candidate Creation Thread Group 1-294,text,false,,261,494,385,385,http://localhost:8080/web/index.php/api/v2/recruitment/candidates,31997,0,0
1768483661073,31897,Create Candidate Request,401,Unauthorized,Candidate Creation Thread Group 1-604,text,false,,261,494,384,384,http://localhost:8080/web/index.php/api/v2/recruitment/candidates,31897,0,0
1768483625373,67603,Create Candidate Request,401,Unauthorized,Candidate Creation Thread Group 1-25,text,false,,261,494,383,383,http://localhost:8080/web/index.php/api/v2/recruitment/candidates,67603,0,0
1768483661169,31814,Create Candidate Request,401,Unauthorized,Candidate Creation Thread Group 1-601,text,false,,261,494,382,382,http://localhost:8080/web/index.php/api/v2/recruitment/candidates,31813,0,1
1768483661173,31900,Create Candidate Request,401,Unauthorized,Candidate Creation Thread Group 1-599,text,false,,261,494,381,381,http://localhost:8080/web/index.php/api/v2/recruitment/candidates,31899,0,0
1768483683610,9560,Create Candidate Request,401,Unauthorized,Candidate Creation Thread Group 1-715,text,false,,261,494,380,380,http://localhost:8080/web/index.php/api/v2/recruitment/candidates,9559,0,0
1768483683609,9566,Create Candidate Request,401,Unauthorized,Candidate Creation Thread Group 1-735,text,false,,261,494,380,380,http://localhost:8080/web/index.php/api/v2/recruitment/candidates,9566,0,1
1768483681783,11487,Create Candidate Request,401,Unauthorized,Candidate Creation Thread Group 1-900,text,false,,261,494,380,380,http://localhost:8080/web/index.php/api/v2/recruitment/candidates,11400,0,0
1768483661182,32093,Create Candidate Request,401,Unauthorized,Candidate Creation Thread Group 1-603,text,false,,261,494,380,380,http://localhost:8080/web/index.php/api/v2/recruitment/candidates,32093,0,1
1768483661383,31900,Create Candidate Request,401,Unauthorized,Candidate Creation Thread Group 1-614,text,false,,261,494,379,379,http://localhost:8080/web/index.php/api/v2/recruitment/candidates,31900,0,1
1768483605832,87540,Create Candidate Request,401,Unauthorized,Candidate Creation Thread Group 1-978,text,false,,261,494,378,378,http://localhost:8080/web/index.php/api/v2/recruitment/candidates,87539,0,1
1768483667229,26147,Create Candidate Request,401,Unauthorized,Candidate Creation Thread Group 1-66,text,false,,261,494,378,378,http://localhost:8080/web/index.php/api/v2/recruitment/candidates,26147,0,0
1768483634456,58926,Create Candidate Request,401,Unauthorized,Candidate Creation Thread Group 1-327,text,false,,261,494,378,378,http://localhost:8080/web/index.php/api/v2/recruitment/candidates,58926,0,0
1768483661472,31916,Create Candidate Request,401,Unauthorized,Candidate Creation Thread Group 1-595,text,false,,261,494,378,378,http://localhost:8080/web/index.php/api/v2/recruitment/candidates,31916,0,1
1768483667770,25702,Create Candidate Request,401,Unauthorized,Candidate Creation Thread Group 1-885,text,false,,261,491,377,377,http://localhost:8080/web/index.php/api/v2/recruitment/candidates,25701,0,0
1768483661278,32199,Create Candidate Request,401,Unauthorized,Candidate Creation Thread Group 1-606,text,false,,261,494,376,376,http://localhost:8080/web/index.php/api/v2/recruitment/candidates,32198,0,0
1768483605840,87642,Create Candidate Request,401,Unauthorized,Candidate Creation Thread Group 1-813,text,false,,261,494,375,375,http://localhost:8080/web/index.php/api/v2/recruitment/candidates,87642,0,0
1768483661570,32002,Create Candidate Request,401,Unauthorized,Candidate Creation Thread Group 1-431,text,false,,261,494,375,375,http://localhost:8080/web/index.php/api/v2/recruitment/candidates,32001,0,1
1768483661480,32101,Create Candidate Request,401,Unauthorized,Candidate Creation Thread Group 1-745,text,false,,261,494,374,374,http://localhost:8080/web/index.php/api/v2/recruitment/candidates,32100,0,0
1768483661575,32096,Create Candidate Request,401,Unauthorized,Candidate Creation Thread Group 1-204,text,false,,261,494,373,373,http://localhost:8080/web/index.php/api/v2/recruitment/candidates,32095,0,0
1768483661582,32096,Create Candidate Request,401,Unauthorized,Candidate Creation Thread Group 1-209,text,false,,261,494,372,372,http://localhost:8080/web/index.php/api/v2/recruitment/candidates,32093,0,0
1768483661677,32005,Create Candidate Request,401,Unauthorized,Candidate Creation Thread Group 1-706,text,false,,261,494,371,371,http://localhost:8080/web/index.php/api/v2/recruitment/candidates,32005,0,0
1768483661673,32112,Create Candidate Request,401,Unauthorized,Candidate Creation Thread Group 1-201,text,false,,261,494,371,371,http://localhost:8080/web/index.php/api/v2/recruitment/candidates,32111,0,0
1768483661975,31996,Create Candidate Request,401,Unauthorized,Candidate Creation Thread Group 1-955,text,false,,261,494,370,370,http://localhost:8080/web/index.php/api/v2/recruitment/candidates,31996,0,0
1768483662472,31599,Create Candidate Request,401,Unauthorized,Candidate Creation Thread Group 1-843,text,false,,261,494,369,369,http://localhost:8080/web/index.php/api/v2/recruitment/candidates,31511,0,0
1768483662776,31392,Create Candidate Request,401,Unauthorized,Candidate Creation Thread Group 1-676,text,false,,261,494,368,368,http://localhost:8080/web/index.php/api/v2/recruitment/candidates,31308,0,0
1768483662571,31604,Create Candidate Request,401,Unauthorized,Candidate Creation Thread Group 1-344,text,false,,261,494,367,367,http://localhost:8080/web/index.php/api/v2/recruitment/candidates,31603,0,0
1768483663570,30699,Create Candidate Request,401,Unauthorized,Candidate Creation Thread Group 1-267,text,false,,261,494,366,366,http://localhost:8080/web/index.php/api/v2/recruitment/candidates,30615,0,1
1768483663673,30602,Create Candidate Request,401,Unauthorized,Candidate Creation Thread Group 1-665,text,false,,261,494,365,365,http://localhost:8080/web/index.php/api/v2/recruitment/candidates,30601,0,1
1768483663773,30599,Create Candidate Request,401,Unauthorized,Candidate Creation Thread Group 1-670,text,false,,261,494,364,364,http://localhost:8080/web/index.php/api/v2/recruitment/candidates,30599,0,0
1768483663875,30508,Create Candidate Request,401,Unauthorized,Candidate Creation Thread Group 1-980,text,false,,261,494,363,363,http://localhost:8080/web/index.php/api/v2/recruitment/candidates,30508,0,0
1768483663972,30499,Create Candidate Request,401,Unauthorized,Candidate Creation Thread Group 1-775,text,false,,261,494,363,363,http://localhost:8080/web/index.php/api/v2/recruitment/candidates,30499,0,0
1768483664175,30304,Create Candidate Request,401,Unauthorized,Candidate Creation Thread Group 1-162,text,false,,261,494,363,363,http://localhost:8080/web/index.php/api/v2/recruitment/candidates,30303,0,0
1768483605816,88760,Create Candidate Request,401,Unauthorized,Candidate Creation Thread Group 1-756,text,false,,261,494,362,362,http://localhost:8080/web/index.php/api/v2/recruitment/candidates,88757,0,2
1768483612098,82483,Create Candidate Request,401,Unauthorized,Candidate Creation Thread Group 1-497,text,false,,261,491,362,362,http://localhost:8080/web/index.php/api/v2/recruitment/candidates,82480,0,0
1768483605840,88840,Create Candidate Request,401,Unauthorized,Candidate Creation Thread Group 1-827,text,false,,261,494,362,362,http://localhost:8080/web/index.php/api/v2/recruitment/candidates,88839,0,0
1768483629485,65293,Create Candidate Request,401,Unauthorized,Candidate Creation Thread Group 1-358,text,false,,261,494,362,362,http://localhost:8080/web/index.php/api/v2/recruitment/candidates,65293,0,0
1768483665179,29790,Create Candidate Request,401,Unauthorized,Candidate Creation Thread Group 1-846,text,false,,261,494,361,361,http://localhost:8080/web/index.php/api/v2/recruitment/candidates,29790,0,0
1768483665377,29601,Create Candidate Request,401,Unauthorized,Candidate Creation Thread Group 1-751,text,false,,261,494,360,360,http://localhost:8080/web/index.php/api/v2/recruitment/candidates,29600,0,0
1768483665480,29590,Create Candidate Request,401,Unauthorized,Candidate Creation Thread Group 1-619,text,false,,261,494,360,360,http://localhost:8080/web/index.php/api/v2/recruitment/candidates,29590,0,0
1768483665475,29698,Create Candidate Request,401,Unauthorized,Candidate Creation Thread Group 1-858,text,false,,261,494,360,360,http://localhost:8080/web/index.php/api/v2/recruitment/candidates,29696,0,0
1768483629975,65216,Create Candidate Request,401,Unauthorized,Candidate Creation Thread Group 1-577,text,false,,261,494,359,359,http://localhost:8080/web/index.php/api/v2/recruitment/candidates,65214,0,1
1768483665972,29299,Create Candidate Request,401,Unauthorized,Candidate Creation Thread Group 1-817,text,false,,261,494,358,358,http://localhost:8080/web/index.php/api/v2/recruitment/candidates,29299,0,1
1768483665977,29298,Create Candidate Request,401,Unauthorized,Candidate Creation Thread Group 1-798,text,false,,261,494,358,358,http://localhost:8080/web/index.php/api/v2/recruitment/candidates,29297,0,1
1768483666069,29210,Create Candidate Request,401,Unauthorized,Candidate Creation Thread Group 1-758,text,false,,261,494,358,358,http://localhost:8080/web/index.php/api/v2/recruitment/candidates,29210,0,0
1768483666284,29087,Create Candidate Request,401,Unauthorized,Candidate Creation Thread Group 1-805,text,false,,261,494,358,358,http://localhost:8080/web/index.php/api/v2/recruitment/candidates,29086,0,1
1768483666674,28703,Create Candidate Request,401,Unauthorized,Candidate Creation Thread Group 1-555,text,false,,261,494,358,358,http://localhost:8080/web/index.php/api/v2/recruitment/candidates,28703,0,0
1768483605832,89554,Create Candidate Request,401,Unauthorized,Candidate Creation Thread Group 1-774,text,false,,261,494,357,357,http://localhost:8080/web/index.php/api/v2/recruitment/candidates,89554,0,0
1768483605840,89644,Create Candidate Request,401,Unauthorized,Candidate Creation Thread Group 1-768,text,false,,261,494,357,357,http://localhost:8080/web/index.php/api/v2/recruitment/candidates,89643,0,0
1768483605832,89746,Create Candidate Request,401,Unauthorized,Candidate Creation Thread Group 1-982,text,false,,261,494,357,357,http://localhost:8080/web/index.php/api/v2/recruitment/candidates,89746,0,0
1768483605813,89774,Create Candidate Request,401,Unauthorized,Candidate Creation Thread Group 1-977,text,false,,261,491,357,357,http://localhost:8080/web/index.php/api/v2/recruitment/candidates,89773,0,0
1768483605833,89839,Create Candidate Request,401,Unauthorized,Candidate Creation Thread Group 1-984,text,false,,261,494,357,357,http://localhost:8080/web/index.php/api/v2/recruitment/candidates,89839,0,5
1768483605813,89865,Create Candidate Request,401,Unauthorized,Candidate Creation Thread Group 1-754,text,false,,261,491,357,357,http://localhost:8080/web/index.php/api/v2/recruitment/candidates,89864,0,0
1768483605832,89850,Create Candidate Request,401,Unauthorized,Candidate Creation Thread Group 1-915,text,false,,261,494,357,357,http://localhost:8080/web/index.php/api/v2/recruitment/candidates,89850,0,0
1768483605831,89950,Create Candidate Request,401,Unauthorized,Candidate Creation Thread Group 1-796,text,false,,261,494,357,357,http://localhost:8080/web/index.php/api/v2/recruitment/candidates,89949,0,0
1768483605788,90108,Create Candidate Request,401,Unauthorized,Candidate Creation Thread Group 1-898,text,false,,261,494,357,357,http://localhost:8080/web/index.php/api/v2/recruitment/candidates,90105,0,1
1768483559883,136016,Create Candidate Request,Non HTTP response code: java.net.SocketException,Non HTTP response message: Connection reset,Candidate Creation Thread Group 1-460,text,false,,2437,0,357,357,http://localhost:8080/web/index.php/api/v2/recruitment/candidates,0,0,0
1768483562282,133618,Create Candidate Request,Non HTTP response code: java.net.SocketException,Non HTTP response message: Connection reset,Candidate Creation Thread Group 1-512,text,false,,2437,0,357,357,http://localhost:8080/web/index.php/api/v2/recruitment/candidates,0,0,0
1768483586481,109421,Create Candidate Request,Non HTTP response code: org.apache.http.NoHttpResponseException,Non HTTP response message: localhost:8080 failed to respond,Candidate Creation Thread Group 1-202,text,false,,2057,0,357,357,http://localhost:8080/web/index.php/api/v2/recruitment/candidates,0,0,1
1768483605831,90143,Create Candidate Request,401,Unauthorized,Candidate Creation Thread Group 1-837,text,false,,261,491,357,357,http://localhost:8080/web/index.php/api/v2/recruitment/candidates,90142,0,0
1768483605831,90153,Create Candidate Request,401,Unauthorized,Candidate Creation Thread Group 1-765,text,false,,261,494,357,357,http://localhost:8080/web/index.php/api/v2/recruitment/candidates,90152,0,0
1768483605831,90246,Create Candidate Request,401,Unauthorized,Candidate Creation Thread Group 1-908,text,false,,261,494,357,357,http://localhost:8080/web/index.php/api/v2/recruitment/candidates,90246,0,0
1768483605818,90265,Create Candidate Request,401,Unauthorized,Candidate Creation Thread Group 1-894,text,false,,261,494,357,357,http://localhost:8080/web/index.php/api/v2/recruitment/candidates,90263,0,1
1768483605819,90359,Create Candidate Request,401,Unauthorized,Candidate Creation Thread Group 1-797,text,false,,261,494,357,357,http://localhost:8080/web/index.php/api/v2/recruitment/candidates,90357,0,0
1768483675382,20889,Create Candidate Request,401,Unauthorized,Candidate Creation Thread Group 1-537,text,false,,261,494,357,357,http://localhost:8080/web/index.php/api/v2/recruitment/candidates,20888,0,0
1768483686570,9706,Create Candidate Request,401,Unauthorized,Candidate Creation Thread Group 1-974,text,false,,261,494,357,357,http://localhost:8080/web/index.php/api/v2/recruitment/candidates,9706,0,1
1768483683610,12672,Create Candidate Request,401,Unauthorized,Candidate Creation Thread Group 1-661,text,false,,261,494,357,357,http://localhost:8080/web/index.php/api/v2/recruitment/candidates,12672,0,0
1768483683610,12772,Create Candidate Request,401,Unauthorized,Candidate Creation Thread Group 1-675,text,false,,261,494,357,357,http://localhost:8080/web/index.php/api/v2/recruitment/candidates,12770,0,0
1768483683610,12860,Create Candidate Request,401,Unauthorized,Candidate Creation Thread Group 1-714,text,false,,261,494,357,357,http://localhost:8080/web/index.php/api/v2/recruitment/candidates,12860,0,1
1768483683610,12863,Create Candidate Request,401,Unauthorized,Candidate Creation Thread Group 1-742,text,false,,261,494,357,357,http://localhost:8080/web/index.php/api/v2/recruitment/candidates,12863,0,0
1768483683610,12868,Create Candidate Request,401,Unauthorized,Candidate Creation Thread Group 1-743,text,false,,261,494,357,357,http://localhost:8080/web/index.php/api/v2/recruitment/candidates,12867,0,0
1768483683611,12959,Create Candidate Request,401,Unauthorized,Candidate Creation Thread Group 1-741,text,false,,261,494,357,357,http://localhost:8080/web/index.php/api/v2/recruitment/candidates,12959,0,0
1768483683611,12966,Create Candidate Request,401,Unauthorized,Candidate Creation Thread Group 1-712,text,false,,261,494,357,357,http://localhost:8080/web/index.php/api/v2/recruitment/candidates,12964,0,0
1768483683611,13065,Create Candidate Request,401,Unauthorized,Candidate Creation Thread Group 1-740,text,false,,261,494,357,357,http://localhost:8080/web/index.php/api/v2/recruitment/candidates,13065,0,0
1768483683611,13074,Create Candidate Request,401,Unauthorized,Candidate Creation Thread Group 1-732,text,false,,261,494,357,357,http://localhost:8080/web/index.php/api/v2/recruitment/candidates,13074,0,0
1768483683611,13171,Create Candidate Request,401,Unauthorized,Candidate Creation Thread Group 1-672,text,false,,261,494,357,357,http://localhost:8080/web/index.php/api/v2/recruitment/candidates,13171,0,0
1768483683614,13260,Create Candidate Request,401,Unauthorized,Candidate Creation Thread Group 1-721,text,false,,261,491,357,357,http://localhost:8080/web/index.php/api/v2/recruitment/candidates,13260,0,0
1768483683614,13266,Create Candidate Request,401,Unauthorized,Candidate Creation Thread Group 1-727,text,false,,261,491,357,357,http://localhost:8080/web/index.php/api/v2/recruitment/candidates,13266,0,0
1768483683614,13361,Create Candidate Request,401,Unauthorized,Candidate Creation Thread Group 1-739,text,false,,261,491,357,357,http://localhost:8080/web/index.php/api/v2/recruitment/candidates,13360,0,0
1768483683614,13364,Create Candidate Request,401,Unauthorized,Candidate Creation Thread Group 1-730,text,false,,261,491,357,357,http://localhost:8080/web/index.php/api/v2/recruitment/candidates,13364,0,0
1768483683614,13370,Create Candidate Request,401,Unauthorized,Candidate Creation Thread Group 1-720,text,false,,261,491,357,357,http://localhost:8080/web/index.php/api/v2/recruitment/candidates,13369,0,0
1768483683614,13557,Create Candidate Request,401,Unauthorized,Candidate Creation Thread Group 1-729,text,false,,261,494,357,357,http://localhost:8080/web/index.php/api/v2/recruitment/candidates,13557,0,0
1768483683614,13560,Create Candidate Request,401,Unauthorized,Candidate Creation Thread Group 1-718,text,false,,261,491,357,357,http://localhost:8080/web/index.php/api/v2/recruitment/candidates,13560,0,0
1768483683614,13566,Create Candidate Request,401,Unauthorized,Candidate Creation Thread Group 1-666,text,false,,261,494,357,357,http://localhost:8080/web/index.php/api/v2/recruitment/candidates,13566,0,0
1768483683614,13659,Create Candidate Request,401,Unauthorized,Candidate Creation Thread Group 1-381,text,false,,261,491,357,357,http://localhost:8080/web/index.php/api/v2/recruitment/candidates,13659,0,0
1768483683614,13668,Create Candidate Request,401,Unauthorized,Candidate Creation Thread Group 1-724,text,false,,261,494,357,357,http://localhost:8080/web/index.php/api/v2/recruitment/candidates,13667,0,0
1768483683614,13762,Create Candidate Request,401,Unauthorized,Candidate Creation Thread Group 1-734,text,false,,261,491,357,357,http://localhost:8080/web/index.php/api/v2/recruitment/candidates,13762,0,0
1768483683614,13858,Create Candidate Request,401,Unauthorized,Candidate Creation Thread Group 1-722,text,false,,261,494,357,357,http://localhost:8080/web/index.php/api/v2/recruitment/candidates,13858,0,0
1768483683614,13863,Create Candidate Request,401,Unauthorized,Candidate Creation Thread Group 1-719,text,false,,261,491,357,357,http://localhost:8080/web/index.php/api/v2/recruitment/candidates,13863,0,1
1768483683877,13624,Create Candidate Request,401,Unauthorized,Candidate Creation Thread Group 1-781,text,false,,261,494,357,357,http://localhost:8080/web/index.php/api/v2/recruitment/candidates,13623,0,1
1768483683674,13903,Create Candidate Request,401,Unauthorized,Candidate Creation Thread Group 1-633,text,false,,261,494,357,357,http://localhost:8080/web/index.php/api/v2/recruitment/candidates,13902,0,0
1768483683781,13804,Create Candidate Request,401,Unauthorized,Candidate Creation Thread Group 1-893,text,false,,261,494,357,357,http://localhost:8080/web/index.php/api/v2/recruitment/candidates,13803,0,1
1768483683883,13793,Create Candidate Request,401,Unauthorized,Candidate Creation Thread Group 1-983,text,false,,261,494,357,357,http://localhost:8080/web/index.php/api/v2/recruitment/candidates,13793,0,0
1768483683972,13718,Create Candidate Request,401,Unauthorized,Candidate Creation Thread Group 1-985,text,false,,261,494,357,357,http://localhost:8080/web/index.php/api/v2/recruitment/candidates,13717,0,0
1768483684071,13702,Create Candidate Request,401,Unauthorized,Candidate Creation Thread Group 1-973,text,false,,261,494,357,357,http://localhost:8080/web/index.php/api/v2/recruitment/candidates,13702,0,0
1768483683978,13803,Create Candidate Request,401,Unauthorized,Candidate Creation Thread Group 1-812,text,false,,261,494,357,357,http://localhost:8080/web/index.php/api/v2/recruitment/candidates,13803,0,1
1768483684085,13787,Create Candidate Request,401,Unauthorized,Candidate Creation Thread Group 1-834,text,false,,261,494,357,357,http://localhost:8080/web/index.php/api/v2/recruitment/candidates,13786,0,0
1768483684076,13799,Create Candidate Request,401,Unauthorized,Candidate Creation Thread Group 1-770,text,false,,261,494,357,357,http://localhost:8080/web/index.php/api/v2/recruitment/candidates,13799,0,0
1768483684175,13705,Create Candidate Request,401,Unauthorized,Candidate Creation Thread Group 1-916,text,false,,261,494,357,357,http://localhost:8080/web/index.php/api/v2/recruitment/candidates,13705,0,1
1768483684183,13789,Create Candidate Request,401,Unauthorized,Candidate Creation Thread Group 1-776,text,false,,261,494,357,357,http://localhost:8080/web/index.php/api/v2/recruitment/candidates,13789,0,0
1768483684280,13696,Create Candidate Request,401,Unauthorized,Candidate Creation Thread Group 1-910,text,false,,261,494,357,357,http://localhost:8080/web/index.php/api/v2/recruitment/candidates,13695,0,1
1768483684274,13707,Create Candidate Request,401,Unauthorized,Candidate Creation Thread Group 1-919,text,false,,261,494,357,357,http://localhost:8080/web/index.php/api/v2/recruitment/candidates,13706,0,0
1768483684286,13790,Create Candidate Request,401,Unauthorized,Candidate Creation Thread Group 1-778,text,false,,261,494,357,357,http://localhost:8080/web/index.php/api/v2/recruitment/candidates,13790,0,1
1768483684372,13711,Create Candidate Request,401,Unauthorized,Candidate Creation Thread Group 1-991,text,false,,261,494,357,357,http://localhost:8080/web/index.php/api/v2/recruitment/candidates,13710,0,1
1768483684388,13784,Create Candidate Request,401,Unauthorized,Candidate Creation Thread Group 1-981,text,false,,261,494,357,357,http://localhost:8080/web/index.php/api/v2/recruitment/candidates,13784,0,1
1768483684478,13704,Create Candidate Request,401,Unauthorized,Candidate Creation Thread Group 1-901,text,false,,261,494,357,357,http://localhost:8080/web/index.php/api/v2/recruitment/candidates,13704,0,0
1768483684378,13894,Create Candidate Request,401,Unauthorized,Candidate Creation Thread Group 1-838,text,false,,261,494,357,357,http://localhost:8080/web/index.php/api/v2/recruitment/candidates,13894,0,16
1768483684473,13810,Create Candidate Request,401,Unauthorized,Candidate Creation Thread Group 1-895,text,false,,261,494,357,357,http://localhost:8080/web/index.php/api/v2/recruitment/candidates,13808,0,11
1768483684570,13803,Create Candidate Request,401,Unauthorized,Candidate Creation Thread Group 1-803,text,false,,261,494,357,357,http://localhost:8080/web/index.php/api/v2/recruitment/candidates,13803,0,1
1768483685073,13309,Create Candidate Request,401,Unauthorized,Candidate Creation Thread Group 1-856,text,false,,261,494,357,357,http://localhost:8080/web/index.php/api/v2/recruitment/candidates,13309,0,1
1768483689980,8497,Create Candidate Request,401,Unauthorized,Candidate Creation Thread Group 1-921,text,false,,261,494,356,356,http://localhost:8080/web/index.php/api/v2/recruitment/candidates,8497,0,0
1768483685680,12804,Create Candidate Request,401,Unauthorized,Candidate Creation Thread Group 1-689,text,false,,261,494,356,356,http://localhost:8080/web/index.php/api/v2/recruitment/candidates,12803,0,1
1768483689984,8589,Create Candidate Request,401,Unauthorized,Candidate Creation Thread Group 1-913,text,false,,261,494,355,355,http://localhost:8080/web/index.php/api/v2/recruitment/candidates,8589,0,0
1768483686275,12303,Create Candidate Request,401,Unauthorized,Candidate Creation Thread Group 1-841,text,false,,261,494,355,355,http://localhost:8080/web/index.php/api/v2/recruitment/candidates,12302,0,0
1768483686372,12211,Create Candidate Request,401,Unauthorized,Candidate Creation Thread Group 1-870,text,false,,261,494,355,355,http://localhost:8080/web/index.php/api/v2/recruitment/candidates,12210,0,6
1768483605819,92853,Create Candidate Request,401,Unauthorized,Candidate Creation Thread Group 1-922,text,false,,261,494,355,355,http://localhost:8080/web/index.php/api/v2/recruitment/candidates,92852,0,0
1768483605817,92859,Create Candidate Request,401,Unauthorized,Candidate Creation Thread Group 1-793,text,false,,261,494,355,355,http://localhost:8080/web/index.php/api/v2/recruitment/candidates,92858,0,1
1768483605831,92851,Create Candidate Request,401,Unauthorized,Candidate Creation Thread Group 1-925,text,false,,261,491,355,355,http://localhost:8080/web/index.php/api/v2/recruitment/candidates,92849,0,0
1768483605831,92939,Create Candidate Request,401,Unauthorized,Candidate Creation Thread Group 1-767,text,false,,261,491,355,355,http://localhost:8080/web/index.php/api/v2/recruitment/candidates,92939,0,0
1768483605817,92957,Create Candidate Request,401,Unauthorized,Candidate Creation Thread Group 1-773,text,false,,261,494,355,355,http://localhost:8080/web/index.php/api/v2/recruitment/candidates,92957,0,1
1768483605831,92950,Create Candidate Request,401,Unauthorized,Candidate Creation Thread Group 1-801,text,false,,261,491,355,355,http://localhost:8080/web/index.php/api/v2/recruitment/candidates,92950,0,0
1768483605842,93032,Create Candidate Request,401,Unauthorized,Candidate Creation Thread Group 1-972,text,false,,261,494,355,355,http://localhost:8080/web/index.php/api/v2/recruitment/candidates,93032,0,0
1768483605818,93060,Create Candidate Request,401,Unauthorized,Candidate Creation Thread Group 1-802,text,false,,261,494,355,355,http://localhost:8080/web/index.php/api/v2/recruitment/candidates,93060,0,0
1768483605818,93154,Create Candidate Request,401,Unauthorized,Candidate Creation Thread Group 1-902,text,false,,261,494,355,355,http://localhost:8080/web/index.php/api/v2/recruitment/candidates,93153,0,0
1768483605840,93139,Create Candidate Request,401,Unauthorized,Candidate Creation Thread Group 1-814,text,false,,261,494,355,355,http://localhost:8080/web/index.php/api/v2/recruitment/candidates,93138,0,0
1768483605839,93232,Create Candidate Request,401,Unauthorized,Candidate Creation Thread Group 1-825,text,false,,261,494,355,355,http://localhost:8080/web/index.php/api/v2/recruitment/candidates,93231,0,0
1768483605832,93244,Create Candidate Request,401,Unauthorized,Candidate Creation Thread Group 1-976,text,false,,261,494,355,355,http://localhost:8080/web/index.php/api/v2/recruitment/candidates,93244,0,0
1768483605788,93295,Create Candidate Request,401,Unauthorized,Candidate Creation Thread Group 1-748,text,false,,261,494,355,355,http://localhost:8080/web/index.php/api/v2/recruitment/candidates,93294,0,1
1768483605832,93439,Create Candidate Request,401,Unauthorized,Candidate Creation Thread Group 1-995,text,false,,261,494,355,355,http://localhost:8080/web/index.php/api/v2/recruitment/candidates,93438,0,0
1768483605833,93449,Create Candidate Request,401,Unauthorized,Candidate Creation Thread Group 1-779,text,false,,261,494,355,355,http://localhost:8080/web/index.php/api/v2/recruitment/candidates,93446,0,0
1768483682174,17199,Create Candidate Request,401,Unauthorized,Candidate Creation Thread Group 1-831,text,false,,261,491,355,355,http://localhost:8080/web/index.php/api/v2/recruitment/candidates,17199,0,0
1768483605814,93564,Create Candidate Request,401,Unauthorized,Candidate Creation Thread Group 1-761,text,false,,261,494,355,355,http://localhost:8080/web/index.php/api/v2/recruitment/candidates,93564,0,0
1768483681876,17506,Create Candidate Request,401,Unauthorized,Candidate Creation Thread Group 1-789,text,false,,261,494,355,355,http://localhost:8080/web/index.php/api/v2/recruitment/candidates,17506,0,0
1768483605820,93567,Create Candidate Request,401,Unauthorized,Candidate Creation Thread Group 1-780,text,false,,261,494,355,355,http://localhost:8080/web/index.php/api/v2/recruitment/candidates,93567,0,0
1768483681872,17599,Create Candidate Request,401,Unauthorized,Candidate Creation Thread Group 1-903,text,false,,261,494,355,355,http://localhost:8080/web/index.php/api/v2/recruitment/candidates,17598,0,1
1768483605815,93661,Create Candidate Request,401,Unauthorized,Candidate Creation Thread Group 1-929,text,false,,261,494,355,355,http://localhost:8080/web/index.php/api/v2/recruitment/candidates,93660,0,1
1768483605813,93758,Create Candidate Request,401,Unauthorized,Candidate Creation Thread Group 1-979,text,false,,261,491,355,355,http://localhost:8080/web/index.php/api/v2/recruitment/candidates,93672,0,0
1768483691385,8190,Create Candidate Request,401,Unauthorized,Candidate Creation Thread Group 1-790,text,false,,261,491,355,355,http://localhost:8080/web/index.php/api/v2/recruitment/candidates,8189,0,0
1768483605833,93837,Create Candidate Request,401,Unauthorized,Candidate Creation Thread Group 1-934,text,false,,261,494,354,354,http://localhost:8080/web/index.php/api/v2/recruitment/candidates,93837,0,0
1768483690581,9094,Create Candidate Request,401,Unauthorized,Candidate Creation Thread Group 1-905,text,false,,261,494,354,354,http://localhost:8080/web/index.php/api/v2/recruitment/candidates,9093,0,0
1768483690574,9107,Create Candidate Request,401,Unauthorized,Candidate Creation Thread Group 1-391,text,false,,261,494,354,354,http://localhost:8080/web/index.php/api/v2/recruitment/candidates,9106,0,1
1768483690771,9004,Create Candidate Request,401,Unauthorized,Candidate Creation Thread Group 1-816,text,false,,261,494,353,353,http://localhost:8080/web/index.php/api/v2/recruitment/candidates,9004,0,1
1768483690673,9106,Create Candidate Request,401,Unauthorized,Candidate Creation Thread Group 1-417,text,false,,261,494,353,353,http://localhost:8080/web/index.php/api/v2/recruitment/candidates,9105,0,0
1768483690778,9103,Create Candidate Request,401,Unauthorized,Candidate Creation Thread Group 1-804,text,false,,261,494,352,352,http://localhost:8080/web/index.php/api/v2/recruitment/candidates,9102,0,0
1768483690886,9096,Create Candidate Request,401,Unauthorized,Candidate Creation Thread Group 1-784,text,false,,261,494,352,352,http://localhost:8080/web/index.php/api/v2/recruitment/candidates,9096,0,0
1768483563672,136321,Create Candidate Request,Non HTTP response code: java.net.SocketException,Non HTTP response message: Connection reset,Candidate Creation Thread Group 1-382,text,false,,2437,0,352,352,http://localhost:8080/web/index.php/api/v2/recruitment/candidates,0,0,1
1768483589410,110583,Create Candidate Request,Non HTTP response code: org.apache.http.NoHttpResponseException,Non HTTP response message: localhost:8080 failed to respond,Candidate Creation Thread Group 1-859,text,false,,2057,0,352,352,http://localhost:8080/web/index.php/api/v2/recruitment/candidates,0,0,0
1768483589410,110583,Create Candidate Request,Non HTTP response code: org.apache.http.NoHttpResponseException,Non HTTP response message: localhost:8080 failed to respond,Candidate Creation Thread Group 1-866,text,false,,2057,0,352,352,http://localhost:8080/web/index.php/api/v2/recruitment/candidates,0,0,0
1768483589403,110590,Create Candidate Request,Non HTTP response code: org.apache.http.NoHttpResponseException,Non HTTP response message: localhost:8080 failed to respond,Candidate Creation Thread Group 1-863,text,false,,2057,0,352,352,http://localhost:8080/web/index.php/api/v2/recruitment/candidates,0,0,0
1768483589410,110583,Create Candidate Request,Non HTTP response code: org.apache.http.NoHttpResponseException,Non HTTP response message: localhost:8080 failed to respond,Candidate Creation Thread Group 1-869,text,false,,2057,0,352,352,http://localhost:8080/web/index.php/api/v2/recruitment/candidates,0,0,0
1768483589410,110584,Create Candidate Request,Non HTTP response code: org.apache.http.NoHttpResponseException,Non HTTP response message: localhost:8080 failed to respond,Candidate Creation Thread Group 1-871,text,false,,2057,0,352,352,http://localhost:8080/web/index.php/api/v2/recruitment/candidates,0,0,0
1768483589410,110584,Create Candidate Request,Non HTTP response code: org.apache.http.NoHttpResponseException,Non HTTP response message: localhost:8080 failed to respond,Candidate Creation Thread Group 1-854,text,false,,2057,0,352,352,http://localhost:8080/web/index.php/api/v2/recruitment/candidates,0,0,0
1768483589403,110591,Create Candidate Request,Non HTTP response code: org.apache.http.NoHttpResponseException,Non HTTP response message: localhost:8080 failed to respond,Candidate Creation Thread Group 1-857,text,false,,2057,0,352,352,http://localhost:8080/web/index.php/api/v2/recruitment/candidates,0,0,0
1768483589403,110591,Create Candidate Request,Non HTTP response code: org.apache.http.NoHttpResponseException,Non HTTP response message: localhost:8080 failed to respond,Candidate Creation Thread Group 1-867,text,false,,2057,0,352,352,http://localhost:8080/web/index.php/api/v2/recruitment/candidates,0,0,0
1768483589409,110584,Create Candidate Request,Non HTTP response code: org.apache.http.NoHttpResponseException,Non HTTP response message: localhost:8080 failed to respond,Candidate Creation Thread Group 1-852,text,false,,2057,0,352,352,http://localhost:8080/web/index.php/api/v2/recruitment/candidates,0,0,1
1768483589409,110584,Create Candidate Request,Non HTTP response code: org.apache.http.NoHttpResponseException,Non HTTP response message: localhost:8080 failed to respond,Candidate Creation Thread Group 1-860,text,false,,2057,0,352,352,http://localhost:8080/web/index.php/api/v2/recruitment/candidates,0,0,1
1768483690788,9382,Create Candidate Request,401,Unauthorized,Candidate Creation Thread Group 1-971,text,false,,261,494,352,352,http://localhost:8080/web/index.php/api/v2/recruitment/candidates,9382,0,0
1768483690875,9299,Create Candidate Request,401,Unauthorized,Candidate Creation Thread Group 1-1000,text,false,,261,494,352,352,http://localhost:8080/web/index.php/api/v2/recruitment/candidates,9298,0,0
1768483690974,9207,Create Candidate Request,401,Unauthorized,Candidate Creation Thread Group 1-759,text,false,,261,494,352,352,http://localhost:8080/web/index.php/api/v2/recruitment/candidates,9206,0,0
1768483691082,9199,Create Candidate Request,401,Unauthorized,Candidate Creation Thread Group 1-757,text,false,,261,491,352,352,http://localhost:8080/web/index.php/api/v2/recruitment/candidates,9197,0,0
1768483690988,9386,Create Candidate Request,401,Unauthorized,Candidate Creation Thread Group 1-988,text,false,,261,491,352,352,http://localhost:8080/web/index.php/api/v2/recruitment/candidates,9385,0,1
1768483691177,9203,Create Candidate Request,401,Unauthorized,Candidate Creation Thread Group 1-822,text,false,,261,491,352,352,http://localhost:8080/web/index.php/api/v2/recruitment/candidates,9203,0,0
1768483691171,9310,Create Candidate Request,401,Unauthorized,Candidate Creation Thread Group 1-809,text,false,,261,491,352,352,http://localhost:8080/web/index.php/api/v2/recruitment/candidates,9309,0,0
1768483691271,9310,Create Candidate Request,401,Unauthorized,Candidate Creation Thread Group 1-771,text,false,,261,491,352,352,http://localhost:8080/web/index.php/api/v2/recruitment/candidates,9309,0,3
1768483691277,9405,Create Candidate Request,401,Unauthorized,Candidate Creation Thread Group 1-356,text,false,,261,491,352,352,http://localhost:8080/web/index.php/api/v2/recruitment/candidates,9404,0,0
1768483691372,9404,Create Candidate Request,401,Unauthorized,Candidate Creation Thread Group 1-899,text,false,,261,491,351,351,http://localhost:8080/web/index.php/api/v2/recruitment/candidates,9403,0,0
1768483691378,9405,Create Candidate Request,401,Unauthorized,Candidate Creation Thread Group 1-32,text,false,,261,491,351,351,http://localhost:8080/web/index.php/api/v2/recruitment/candidates,9404,0,0
1768483605817,95059,Create Candidate Request,401,Unauthorized,Candidate Creation Thread Group 1-788,text,false,,261,494,350,350,http://localhost:8080/web/index.php/api/v2/recruitment/candidates,95059,0,0
1768483605833,95136,Create Candidate Request,401,Unauthorized,Candidate Creation Thread Group 1-749,text,false,,261,494,350,350,http://localhost:8080/web/index.php/api/v2/recruitment/candidates,95054,0,5
1768483605818,95157,Create Candidate Request,401,Unauthorized,Candidate Creation Thread Group 1-777,text,false,,261,494,350,350,http://localhost:8080/web/index.php/api/v2/recruitment/candidates,95156,0,0
1768483690085,10894,Create Candidate Request,401,Unauthorized,Candidate Creation Thread Group 1-750,text,false,,261,494,350,350,http://localhost:8080/web/index.php/api/v2/recruitment/candidates,10893,0,1
1768483673981,27005,Create Candidate Request,401,Unauthorized,Candidate Creation Thread Group 1-787,text,false,,261,494,350,350,http://localhost:8080/web/index.php/api/v2/recruitment/candidates,27004,0,1
1768483673880,27194,Create Candidate Request,401,Unauthorized,Candidate Creation Thread Group 1-28,text,false,,261,494,350,350,http://localhost:8080/web/index.php/api/v2/recruitment/candidates,27194,0,0
1768483605818,95264,Create Candidate Request,401,Unauthorized,Candidate Creation Thread Group 1-821,text,false,,261,494,349,349,http://localhost:8080/web/index.php/api/v2/recruitment/candidates,95262,0,1
1768483605796,95376,Create Candidate Request,401,Unauthorized,Candidate Creation Thread Group 1-914,text,false,,261,494,349,349,http://localhost:8080/web/index.php/api/v2/recruitment/candidates,95293,0,0
1768483607170,94007,Create Candidate Request,401,Unauthorized,Candidate Creation Thread Group 1-70,text,false,,261,491,349,349,http://localhost:8080/web/index.php/api/v2/recruitment/candidates,94006,0,1
1768483675417,25861,Create Candidate Request,401,Unauthorized,Candidate Creation Thread Group 1-215,text,false,,261,494,349,349,http://localhost:8080/web/index.php/api/v2/recruitment/candidates,25858,0,0
1768483675677,25693,Create Candidate Request,401,Unauthorized,Candidate Creation Thread Group 1-677,text,false,,261,494,349,349,http://localhost:8080/web/index.php/api/v2/recruitment/candidates,25692,0,0
1768483676572,24804,Create Candidate Request,401,Unauthorized,Candidate Creation Thread Group 1-795,text,false,,261,494,348,348,http://localhost:8080/web/index.php/api/v2/recruitment/candidates,24804,0,0
1768483677075,24396,Create Candidate Request,401,Unauthorized,Candidate Creation Thread Group 1-744,text,false,,261,494,348,348,http://localhost:8080/web/index.php/api/v2/recruitment/candidates,24396,0,0
1768483681276,20199,Create Candidate Request,401,Unauthorized,Candidate Creation Thread Group 1-23,text,false,,261,494,348,348,http://localhost:8080/web/index.php/api/v2/recruitment/candidates,20199,0,0
1768483675875,25606,Create Candidate Request,401,Unauthorized,Candidate Creation Thread Group 1-679,text,false,,261,494,347,347,http://localhost:8080/web/index.php/api/v2/recruitment/candidates,25605,0,0
1768483677276,24306,Create Candidate Request,401,Unauthorized,Candidate Creation Thread Group 1-792,text,false,,261,494,346,346,http://localhost:8080/web/index.php/api/v2/recruitment/candidates,24305,0,0
1768483677579,24094,Create Candidate Request,401,Unauthorized,Candidate Creation Thread Group 1-970,text,false,,261,494,346,346,http://localhost:8080/web/index.php/api/v2/recruitment/candidates,24094,0,1
1768483678175,23503,Create Candidate Request,401,Unauthorized,Candidate Creation Thread Group 1-986,text,false,,261,494,346,346,http://localhost:8080/web/index.php/api/v2/recruitment/candidates,23503,0,0
1768483678678,23094,Create Candidate Request,401,Unauthorized,Candidate Creation Thread Group 1-933,text,false,,261,494,346,346,http://localhost:8080/web/index.php/api/v2/recruitment/candidates,23094,0,2
1768483679513,22264,Create Candidate Request,401,Unauthorized,Candidate Creation Thread Group 1-190,text,false,,261,494,346,346,http://localhost:8080/web/index.php/api/v2/recruitment/candidates,22264,0,0
1768483678773,23009,Create Candidate Request,401,Unauthorized,Candidate Creation Thread Group 1-764,text,false,,261,494,346,346,http://localhost:8080/web/index.php/api/v2/recruitment/candidates,23009,0,0
1768483679177,22696,Create Candidate Request,401,Unauthorized,Candidate Creation Thread Group 1-785,text,false,,261,494,346,346,http://localhost:8080/web/index.php/api/v2/recruitment/candidates,22694,0,1
1768483679579,22297,Create Candidate Request,401,Unauthorized,Candidate Creation Thread Group 1-808,text,false,,261,494,346,346,http://localhost:8080/web/index.php/api/v2/recruitment/candidates,22297,0,1
1768483679781,22103,Create Candidate Request,401,Unauthorized,Candidate Creation Thread Group 1-994,text,false,,261,494,346,346,http://localhost:8080/web/index.php/api/v2/recruitment/candidates,22102,0,0
1768483611974,90099,Create Candidate Request,401,Unauthorized,Candidate Creation Thread Group 1-637,text,false,,261,494,346,346,http://localhost:8080/web/index.php/api/v2/recruitment/candidates,90097,0,0
1768483680071,22102,Create Candidate Request,401,Unauthorized,Candidate Creation Thread Group 1-791,text,false,,261,494,346,346,http://localhost:8080/web/index.php/api/v2/recruitment/candidates,22102,0,0
1768483680083,22187,Create Candidate Request,401,Unauthorized,Candidate Creation Thread Group 1-763,text,false,,261,494,346,346,http://localhost:8080/web/index.php/api/v2/recruitment/candidates,22186,0,0
1768483680970,21307,Create Candidate Request,401,Unauthorized,Candidate Creation Thread Group 1-499,text,false,,261,494,346,346,http://localhost:8080/web/index.php/api/v2/recruitment/candidates,21306,0,1
1768483680569,21805,Create Candidate Request,401,Unauthorized,Candidate Creation Thread Group 1-584,text,false,,261,494,346,346,http://localhost:8080/web/index.php/api/v2/recruitment/candidates,21804,0,1
1768483680683,21790,Create Candidate Request,401,Unauthorized,Candidate Creation Thread Group 1-244,text,false,,261,494,345,345,http://localhost:8080/web/index.php/api/v2/recruitment/candidates,21789,0,0
1768483681373,21107,Create Candidate Request,401,Unauthorized,Candidate Creation Thread Group 1-114,text,false,,261,494,344,344,http://localhost:8080/web/index.php/api/v2/recruitment/candidates,21106,0,0
1768483681480,21190,Create Candidate Request,401,Unauthorized,Candidate Creation Thread Group 1-975,text,false,,261,494,343,343,http://localhost:8080/web/index.php/api/v2/recruitment/candidates,21189,0,1
1768483681579,21095,Create Candidate Request,401,Unauthorized,Candidate Creation Thread Group 1-926,text,false,,261,494,343,343,http://localhost:8080/web/index.php/api/v2/recruitment/candidates,21095,0,0
1768483681573,21111,Create Candidate Request,401,Unauthorized,Candidate Creation Thread Group 1-760,text,false,,261,494,343,343,http://localhost:8080/web/index.php/api/v2/recruitment/candidates,21109,0,1
1768483681678,21094,Create Candidate Request,401,Unauthorized,Candidate Creation Thread Group 1-911,text,false,,261,494,343,343,http://localhost:8080/web/index.php/api/v2/recruitment/candidates,21094,0,0
1768483681673,21104,Create Candidate Request,401,Unauthorized,Candidate Creation Thread Group 1-932,text,false,,261,494,343,343,http://localhost:8080/web/index.php/api/v2/recruitment/candidates,21104,0,1
1768483681778,21003,Create Candidate Request,401,Unauthorized,Candidate Creation Thread Group 1-987,text,false,,261,494,343,343,http://localhost:8080/web/index.php/api/v2/recruitment/candidates,21003,0,0
1768483681772,21101,Create Candidate Request,401,Unauthorized,Candidate Creation Thread Group 1-997,text,false,,261,494,343,343,http://localhost:8080/web/index.php/api/v2/recruitment/candidates,21101,0,1
1768483681983,20895,Create Candidate Request,401,Unauthorized,Candidate Creation Thread Group 1-823,text,false,,261,491,343,343,http://localhost:8080/web/index.php/api/v2/recruitment/candidates,20895,0,0
1768483681983,20989,Create Candidate Request,401,Unauthorized,Candidate Creation Thread Group 1-904,text,false,,261,491,343,343,http://localhost:8080/web/index.php/api/v2/recruitment/candidates,20988,0,0
1768483681884,21092,Create Candidate Request,401,Unauthorized,Candidate Creation Thread Group 1-258,text,false,,261,494,343,343,http://localhost:8080/web/index.php/api/v2/recruitment/candidates,21091,0,0
1768483682273,20712,Create Candidate Request,401,Unauthorized,Candidate Creation Thread Group 1-826,text,false,,261,491,342,342,http://localhost:8080/web/index.php/api/v2/recruitment/candidates,20709,0,0
1768483691807,11270,Create Candidate Request,401,Unauthorized,Candidate Creation Thread Group 1-958,text,false,,261,494,342,342,http://localhost:8080/web/index.php/api/v2/recruitment/candidates,11270,0,0
1768483683610,19559,Create Candidate Request,401,Unauthorized,Candidate Creation Thread Group 1-717,text,false,,261,494,342,342,http://localhost:8080/web/index.php/api/v2/recruitment/candidates,19476,0,0
1768483682183,20991,Create Candidate Request,401,Unauthorized,Candidate Creation Thread Group 1-815,text,false,,261,491,342,342,http://localhost:8080/web/index.php/api/v2/recruitment/candidates,20990,0,0
1768483683610,19660,Create Candidate Request,401,Unauthorized,Candidate Creation Thread Group 1-733,text,false,,261,494,342,342,http://localhost:8080/web/index.php/api/v2/recruitment/candidates,19660,0,0
1768483682279,20995,Create Candidate Request,401,Unauthorized,Candidate Creation Thread Group 1-969,text,false,,261,491,342,342,http://localhost:8080/web/index.php/api/v2/recruitment/candidates,20994,0,0
1768483682874,20404,Create Candidate Request,401,Unauthorized,Candidate Creation Thread Group 1-964,text,false,,261,494,342,342,http://localhost:8080/web/index.php/api/v2/recruitment/candidates,20404,0,0
1768483682978,20306,Create Candidate Request,401,Unauthorized,Candidate Creation Thread Group 1-708,text,false,,261,494,341,341,http://localhost:8080/web/index.php/api/v2/recruitment/candidates,20306,0,0
1768483683173,20203,Create Candidate Request,401,Unauthorized,Candidate Creation Thread Group 1-697,text,false,,261,494,340,340,http://localhost:8080/web/index.php/api/v2/recruitment/candidates,20202,0,0
1768483682577,20810,Create Candidate Request,401,Unauthorized,Candidate Creation Thread Group 1-842,text,false,,261,491,339,339,http://localhost:8080/web/index.php/api/v2/recruitment/candidates,20809,0,0
1768483683176,20298,Create Candidate Request,401,Unauthorized,Candidate Creation Thread Group 1-78,text,false,,261,494,339,339,http://localhost:8080/web/index.php/api/v2/recruitment/candidates,20298,0,0
1768483683272,20209,Create Candidate Request,401,Unauthorized,Candidate Creation Thread Group 1-844,text,false,,261,494,338,338,http://localhost:8080/web/index.php/api/v2/recruitment/candidates,20208,0,0
1768483683184,20301,Create Candidate Request,401,Unauthorized,Candidate Creation Thread Group 1-851,text,false,,261,494,338,338,http://localhost:8080/web/index.php/api/v2/recruitment/candidates,20301,0,1
1768483683179,20395,Create Candidate Request,401,Unauthorized,Candidate Creation Thread Group 1-849,text,false,,261,494,338,338,http://localhost:8080/web/index.php/api/v2/recruitment/candidates,20395,0,0
1768483683276,20303,Create Candidate Request,401,Unauthorized,Candidate Creation Thread Group 1-855,text,false,,261,494,338,338,http://localhost:8080/web/index.php/api/v2/recruitment/candidates,20303,0,1
1768483683282,20390,Create Candidate Request,401,Unauthorized,Candidate Creation Thread Group 1-853,text,false,,261,494,338,338,http://localhost:8080/web/index.php/api/v2/recruitment/candidates,20390,0,0
1768483683372,20307,Create Candidate Request,401,Unauthorized,Candidate Creation Thread Group 1-847,text,false,,261,494,338,338,http://localhost:8080/web/index.php/api/v2/recruitment/candidates,20306,0,0
1768483683377,20394,Create Candidate Request,401,Unauthorized,Candidate Creation Thread Group 1-850,text,false,,261,494,338,338,http://localhost:8080/web/index.php/api/v2/recruitment/candidates,20393,0,0
1768483683479,20297,Create Candidate Request,401,Unauthorized,Candidate Creation Thread Group 1-61,text,false,,261,494,338,338,http://localhost:8080/web/index.php/api/v2/recruitment/candidates,20297,0,0
1768483683382,20399,Create Candidate Request,401,Unauthorized,Candidate Creation Thread Group 1-105,text,false,,261,494,338,338,http://localhost:8080/web/index.php/api/v2/recruitment/candidates,20399,0,0
1768483683573,20298,Create Candidate Request,401,Unauthorized,Candidate Creation Thread Group 1-861,text,false,,261,494,337,337,http://localhost:8080/web/index.php/api/v2/recruitment/candidates,20298,0,1
1768483683580,20297,Create Candidate Request,401,Unauthorized,Candidate Creation Thread Group 1-862,text,false,,261,494,337,337,http://localhost:8080/web/index.php/api/v2/recruitment/candidates,20296,0,0
1768483683609,20361,Create Candidate Request,401,Unauthorized,Candidate Creation Thread Group 1-671,text,false,,261,494,336,336,http://localhost:8080/web/index.php/api/v2/recruitment/candidates,20280,0,0
1768483683609,20364,Create Candidate Request,401,Unauthorized,Candidate Creation Thread Group 1-716,text,false,,261,494,336,336,http://localhost:8080/web/index.php/api/v2/recruitment/candidates,20363,0,0
1768483683609,20369,Create Candidate Request,401,Unauthorized,Candidate Creation Thread Group 1-738,text,false,,261,494,336,336,http://localhost:8080/web/index.php/api/v2/recruitment/candidates,20368,0,0
1768483683609,20465,Create Candidate Request,401,Unauthorized,Candidate Creation Thread Group 1-713,text,false,,261,494,336,336,http://localhost:8080/web/index.php/api/v2/recruitment/candidates,20464,0,0
1768483683609,20474,Create Candidate Request,401,Unauthorized,Candidate Creation Thread Group 1-725,text,false,,261,494,336,336,http://localhost:8080/web/index.php/api/v2/recruitment/candidates,20473,0,0
1768483567681,136408,Create Candidate Request,Non HTTP response code: java.net.SocketException,Non HTTP response message: Connection reset,Candidate Creation Thread Group 1-513,text,false,,2437,0,336,336,http://localhost:8080/web/index.php/api/v2/recruitment/candidates,0,0,0
1768483592272,111818,Create Candidate Request,Non HTTP response code: org.apache.http.NoHttpResponseException,Non HTTP response message: localhost:8080 failed to respond,Candidate Creation Thread Group 1-960,text,false,,2057,0,336,336,http://localhost:8080/web/index.php/api/v2/recruitment/candidates,0,0,0
1768483683610,20564,Create Candidate Request,401,Unauthorized,Candidate Creation Thread Group 1-668,text,false,,261,494,336,336,http://localhost:8080/web/index.php/api/v2/recruitment/candidates,20563,0,0
1768483686781,17396,Create Candidate Request,401,Unauthorized,Candidate Creation Thread Group 1-968,text,false,,261,494,336,336,http://localhost:8080/web/index.php/api/v2/recruitment/candidates,17396,0,0
1768483683610,20572,Create Candidate Request,401,Unauthorized,Candidate Creation Thread Group 1-736,text,false,,261,494,336,336,http://localhost:8080/web/index.php/api/v2/recruitment/candidates,20572,0,0
1768483683610,20663,Create Candidate Request,401,Unauthorized,Candidate Creation Thread Group 1-723,text,false,,261,494,336,336,http://localhost:8080/web/index.php/api/v2/recruitment/candidates,20662,0,0
1768483683609,20670,Create Candidate Request,401,Unauthorized,Candidate Creation Thread Group 1-663,text,false,,261,494,336,336,http://localhost:8080/web/index.php/api/v2/recruitment/candidates,20670,0,1
1768483683610,20765,Create Candidate Request,401,Unauthorized,Candidate Creation Thread Group 1-737,text,false,,261,494,336,336,http://localhost:8080/web/index.php/api/v2/recruitment/candidates,20765,0,0
1768483683610,20769,Create Candidate Request,401,Unauthorized,Candidate Creation Thread Group 1-674,text,false,,261,494,336,336,http://localhost:8080/web/index.php/api/v2/recruitment/candidates,20769,0,0
1768483683611,20773,Create Candidate Request,401,Unauthorized,Candidate Creation Thread Group 1-667,text,false,,261,494,336,336,http://localhost:8080/web/index.php/api/v2/recruitment/candidates,20772,0,0
1768483686885,17587,Create Candidate Request,401,Unauthorized,Candidate Creation Thread Group 1-928,text,false,,261,494,336,336,http://localhost:8080/web/index.php/api/v2/recruitment/candidates,17586,0,0
1768483686877,17599,Create Candidate Request,401,Unauthorized,Candidate Creation Thread Group 1-931,text,false,,261,494,336,336,http://localhost:8080/web/index.php/api/v2/recruitment/candidates,17599,0,1
1768483686993,17490,Create Candidate Request,401,Unauthorized,Candidate Creation Thread Group 1-222,text,false,,261,494,336,336,http://localhost:8080/web/index.php/api/v2/recruitment/candidates,17489,0,1
1768483687072,17500,Create Candidate Request,401,Unauthorized,Candidate Creation Thread Group 1-600,text,false,,261,494,335,335,http://localhost:8080/web/index.php/api/v2/recruitment/candidates,17500,0,0
1768483686986,17594,Create Candidate Request,401,Unauthorized,Candidate Creation Thread Group 1-833,text,false,,261,494,335,335,http://localhost:8080/web/index.php/api/v2/recruitment/candidates,17594,0,0
1768483687174,17499,Create Candidate Request,401,Unauthorized,Candidate Creation Thread Group 1-411,text,false,,261,494,335,335,http://localhost:8080/web/index.php/api/v2/recruitment/candidates,17497,0,0
1768483687084,17600,Create Candidate Request,401,Unauthorized,Candidate Creation Thread Group 1-65,text,false,,261,494,334,334,http://localhost:8080/web/index.php/api/v2/recruitment/candidates,17600,0,1
1768483687180,17508,Create Candidate Request,401,Unauthorized,Candidate Creation Thread Group 1-807,text,false,,261,494,334,334,http://localhost:8080/web/index.php/api/v2/recruitment/candidates,17507,0,0
1768483687272,17498,Create Candidate Request,401,Unauthorized,Candidate Creation Thread Group 1-989,text,false,,261,494,334,334,http://localhost:8080/web/index.php/api/v2/recruitment/candidates,17498,0,1
1768483687285,17489,Create Candidate Request,401,Unauthorized,Candidate Creation Thread Group 1-755,text,false,,261,494,334,334,http://localhost:8080/web/index.php/api/v2/recruitment/candidates,17489,0,3
1768483687372,17408,Create Candidate Request,401,Unauthorized,Candidate Creation Thread Group 1-806,text,false,,261,494,334,334,http://localhost:8080/web/index.php/api/v2/recruitment/candidates,17407,0,1
1768483687381,17492,Create Candidate Request,401,Unauthorized,Candidate Creation Thread Group 1-811,text,false,,261,491,334,334,http://localhost:8080/web/index.php/api/v2/recruitment/candidates,17491,0,0
1768483687390,17488,Create Candidate Request,401,Unauthorized,Candidate Creation Thread Group 1-794,text,false,,261,491,334,334,http://localhost:8080/web/index.php/api/v2/recruitment/candidates,17486,0,0
1768483687386,17585,Create Candidate Request,401,Unauthorized,Candidate Creation Thread Group 1-746,text,false,,261,491,334,334,http://localhost:8080/web/index.php/api/v2/recruitment/candidates,17585,0,1
1768483687471,17508,Create Candidate Request,401,Unauthorized,Candidate Creation Thread Group 1-799,text,false,,261,491,334,334,http://localhost:8080/web/index.php/api/v2/recruitment/candidates,17506,0,0
1768483687580,17405,Create Candidate Request,401,Unauthorized,Candidate Creation Thread Group 1-999,text,false,,261,491,334,334,http://localhost:8080/web/index.php/api/v2/recruitment/candidates,17404,0,0
1768483687674,17402,Create Candidate Request,401,Unauthorized,Candidate Creation Thread Group 1-753,text,false,,261,491,334,334,http://localhost:8080/web/index.php/api/v2/recruitment/candidates,17402,0,1
1768483687671,17499,Create Candidate Request,401,Unauthorized,Candidate Creation Thread Group 1-993,text,false,,261,491,334,334,http://localhost:8080/web/index.php/api/v2/recruitment/candidates,17499,0,1
1768483687771,17406,Create Candidate Request,401,Unauthorized,Candidate Creation Thread Group 1-920,text,false,,261,491,334,334,http://localhost:8080/web/index.php/api/v2/recruitment/candidates,17406,0,0
1768483687884,17297,Create Candidate Request,401,Unauthorized,Candidate Creation Thread Group 1-917,text,false,,261,491,334,334,http://localhost:8080/web/index.php/api/v2/recruitment/candidates,17297,0,1
1768483687976,17211,Create Candidate Request,401,Unauthorized,Candidate Creation Thread Group 1-747,text,false,,261,494,334,334,http://localhost:8080/web/index.php/api/v2/recruitment/candidates,17210,0,0
1768483688074,17200,Create Candidate Request,401,Unauthorized,Candidate Creation Thread Group 1-829,text,false,,261,494,334,334,http://localhost:8080/web/index.php/api/v2/recruitment/candidates,17199,0,0
1768483688370,16910,Create Candidate Request,401,Unauthorized,Candidate Creation Thread Group 1-517,text,false,,261,494,334,334,http://localhost:8080/web/index.php/api/v2/recruitment/candidates,16909,0,4
1768483688277,17095,Create Candidate Request,401,Unauthorized,Candidate Creation Thread Group 1-547,text,false,,261,494,334,334,http://localhost:8080/web/index.php/api/v2/recruitment/candidates,17094,0,0
1768483688271,17106,Create Candidate Request,401,Unauthorized,Candidate Creation Thread Group 1-651,text,false,,261,494,334,334,http://localhost:8080/web/index.php/api/v2/recruitment/candidates,17105,0,0
1768483688774,16696,Create Candidate Request,401,Unauthorized,Candidate Creation Thread Group 1-868,text,false,,261,494,334,334,http://localhost:8080/web/index.php/api/v2/recruitment/candidates,16696,0,0
1768483688779,16696,Create Candidate Request,401,Unauthorized,Candidate Creation Thread Group 1-389,text,false,,261,494,333,333,http://localhost:8080/web/index.php/api/v2/recruitment/candidates,16696,0,0
1768483688891,16590,Create Candidate Request,401,Unauthorized,Candidate Creation Thread Group 1-865,text,false,,261,494,332,332,http://localhost:8080/web/index.php/api/v2/recruitment/candidates,16588,0,1
1768483688781,16792,Create Candidate Request,401,Unauthorized,Candidate Creation Thread Group 1-848,text,false,,261,494,331,331,http://localhost:8080/web/index.php/api/v2/recruitment/candidates,16790,0,0
1768483688974,16605,Create Candidate Request,401,Unauthorized,Candidate Creation Thread Group 1-684,text,false,,261,494,330,330,http://localhost:8080/web/index.php/api/v2/recruitment/candidates,16604,0,0
1768483689374,16296,Create Candidate Request,401,Unauthorized,Candidate Creation Thread Group 1-998,text,false,,261,494,329,329,http://localhost:8080/web/index.php/api/v2/recruitment/candidates,16296,0,0
1768483689286,16393,Create Candidate Request,401,Unauthorized,Candidate Creation Thread Group 1-782,text,false,,261,494,329,329,http://localhost:8080/web/index.php/api/v2/recruitment/candidates,16392,0,0
1768483689383,16388,Create Candidate Request,401,Unauthorized,Candidate Creation Thread Group 1-927,text,false,,261,494,329,329,http://localhost:8080/web/index.php/api/v2/recruitment/candidates,16387,0,0
1768483689472,16304,Create Candidate Request,401,Unauthorized,Candidate Creation Thread Group 1-830,text,false,,261,494,329,329,http://localhost:8080/web/index.php/api/v2/recruitment/candidates,16304,0,0
1768483689477,16306,Create Candidate Request,401,Unauthorized,Candidate Creation Thread Group 1-996,text,false,,261,494,329,329,http://localhost:8080/web/index.php/api/v2/recruitment/candidates,16306,0,0
1768483689676,16200,Create Candidate Request,401,Unauthorized,Candidate Creation Thread Group 1-828,text,false,,261,494,329,329,http://localhost:8080/web/index.php/api/v2/recruitment/candidates,16200,0,2
1768483689673,16209,Create Candidate Request,401,Unauthorized,Candidate Creation Thread Group 1-835,text,false,,261,494,329,329,http://localhost:8080/web/index.php/api/v2/recruitment/candidates,16209,0,1
1768483690173,15796,Create Candidate Request,401,Unauthorized,Candidate Creation Thread Group 1-832,text,false,,261,494,329,329,http://localhost:8080/web/index.php/api/v2/recruitment/candidates,15712,0,0
1768483689571,16404,Create Candidate Request,401,Unauthorized,Candidate Creation Thread Group 1-810,text,false,,261,494,329,329,http://localhost:8080/web/index.php/api/v2/recruitment/candidates,16403,0,0
1768483691474,14506,Create Candidate Request,401,Unauthorized,Candidate Creation Thread Group 1-891,text,false,,261,494,329,329,http://localhost:8080/web/index.php/api/v2/recruitment/candidates,14506,0,0
1768483689778,16307,Create Candidate Request,401,Unauthorized,Candidate Creation Thread Group 1-909,text,false,,261,494,329,329,http://localhost:8080/web/index.php/api/v2/recruitment/candidates,16306,0,0
1768483689682,16491,Create Candidate Request,401,Unauthorized,Candidate Creation Thread Group 1-769,text,false,,261,494,329,329,http://localhost:8080/web/index.php/api/v2/recruitment/candidates,16491,0,1
1768483689876,16306,Create Candidate Request,401,Unauthorized,Candidate Creation Thread Group 1-896,text,false,,261,494,329,329,http://localhost:8080/web/index.php/api/v2/recruitment/candidates,16306,0,0
1768483689873,16401,Create Candidate Request,401,Unauthorized,Candidate Creation Thread Group 1-820,text,false,,261,494,329,329,http://localhost:8080/web/index.php/api/v2/recruitment/candidates,16401,0,0
1768483689977,16302,Create Candidate Request,401,Unauthorized,Candidate Creation Thread Group 1-930,text,false,,261,494,329,329,http://localhost:8080/web/index.php/api/v2/recruitment/candidates,16301,0,0
1768483691573,14711,Create Candidate Request,401,Unauthorized,Candidate Creation Thread Group 1-786,text,false,,261,494,329,329,http://localhost:8080/web/index.php/api/v2/recruitment/candidates,14710,0,1
1768483690182,16106,Create Candidate Request,401,Unauthorized,Candidate Creation Thread Group 1-685,text,false,,261,494,329,329,http://localhost:8080/web/index.php/api/v2/recruitment/candidates,16106,0,1
1768483691482,14892,Create Candidate Request,401,Unauthorized,Candidate Creation Thread Group 1-752,text,false,,261,494,329,329,http://localhost:8080/web/index.php/api/v2/recruitment/candidates,14892,0,0
1768483690274,16105,Create Candidate Request,401,Unauthorized,Candidate Creation Thread Group 1-680,text,false,,261,494,329,329,http://localhost:8080/web/index.php/api/v2/recruitment/candidates,16104,0,0
1768483690278,16106,Create Candidate Request,401,Unauthorized,Candidate Creation Thread Group 1-874,text,false,,261,494,329,329,http://localhost:8080/web/index.php/api/v2/recruitment/candidates,16106,0,1
1768483690288,16192,Create Candidate Request,401,Unauthorized,Candidate Creation Thread Group 1-936,text,false,,261,494,329,329,http://localhost:8080/web/index.php/api/v2/recruitment/candidates,16192,0,0
1768483690387,16183,Create Candidate Request,401,Unauthorized,Candidate Creation Thread Group 1-923,text,false,,261,494,329,329,http://localhost:8080/web/index.php/api/v2/recruitment/candidates,16101,0,0
1768483691581,14995,Create Candidate Request,401,Unauthorized,Candidate Creation Thread Group 1-772,text,false,,261,494,328,328,http://localhost:8080/web/index.php/api/v2/recruitment/candidates,14993,0,0
1768483691671,14912,Create Candidate Request,401,Unauthorized,Candidate Creation Thread Group 1-836,text,false,,261,494,328,328,http://localhost:8080/web/index.php/api/v2/recruitment/candidates,14911,0,1
1768483691677,14995,Create Candidate Request,401,Unauthorized,Candidate Creation Thread Group 1-766,text,false,,261,494,328,328,http://localhost:8080/web/index.php/api/v2/recruitment/candidates,14995,0,0
1768483691772,14905,Create Candidate Request,401,Unauthorized,Candidate Creation Thread Group 1-992,text,false,,261,494,328,328,http://localhost:8080/web/index.php/api/v2/recruitment/candidates,14905,0,0
1768483691680,15002,Create Candidate Request,401,Unauthorized,Candidate Creation Thread Group 1-762,text,false,,261,494,328,328,http://localhost:8080/web/index.php/api/v2/recruitment/candidates,15001,0,0
1768483691786,14900,Create Candidate Request,401,Unauthorized,Candidate Creation Thread Group 1-122,text,false,,261,494,328,328,http://localhost:8080/web/index.php/api/v2/recruitment/candidates,14900,0,0
1768483691801,14973,Create Candidate Request,401,Unauthorized,Candidate Creation Thread Group 1-683,text,false,,261,494,327,327,http://localhost:8080/web/index.php/api/v2/recruitment/candidates,14973,0,0
1768483691779,15002,Create Candidate Request,401,Unauthorized,Candidate Creation Thread Group 1-121,text,false,,261,494,327,327,http://localhost:8080/web/index.php/api/v2/recruitment/candidates,15001,0,0
1768483691801,15070,Create Candidate Request,401,Unauthorized,Candidate Creation Thread Group 1-4,text,false,,261,494,326,326,http://localhost:8080/web/index.php/api/v2/recruitment/candidates,15070,0,0
1768483691801,15075,Create Candidate Request,401,Unauthorized,Candidate Creation Thread Group 1-878,text,false,,261,494,326,326,http://localhost:8080/web/index.php/api/v2/recruitment/candidates,15075,0,0
1768483691801,15080,Create Candidate Request,401,Unauthorized,Candidate Creation Thread Group 1-699,text,false,,261,494,326,326,http://localhost:8080/web/index.php/api/v2/recruitment/candidates,15080,0,0
1768483691801,15087,Create Candidate Request,401,Unauthorized,Candidate Creation Thread Group 1-691,text,false,,261,494,326,326,http://localhost:8080/web/index.php/api/v2/recruitment/candidates,15087,0,0
1768483691801,15170,Create Candidate Request,401,Unauthorized,Candidate Creation Thread Group 1-886,text,false,,261,494,326,326,http://localhost:8080/web/index.php/api/v2/recruitment/candidates,15170,0,0
1768483691801,15175,Create Candidate Request,401,Unauthorized,Candidate Creation Thread Group 1-884,text,false,,261,494,326,326,http://localhost:8080/web/index.php/api/v2/recruitment/candidates,15174,0,0
1768483691807,15267,Create Candidate Request,401,Unauthorized,Candidate Creation Thread Group 1-873,text,false,,261,494,326,326,http://localhost:8080/web/index.php/api/v2/recruitment/candidates,15266,0,0
1768483691802,15369,Create Candidate Request,401,Unauthorized,Candidate Creation Thread Group 1-681,text,false,,261,494,326,326,http://localhost:8080/web/index.php/api/v2/recruitment/candidates,15369,0,0
1768483691802,15377,Create Candidate Request,401,Unauthorized,Candidate Creation Thread Group 1-954,text,false,,261,494,326,326,http://localhost:8080/web/index.php/api/v2/recruitment/candidates,15376,0,0
1768483691802,15386,Create Candidate Request,401,Unauthorized,Candidate Creation Thread Group 1-880,text,false,,261,494,326,326,http://localhost:8080/web/index.php/api/v2/recruitment/candidates,15383,0,0
1768483691802,15471,Create Candidate Request,401,Unauthorized,Candidate Creation Thread Group 1-946,text,false,,261,494,326,326,http://localhost:8080/web/index.php/api/v2/recruitment/candidates,15471,0,0
1768483691802,15476,Create Candidate Request,401,Unauthorized,Candidate Creation Thread Group 1-686,text,false,,261,494,326,326,http://localhost:8080/web/index.php/api/v2/recruitment/candidates,15476,0,0
1768483691807,15474,Create Candidate Request,401,Unauthorized,Candidate Creation Thread Group 1-937,text,false,,261,494,326,326,http://localhost:8080/web/index.php/api/v2/recruitment/candidates,15474,0,1
1768483691802,15570,Create Candidate Request,401,Unauthorized,Candidate Creation Thread Group 1-877,text,false,,261,494,326,326,http://localhost:8080/web/index.php/api/v2/recruitment/candidates,15570,0,0
1768483691802,15581,Create Candidate Request,401,Unauthorized,Candidate Creation Thread Group 1-938,text,false,,261,494,326,326,http://localhost:8080/web/index.php/api/v2/recruitment/candidates,15579,0,0
1768483691803,15670,Create Candidate Request,401,Unauthorized,Candidate Creation Thread Group 1-693,text,false,,261,494,326,326,http://localhost:8080/web/index.php/api/v2/recruitment/candidates,15670,0,0
1768483691802,15770,Create Candidate Request,401,Unauthorized,Candidate Creation Thread Group 1-701,text,false,,261,494,326,326,http://localhost:8080/web/index.php/api/v2/recruitment/candidates,15769,0,0
1768483691802,15774,Create Candidate Request,401,Unauthorized,Candidate Creation Thread Group 1-707,text,false,,261,494,326,326,http://localhost:8080/web/index.php/api/v2/recruitment/candidates,15774,0,1
1768483691803,15867,Create Candidate Request,401,Unauthorized,Candidate Creation Thread Group 1-709,text,false,,261,494,326,326,http://localhost:8080/web/index.php/api/v2/recruitment/candidates,15867,0,0
1768483691803,15874,Create Candidate Request,401,Unauthorized,Candidate Creation Thread Group 1-703,text,false,,261,494,326,326,http://localhost:8080/web/index.php/api/v2/recruitment/candidates,15874,0,0
1768483691802,15884,Create Candidate Request,401,Unauthorized,Candidate Creation Thread Group 1-690,text,false,,261,494,326,326,http://localhost:8080/web/index.php/api/v2/recruitment/candidates,15883,0,2
1768483691803,15974,Create Candidate Request,401,Unauthorized,Candidate Creation Thread Group 1-940,text,false,,261,494,326,326,http://localhost:8080/web/index.php/api/v2/recruitment/candidates,15974,0,0
1768483691803,15979,Create Candidate Request,401,Unauthorized,Candidate Creation Thread Group 1-961,text,false,,261,494,326,326,http://localhost:8080/web/index.php/api/v2/recruitment/candidates,15979,0,0
1768483691803,15983,Create Candidate Request,401,Unauthorized,Candidate Creation Thread Group 1-711,text,false,,261,494,326,326,http://localhost:8080/web/index.php/api/v2/recruitment/candidates,15983,0,0
1768483691803,16069,Create Candidate Request,401,Unauthorized,Candidate Creation Thread Group 1-956,text,false,,261,494,326,326,http://localhost:8080/web/index.php/api/v2/recruitment/candidates,16069,0,0
1768483691803,16072,Create Candidate Request,401,Unauthorized,Candidate Creation Thread Group 1-951,text,false,,261,494,326,326,http://localhost:8080/web/index.php/api/v2/recruitment/candidates,16072,0,0
1768483691803,16078,Create Candidate Request,401,Unauthorized,Candidate Creation Thread Group 1-887,text,false,,261,494,326,326,http://localhost:8080/web/index.php/api/v2/recruitment/candidates,16078,0,0
1768483691803,16083,Create Candidate Request,401,Unauthorized,Candidate Creation Thread Group 1-950,text,false,,261,494,326,326,http://localhost:8080/web/index.php/api/v2/recruitment/candidates,16082,0,0
1768483691803,16178,Create Candidate Request,401,Unauthorized,Candidate Creation Thread Group 1-881,text,false,,261,494,326,326,http://localhost:8080/web/index.php/api/v2/recruitment/candidates,16177,0,0
1768483691803,16276,Create Candidate Request,401,Unauthorized,Candidate Creation Thread Group 1-967,text,false,,261,494,326,326,http://localhost:8080/web/index.php/api/v2/recruitment/candidates,16276,0,0
1768483691802,16373,Create Candidate Request,401,Unauthorized,Candidate Creation Thread Group 1-875,text,false,,261,494,326,326,http://localhost:8080/web/index.php/api/v2/recruitment/candidates,16373,0,2
1768483691807,16374,Create Candidate Request,401,Unauthorized,Candidate Creation Thread Group 1-947,text,false,,261,491,326,326,http://localhost:8080/web/index.php/api/v2/recruitment/candidates,16373,0,0
1768483691803,16469,Create Candidate Request,401,Unauthorized,Candidate Creation Thread Group 1-963,text,false,,261,494,326,326,http://localhost:8080/web/index.php/api/v2/recruitment/candidates,16468,0,0
1768483691807,16468,Create Candidate Request,401,Unauthorized,Candidate Creation Thread Group 1-942,text,false,,261,491,326,326,http://localhost:8080/web/index.php/api/v2/recruitment/candidates,16467,0,0
1768483691807,16472,Create Candidate Request,401,Unauthorized,Candidate Creation Thread Group 1-959,text,false,,261,494,326,326,http://localhost:8080/web/index.php/api/v2/recruitment/candidates,16472,0,0
1768483691807,16477,Create Candidate Request,401,Unauthorized,Candidate Creation Thread Group 1-944,text,false,,261,491,326,326,http://localhost:8080/web/index.php/api/v2/recruitment/candidates,16477,0,0
1768483691807,16568,Create Candidate Request,401,Unauthorized,Candidate Creation Thread Group 1-883,text,false,,261,494,326,326,http://localhost:8080/web/index.php/api/v2/recruitment/candidates,16568,0,0
1768483691807,16572,Create Candidate Request,401,Unauthorized,Candidate Creation Thread Group 1-872,text,false,,261,491,326,326,http://localhost:8080/web/index.php/api/v2/recruitment/candidates,16571,0,0
1768483691807,16578,Create Candidate Request,401,Unauthorized,Candidate Creation Thread Group 1-710,text,false,,261,494,326,326,http://localhost:8080/web/index.php/api/v2/recruitment/candidates,16578,0,0
1768483691807,16669,Create Candidate Request,401,Unauthorized,Candidate Creation Thread Group 1-704,text,false,,261,491,326,326,http://localhost:8080/web/index.php/api/v2/recruitment/candidates,16666,0,0
1768483691807,16674,Create Candidate Request,401,Unauthorized,Candidate Creation Thread Group 1-705,text,false,,261,491,326,326,http://localhost:8080/web/index.php/api/v2/recruitment/candidates,16673,0,0
1768483691807,16764,Create Candidate Request,401,Unauthorized,Candidate Creation Thread Group 1-953,text,false,,261,494,326,326,http://localhost:8080/web/index.php/api/v2/recruitment/candidates,16764,0,0
1768483691807,16770,Create Candidate Request,401,Unauthorized,Candidate Creation Thread Group 1-879,text,false,,261,491,326,326,http://localhost:8080/web/index.php/api/v2/recruitment/candidates,16770,0,0
1768483691807,16778,Create Candidate Request,401,Unauthorized,Candidate Creation Thread Group 1-890,text,false,,261,494,326,326,http://localhost:8080/web/index.php/api/v2/recruitment/candidates,16776,0,0
1768483691807,16873,Create Candidate Request,401,Unauthorized,Candidate Creation Thread Group 1-688,text,false,,261,491,326,326,http://localhost:8080/web/index.php/api/v2/recruitment/candidates,16872,0,0
1768483691808,16966,Create Candidate Request,401,Unauthorized,Candidate Creation Thread Group 1-965,text,false,,261,494,326,326,http://localhost:8080/web/index.php/api/v2/recruitment/candidates,16966,0,0
1768483691807,16970,Create Candidate Request,401,Unauthorized,Candidate Creation Thread Group 1-957,text,false,,261,491,326,326,http://localhost:8080/web/index.php/api/v2/recruitment/candidates,16970,0,0
1768483691807,17064,Create Candidate Request,401,Unauthorized,Candidate Creation Thread Group 1-876,text,false,,261,494,326,326,http://localhost:8080/web/index.php/api/v2/recruitment/candidates,17063,0,0
1768483691807,17073,Create Candidate Request,401,Unauthorized,Candidate Creation Thread Group 1-948,text,false,,261,494,326,326,http://localhost:8080/web/index.php/api/v2/recruitment/candidates,17073,0,0
1768483691807,17175,Create Candidate Request,401,Unauthorized,Candidate Creation Thread Group 1-952,text,false,,261,494,326,326,http://localhost:8080/web/index.php/api/v2/recruitment/candidates,17174,0,0
1768483691807,17270,Create Candidate Request,401,Unauthorized,Candidate Creation Thread Group 1-694,text,false,,261,494,326,326,http://localhost:8080/web/index.php/api/v2/recruitment/candidates,17270,0,1
1768483691807,17277,Create Candidate Request,401,Unauthorized,Candidate Creation Thread Group 1-935,text,false,,261,494,326,326,http://localhost:8080/web/index.php/api/v2/recruitment/candidates,17276,0,1
1768483691807,17369,Create Candidate Request,401,Unauthorized,Candidate Creation Thread Group 1-95,text,false,,261,494,326,326,http://localhost:8080/web/index.php/api/v2/recruitment/candidates,17368,0,0
1768483699994,9187,Create Candidate Request,401,Unauthorized,Candidate Creation Thread Group 1-863,text,false,,261,494,325,325,http://localhost:8080/web/index.php/api/v2/recruitment/candidates,9186,0,0
1768483691808,17462,Create Candidate Request,401,Unauthorized,Candidate Creation Thread Group 1-939,text,false,,261,494,325,325,http://localhost:8080/web/index.php/api/v2/recruitment/candidates,17461,0,0
1768483691807,17468,Create Candidate Request,401,Unauthorized,Candidate Creation Thread Group 1-888,text,false,,261,494,325,325,http://localhost:8080/web/index.php/api/v2/recruitment/candidates,17467,0,1
1768483699994,9287,Create Candidate Request,401,Unauthorized,Candidate Creation Thread Group 1-382,text,false,,261,494,325,325,http://localhost:8080/web/index.php/api/v2/recruitment/candidates,9286,0,0
1768483695902,13569,Create Candidate Request,401,Unauthorized,Candidate Creation Thread Group 1-202,text,false,,261,494,325,325,http://localhost:8080/web/index.php/api/v2/recruitment/candidates,13568,0,1
1768483695974,13503,Create Candidate Request,401,Unauthorized,Candidate Creation Thread Group 1-837,text,false,,261,494,324,324,http://localhost:8080/web/index.php/api/v2/recruitment/candidates,13502,0,0
1768483695899,13676,Create Candidate Request,401,Unauthorized,Candidate Creation Thread Group 1-460,text,false,,261,494,324,324,http://localhost:8080/web/index.php/api/v2/recruitment/candidates,13675,0,4
1768483695984,13687,Create Candidate Request,401,Unauthorized,Candidate Creation Thread Group 1-765,text,false,,261,494,324,324,http://localhost:8080/web/index.php/api/v2/recruitment/candidates,13686,0,0
1768483696083,13592,Create Candidate Request,401,Unauthorized,Candidate Creation Thread Group 1-894,text,false,,261,494,324,324,http://localhost:8080/web/index.php/api/v2/recruitment/candidates,13592,0,0
1768483696077,13606,Create Candidate Request,401,Unauthorized,Candidate Creation Thread Group 1-908,text,false,,261,494,324,324,http://localhost:8080/web/index.php/api/v2/recruitment/candidates,13606,0,1
1768483700374,9409,Create Candidate Request,401,Unauthorized,Candidate Creation Thread Group 1-988,text,false,,261,494,324,324,http://localhost:8080/web/index.php/api/v2/recruitment/candidates,9408,0,0
1768483696178,13694,Create Candidate Request,401,Unauthorized,Candidate Creation Thread Group 1-797,text,false,,261,494,324,324,http://localhost:8080/web/index.php/api/v2/recruitment/candidates,13694,0,1
1768483696272,13605,Create Candidate Request,401,Unauthorized,Candidate Creation Thread Group 1-537,text,false,,261,494,324,324,http://localhost:8080/web/index.php/api/v2/recruitment/candidates,13605,0,1
1768483696276,13607,Create Candidate Request,401,Unauthorized,Candidate Creation Thread Group 1-974,text,false,,261,494,323,323,http://localhost:8080/web/index.php/api/v2/recruitment/candidates,13607,0,0
1768483696282,13698,Create Candidate Request,401,Unauthorized,Candidate Creation Thread Group 1-661,text,false,,261,494,323,323,http://localhost:8080/web/index.php/api/v2/recruitment/candidates,13698,0,0
1768483696478,13605,Create Candidate Request,401,Unauthorized,Candidate Creation Thread Group 1-743,text,false,,261,494,323,323,http://localhost:8080/web/index.php/api/v2/recruitment/candidates,13604,0,1
1768483696382,13790,Create Candidate Request,401,Unauthorized,Candidate Creation Thread Group 1-675,text,false,,261,494,323,323,http://localhost:8080/web/index.php/api/v2/recruitment/candidates,13789,0,0
1768483696473,13710,Create Candidate Request,401,Unauthorized,Candidate Creation Thread Group 1-742,text,false,,261,494,323,323,http://localhost:8080/web/index.php/api/v2/recruitment/candidates,13710,0,1
1768483696470,13714,Create Candidate Request,401,Unauthorized,Candidate Creation Thread Group 1-714,text,false,,261,494,323,323,http://localhost:8080/web/index.php/api/v2/recruitment/candidates,13712,0,0
1768483696570,13701,Create Candidate Request,401,Unauthorized,Candidate Creation Thread Group 1-741,text,false,,261,494,323,323,http://localhost:8080/web/index.php/api/v2/recruitment/candidates,13701,0,0
1768483696577,13698,Create Candidate Request,401,Unauthorized,Candidate Creation Thread Group 1-712,text,false,,261,494,323,323,http://localhost:8080/web/index.php/api/v2/recruitment/candidates,13698,0,3
1768483696677,13605,Create Candidate Request,401,Unauthorized,Candidate Creation Thread Group 1-740,text,false,,261,494,323,323,http://localhost:8080/web/index.php/api/v2/recruitment/candidates,13604,0,0
1768483696782,13601,Create Candidate Request,401,Unauthorized,Candidate Creation Thread Group 1-672,text,false,,261,494,323,323,http://localhost:8080/web/index.php/api/v2/recruitment/candidates,13600,0,1
1768483696686,13796,Create Candidate Request,401,Unauthorized,Candidate Creation Thread Group 1-732,text,false,,261,494,323,323,http://localhost:8080/web/index.php/api/v2/recruitment/candidates,13795,0,0
1768483701177,9495,Create Candidate Request,401,Unauthorized,Candidate Creation Thread Group 1-70,text,false,,261,494,323,323,http://localhost:8080/web/index.php/api/v2/recruitment/candidates,9493,0,1
1768483696874,13899,Create Candidate Request,401,Unauthorized,Candidate Creation Thread Group 1-721,text,false,,261,494,322,322,http://localhost:8080/web/index.php/api/v2/recruitment/candidates,13897,0,0
1768483696977,13899,Create Candidate Request,401,Unauthorized,Candidate Creation Thread Group 1-739,text,false,,261,491,322,322,http://localhost:8080/web/index.php/api/v2/recruitment/candidates,13896,0,0
1768483696892,14086,Create Candidate Request,401,Unauthorized,Candidate Creation Thread Group 1-727,text,false,,261,491,322,322,http://localhost:8080/web/index.php/api/v2/recruitment/candidates,14085,0,0
1768483701674,9398,Create Candidate Request,401,Unauthorized,Candidate Creation Thread Group 1-970,text,false,,261,494,322,322,http://localhost:8080/web/index.php/api/v2/recruitment/candidates,9397,0,0
1768483696978,14192,Create Candidate Request,401,Unauthorized,Candidate Creation Thread Group 1-730,text,false,,261,491,321,321,http://localhost:8080/web/index.php/api/v2/recruitment/candidates,14104,0,1
1768483696984,14192,Create Candidate Request,401,Unauthorized,Candidate Creation Thread Group 1-720,text,false,,261,491,321,321,http://localhost:8080/web/index.php/api/v2/recruitment/candidates,14191,0,1
1768483697175,14007,Create Candidate Request,401,Unauthorized,Candidate Creation Thread Group 1-718,text,false,,261,491,321,321,http://localhost:8080/web/index.php/api/v2/recruitment/candidates,14007,0,0
1768483697180,14091,Create Candidate Request,401,Unauthorized,Candidate Creation Thread Group 1-666,text,false,,261,491,321,321,http://localhost:8080/web/index.php/api/v2/recruitment/candidates,14091,0,6
1768483697171,14105,Create Candidate Request,401,Unauthorized,Candidate Creation Thread Group 1-729,text,false,,261,491,321,321,http://localhost:8080/web/index.php/api/v2/recruitment/candidates,14105,0,0
1768483697274,14007,Create Candidate Request,401,Unauthorized,Candidate Creation Thread Group 1-381,text,false,,261,491,321,321,http://localhost:8080/web/index.php/api/v2/recruitment/candidates,14007,0,0
1768483697377,13907,Create Candidate Request,401,Unauthorized,Candidate Creation Thread Group 1-734,text,false,,261,494,321,321,http://localhost:8080/web/index.php/api/v2/recruitment/candidates,13907,0,0
1768483697472,13906,Create Candidate Request,401,Unauthorized,Candidate Creation Thread Group 1-722,text,false,,261,494,321,321,http://localhost:8080/web/index.php/api/v2/recruitment/candidates,13906,0,1
1768483702670,8731,Create Candidate Request,401,Unauthorized,Candidate Creation Thread Group 1-975,text,false,,261,491,321,321,http://localhost:8080/web/index.php/api/v2/recruitment/candidates,8730,0,0
1768483697282,14191,Create Candidate Request,401,Unauthorized,Candidate Creation Thread Group 1-724,text,false,,261,491,320,320,http://localhost:8080/web/index.php/api/v2/recruitment/candidates,14191,0,0
1768483697477,14001,Create Candidate Request,401,Unauthorized,Candidate Creation Thread Group 1-719,text,false,,261,494,320,320,http://localhost:8080/web/index.php/api/v2/recruitment/candidates,14001,0,1
1768483697501,13982,Create Candidate Request,401,Unauthorized,Candidate Creation Thread Group 1-781,text,false,,261,494,320,320,http://localhost:8080/web/index.php/api/v2/recruitment/candidates,13982,0,0
1768483697577,13913,Create Candidate Request,401,Unauthorized,Candidate Creation Thread Group 1-633,text,false,,261,494,320,320,http://localhost:8080/web/index.php/api/v2/recruitment/candidates,13911,0,1
1768483697586,13989,Create Candidate Request,401,Unauthorized,Candidate Creation Thread Group 1-893,text,false,,261,494,319,319,http://localhost:8080/web/index.php/api/v2/recruitment/candidates,13988,0,0
1768483697677,13993,Create Candidate Request,401,Unauthorized,Candidate Creation Thread Group 1-983,text,false,,261,494,319,319,http://localhost:8080/web/index.php/api/v2/recruitment/candidates,13993,0,0
1768483697691,13984,Create Candidate Request,401,Unauthorized,Candidate Creation Thread Group 1-985,text,false,,261,494,319,319,http://localhost:8080/web/index.php/api/v2/recruitment/candidates,13983,0,0
1768483697781,13900,Create Candidate Request,401,Unauthorized,Candidate Creation Thread Group 1-812,text,false,,261,494,319,319,http://localhost:8080/web/index.php/api/v2/recruitment/candidates,13899,0,0
1768483697773,13999,Create Candidate Request,401,Unauthorized,Candidate Creation Thread Group 1-973,text,false,,261,494,319,319,http://localhost:8080/web/index.php/api/v2/recruitment/candidates,13998,0,1
1768483697875,13905,Create Candidate Request,401,Unauthorized,Candidate Creation Thread Group 1-770,text,false,,261,494,319,319,http://localhost:8080/web/index.php/api/v2/recruitment/candidates,13904,0,1
1768483697872,14001,Create Candidate Request,401,Unauthorized,Candidate Creation Thread Group 1-834,text,false,,261,494,319,319,http://localhost:8080/web/index.php/api/v2/recruitment/candidates,14001,0,0
1768483697976,13903,Create Candidate Request,401,Unauthorized,Candidate Creation Thread Group 1-910,text,false,,261,494,319,319,http://localhost:8080/web/index.php/api/v2/recruitment/candidates,13902,0,0
1768483697881,14100,Create Candidate Request,401,Unauthorized,Candidate Creation Thread Group 1-916,text,false,,261,494,319,319,http://localhost:8080/web/index.php/api/v2/recruitment/candidates,14099,0,0
1768483697973,14104,Create Candidate Request,401,Unauthorized,Candidate Creation Thread Group 1-776,text,false,,261,494,319,319,http://localhost:8080/web/index.php/api/v2/recruitment/candidates,14103,0,0
1768483697981,14189,Create Candidate Request,401,Unauthorized,Candidate Creation Thread Group 1-919,text,false,,261,494,319,319,http://localhost:8080/web/index.php/api/v2/recruitment/candidates,14189,0,0
1768483698077,14101,Create Candidate Request,401,Unauthorized,Candidate Creation Thread Group 1-778,text,false,,261,494,319,319,http://localhost:8080/web/index.php/api/v2/recruitment/candidates,14100,0,0
1768483698172,14099,Create Candidate Request,401,Unauthorized,Candidate Creation Thread Group 1-981,text,false,,261,494,319,319,http://localhost:8080/web/index.php/api/v2/recruitment/candidates,14098,0,1
1768483698083,14200,Create Candidate Request,401,Unauthorized,Candidate Creation Thread Group 1-991,text,false,,261,494,319,319,http://localhost:8080/web/index.php/api/v2/recruitment/candidates,14199,0,0
1768483698183,14202,Create Candidate Request,401,Unauthorized,Candidate Creation Thread Group 1-901,text,false,,261,494,319,319,http://localhost:8080/web/index.php/api/v2/recruitment/candidates,14201,0,0
1768483698273,14202,Create Candidate Request,401,Unauthorized,Candidate Creation Thread Group 1-838,text,false,,261,494,319,319,http://localhost:8080/web/index.php/api/v2/recruitment/candidates,14202,0,0
1768483698283,14300,Create Candidate Request,401,Unauthorized,Candidate Creation Thread Group 1-895,text,false,,261,494,319,319,http://localhost:8080/web/index.php/api/v2/recruitment/candidates,14299,0,1
1768483698373,14298,Create Candidate Request,401,Unauthorized,Candidate Creation Thread Group 1-803,text,false,,261,494,319,319,http://localhost:8080/web/index.php/api/v2/recruitment/candidates,14298,0,1
1768483698573,14107,Create Candidate Request,401,Unauthorized,Candidate Creation Thread Group 1-913,text,false,,261,494,319,319,http://localhost:8080/web/index.php/api/v2/recruitment/candidates,14106,0,1
1768483698477,14302,Create Candidate Request,401,Unauthorized,Candidate Creation Thread Group 1-921,text,false,,261,494,319,319,http://localhost:8080/web/index.php/api/v2/recruitment/candidates,14302,0,0
1768483698578,14298,Create Candidate Request,401,Unauthorized,Candidate Creation Thread Group 1-841,text,false,,261,494,319,319,http://localhost:8080/web/index.php/api/v2/recruitment/candidates,14297,0,0
1768483698583,14389,Create Candidate Request,401,Unauthorized,Candidate Creation Thread Group 1-870,text,false,,261,494,319,319,http://localhost:8080/web/index.php/api/v2/recruitment/candidates,14388,0,0
1768483698672,14313,Create Candidate Request,401,Unauthorized,Candidate Creation Thread Group 1-922,text,false,,261,494,319,319,http://localhost:8080/web/index.php/api/v2/recruitment/candidates,14313,0,0
1768483698676,14396,Create Candidate Request,401,Unauthorized,Candidate Creation Thread Group 1-793,text,false,,261,494,319,319,http://localhost:8080/web/index.php/api/v2/recruitment/candidates,14396,0,2
1768483698682,14401,Create Candidate Request,401,Unauthorized,Candidate Creation Thread Group 1-925,text,false,,261,494,319,319,http://localhost:8080/web/index.php/api/v2/recruitment/candidates,14400,0,0
1768483698771,14403,Create Candidate Request,401,Unauthorized,Candidate Creation Thread Group 1-767,text,false,,261,494,319,319,http://localhost:8080/web/index.php/api/v2/recruitment/candidates,14403,0,0
1768483698775,14405,Create Candidate Request,401,Unauthorized,Candidate Creation Thread Group 1-773,text,false,,261,494,319,319,http://localhost:8080/web/index.php/api/v2/recruitment/candidates,14405,0,0
1768483698781,14497,Create Candidate Request,401,Unauthorized,Candidate Creation Thread Group 1-801,text,false,,261,494,319,319,http://localhost:8080/web/index.php/api/v2/recruitment/candidates,14497,0,0
1768483698874,14598,Create Candidate Request,401,Unauthorized,Candidate Creation Thread Group 1-972,text,false,,261,494,319,319,http://localhost:8080/web/index.php/api/v2/recruitment/candidates,14597,0,0
1768483698879,14597,Create Candidate Request,401,Unauthorized,Candidate Creation Thread Group 1-802,text,false,,261,494,319,319,http://localhost:8080/web/index.php/api/v2/recruitment/candidates,14597,0,0
1768483698973,14508,Create Candidate Request,401,Unauthorized,Candidate Creation Thread Group 1-902,text,false,,261,494,319,319,http://localhost:8080/web/index.php/api/v2/recruitment/candidates,14508,0,0
1768483699071,14503,Create Candidate Request,401,Unauthorized,Candidate Creation Thread Group 1-825,text,false,,261,494,319,319,http://localhost:8080/web/index.php/api/v2/recruitment/candidates,14503,0,1
1768483698979,14605,Create Candidate Request,401,Unauthorized,Candidate Creation Thread Group 1-814,text,false,,261,494,319,319,http://localhost:8080/web/index.php/api/v2/recruitment/candidates,14604,0,1
1768483699076,14596,Create Candidate Request,401,Unauthorized,Candidate Creation Thread Group 1-976,text,false,,261,494,319,319,http://localhost:8080/web/index.php/api/v2/recruitment/candidates,14595,0,0
1768483699083,14596,Create Candidate Request,401,Unauthorized,Candidate Creation Thread Group 1-748,text,false,,261,494,319,319,http://localhost:8080/web/index.php/api/v2/recruitment/candidates,14596,0,0
1768483699271,14414,Create Candidate Request,401,Unauthorized,Candidate Creation Thread Group 1-995,text,false,,261,494,319,319,http://localhost:8080/web/index.php/api/v2/recruitment/candidates,14414,0,0
1768483699290,14481,Create Candidate Request,401,Unauthorized,Candidate Creation Thread Group 1-779,text,false,,261,491,319,319,http://localhost:8080/web/index.php/api/v2/recruitment/candidates,14481,0,0
1768483699378,14396,Create Candidate Request,401,Unauthorized,Candidate Creation Thread Group 1-761,text,false,,261,491,319,319,http://localhost:8080/web/index.php/api/v2/recruitment/candidates,14396,0,1
1768483699374,14405,Create Candidate Request,401,Unauthorized,Candidate Creation Thread Group 1-831,text,false,,261,491,319,319,http://localhost:8080/web/index.php/api/v2/recruitment/candidates,14405,0,0
1768483699383,14400,Create Candidate Request,401,Unauthorized,Candidate Creation Thread Group 1-789,text,false,,261,491,319,319,http://localhost:8080/web/index.php/api/v2/recruitment/candidates,14399,0,0
1768483699387,14489,Create Candidate Request,401,Unauthorized,Candidate Creation Thread Group 1-780,text,false,,261,491,319,319,http://localhost:8080/web/index.php/api/v2/recruitment/candidates,14488,0,1
1768483699471,14413,Create Candidate Request,401,Unauthorized,Candidate Creation Thread Group 1-903,text,false,,261,491,319,319,http://localhost:8080/web/index.php/api/v2/recruitment/candidates,14413,0,1
1768483699476,14504,Create Candidate Request,401,Unauthorized,Candidate Creation Thread Group 1-929,text,false,,261,491,319,319,http://localhost:8080/web/index.php/api/v2/recruitment/candidates,14503,0,0
1768483699571,14503,Create Candidate Request,401,Unauthorized,Candidate Creation Thread Group 1-979,text,false,,261,491,319,319,http://localhost:8080/web/index.php/api/v2/recruitment/candidates,14501,0,0
1768483699671,14508,Create Candidate Request,401,Unauthorized,Candidate Creation Thread Group 1-934,text,false,,261,491,319,319,http://localhost:8080/web/index.php/api/v2/recruitment/candidates,14507,0,0
1768483699675,14596,Create Candidate Request,401,Unauthorized,Candidate Creation Thread Group 1-905,text,false,,261,494,319,319,http://localhost:8080/web/index.php/api/v2/recruitment/candidates,14596,0,0
1768483699881,14395,Create Candidate Request,401,Unauthorized,Candidate Creation Thread Group 1-804,text,false,,261,494,318,318,http://localhost:8080/web/index.php/api/v2/recruitment/candidates,14395,0,1
1768483699983,14394,Create Candidate Request,401,Unauthorized,Candidate Creation Thread Group 1-784,text,false,,261,494,317,317,http://localhost:8080/web/index.php/api/v2/recruitment/candidates,14388,0,0
1768483699775,14697,Create Candidate Request,401,Unauthorized,Candidate Creation Thread Group 1-816,text,false,,261,494,317,317,http://localhost:8080/web/index.php/api/v2/recruitment/candidates,14696,0,0
1768483699994,14484,Create Candidate Request,401,Unauthorized,Candidate Creation Thread Group 1-869,text,false,,261,494,316,316,http://localhost:8080/web/index.php/api/v2/recruitment/candidates,14483,0,0
1768483699994,14489,Create Candidate Request,401,Unauthorized,Candidate Creation Thread Group 1-854,text,false,,261,494,316,316,http://localhost:8080/web/index.php/api/v2/recruitment/candidates,14489,0,0
1768483705171,9414,Create Candidate Request,401,Unauthorized,Candidate Creation Thread Group 1-993,text,false,,261,494,316,316,http://localhost:8080/web/index.php/api/v2/recruitment/candidates,9413,0,0
1768483704280,10318,Create Candidate Request,401,Unauthorized,Candidate Creation Thread Group 1-663,text,false,,261,494,315,315,http://localhost:8080/web/index.php/api/v2/recruitment/candidates,10311,0,0
1768483705076,9516,Create Candidate Request,401,Unauthorized,Candidate Creation Thread Group 1-753,text,false,,261,494,315,315,http://localhost:8080/web/index.php/api/v2/recruitment/candidates,9516,0,0
1768483704273,10406,Create Candidate Request,401,Unauthorized,Candidate Creation Thread Group 1-723,text,false,,261,494,315,315,http://localhost:8080/web/index.php/api/v2/recruitment/candidates,10402,0,0
1768483704379,10304,Create Candidate Request,401,Unauthorized,Candidate Creation Thread Group 1-674,text,false,,261,494,315,315,http://localhost:8080/web/index.php/api/v2/recruitment/candidates,10304,0,2
1768483704375,10404,Create Candidate Request,401,Unauthorized,Candidate Creation Thread Group 1-737,text,false,,261,494,315,315,http://localhost:8080/web/index.php/api/v2/recruitment/candidates,10404,0,0
1768483704384,10421,Create Candidate Request,401,Unauthorized,Candidate Creation Thread Group 1-667,text,false,,261,494,315,315,http://localhost:8080/web/index.php/api/v2/recruitment/candidates,10409,0,1
1768483704473,10407,Create Candidate Request,401,Unauthorized,Candidate Creation Thread Group 1-928,text,false,,261,494,315,315,http://localhost:8080/web/index.php/api/v2/recruitment/candidates,10406,0,0
1768483704477,10417,Create Candidate Request,401,Unauthorized,Candidate Creation Thread Group 1-931,text,false,,261,494,315,315,http://localhost:8080/web/index.php/api/v2/recruitment/candidates,10417,0,0
1768483704577,10325,Create Candidate Request,401,Unauthorized,Candidate Creation Thread Group 1-600,text,false,,261,494,315,315,http://localhost:8080/web/index.php/api/v2/recruitment/candidates,10324,0,1
1768483704585,10392,Create Candidate Request,401,Unauthorized,Candidate Creation Thread Group 1-833,text,false,,261,491,314,314,http://localhost:8080/web/index.php/api/v2/recruitment/candidates,10390,0,0
1768483704684,10305,Create Candidate Request,401,Unauthorized,Candidate Creation Thread Group 1-65,text,false,,261,491,314,314,http://localhost:8080/web/index.php/api/v2/recruitment/candidates,10298,0,0
1768483704688,10384,Create Candidate Request,401,Unauthorized,Candidate Creation Thread Group 1-807,text,false,,261,491,313,313,http://localhost:8080/web/index.php/api/v2/recruitment/candidates,10305,0,1
1768483704771,10306,Create Candidate Request,401,Unauthorized,Candidate Creation Thread Group 1-989,text,false,,261,491,313,313,http://localhost:8080/web/index.php/api/v2/recruitment/candidates,10305,0,0
1768483704775,10307,Create Candidate Request,401,Unauthorized,Candidate Creation Thread Group 1-755,text,false,,261,491,313,313,http://localhost:8080/web/index.php/api/v2/recruitment/candidates,10306,0,0
1768483705882,9206,Create Candidate Request,401,Unauthorized,Candidate Creation Thread Group 1-835,text,false,,261,494,313,313,http://localhost:8080/web/index.php/api/v2/recruitment/candidates,9206,0,1
1768483704781,10394,Create Candidate Request,401,Unauthorized,Candidate Creation Thread Group 1-806,text,false,,261,491,313,313,http://localhost:8080/web/index.php/api/v2/recruitment/candidates,10393,0,0
1768483705783,9399,Create Candidate Request,401,Unauthorized,Candidate Creation Thread Group 1-996,text,false,,261,494,313,313,http://localhost:8080/web/index.php/api/v2/recruitment/candidates,9398,0,0
1768483705777,9493,Create Candidate Request,401,Unauthorized,Candidate Creation Thread Group 1-830,text,false,,261,494,313,313,http://localhost:8080/web/index.php/api/v2/recruitment/candidates,9493,0,0
1768483705877,9399,Create Candidate Request,401,Unauthorized,Candidate Creation Thread Group 1-828,text,false,,261,494,313,313,http://localhost:8080/web/index.php/api/v2/recruitment/candidates,9399,0,0
1768483704873,10504,Create Candidate Request,401,Unauthorized,Candidate Creation Thread Group 1-811,text,false,,261,491,313,313,http://localhost:8080/web/index.php/api/v2/recruitment/candidates,10503,0,0
1768483705975,9408,Create Candidate Request,401,Unauthorized,Candidate Creation Thread Group 1-810,text,false,,261,494,313,313,http://localhost:8080/web/index.php/api/v2/recruitment/candidates,9408,0,0
1768483704879,10510,Create Candidate Request,401,Unauthorized,Candidate Creation Thread Group 1-794,text,false,,261,491,312,312,http://localhost:8080/web/index.php/api/v2/recruitment/candidates,10509,0,0
1768483704972,10498,Create Candidate Request,401,Unauthorized,Candidate Creation Thread Group 1-746,text,false,,261,491,312,312,http://localhost:8080/web/index.php/api/v2/recruitment/candidates,10498,0,0
1768483704985,10490,Create Candidate Request,401,Unauthorized,Candidate Creation Thread Group 1-999,text,false,,261,494,312,312,http://localhost:8080/web/index.php/api/v2/recruitment/candidates,10489,0,1
1768483704979,10504,Create Candidate Request,401,Unauthorized,Candidate Creation Thread Group 1-799,text,false,,261,494,312,312,http://localhost:8080/web/index.php/api/v2/recruitment/candidates,10503,0,0
1768483699994,15583,Create Candidate Request,401,Unauthorized,Candidate Creation Thread Group 1-866,text,false,,261,494,312,312,http://localhost:8080/web/index.php/api/v2/recruitment/candidates,15582,0,0
1768483699994,15590,Create Candidate Request,401,Unauthorized,Candidate Creation Thread Group 1-871,text,false,,261,494,312,312,http://localhost:8080/web/index.php/api/v2/recruitment/candidates,15590,0,0
1768483691808,23863,Create Candidate Request,401,Unauthorized,Candidate Creation Thread Group 1-692,text,false,,261,494,312,312,http://localhost:8080/web/index.php/api/v2/recruitment/candidates,23863,0,0
1768483691808,23868,Create Candidate Request,401,Unauthorized,Candidate Creation Thread Group 1-941,text,false,,261,494,312,312,http://localhost:8080/web/index.php/api/v2/recruitment/candidates,23867,0,0
1768483691808,23963,Create Candidate Request,401,Unauthorized,Candidate Creation Thread Group 1-695,text,false,,261,494,312,312,http://localhost:8080/web/index.php/api/v2/recruitment/candidates,23963,0,0
1768483691808,23969,Create Candidate Request,401,Unauthorized,Candidate Creation Thread Group 1-962,text,false,,261,494,312,312,http://localhost:8080/web/index.php/api/v2/recruitment/candidates,23967,0,0
1768483699994,15787,Create Candidate Request,401,Unauthorized,Candidate Creation Thread Group 1-859,text,false,,261,494,312,312,http://localhost:8080/web/index.php/api/v2/recruitment/candidates,15786,0,0
1768483691808,24065,Create Candidate Request,401,Unauthorized,Candidate Creation Thread Group 1-700,text,false,,261,494,312,312,http://localhost:8080/web/index.php/api/v2/recruitment/candidates,24064,0,0
1768483699996,15882,Create Candidate Request,401,Unauthorized,Candidate Creation Thread Group 1-852,text,false,,261,494,312,312,http://localhost:8080/web/index.php/api/v2/recruitment/candidates,15881,0,0
1768483699995,15890,Create Candidate Request,401,Unauthorized,Candidate Creation Thread Group 1-867,text,false,,261,494,312,312,http://localhost:8080/web/index.php/api/v2/recruitment/candidates,15889,0,0
1768483691808,24165,Create Candidate Request,401,Unauthorized,Candidate Creation Thread Group 1-698,text,false,,261,494,312,312,http://localhost:8080/web/index.php/api/v2/recruitment/candidates,24164,0,0
1768483691877,24101,Create Candidate Request,401,Unauthorized,Candidate Creation Thread Group 1-990,text,false,,261,494,312,312,http://localhost:8080/web/index.php/api/v2/recruitment/candidates,24101,0,0
1768483691872,24202,Create Candidate Request,401,Unauthorized,Candidate Creation Thread Group 1-912,text,false,,261,494,312,312,http://localhost:8080/web/index.php/api/v2/recruitment/candidates,24201,0,0
1768483691976,24111,Create Candidate Request,401,Unauthorized,Candidate Creation Thread Group 1-824,text,false,,261,494,312,312,http://localhost:8080/web/index.php/api/v2/recruitment/candidates,24110,0,1
1768483691884,24293,Create Candidate Request,401,Unauthorized,Candidate Creation Thread Group 1-924,text,false,,261,494,312,312,http://localhost:8080/web/index.php/api/v2/recruitment/candidates,24293,0,1
1768483691982,24199,Create Candidate Request,401,Unauthorized,Candidate Creation Thread Group 1-819,text,false,,261,494,312,312,http://localhost:8080/web/index.php/api/v2/recruitment/candidates,24198,0,0
1768483692084,24101,Create Candidate Request,401,Unauthorized,Candidate Creation Thread Group 1-918,text,false,,261,494,312,312,http://localhost:8080/web/index.php/api/v2/recruitment/candidates,24101,0,1
1768483692176,24102,Create Candidate Request,401,Unauthorized,Candidate Creation Thread Group 1-882,text,false,,261,494,312,312,http://localhost:8080/web/index.php/api/v2/recruitment/candidates,24102,0,0
1768483692074,24211,Create Candidate Request,401,Unauthorized,Candidate Creation Thread Group 1-892,text,false,,261,494,311,311,http://localhost:8080/web/index.php/api/v2/recruitment/candidates,24211,0,3
1768483692182,24191,Create Candidate Request,401,Unauthorized,Candidate Creation Thread Group 1-906,text,false,,261,494,311,311,http://localhost:8080/web/index.php/api/v2/recruitment/candidates,24190,0,1
1768483692272,24107,Create Candidate Request,401,Unauthorized,Candidate Creation Thread Group 1-800,text,false,,261,494,311,311,http://localhost:8080/web/index.php/api/v2/recruitment/candidates,24106,0,0
1768483692285,24100,Create Candidate Request,401,Unauthorized,Candidate Creation Thread Group 1-864,text,false,,261,494,310,310,http://localhost:8080/web/index.php/api/v2/recruitment/candidates,24100,0,1
1768483692275,24206,Create Candidate Request,401,Unauthorized,Candidate Creation Thread Group 1-897,text,false,,261,494,309,309,http://localhost:8080/web/index.php/api/v2/recruitment/candidates,24205,0,0
1768483692374,24116,Create Candidate Request,401,Unauthorized,Candidate Creation Thread Group 1-818,text,false,,261,494,309,309,http://localhost:8080/web/index.php/api/v2/recruitment/candidates,24116,0,0
1768483692572,24003,Create Candidate Request,401,Unauthorized,Candidate Creation Thread Group 1-236,text,false,,261,494,309,309,http://localhost:8080/web/index.php/api/v2/recruitment/candidates,24002,0,1
1768483692474,24109,Create Candidate Request,401,Unauthorized,Candidate Creation Thread Group 1-783,text,false,,261,494,308,308,http://localhost:8080/web/index.php/api/v2/recruitment/candidates,24109,0,0
1768483692675,23915,Create Candidate Request,401,Unauthorized,Candidate Creation Thread Group 1-60,text,false,,261,494,308,308,http://localhost:8080/web/index.php/api/v2/recruitment/candidates,23915,0,0
1768483692670,24003,Create Candidate Request,401,Unauthorized,Candidate Creation Thread Group 1-907,text,false,,261,494,307,307,http://localhost:8080/web/index.php/api/v2/recruitment/candidates,24003,0,0
1768483692773,23907,Create Candidate Request,401,Unauthorized,Candidate Creation Thread Group 1-631,text,false,,261,494,307,307,http://localhost:8080/web/index.php/api/v2/recruitment/candidates,23907,0,2
1768483692782,23988,Create Candidate Request,401,Unauthorized,Candidate Creation Thread Group 1-648,text,false,,261,491,307,307,http://localhost:8080/web/index.php/api/v2/recruitment/candidates,23905,0,0
1768483699995,16780,Create Candidate Request,401,Unauthorized,Candidate Creation Thread Group 1-857,text,false,,261,494,307,307,http://localhost:8080/web/index.php/api/v2/recruitment/candidates,16780,0,0
1768483693170,23700,Create Candidate Request,401,Unauthorized,Candidate Creation Thread Group 1-715,text,false,,261,491,307,307,http://localhost:8080/web/index.php/api/v2/recruitment/candidates,23699,0,0
1768483693175,23703,Create Candidate Request,401,Unauthorized,Candidate Creation Thread Group 1-735,text,false,,261,491,307,307,http://localhost:8080/web/index.php/api/v2/recruitment/candidates,23702,0,1
1768483693270,23611,Create Candidate Request,401,Unauthorized,Candidate Creation Thread Group 1-900,text,false,,261,491,307,307,http://localhost:8080/web/index.php/api/v2/recruitment/candidates,23611,0,0
1768483693482,23501,Create Candidate Request,401,Unauthorized,Candidate Creation Thread Group 1-813,text,false,,261,491,307,307,http://localhost:8080/web/index.php/api/v2/recruitment/candidates,23500,0,1
1768483693372,23618,Create Candidate Request,401,Unauthorized,Candidate Creation Thread Group 1-978,text,false,,261,491,307,307,http://localhost:8080/web/index.php/api/v2/recruitment/candidates,23618,0,1
1768483693378,23613,Create Candidate Request,401,Unauthorized,Candidate Creation Thread Group 1-66,text,false,,261,491,307,307,http://localhost:8080/web/index.php/api/v2/recruitment/candidates,23612,0,0
1768483693383,23698,Create Candidate Request,401,Unauthorized,Candidate Creation Thread Group 1-327,text,false,,261,491,306,306,http://localhost:8080/web/index.php/api/v2/recruitment/candidates,23695,0,0
1768483694472,22632,Create Candidate Request,401,Unauthorized,Candidate Creation Thread Group 1-775,text,false,,261,494,306,306,http://localhost:8080/web/index.php/api/v2/recruitment/candidates,22632,0,1
1768483693683,23421,Create Candidate Request,401,Unauthorized,Candidate Creation Thread Group 1-706,text,false,,261,491,306,306,http://localhost:8080/web/index.php/api/v2/recruitment/candidates,23420,0,0
1768483694384,22720,Create Candidate Request,401,Unauthorized,Candidate Creation Thread Group 1-980,text,false,,261,494,306,306,http://localhost:8080/web/index.php/api/v2/recruitment/candidates,22712,0,0
1768483694576,22597,Create Candidate Request,401,Unauthorized,Candidate Creation Thread Group 1-756,text,false,,261,494,303,303,http://localhost:8080/web/index.php/api/v2/recruitment/candidates,22527,0,0
1768483694582,22596,Create Candidate Request,401,Unauthorized,Candidate Creation Thread Group 1-497,text,false,,261,494,303,303,http://localhost:8080/web/index.php/api/v2/recruitment/candidates,22595,0,0
1768483694680,22591,Create Candidate Request,401,Unauthorized,Candidate Creation Thread Group 1-827,text,false,,261,494,302,302,http://localhost:8080/web/index.php/api/v2/recruitment/candidates,22590,0,1
1768483708272,9003,Create Candidate Request,401,Unauthorized,Candidate Creation Thread Group 1-963,text,false,,261,494,302,302,http://localhost:8080/web/index.php/api/v2/recruitment/candidates,9003,0,0
1768483708275,9006,Create Candidate Request,401,Unauthorized,Candidate Creation Thread Group 1-942,text,false,,261,494,302,302,http://localhost:8080/web/index.php/api/v2/recruitment/candidates,9006,0,0
1768483707777,9703,Create Candidate Request,401,Unauthorized,Candidate Creation Thread Group 1-940,text,false,,261,494,302,302,http://localhost:8080/web/index.php/api/v2/recruitment/candidates,9703,0,0
1768483707686,9890,Create Candidate Request,401,Unauthorized,Candidate Creation Thread Group 1-690,text,false,,261,494,302,302,http://localhost:8080/web/index.php/api/v2/recruitment/candidates,9890,0,1
1768483707782,9802,Create Candidate Request,401,Unauthorized,Candidate Creation Thread Group 1-961,text,false,,261,494,302,302,http://localhost:8080/web/index.php/api/v2/recruitment/candidates,9801,0,1
1768483707872,9809,Create Candidate Request,401,Unauthorized,Candidate Creation Thread Group 1-956,text,false,,261,494,302,302,http://localhost:8080/web/index.php/api/v2/recruitment/candidates,9808,0,1
1768483707875,9818,Create Candidate Request,401,Unauthorized,Candidate Creation Thread Group 1-951,text,false,,261,494,302,302,http://localhost:8080/web/index.php/api/v2/recruitment/candidates,9818,0,2
1768483707787,9986,Create Candidate Request,401,Unauthorized,Candidate Creation Thread Group 1-711,text,false,,261,494,302,302,http://localhost:8080/web/index.php/api/v2/recruitment/candidates,9985,0,0
1768483707981,9796,Create Candidate Request,401,Unauthorized,Candidate Creation Thread Group 1-881,text,false,,261,494,302,302,http://localhost:8080/web/index.php/api/v2/recruitment/candidates,9796,0,1
1768483707886,9899,Create Candidate Request,401,Unauthorized,Candidate Creation Thread Group 1-950,text,false,,261,494,302,302,http://localhost:8080/web/index.php/api/v2/recruitment/candidates,9898,0,0
1768483707881,9993,Create Candidate Request,401,Unauthorized,Candidate Creation Thread Group 1-887,text,false,,261,494,302,302,http://localhost:8080/web/index.php/api/v2/recruitment/candidates,9993,0,0
1768483708080,9798,Create Candidate Request,401,Unauthorized,Candidate Creation Thread Group 1-967,text,false,,261,494,302,302,http://localhost:8080/web/index.php/api/v2/recruitment/candidates,9798,0,0
1768483708181,9703,Create Candidate Request,401,Unauthorized,Candidate Creation Thread Group 1-947,text,false,,261,494,302,302,http://localhost:8080/web/index.php/api/v2/recruitment/candidates,9703,0,0
1768483708175,9800,Create Candidate Request,401,Unauthorized,Candidate Creation Thread Group 1-875,text,false,,261,494,302,302,http://localhost:8080/web/index.php/api/v2/recruitment/candidates,9799,0,1
1768483694979,23091,Create Candidate Request,401,Unauthorized,Candidate Creation Thread Group 1-751,text,false,,261,494,302,302,http://localhost:8080/web/index.php/api/v2/recruitment/candidates,23005,0,0
1768483695075,23001,Create Candidate Request,401,Unauthorized,Candidate Creation Thread Group 1-619,text,false,,261,494,301,301,http://localhost:8080/web/index.php/api/v2/recruitment/candidates,22999,0,0
1768483695272,22808,Create Candidate Request,401,Unauthorized,Candidate Creation Thread Group 1-817,text,false,,261,494,300,300,http://localhost:8080/web/index.php/api/v2/recruitment/candidates,22807,0,1
1768483701279,16894,Create Candidate Request,401,Unauthorized,Candidate Creation Thread Group 1-215,text,false,,261,494,300,300,http://localhost:8080/web/index.php/api/v2/recruitment/candidates,16894,0,1
1768483695276,22906,Create Candidate Request,401,Unauthorized,Candidate Creation Thread Group 1-798,text,false,,261,494,299,299,http://localhost:8080/web/index.php/api/v2/recruitment/candidates,22905,0,0
1768483701679,16596,Create Candidate Request,401,Unauthorized,Candidate Creation Thread Group 1-986,text,false,,261,494,298,298,http://localhost:8080/web/index.php/api/v2/recruitment/candidates,16595,0,0
1768483695280,23005,Create Candidate Request,401,Unauthorized,Candidate Creation Thread Group 1-758,text,false,,261,494,298,298,http://localhost:8080/web/index.php/api/v2/recruitment/candidates,23005,0,1
1768483695386,22990,Create Candidate Request,401,Unauthorized,Candidate Creation Thread Group 1-774,text,false,,261,494,297,297,http://localhost:8080/web/index.php/api/v2/recruitment/candidates,22988,0,1
1768483701772,16613,Create Candidate Request,401,Unauthorized,Candidate Creation Thread Group 1-933,text,false,,261,494,297,297,http://localhost:8080/web/index.php/api/v2/recruitment/candidates,16613,0,1
1768483695486,22988,Create Candidate Request,401,Unauthorized,Candidate Creation Thread Group 1-768,text,false,,261,494,297,297,http://localhost:8080/web/index.php/api/v2/recruitment/candidates,22988,0,0
1768483695372,23107,Create Candidate Request,401,Unauthorized,Candidate Creation Thread Group 1-805,text,false,,261,494,297,297,http://localhost:8080/web/index.php/api/v2/recruitment/candidates,23106,0,0
1768483695578,22908,Create Candidate Request,401,Unauthorized,Candidate Creation Thread Group 1-982,text,false,,261,494,296,296,http://localhost:8080/web/index.php/api/v2/recruitment/candidates,22907,0,1
1768483695587,22985,Create Candidate Request,401,Unauthorized,Candidate Creation Thread Group 1-977,text,false,,261,494,296,296,http://localhost:8080/web/index.php/api/v2/recruitment/candidates,22984,0,0
1768483695678,22900,Create Candidate Request,401,Unauthorized,Candidate Creation Thread Group 1-754,text,false,,261,494,296,296,http://localhost:8080/web/index.php/api/v2/recruitment/candidates,22899,0,0
1768483695672,22998,Create Candidate Request,401,Unauthorized,Candidate Creation Thread Group 1-984,text,false,,261,494,296,296,http://localhost:8080/web/index.php/api/v2/recruitment/candidates,22998,0,1
1768483708284,10396,Create Candidate Request,401,Unauthorized,Candidate Creation Thread Group 1-944,text,false,,261,494,296,296,http://localhost:8080/web/index.php/api/v2/recruitment/candidates,10395,0,0
1768483695683,23002,Create Candidate Request,401,Unauthorized,Candidate Creation Thread Group 1-915,text,false,,261,494,296,296,http://localhost:8080/web/index.php/api/v2/recruitment/candidates,23001,0,0
1768483695782,22991,Create Candidate Request,401,Unauthorized,Candidate Creation Thread Group 1-796,text,false,,261,494,296,296,http://localhost:8080/web/index.php/api/v2/recruitment/candidates,22990,0,0
1768483695901,22876,Create Candidate Request,401,Unauthorized,Candidate Creation Thread Group 1-512,text,false,,261,494,296,296,http://localhost:8080/web/index.php/api/v2/recruitment/candidates,22876,0,2
1768483695896,22889,Create Candidate Request,401,Unauthorized,Candidate Creation 