timeStamp,elapsed,label,responseCode,responseMessage,threadName,dataType,success,failureMessage,bytes,sentBytes,grpThreads,allThreads,URL,Latency,IdleTime,Connect
1768458064187,567,Create Candidate Request,401,Unauthorized,Candidate Creation Thread Group 1-282,text,false,,261,494,465,465,http://localhost:8080/web/index.php/api/v2/recruitment/candidates,565,0,3
1768458064189,570,Create Candidate Request,401,Unauthorized,Candidate Creation Thread Group 1-278,text,false,,261,494,465,465,http://localhost:8080/web/index.php/api/v2/recruitment/candidates,562,0,2
1768458064185,724,Create Candidate Request,401,Unauthorized,Candidate Creation Thread Group 1-280,text,false,,261,494,524,524,http://localhost:8080/web/index.php/api/v2/recruitment/candidates,724,0,5
1768458064183,748,Create Candidate Request,401,Unauthorized,Candidate Creation Thread Group 1-281,text,false,,261,494,524,524,http://localhost:8080/web/index.php/api/v2/recruitment/candidates,746,0,9
1768458064165,867,Create Candidate Request,401,Unauthorized,Candidate Creation Thread Group 1-276,text,false,,261,494,535,535,http://localhost:8080/web/index.php/api/v2/recruitment/candidates,867,0,18
1768458064163,1073,Create Candidate Request,401,Unauthorized,Candidate Creation Thread Group 1-154,text,false,,261,491,582,582,http://localhost:8080/web/index.php/api/v2/recruitment/candidates,1072,0,24
1768458064182,1139,Create Candidate Request,401,Unauthorized,Candidate Creation Thread Group 1-80,text,false,,261,494,602,602,http://localhost:8080/web/index.php/api/v2/recruitment/candidates,1131,0,1
1768458064194,1230,Create Candidate Request,401,Unauthorized,Candidate Creation Thread Group 1-74,text,false,,261,494,676,676,http://localhost:8080/web/index.php/api/v2/recruitment/candidates,1225,0,1
1768458064198,1430,Create Candidate Request,401,Unauthorized,Candidate Creation Thread Group 1-201,text,false,,261,491,737,737,http://localhost:8080/web/index.php/api/v2/recruitment/candidates,1418,0,1
1768458064200,1516,Create Candidate Request,401,Unauthorized,Candidate Creation Thread Group 1-11,text,false,,261,494,769,769,http://localhost:8080/web/index.php/api/v2/recruitment/candidates,1515,0,1
1768458064203,1611,Create Candidate Request,401,Unauthorized,Candidate Creation Thread Group 1-105,text,false,,261,494,809,809,http://localhost:8080/web/index.php/api/v2/recruitment/candidates,1611,0,1
1768458064202,1716,Create Candidate Request,401,Unauthorized,Candidate Creation Thread Group 1-2,text,false,,261,494,853,853,http://localhost:8080/web/index.php/api/v2/recruitment/candidates,1715,0,1
1768458064183,1843,Create Candidate Request,401,Unauthorized,Candidate Creation Thread Group 1-214,text,false,,261,491,896,896,http://localhost:8080/web/index.php/api/v2/recruitment/candidates,1832,0,1
1768458064195,1932,Create Candidate Request,401,Unauthorized,Candidate Creation Thread Group 1-68,text,false,,261,494,944,944,http://localhost:8080/web/index.php/api/v2/recruitment/candidates,1914,0,1
1768458064180,2143,Create Candidate Request,401,Unauthorized,Candidate Creation Thread Group 1-279,text,false,,261,494,987,987,http://localhost:8080/web/index.php/api/v2/recruitment/candidates,2041,0,1
1768458064197,2469,Create Candidate Request,401,Unauthorized,Candidate Creation Thread Group 1-136,text,false,,261,494,1136,1136,http://localhost:8080/web/index.php/api/v2/recruitment/candidates,2469,0,1
1768458064205,2514,Create Candidate Request,401,Unauthorized,Candidate Creation Thread Group 1-23,text,false,,261,491,1148,1148,http://localhost:8080/web/index.php/api/v2/recruitment/candidates,2514,0,1
1768458064208,2614,Create Candidate Request,401,Unauthorized,Candidate Creation Thread Group 1-212,text,false,,261,491,1189,1189,http://localhost:8080/web/index.php/api/v2/recruitment/candidates,2614,0,1
1768458064179,2768,Create Candidate Request,401,Unauthorized,Candidate Creation Thread Group 1-62,text,false,,261,494,1240,1240,http://localhost:8080/web/index.php/api/v2/recruitment/candidates,2768,0,1
1768458064206,2941,Create Candidate Request,401,Unauthorized,Candidate Creation Thread Group 1-66,text,false,,261,494,1289,1289,http://localhost:8080/web/index.php/api/v2/recruitment/candidates,2921,0,1
1768458064179,3049,Create Candidate Request,401,Unauthorized,Candidate Creation Thread Group 1-216,text,false,,261,491,1307,1307,http://localhost:8080/web/index.php/api/v2/recruitment/candidates,3048,0,1
1768458064212,3217,Create Candidate Request,401,Unauthorized,Candidate Creation Thread Group 1-165,text,false,,261,494,1375,1375,http://localhost:8080/web/index.php/api/v2/recruitment/candidates,3217,0,4
1768458064168,3460,Create Candidate Request,401,Unauthorized,Candidate Creation Thread Group 1-153,text,false,,261,491,1435,1435,http://localhost:8080/web/index.php/api/v2/recruitment/candidates,3460,0,18
1768458064171,3545,Create Candidate Request,401,Unauthorized,Candidate Creation Thread Group 1-206,text,false,,261,491,1474,1474,http://localhost:8080/web/index.php/api/v2/recruitment/candidates,3541,0,13
1768458064185,3638,Create Candidate Request,401,Unauthorized,Candidate Creation Thread Group 1-120,text,false,,261,494,1476,1476,http://localhost:8080/web/index.php/api/v2/recruitment/candidates,3629,0,1
1768458064182,3838,Create Candidate Request,401,Unauthorized,Candidate Creation Thread Group 1-47,text,false,,261,494,1475,1475,http://localhost:8080/web/index.php/api/v2/recruitment/candidates,3831,0,4
1768458064170,4050,Create Candidate Request,401,Unauthorized,Candidate Creation Thread Group 1-277,text,false,,261,494,1474,1474,http://localhost:8080/web/index.php/api/v2/recruitment/candidates,4048,0,16
1768458064235,4090,Create Candidate Request,401,Unauthorized,Candidate Creation Thread Group 1-283,text,false,,261,494,1473,1473,http://localhost:8080/web/index.php/api/v2/recruitment/candidates,4085,0,2
1768458064222,4198,Create Candidate Request,401,Unauthorized,Candidate Creation Thread Group 1-158,text,false,,261,491,1472,1472,http://localhost:8080/web/index.php/api/v2/recruitment/candidates,4197,0,13
1768458064218,4403,Create Candidate Request,401,Unauthorized,Candidate Creation Thread Group 1-104,text,false,,261,494,1471,1471,http://localhost:8080/web/index.php/api/v2/recruitment/candidates,4397,0,20
1768458064211,4597,Create Candidate Request,401,Unauthorized,Candidate Creation Thread Group 1-103,text,false,,261,494,1470,1470,http://localhost:8080/web/index.php/api/v2/recruitment/candidates,4511,0,1
1768458064226,4696,Create Candidate Request,401,Unauthorized,Candidate Creation Thread Group 1-102,text,false,,261,494,1469,1469,http://localhost:8080/web/index.php/api/v2/recruitment/candidates,4692,0,9
1768458064208,4907,Create Candidate Request,401,Unauthorized,Candidate Creation Thread Group 1-140,text,false,,261,494,1468,1468,http://localhost:8080/web/index.php/api/v2/recruitment/candidates,4903,0,29
1768458064209,5205,Create Candidate Request,401,Unauthorized,Candidate Creation Thread Group 1-163,text,false,,261,494,1467,1467,http://localhost:8080/web/index.php/api/v2/recruitment/candidates,5201,0,29
1768458064205,5704,Create Candidate Request,401,Unauthorized,Candidate Creation Thread Group 1-161,text,false,,261,494,1466,1466,http://localhost:8080/web/index.php/api/v2/recruitment/candidates,5703,0,31
1768458064240,6071,Create Candidate Request,401,Unauthorized,Candidate Creation Thread Group 1-286,text,false,,261,494,1465,1465,http://localhost:8080/web/index.php/api/v2/recruitment/candidates,5978,0,1
1768458064229,6388,Create Candidate Request,401,Unauthorized,Candidate Creation Thread Group 1-8,text,false,,261,494,1464,1464,http://localhost:8080/web/index.php/api/v2/recruitment/candidates,6383,0,10
1768458064210,6801,Create Candidate Request,401,Unauthorized,Candidate Creation Thread Group 1-81,text,false,,261,494,1463,1463,http://localhost:8080/web/index.php/api/v2/recruitment/candidates,6797,0,27
1768458064233,6979,Create Candidate Request,401,Unauthorized,Candidate Creation Thread Group 1-76,text,false,,261,494,1462,1462,http://localhost:8080/web/index.php/api/v2/recruitment/candidates,6976,0,9
1768458064216,7193,Create Candidate Request,401,Unauthorized,Candidate Creation Thread Group 1-31,text,false,,261,491,1461,1461,http://localhost:8080/web/index.php/api/v2/recruitment/candidates,7102,0,24
1768458064244,7165,Create Candidate Request,401,Unauthorized,Candidate Creation Thread Group 1-24,text,false,,261,491,1461,1461,http://localhost:8080/web/index.php/api/v2/recruitment/candidates,7068,0,5
1768458064214,7298,Create Candidate Request,401,Unauthorized,Candidate Creation Thread Group 1-157,text,false,,261,491,1459,1459,http://localhost:8080/web/index.php/api/v2/recruitment/candidates,7292,0,23
1768458064215,7495,Create Candidate Request,401,Unauthorized,Candidate Creation Thread Group 1-42,text,false,,261,494,1458,1458,http://localhost:8080/web/index.php/api/v2/recruitment/candidates,7495,0,26
1768458064247,7471,Create Candidate Request,401,Unauthorized,Candidate Creation Thread Group 1-288,text,false,,261,494,1457,1457,http://localhost:8080/web/index.php/api/v2/recruitment/candidates,7470,0,1
1768458064246,7561,Create Candidate Request,401,Unauthorized,Candidate Creation Thread Group 1-287,text,false,,261,494,1456,1456,http://localhost:8080/web/index.php/api/v2/recruitment/candidates,7561,0,4
1768458064238,7574,Create Candidate Request,401,Unauthorized,Candidate Creation Thread Group 1-284,text,false,,261,494,1455,1455,http://localhost:8080/web/index.php/api/v2/recruitment/candidates,7574,0,2
1768458064243,7575,Create Candidate Request,401,Unauthorized,Candidate Creation Thread Group 1-141,text,false,,261,494,1454,1454,http://localhost:8080/web/index.php/api/v2/recruitment/candidates,7575,0,1
1768458064231,7593,Create Candidate Request,401,Unauthorized,Candidate Creation Thread Group 1-194,text,false,,261,494,1453,1453,http://localhost:8080/web/index.php/api/v2/recruitment/candidates,7593,0,12
1768458064232,7679,Create Candidate Request,401,Unauthorized,Candidate Creation Thread Group 1-46,text,false,,261,491,1452,1452,http://localhost:8080/web/index.php/api/v2/recruitment/candidates,7678,0,9
1768458064236,7681,Create Candidate Request,401,Unauthorized,Candidate Creation Thread Group 1-13,text,false,,261,494,1451,1451,http://localhost:8080/web/index.php/api/v2/recruitment/candidates,7680,0,1
1768458064249,7759,Create Candidate Request,401,Unauthorized,Candidate Creation Thread Group 1-45,text,false,,261,491,1450,1450,http://localhost:8080/web/index.php/api/v2/recruitment/candidates,7758,0,5
1768458064250,7766,Create Candidate Request,401,Unauthorized,Candidate Creation Thread Group 1-134,text,false,,261,494,1449,1449,http://localhost:8080/web/index.php/api/v2/recruitment/candidates,7765,0,7
1768458064238,7782,Create Candidate Request,401,Unauthorized,Candidate Creation Thread Group 1-285,text,false,,261,494,1448,1448,http://localhost:8080/web/index.php/api/v2/recruitment/candidates,7782,0,1
1768458064253,7773,Create Candidate Request,401,Unauthorized,Candidate Creation Thread Group 1-99,text,false,,261,494,1447,1447,http://localhost:8080/web/index.php/api/v2/recruitment/candidates,7773,0,5
1768458064244,7866,Create Candidate Request,401,Unauthorized,Candidate Creation Thread Group 1-116,text,false,,261,494,1446,1446,http://localhost:8080/web/index.php/api/v2/recruitment/candidates,7866,0,1
1768458064217,7898,Create Candidate Request,401,Unauthorized,Candidate Creation Thread Group 1-88,text,false,,261,494,1445,1445,http://localhost:8080/web/index.php/api/v2/recruitment/candidates,7898,0,22
1768458064265,7943,Create Candidate Request,401,Unauthorized,Candidate Creation Thread Group 1-195,text,false,,261,494,1444,1444,http://localhost:8080/web/index.php/api/v2/recruitment/candidates,7943,0,1
1768458064230,8083,Create Candidate Request,401,Unauthorized,Candidate Creation Thread Group 1-84,text,false,,261,494,1443,1443,http://localhost:8080/web/index.php/api/v2/recruitment/candidates,8082,0,13
1768458064263,8349,Create Candidate Request,401,Unauthorized,Candidate Creation Thread Group 1-291,text,false,,261,494,1442,1442,http://localhost:8080/web/index.php/api/v2/recruitment/candidates,8345,0,5
1768458064264,8645,Create Candidate Request,401,Unauthorized,Candidate Creation Thread Group 1-89,text,false,,261,494,1441,1441,http://localhost:8080/web/index.php/api/v2/recruitment/candidates,8643,0,5
1768458064288,8734,Create Candidate Request,401,Unauthorized,Candidate Creation Thread Group 1-300,text,false,,261,494,1440,1440,http://localhost:8080/web/index.php/api/v2/recruitment/candidates,8734,0,12
1768458064256,8954,Create Candidate Request,401,Unauthorized,Candidate Creation Thread Group 1-43,text,false,,261,494,1439,1439,http://localhost:8080/web/index.php/api/v2/recruitment/candidates,8951,0,3
1768458064341,8973,Create Candidate Request,401,Unauthorized,Candidate Creation Thread Group 1-91,text,false,,261,494,1438,1438,http://localhost:8080/web/index.php/api/v2/recruitment/candidates,8973,0,1
1768458064331,9083,Create Candidate Request,401,Unauthorized,Candidate Creation Thread Group 1-59,text,false,,261,491,1437,1437,http://localhost:8080/web/index.php/api/v2/recruitment/candidates,9081,0,4
1768458064273,9333,Create Candidate Request,401,Unauthorized,Candidate Creation Thread Group 1-294,text,false,,261,494,1436,1436,http://localhost:8080/web/index.php/api/v2/recruitment/candidates,9243,0,4
1768458064334,9280,Create Candidate Request,401,Unauthorized,Candidate Creation Thread Group 1-166,text,false,,261,494,1435,1435,http://localhost:8080/web/index.php/api/v2/recruitment/candidates,9279,0,9
1768458064347,9364,Create Candidate Request,401,Unauthorized,Candidate Creation Thread Group 1-301,text,false,,261,491,1434,1434,http://localhost:8080/web/index.php/api/v2/recruitment/candidates,9364,0,1
1768458064355,9553,Create Candidate Request,401,Unauthorized,Candidate Creation Thread Group 1-321,text,false,,261,491,1433,1433,http://localhost:8080/web/index.php/api/v2/recruitment/candidates,9458,0,1
1768458064271,9645,Create Candidate Request,401,Unauthorized,Candidate Creation Thread Group 1-292,text,false,,261,494,1432,1432,http://localhost:8080/web/index.php/api/v2/recruitment/candidates,9638,0,3
1768458064360,9849,Create Candidate Request,401,Unauthorized,Candidate Creation Thread Group 1-315,text,false,,261,491,1431,1431,http://localhost:8080/web/index.php/api/v2/recruitment/candidates,9652,0,1
1768458064267,9945,Create Candidate Request,401,Unauthorized,Candidate Creation Thread Group 1-95,text,false,,261,494,1430,1430,http://localhost:8080/web/index.php/api/v2/recruitment/candidates,9945,0,1
1768458064308,10301,Create Candidate Request,401,Unauthorized,Candidate Creation Thread Group 1-54,text,false,,261,491,1429,1429,http://localhost:8080/web/index.php/api/v2/recruitment/candidates,10301,0,1
1768458064357,10358,Create Candidate Request,401,Unauthorized,Candidate Creation Thread Group 1-323,text,false,,261,491,1428,1428,http://localhost:8080/web/index.php/api/v2/recruitment/candidates,10352,0,0
1768458064270,10744,Create Candidate Request,401,Unauthorized,Candidate Creation Thread Group 1-200,text,false,,261,494,1427,1427,http://localhost:8080/web/index.php/api/v2/recruitment/candidates,10546,0,2
1768458064243,10870,Create Candidate Request,401,Unauthorized,Candidate Creation Thread Group 1-139,text,false,,261,494,1426,1426,http://localhost:8080/web/index.php/api/v2/recruitment/candidates,10867,0,4
1768458064260,10946,Create Candidate Request,401,Unauthorized,Candidate Creation Thread Group 1-129,text,false,,261,494,1425,1425,http://localhost:8080/web/index.php/api/v2/recruitment/candidates,10858,0,1
1768458064274,10940,Create Candidate Request,401,Unauthorized,Candidate Creation Thread Group 1-297,text,false,,261,494,1424,1424,http://localhost:8080/web/index.php/api/v2/recruitment/candidates,10940,0,1
1768458064249,10969,Create Candidate Request,401,Unauthorized,Candidate Creation Thread Group 1-289,text,false,,261,494,1423,1423,http://localhost:8080/web/index.php/api/v2/recruitment/candidates,10969,0,2
1768458064272,11035,Create Candidate Request,401,Unauthorized,Candidate Creation Thread Group 1-296,text,false,,261,494,1422,1422,http://localhost:8080/web/index.php/api/v2/recruitment/candidates,11034,0,4
1768458064303,11033,Create Candidate Request,401,Unauthorized,Candidate Creation Thread Group 1-148,text,false,,261,494,1421,1421,http://localhost:8080/web/index.php/api/v2/recruitment/candidates,11032,0,1
1768458064268,11068,Create Candidate Request,401,Unauthorized,Candidate Creation Thread Group 1-40,text,false,,261,494,1421,1421,http://localhost:8080/web/index.php/api/v2/recruitment/candidates,11068,0,1
1768458064347,11064,Create Candidate Request,401,Unauthorized,Candidate Creation Thread Group 1-71,text,false,,261,494,1419,1419,http://localhost:8080/web/index.php/api/v2/recruitment/candidates,11063,0,1
1768458064356,11060,Create Candidate Request,401,Unauthorized,Candidate Creation Thread Group 1-314,text,false,,261,491,1418,1418,http://localhost:8080/web/index.php/api/v2/recruitment/candidates,11060,0,0
1768458064342,11083,Create Candidate Request,401,Unauthorized,Candidate Creation Thread Group 1-119,text,false,,261,494,1417,1417,http://localhost:8080/web/index.php/api/v2/recruitment/candidates,11082,0,1
1768458064283,11226,Create Candidate Request,401,Unauthorized,Candidate Creation Thread Group 1-197,text,false,,261,494,1416,1416,http://localhost:8080/web/index.php/api/v2/recruitment/candidates,11226,0,3
1768458064349,11261,Create Candidate Request,401,Unauthorized,Candidate Creation Thread Group 1-44,text,false,,261,494,1415,1415,http://localhost:8080/web/index.php/api/v2/recruitment/candidates,11167,0,0
1768458064281,11331,Create Candidate Request,401,Unauthorized,Candidate Creation Thread Group 1-298,text,false,,261,494,1414,1414,http://localhost:8080/web/index.php/api/v2/recruitment/candidates,11330,0,7
1768458064341,11370,Create Candidate Request,401,Unauthorized,Candidate Creation Thread Group 1-30,text,false,,261,491,1413,1413,http://localhost:8080/web/index.php/api/v2/recruitment/candidates,11370,0,3
1768458064362,11455,Create Candidate Request,401,Unauthorized,Candidate Creation Thread Group 1-307,text,false,,261,491,1412,1412,http://localhost:8080/web/index.php/api/v2/recruitment/candidates,11452,0,1
1768458064438,11473,Create Candidate Request,401,Unauthorized,Candidate Creation Thread Group 1-335,text,false,,261,494,1411,1411,http://localhost:8080/web/index.php/api/v2/recruitment/candidates,11472,0,5
1768458064438,11674,Create Candidate Request,401,Unauthorized,Candidate Creation Thread Group 1-334,text,false,,261,494,1410,1410,http://localhost:8080/web/index.php/api/v2/recruitment/candidates,11671,0,5
1768458064405,11905,Create Candidate Request,401,Unauthorized,Candidate Creation Thread Group 1-340,text,false,,261,494,1409,1409,http://localhost:8080/web/index.php/api/v2/recruitment/candidates,11902,0,0
1768458064360,12050,Create Candidate Request,401,Unauthorized,Candidate Creation Thread Group 1-182,text,false,,261,494,1408,1408,http://localhost:8080/web/index.php/api/v2/recruitment/candidates,11956,0,8
1768458064357,12059,Create Candidate Request,401,Unauthorized,Candidate Creation Thread Group 1-19,text,false,,261,494,1407,1407,http://localhost:8080/web/index.php/api/v2/recruitment/candidates,12058,0,3
1768458064372,12339,Create Candidate Request,401,Unauthorized,Candidate Creation Thread Group 1-305,text,false,,261,494,1406,1406,http://localhost:8080/web/index.php/api/v2/recruitment/candidates,12338,0,4
1768458064302,12614,Create Candidate Request,401,Unauthorized,Candidate Creation Thread Group 1-128,text,false,,261,494,1405,1405,http://localhost:8080/web/index.php/api/v2/recruitment/candidates,12610,0,3
1768458064390,12623,Create Candidate Request,401,Unauthorized,Candidate Creation Thread Group 1-33,text,false,,261,494,1404,1404,http://localhost:8080/web/index.php/api/v2/recruitment/candidates,12622,0,1
1768458064398,12713,Create Candidate Request,401,Unauthorized,Candidate Creation Thread Group 1-184,text,false,,261,494,1403,1403,http://localhost:8080/web/index.php/api/v2/recruitment/candidates,12712,0,1
1768458064389,12727,Create Candidate Request,401,Unauthorized,Candidate Creation Thread Group 1-337,text,false,,261,494,1402,1402,http://localhost:8080/web/index.php/api/v2/recruitment/candidates,12727,0,1
1768458064396,12813,Create Candidate Request,401,Unauthorized,Candidate Creation Thread Group 1-193,text,false,,261,494,1401,1401,http://localhost:8080/web/index.php/api/v2/recruitment/candidates,12812,0,1
1768458064378,12835,Create Candidate Request,401,Unauthorized,Candidate Creation Thread Group 1-319,text,false,,261,494,1400,1400,http://localhost:8080/web/index.php/api/v2/recruitment/candidates,12835,0,1
1768458064397,12823,Create Candidate Request,401,Unauthorized,Candidate Creation Thread Group 1-339,text,false,,261,494,1399,1399,http://localhost:8080/web/index.php/api/v2/recruitment/candidates,12822,0,1
1768458064384,12923,Create Candidate Request,401,Unauthorized,Candidate Creation Thread Group 1-320,text,false,,261,494,1398,1398,http://localhost:8080/web/index.php/api/v2/recruitment/candidates,12922,0,7
1768458064392,12920,Create Candidate Request,401,Unauthorized,Candidate Creation Thread Group 1-330,text,false,,261,494,1397,1397,http://localhost:8080/web/index.php/api/v2/recruitment/candidates,12919,0,6
1768458064393,12925,Create Candidate Request,401,Unauthorized,Candidate Creation Thread Group 1-26,text,false,,261,491,1396,1396,http://localhost:8080/web/index.php/api/v2/recruitment/candidates,12924,0,1
1768458064394,12929,Create Candidate Request,401,Unauthorized,Candidate Creation Thread Group 1-331,text,false,,261,494,1395,1395,http://localhost:8080/web/index.php/api/v2/recruitment/candidates,12928,0,3
1768458064402,13005,Create Candidate Request,401,Unauthorized,Candidate Creation Thread Group 1-173,text,false,,261,494,1394,1394,http://localhost:8080/web/index.php/api/v2/recruitment/candidates,13005,0,1
1768458064386,13027,Create Candidate Request,401,Unauthorized,Candidate Creation Thread Group 1-52,text,false,,261,491,1393,1393,http://localhost:8080/web/index.php/api/v2/recruitment/candidates,13027,0,7
1768458064371,13059,Create Candidate Request,401,Unauthorized,Candidate Creation Thread Group 1-304,text,false,,261,494,1392,1392,http://localhost:8080/web/index.php/api/v2/recruitment/candidates,13053,0,5
1768458064389,13223,Create Candidate Request,401,Unauthorized,Candidate Creation Thread Group 1-25,text,false,,261,491,1391,1391,http://localhost:8080/web/index.php/api/v2/recruitment/candidates,13223,0,4
1768458064375,13434,Create Candidate Request,401,Unauthorized,Candidate Creation Thread Group 1-324,text,false,,261,494,1390,1390,http://localhost:8080/web/index.php/api/v2/recruitment/candidates,13432,0,3
1768458064384,13532,Create Candidate Request,401,Unauthorized,Candidate Creation Thread Group 1-36,text,false,,261,494,1389,1389,http://localhost:8080/web/index.php/api/v2/recruitment/candidates,13529,0,1
1768458064386,13726,Create Candidate Request,401,Unauthorized,Candidate Creation Thread Group 1-312,text,false,,261,494,1388,1388,http://localhost:8080/web/index.php/api/v2/recruitment/candidates,13724,0,6
1768458064402,13808,Create Candidate Request,401,Unauthorized,Candidate Creation Thread Group 1-341,text,false,,261,494,1387,1387,http://localhost:8080/web/index.php/api/v2/recruitment/candidates,13807,0,0
1768458064400,13816,Create Candidate Request,401,Unauthorized,Candidate Creation Thread Group 1-41,text,false,,261,494,1386,1386,http://localhost:8080/web/index.php/api/v2/recruitment/candidates,13816,0,3
1768458064403,13905,Create Candidate Request,401,Unauthorized,Candidate Creation Thread Group 1-332,text,false,,261,494,1385,1385,http://localhost:8080/web/index.php/api/v2/recruitment/candidates,13905,0,0
1768458064401,13912,Create Candidate Request,401,Unauthorized,Candidate Creation Thread Group 1-117,text,false,,261,494,1384,1384,http://localhost:8080/web/index.php/api/v2/recruitment/candidates,13912,0,3
1768458064401,13917,Create Candidate Request,401,Unauthorized,Candidate Creation Thread Group 1-308,text,false,,261,494,1383,1383,http://localhost:8080/web/index.php/api/v2/recruitment/candidates,13917,0,4
1768458064403,14003,Create Candidate Request,401,Unauthorized,Candidate Creation Thread Group 1-75,text,false,,261,494,1382,1382,http://localhost:8080/web/index.php/api/v2/recruitment/candidates,13919,0,0
1768458064401,14009,Create Candidate Request,401,Unauthorized,Candidate Creation Thread Group 1-126,text,false,,261,494,1381,1381,http://localhost:8080/web/index.php/api/v2/recruitment/candidates,14009,0,3
1768458064404,14012,Create Candidate Request,401,Unauthorized,Candidate Creation Thread Group 1-37,text,false,,261,494,1380,1380,http://localhost:8080/web/index.php/api/v2/recruitment/candidates,14011,0,1
1768458064403,14106,Create Candidate Request,401,Unauthorized,Candidate Creation Thread Group 1-333,text,false,,261,494,1379,1379,http://localhost:8080/web/index.php/api/v2/recruitment/candidates,14104,0,6
1768458064406,14107,Create Candidate Request,401,Unauthorized,Candidate Creation Thread Group 1-189,text,false,,261,494,1378,1378,http://localhost:8080/web/index.php/api/v2/recruitment/candidates,14107,0,5
1768458064412,14108,Create Candidate Request,401,Unauthorized,Candidate Creation Thread Group 1-344,text,false,,261,494,1377,1377,http://localhost:8080/web/index.php/api/v2/recruitment/candidates,14108,0,0
1768458064407,14199,Create Candidate Request,401,Unauthorized,Candidate Creation Thread Group 1-311,text,false,,261,494,1376,1376,http://localhost:8080/web/index.php/api/v2/recruitment/candidates,14199,0,5
1768458064413,14197,Create Candidate Request,401,Unauthorized,Candidate Creation Thread Group 1-67,text,false,,261,494,1375,1375,http://localhost:8080/web/index.php/api/v2/recruitment/candidates,14197,0,26
1768458064348,14268,Create Candidate Request,401,Unauthorized,Candidate Creation Thread Group 1-118,text,false,,261,494,1374,1374,http://localhost:8080/web/index.php/api/v2/recruitment/candidates,14267,0,0
1768458064253,14369,Create Candidate Request,401,Unauthorized,Candidate Creation Thread Group 1-290,text,false,,261,494,1373,1373,http://localhost:8080/web/index.php/api/v2/recruitment/candidates,14369,0,1
1768458064287,14422,Create Candidate Request,401,Unauthorized,Candidate Creation Thread Group 1-55,text,false,,261,491,1372,1372,http://localhost:8080/web/index.php/api/v2/recruitment/candidates,14422,0,1
1768458064287,14426,Create Candidate Request,401,Unauthorized,Candidate Creation Thread Group 1-64,text,false,,261,494,1371,1371,http://localhost:8080/web/index.php/api/v2/recruitment/candidates,14426,0,2
1768458064289,14432,Create Candidate Request,401,Unauthorized,Candidate Creation Thread Group 1-199,text,false,,261,494,1370,1370,http://localhost:8080/web/index.php/api/v2/recruitment/candidates,14430,0,1
1768458064358,14449,Create Candidate Request,401,Unauthorized,Candidate Creation Thread Group 1-69,text,false,,261,494,1369,1369,http://localhost:8080/web/index.php/api/v2/recruitment/candidates,14449,0,9
1768458064301,14513,Create Candidate Request,401,Unauthorized,Candidate Creation Thread Group 1-181,text,false,,261,494,1368,1368,http://localhost:8080/web/index.php/api/v2/recruitment/candidates,14513,0,3
1768458064297,14524,Create Candidate Request,401,Unauthorized,Candidate Creation Thread Group 1-83,text,false,,261,494,1367,1367,http://localhost:8080/web/index.php/api/v2/recruitment/candidates,14524,0,4
1768458064337,14570,Create Candidate Request,401,Unauthorized,Candidate Creation Thread Group 1-53,text,false,,261,494,1366,1366,http://localhost:8080/web/index.php/api/v2/recruitment/candidates,14570,0,3
1768458064291,14622,Create Candidate Request,401,Unauthorized,Candidate Creation Thread Group 1-177,text,false,,261,494,1365,1365,http://localhost:8080/web/index.php/api/v2/recruitment/candidates,14622,0,1
1768458064351,14567,Create Candidate Request,401,Unauthorized,Candidate Creation Thread Group 1-135,text,false,,261,494,1364,1364,http://localhost:8080/web/index.php/api/v2/recruitment/candidates,14566,0,3
1768458064338,14675,Create Candidate Request,401,Unauthorized,Candidate Creation Thread Group 1-48,text,false,,261,494,1363,1363,http://localhost:8080/web/index.php/api/v2/recruitment/candidates,14674,0,0
1768458064358,14661,Create Candidate Request,401,Unauthorized,Candidate Creation Thread Group 1-317,text,false,,261,491,1362,1362,http://localhost:8080/web/index.php/api/v2/recruitment/candidates,14661,0,0
1768458064377,14731,Create Candidate Request,401,Unauthorized,Candidate Creation Thread Group 1-38,text,false,,261,494,1361,1361,http://localhost:8080/web/index.php/api/v2/recruitment/candidates,14730,0,2
1768458064265,14849,Create Candidate Request,401,Unauthorized,Candidate Creation Thread Group 1-93,text,false,,261,494,1360,1360,http://localhost:8080/web/index.php/api/v2/recruitment/candidates,14849,0,2
1768458064302,14819,Create Candidate Request,401,Unauthorized,Candidate Creation Thread Group 1-196,text,false,,261,494,1359,1359,http://localhost:8080/web/index.php/api/v2/recruitment/candidates,14819,0,3
1768458064324,14886,Create Candidate Request,401,Unauthorized,Candidate Creation Thread Group 1-127,text,false,,261,494,1358,1358,http://localhost:8080/web/index.php/api/v2/recruitment/candidates,14886,0,2
1768458064344,14874,Create Candidate Request,401,Unauthorized,Candidate Creation Thread Group 1-96,text,false,,261,494,1357,1357,http://localhost:8080/web/index.php/api/v2/recruitment/candidates,14874,0,0
1768458064244,14980,Create Candidate Request,401,Unauthorized,Candidate Creation Thread Group 1-174,text,false,,261,494,1356,1356,http://localhost:8080/web/index.php/api/v2/recruitment/candidates,14980,0,8
1768458064337,14974,Create Candidate Request,401,Unauthorized,Candidate Creation Thread Group 1-192,text,false,,261,494,1355,1355,http://localhost:8080/web/index.php/api/v2/recruitment/candidates,14974,0,3
1768458064241,15074,Create Candidate Request,401,Unauthorized,Candidate Creation Thread Group 1-90,text,false,,261,494,1354,1354,http://localhost:8080/web/index.php/api/v2/recruitment/candidates,15074,0,9
1768458064277,15044,Create Candidate Request,401,Unauthorized,Candidate Creation Thread Group 1-183,text,false,,261,494,1353,1353,http://localhost:8080/web/index.php/api/v2/recruitment/candidates,15044,0,1
1768458064328,15079,Create Candidate Request,401,Unauthorized,Candidate Creation Thread Group 1-176,text,false,,261,494,1352,1352,http://localhost:8080/web/index.php/api/v2/recruitment/candidates,15079,0,27
1768458064288,15125,Create Candidate Request,401,Unauthorized,Candidate Creation Thread Group 1-20,text,false,,261,494,1351,1351,http://localhost:8080/web/index.php/api/v2/recruitment/candidates,15124,0,6
1768458064275,15145,Create Candidate Request,401,Unauthorized,Candidate Creation Thread Group 1-293,text,false,,261,494,1350,1350,http://localhost:8080/web/index.php/api/v2/recruitment/candidates,15145,0,2
1768458064280,15228,Create Candidate Request,401,Unauthorized,Candidate Creation Thread Group 1-34,text,false,,261,494,1349,1349,http://localhost:8080/web/index.php/api/v2/recruitment/candidates,15227,0,1
1768458064284,15227,Create Candidate Request,401,Unauthorized,Candidate Creation Thread Group 1-299,text,false,,261,494,1348,1348,http://localhost:8080/web/index.php/api/v2/recruitment/candidates,15226,0,1
1768458064346,15173,Create Candidate Request,401,Unauthorized,Candidate Creation Thread Group 1-185,text,false,,261,494,1347,1347,http://localhost:8080/web/index.php/api/v2/recruitment/candidates,15173,0,1
1768458064347,15262,Create Candidate Request,401,Unauthorized,Candidate Creation Thread Group 1-56,text,false,,261,491,1346,1346,http://localhost:8080/web/index.php/api/v2/recruitment/candidates,15262,0,1
1768458064372,15246,Create Candidate Request,401,Unauthorized,Candidate Creation Thread Group 1-318,text,false,,261,494,1345,1345,http://localhost:8080/web/index.php/api/v2/recruitment/candidates,15245,0,1
1768458064282,15341,Create Candidate Request,401,Unauthorized,Candidate Creation Thread Group 1-10,text,false,,261,494,1344,1344,http://localhost:8080/web/index.php/api/v2/recruitment/candidates,15340,0,1
1768458064366,15344,Create Candidate Request,401,Unauthorized,Candidate Creation Thread Group 1-63,text,false,,261,494,1343,1343,http://localhost:8080/web/index.php/api/v2/recruitment/candidates,15344,0,5
1768458064364,15351,Create Candidate Request,401,Unauthorized,Candidate Creation Thread Group 1-326,text,false,,261,494,1342,1342,http://localhost:8080/web/index.php/api/v2/recruitment/candidates,15350,0,1
1768458064413,15307,Create Candidate Request,401,Unauthorized,Candidate Creation Thread Group 1-343,text,false,,261,494,1341,1341,http://localhost:8080/web/index.php/api/v2/recruitment/candidates,15306,0,1
1768458064374,15434,Create Candidate Request,401,Unauthorized,Candidate Creation Thread Group 1-303,text,false,,261,494,1340,1340,http://localhost:8080/web/index.php/api/v2/recruitment/candidates,15434,0,1
1768458064447,15366,Create Candidate Request,401,Unauthorized,Candidate Creation Thread Group 1-178,text,false,,261,494,1339,1339,http://localhost:8080/web/index.php/api/v2/recruitment/candidates,15366,0,1
1768458064368,15452,Create Candidate Request,401,Unauthorized,Candidate Creation Thread Group 1-313,text,false,,261,494,1338,1338,http://localhost:8080/web/index.php/api/v2/recruitment/candidates,15452,0,1
1768458064435,15473,Create Candidate Request,401,Unauthorized,Candidate Creation Thread Group 1-338,text,false,,261,494,1337,1337,http://localhost:8080/web/index.php/api/v2/recruitment/candidates,15472,0,15
1768458064379,15533,Create Candidate Request,401,Unauthorized,Candidate Creation Thread Group 1-328,text,false,,261,494,1336,1336,http://localhost:8080/web/index.php/api/v2/recruitment/candidates,15533,0,0
1768458064372,15546,Create Candidate Request,401,Unauthorized,Candidate Creation Thread Group 1-309,text,false,,261,494,1335,1335,http://localhost:8080/web/index.php/api/v2/recruitment/candidates,15546,0,1
1768458064346,15664,Create Candidate Request,401,Unauthorized,Candidate Creation Thread Group 1-145,text,false,,261,494,1334,1334,http://localhost:8080/web/index.php/api/v2/recruitment/candidates,15664,0,1
1768458064431,15585,Create Candidate Request,401,Unauthorized,Candidate Creation Thread Group 1-347,text,false,,261,494,1333,1333,http://localhost:8080/web/index.php/api/v2/recruitment/candidates,15584,0,20
1768458064463,15557,Create Candidate Request,401,Unauthorized,Candidate Creation Thread Group 1-188,text,false,,261,494,1332,1332,http://localhost:8080/web/index.php/api/v2/recruitment/candidates,15557,0,5
1768458064372,15735,Create Candidate Request,401,Unauthorized,Candidate Creation Thread Group 1-316,text,false,,261,494,1331,1331,http://localhost:8080/web/index.php/api/v2/recruitment/candidates,15735,0,4
1768458064453,15661,Create Candidate Request,401,Unauthorized,Candidate Creation Thread Group 1-28,text,false,,261,491,1330,1330,http://localhost:8080/web/index.php/api/v2/recruitment/candidates,15661,0,1
1768458064430,15690,Create Candidate Request,401,Unauthorized,Candidate Creation Thread Group 1-345,text,false,,261,494,1329,1329,http://localhost:8080/web/index.php/api/v2/recruitment/candidates,15690,0,21
1768458064360,15847,Create Candidate Request,401,Unauthorized,Candidate Creation Thread Group 1-325,text,false,,261,491,1328,1328,http://localhost:8080/web/index.php/api/v2/recruitment/candidates,15847,0,1
1768458064470,15743,Create Candidate Request,401,Unauthorized,Candidate Creation Thread Group 1-191,text,false,,261,494,1327,1327,http://localhost:8080/web/index.php/api/v2/recruitment/candidates,15743,0,1
1768458064370,15850,Create Candidate Request,401,Unauthorized,Candidate Creation Thread Group 1-70,text,false,,261,494,1326,1326,http://localhost:8080/web/index.php/api/v2/recruitment/candidates,15848,0,6
1768458064346,15963,Create Candidate Request,401,Unauthorized,Candidate Creation Thread Group 1-175,text,false,,261,494,1325,1325,http://localhost:8080/web/index.php/api/v2/recruitment/candidates,15963,0,1
1768458064284,16029,Create Candidate Request,401,Unauthorized,Candidate Creation Thread Group 1-101,text,false,,261,491,1324,1324,http://localhost:8080/web/index.php/api/v2/recruitment/candidates,16028,0,1
1768458064343,15975,Create Candidate Request,401,Unauthorized,Candidate Creation Thread Group 1-29,text,false,,261,494,1323,1323,http://localhost:8080/web/index.php/api/v2/recruitment/candidates,15974,0,2
1768458064482,15841,Create Candidate Request,401,Unauthorized,Candidate Creation Thread Group 1-364,text,false,,261,494,1322,1322,http://localhost:8080/web/index.php/api/v2/recruitment/candidates,15841,0,1
1768458064256,16155,Create Candidate Request,401,Unauthorized,Candidate Creation Thread Group 1-61,text,false,,261,491,1321,1321,http://localhost:8080/web/index.php/api/v2/recruitment/candidates,16154,0,1
1768458064210,16207,Create Candidate Request,401,Unauthorized,Candidate Creation Thread Group 1-159,text,false,,261,491,1320,1320,http://localhost:8080/web/index.php/api/v2/recruitment/candidates,16206,0,31
1768458064270,16237,Create Candidate Request,401,Unauthorized,Candidate Creation Thread Group 1-142,text,false,,261,494,1319,1319,http://localhost:8080/web/index.php/api/v2/recruitment/candidates,16237,0,1
1768458064279,16234,Create Candidate Request,401,Unauthorized,Candidate Creation Thread Group 1-295,text,false,,261,494,1318,1318,http://localhost:8080/web/index.php/api/v2/recruitment/candidates,16234,0,6
1768458064273,16246,Create Candidate Request,401,Unauthorized,Candidate Creation Thread Group 1-171,text,false,,261,494,1317,1317,http://localhost:8080/web/index.php/api/v2/recruitment/candidates,16245,0,1
1768458064245,16277,Create Candidate Request,401,Unauthorized,Candidate Creation Thread Group 1-202,text,false,,261,494,1316,1316,http://localhost:8080/web/index.php/api/v2/recruitment/candidates,16277,0,4
1768458064255,16357,Create Candidate Request,401,Unauthorized,Candidate Creation Thread Group 1-57,text,false,,261,491,1315,1315,http://localhost:8080/web/index.php/api/v2/recruitment/candidates,16356,0,4
1768458064355,16264,Create Candidate Request,401,Unauthorized,Candidate Creation Thread Group 1-306,text,false,,261,491,1314,1314,http://localhost:8080/web/index.php/api/v2/recruitment/candidates,16263,0,2
1768458064484,16223,Create Candidate Request,401,Unauthorized,Candidate Creation Thread Group 1-365,text,false,,261,494,1313,1313,http://localhost:8080/web/index.php/api/v2/recruitment/candidates,16223,0,1
1768458064481,16232,Create Candidate Request,401,Unauthorized,Candidate Creation Thread Group 1-356,text,false,,261,494,1312,1312,http://localhost:8080/web/index.php/api/v2/recruitment/candidates,16232,0,4
1768458064377,16340,Create Candidate Request,401,Unauthorized,Candidate Creation Thread Group 1-1,text,false,,261,494,1311,1311,http://localhost:8080/web/index.php/api/v2/recruitment/candidates,16340,0,1
1768458064462,16261,Create Candidate Request,401,Unauthorized,Candidate Creation Thread Group 1-122,text,false,,261,494,1310,1310,http://localhost:8080/web/index.php/api/v2/recruitment/candidates,16261,0,1
1768458064453,16358,Create Candidate Request,401,Unauthorized,Candidate Creation Thread Group 1-125,text,false,,261,494,1309,1309,http://localhost:8080/web/index.php/api/v2/recruitment/candidates,16358,0,1
1768458064424,16394,Create Candidate Request,401,Unauthorized,Candidate Creation Thread Group 1-348,text,false,,261,494,1308,1308,http://localhost:8080/web/index.php/api/v2/recruitment/candidates,16393,0,27
1768458064378,16528,Create Candidate Request,401,Unauthorized,Candidate Creation Thread Group 1-50,text,false,,261,494,1307,1307,http://localhost:8080/web/index.php/api/v2/recruitment/candidates,16528,0,1
1768458064388,16524,Create Candidate Request,401,Unauthorized,Candidate Creation Thread Group 1-310,text,false,,261,494,1306,1306,http://localhost:8080/web/index.php/api/v2/recruitment/candidates,16524,0,1
1768458064401,16517,Create Candidate Request,401,Unauthorized,Candidate Creation Thread Group 1-79,text,false,,261,494,1305,1305,http://localhost:8080/web/index.php/api/v2/recruitment/candidates,16517,0,0
1768458064456,16550,Create Candidate Request,401,Unauthorized,Candidate Creation Thread Group 1-124,text,false,,261,494,1304,1304,http://localhost:8080/web/index.php/api/v2/recruitment/candidates,16550,0,0
1768458064433,16579,Create Candidate Request,401,Unauthorized,Candidate Creation Thread Group 1-329,text,false,,261,494,1303,1303,http://localhost:8080/web/index.php/api/v2/recruitment/candidates,16579,0,17
1768458064435,16584,Create Candidate Request,401,Unauthorized,Candidate Creation Thread Group 1-342,text,false,,261,494,1302,1302,http://localhost:8080/web/index.php/api/v2/recruitment/candidates,16583,0,15
1768458064461,16562,Create Candidate Request,401,Unauthorized,Candidate Creation Thread Group 1-186,text,false,,261,494,1301,1301,http://localhost:8080/web/index.php/api/v2/recruitment/candidates,16562,0,7
1768458064389,16719,Create Candidate Request,401,Unauthorized,Candidate Creation Thread Group 1-336,text,false,,261,494,1300,1300,http://localhost:8080/web/index.php/api/v2/recruitment/candidates,16719,0,1
1768458064393,16720,Create Candidate Request,401,Unauthorized,Candidate Creation Thread Group 1-322,text,false,,261,494,1299,1299,http://localhost:8080/web/index.php/api/v2/recruitment/candidates,16719,0,1
1768458064450,16666,Create Candidate Request,401,Unauthorized,Candidate Creation Thread Group 1-6,text,false,,261,494,1298,1298,http://localhost:8080/web/index.php/api/v2/recruitment/candidates,16666,0,1
1768458064476,16646,Create Candidate Request,401,Unauthorized,Candidate Creation Thread Group 1-359,text,false,,261,491,1297,1297,http://localhost:8080/web/index.php/api/v2/recruitment/candidates,16646,0,1
1768458064482,16728,Create Candidate Request,401,Unauthorized,Candidate Creation Thread Group 1-351,text,false,,261,491,1296,1296,http://localhost:8080/web/index.php/api/v2/recruitment/candidates,16727,0,1
1768458064461,16754,Create Candidate Request,401,Unauthorized,Candidate Creation Thread Group 1-92,text,false,,261,494,1295,1295,http://localhost:8080/web/index.php/api/v2/recruitment/candidates,16754,0,2
1768458064469,16753,Create Candidate Request,401,Unauthorized,Candidate Creation Thread Group 1-187,text,false,,261,494,1294,1294,http://localhost:8080/web/index.php/api/v2/recruitment/candidates,16753,0,2
1768458064374,16935,Create Candidate Request,401,Unauthorized,Candidate Creation Thread Group 1-327,text,false,,261,494,1293,1293,http://localhost:8080/web/index.php/api/v2/recruitment/candidates,16935,0,1
1768458064425,16890,Create Candidate Request,401,Unauthorized,Candidate Creation Thread Group 1-350,text,false,,261,494,1292,1292,http://localhost:8080/web/index.php/api/v2/recruitment/candidates,16890,0,26
1768458064438,16883,Create Candidate Request,401,Unauthorized,Candidate Creation Thread Group 1-349,text,false,,261,494,1291,1291,http://localhost:8080/web/index.php/api/v2/recruitment/candidates,16883,0,13
1768458064384,17026,Create Candidate Request,401,Unauthorized,Candidate Creation Thread Group 1-143,text,false,,261,494,1290,1290,http://localhost:8080/web/index.php/api/v2/recruitment/candidates,17026,0,3
1768458064481,16935,Create Candidate Request,401,Unauthorized,Candidate Creation Thread Group 1-353,text,false,,261,494,1289,1289,http://localhost:8080/web/index.php/api/v2/recruitment/candidates,16935,0,1
1768458064472,16950,Create Candidate Request,401,Unauthorized,Candidate Creation Thread Group 1-151,text,false,,261,494,1288,1288,http://localhost:8080/web/index.php/api/v2/recruitment/candidates,16949,0,7
1768458064450,16978,Create Candidate Request,401,Unauthorized,Candidate Creation Thread Group 1-77,text,false,,261,494,1287,1287,http://localhost:8080/web/index.php/api/v2/recruitment/candidates,16977,0,1
1768458064452,17057,Create Candidate Request,401,Unauthorized,Candidate Creation Thread Group 1-3,text,false,,261,494,1286,1286,http://localhost:8080/web/index.php/api/v2/recruitment/candidates,17057,0,0
1768458064392,17121,Create Candidate Request,401,Unauthorized,Candidate Creation Thread Group 1-98,text,false,,261,494,1285,1285,http://localhost:8080/web/index.php/api/v2/recruitment/candidates,17121,0,3
1768458064454,17065,Create Candidate Request,401,Unauthorized,Candidate Creation Thread Group 1-190,text,false,,261,494,1284,1284,http://localhost:8080/web/index.php/api/v2/recruitment/candidates,17064,0,1
1768458064422,17186,Create Candidate Request,401,Unauthorized,Candidate Creation Thread Group 1-346,text,false,,261,494,1283,1283,http://localhost:8080/web/index.php/api/v2/recruitment/candidates,17185,0,20
1768458064399,17215,Create Candidate Request,401,Unauthorized,Candidate Creation Thread Group 1-16,text,false,,261,494,1282,1282,http://localhost:8080/web/index.php/api/v2/recruitment/candidates,17215,0,2
1768458064375,17244,Create Candidate Request,401,Unauthorized,Candidate Creation Thread Group 1-302,text,false,,261,494,1281,1281,http://localhost:8080/web/index.php/api/v2/recruitment/candidates,17244,0,1
1768458064446,17265,Create Candidate Request,401,Unauthorized,Candidate Creation Thread Group 1-144,text,false,,261,494,1280,1280,http://localhost:8080/web/index.php/api/v2/recruitment/candidates,17264,0,3
1768458064380,17336,Create Candidate Request,401,Unauthorized,Candidate Creation Thread Group 1-65,text,false,,261,494,1279,1279,http://localhost:8080/web/index.php/api/v2/recruitment/candidates,17335,0,0
1768458064445,17275,Create Candidate Request,401,Unauthorized,Candidate Creation Thread Group 1-15,text,false,,261,494,1278,1278,http://localhost:8080/web/index.php/api/v2/recruitment/candidates,17275,0,1
1768458064476,17333,Create Candidate Request,401,Unauthorized,Candidate Creation Thread Group 1-361,text,false,,261,491,1277,1277,http://localhost:8080/web/index.php/api/v2/recruitment/candidates,17333,0,1
1768458064473,17342,Create Candidate Request,401,Unauthorized,Candidate Creation Thread Group 1-179,text,false,,261,494,1276,1276,http://localhost:8080/web/index.php/api/v2/recruitment/candidates,17342,0,6
1768458064476,17345,Create Candidate Request,401,Unauthorized,Candidate Creation Thread Group 1-354,text,false,,261,491,1275,1275,http://localhost:8080/web/index.php/api/v2/recruitment/candidates,17344,0,2
1768458064478,17429,Create Candidate Request,401,Unauthorized,Candidate Creation Thread Group 1-97,text,false,,261,494,1274,1274,http://localhost:8080/web/index.php/api/v2/recruitment/candidates,17429,0,1
1768458064477,17435,Create Candidate Request,401,Unauthorized,Candidate Creation Thread Group 1-360,text,false,,261,491,1273,1273,http://localhost:8080/web/index.php/api/v2/recruitment/candidates,17434,0,0
1768458064166,17751,Create Candidate Request,401,Unauthorized,Candidate Creation Thread Group 1-114,text,false,,261,491,1272,1272,http://localhost:8080/web/index.php/api/v2/recruitment/candidates,17751,0,16
1768458064163,17847,Create Candidate Request,401,Unauthorized,Candidate Creation Thread Group 1-172,text,false,,261,494,1271,1271,http://localhost:8080/web/index.php/api/v2/recruitment/candidates,17846,0,25
1768458064481,17534,Create Candidate Request,401,Unauthorized,Candidate Creation Thread Group 1-355,text,false,,261,491,1270,1270,http://localhost:8080/web/index.php/api/v2/recruitment/candidates,17534,0,0
1768458064160,17861,Create Candidate Request,401,Unauthorized,Candidate Creation Thread Group 1-274,text,false,,261,494,1269,1269,http://localhost:8080/web/index.php/api/v2/recruitment/candidates,17861,0,28
1768458064154,17872,Create Candidate Request,401,Unauthorized,Candidate Creation Thread Group 1-73,text,false,,261,494,1268,1268,http://localhost:8080/web/index.php/api/v2/recruitment/candidates,17872,0,34
1768458064159,17948,Create Candidate Request,401,Unauthorized,Candidate Creation Thread Group 1-270,text,false,,261,494,1267,1267,http://localhost:8080/web/index.php/api/v2/recruitment/candidates,17948,0,29
1768458064161,17951,Create Candidate Request,401,Unauthorized,Candidate Creation Thread Group 1-275,text,false,,261,494,1266,1266,http://localhost:8080/web/index.php/api/v2/recruitment/candidates,17950,0,27
1768458064168,17951,Create Candidate Request,401,Unauthorized,Candidate Creation Thread Group 1-86,text,false,,261,494,1265,1265,http://localhost:8080/web/index.php/api/v2/recruitment/candidates,17951,0,13
1768458064169,18041,Create Candidate Request,401,Unauthorized,Candidate Creation Thread Group 1-27,text,false,,261,491,1264,1264,http://localhost:8080/web/index.php/api/v2/recruitment/candidates,18040,0,18
1768458064170,18044,Create Candidate Request,401,Unauthorized,Candidate Creation Thread Group 1-133,text,false,,261,494,1263,1263,http://localhost:8080/web/index.php/api/v2/recruitment/candidates,18044,0,18
1768458064166,18053,Create Candidate Request,401,Unauthorized,Candidate Creation Thread Group 1-22,text,false,,261,494,1262,1262,http://localhost:8080/web/index.php/api/v2/recruitment/candidates,18053,0,21
1768458064163,18147,Create Candidate Request,401,Unauthorized,Candidate Creation Thread Group 1-18,text,false,,261,494,1261,1261,http://localhost:8080/web/index.php/api/v2/recruitment/candidates,18147,0,24
1768458064180,18135,Create Candidate Request,401,Unauthorized,Candidate Creation Thread Group 1-138,text,false,,261,494,1260,1260,http://localhost:8080/web/index.php/api/v2/recruitment/candidates,18135,0,1
1768458064486,17924,Create Candidate Request,401,Unauthorized,Candidate Creation Thread Group 1-362,text,false,,261,491,1259,1259,http://localhost:8080/web/index.php/api/v2/recruitment/candidates,17923,0,1
1768458064491,17925,Create Candidate Request,401,Unauthorized,Candidate Creation Thread Group 1-371,text,false,,261,494,1258,1258,http://localhost:8080/web/index.php/api/v2/recruitment/candidates,17924,0,1
1768458064483,17939,Create Candidate Request,401,Unauthorized,Candidate Creation Thread Group 1-363,text,false,,261,494,1257,1257,http://localhost:8080/web/index.php/api/v2/recruitment/candidates,17938,0,4
1768458064173,18334,Create Candidate Request,401,Unauthorized,Candidate Creation Thread Group 1-110,text,false,,261,491,1256,1256,http://localhost:8080/web/index.php/api/v2/recruitment/candidates,18334,0,5
1768458064484,18027,Create Candidate Request,401,Unauthorized,Candidate Creation Thread Group 1-367,text,false,,261,494,1255,1255,http://localhost:8080/web/index.php/api/v2/recruitment/candidates,18027,0,1
1768458064176,18341,Create Candidate Request,401,Unauthorized,Candidate Creation Thread Group 1-207,text,false,,261,494,1254,1254,http://localhost:8080/web/index.php/api/v2/recruitment/candidates,18340,0,2
1768458064470,18138,Create Candidate Request,401,Unauthorized,Candidate Creation Thread Group 1-123,text,false,,261,494,1253,1253,http://localhost:8080/web/index.php/api/v2/recruitment/candidates,18137,0,21
1768458064490,18123,Create Candidate Request,401,Unauthorized,Candidate Creation Thread Group 1-366,text,false,,261,494,1252,1252,http://localhost:8080/web/index.php/api/v2/recruitment/candidates,18123,0,1
1768458064486,18133,Create Candidate Request,401,Unauthorized,Candidate Creation Thread Group 1-358,text,false,,261,491,1251,1251,http://localhost:8080/web/index.php/api/v2/recruitment/candidates,18132,0,1
1768458064167,18543,Create Candidate Request,401,Unauthorized,Candidate Creation Thread Group 1-205,text,false,,261,491,1250,1250,http://localhost:8080/web/index.php/api/v2/recruitment/candidates,18543,0,11
1768458064171,18545,Create Candidate Request,401,Unauthorized,Candidate Creation Thread Group 1-170,text,false,,261,494,1249,1249,http://localhost:8080/web/index.php/api/v2/recruitment/candidates,18544,0,7
1768458064173,18547,Create Candidate Request,401,Unauthorized,Candidate Creation Thread Group 1-49,text,false,,261,494,1248,1248,http://localhost:8080/web/index.php/api/v2/recruitment/candidates,18547,0,5
1768458064181,18545,Create Candidate Request,401,Unauthorized,Candidate Creation Thread Group 1-215,text,false,,261,494,1247,1247,http://localhost:8080/web/index.php/api/v2/recruitment/candidates,18545,0,1
1768458064488,18319,Create Candidate Request,401,Unauthorized,Candidate Creation Thread Group 1-357,text,false,,261,491,1246,1246,http://localhost:8080/web/index.php/api/v2/recruitment/candidates,18319,0,1
1768458064164,18652,Create Candidate Request,401,Unauthorized,Candidate Creation Thread Group 1-112,text,false,,261,491,1245,1245,http://localhost:8080/web/index.php/api/v2/recruitment/candidates,18648,0,23
1768458064495,18326,Create Candidate Request,401,Unauthorized,Candidate Creation Thread Group 1-375,text,false,,261,494,1244,1244,http://localhost:8080/web/index.php/api/v2/recruitment/candidates,18325,0,1
1768458064165,18746,Create Candidate Request,401,Unauthorized,Candidate Creation Thread Group 1-203,text,false,,261,491,1243,1243,http://localhost:8080/web/index.php/api/v2/recruitment/candidates,18745,0,13
1768458064168,18750,Create Candidate Request,401,Unauthorized,Candidate Creation Thread Group 1-12,text,false,,261,494,1242,1242,http://localhost:8080/web/index.php/api/v2/recruitment/candidates,18750,0,11
1768458064495,18511,Create Candidate Request,401,Unauthorized,Candidate Creation Thread Group 1-372,text,false,,261,494,1241,1241,http://localhost:8080/web/index.php/api/v2/recruitment/candidates,18427,0,1
1768458064067,18944,Create Candidate Request,401,Unauthorized,Candidate Creation Thread Group 1-237,text,false,,261,494,1240,1240,http://localhost:8080/web/index.php/api/v2/recruitment/candidates,18944,0,601
1768458064484,18534,Create Candidate Request,401,Unauthorized,Candidate Creation Thread Group 1-352,text,false,,261,494,1239,1239,http://localhost:8080/web/index.php/api/v2/recruitment/candidates,18533,0,11
1768458064162,18860,Create Candidate Request,401,Unauthorized,Candidate Creation Thread Group 1-115,text,false,,261,491,1238,1238,http://localhost:8080/web/index.php/api/v2/recruitment/candidates,18860,0,16
1768458064166,18943,Create Candidate Request,401,Unauthorized,Candidate Creation Thread Group 1-78,text,false,,261,494,1237,1237,http://localhost:8080/web/index.php/api/v2/recruitment/candidates,18942,0,11
1768458064159,18957,Create Candidate Request,401,Unauthorized,Candidate Creation Thread Group 1-273,text,false,,261,494,1236,1236,http://localhost:8080/web/index.php/api/v2/recruitment/candidates,18957,0,338
1768458064174,18950,Create Candidate Request,401,Unauthorized,Candidate Creation Thread Group 1-87,text,false,,261,494,1235,1235,http://localhost:8080/web/index.php/api/v2/recruitment/candidates,18949,0,3
1768458064497,18713,Create Candidate Request,401,Unauthorized,Candidate Creation Thread Group 1-368,text,false,,261,494,1234,1234,http://localhost:8080/web/index.php/api/v2/recruitment/candidates,18712,0,0
1768458064173,19042,Create Candidate Request,401,Unauthorized,Candidate Creation Thread Group 1-82,text,false,,261,494,1233,1233,http://localhost:8080/web/index.php/api/v2/recruitment/candidates,19042,0,4
1768458064497,18722,Create Candidate Request,401,Unauthorized,Candidate Creation Thread Group 1-376,text,false,,261,494,1232,1232,http://localhost:8080/web/index.php/api/v2/recruitment/candidates,18722,0,4
1768458064156,19151,Create Candidate Request,401,Unauthorized,Candidate Creation Thread Group 1-51,text,false,,261,494,1231,1231,http://localhost:8080/web/index.php/api/v2/recruitment/candidates,19151,0,346
1768458064505,18807,Create Candidate Request,401,Unauthorized,Candidate Creation Thread Group 1-373,text,false,,261,494,1230,1230,http://localhost:8080/web/index.php/api/v2/recruitment/candidates,18807,0,1
1768458064667,18651,Create Candidate Request,401,Unauthorized,Candidate Creation Thread Group 1-410,text,false,,261,494,1229,1229,http://localhost:8080/web/index.php/api/v2/recruitment/candidates,18650,0,2
1768458064158,19249,Create Candidate Request,401,Unauthorized,Candidate Creation Thread Group 1-272,text,false,,261,494,1228,1228,http://localhost:8080/web/index.php/api/v2/recruitment/candidates,19249,0,346
1768458064500,18912,Create Candidate Request,401,Unauthorized,Candidate Creation Thread Group 1-377,text,false,,261,494,1227,1227,http://localhost:8080/web/index.php/api/v2/recruitment/candidates,18912,0,0
1768458064507,18909,Create Candidate Request,401,Unauthorized,Candidate Creation Thread Group 1-378,text,false,,261,494,1226,1226,http://localhost:8080/web/index.php/api/v2/recruitment/candidates,18909,0,1
1768458064157,19267,Create Candidate Request,401,Unauthorized,Candidate Creation Thread Group 1-131,text,false,,261,494,1225,1225,http://localhost:8080/web/index.php/api/v2/recruitment/candidates,19266,0,371
1768458064527,18982,Create Candidate Request,401,Unauthorized,Candidate Creation Thread Group 1-370,text,false,,261,494,1224,1224,http://localhost:8080/web/index.php/api/v2/recruitment/candidates,18981,0,2
1768458064528,18985,Create Candidate Request,401,Unauthorized,Candidate Creation Thread Group 1-382,text,false,,261,494,1223,1223,http://localhost:8080/web/index.php/api/v2/recruitment/candidates,18984,0,1
1768458064529,18990,Create Candidate Request,401,Unauthorized,Candidate Creation Thread Group 1-369,text,false,,261,494,1222,1222,http://localhost:8080/web/index.php/api/v2/recruitment/candidates,18990,0,1
1768458064526,19082,Create Candidate Request,401,Unauthorized,Candidate Creation Thread Group 1-379,text,false,,261,494,1221,1221,http://localhost:8080/web/index.php/api/v2/recruitment/candidates,19082,0,4
1768458064156,19458,Create Candidate Request,401,Unauthorized,Candidate Creation Thread Group 1-271,text,false,,261,494,1220,1220,http://localhost:8080/web/index.php/api/v2/recruitment/candidates,19457,0,376
1768458064094,19528,Create Candidate Request,401,Unauthorized,Candidate Creation Thread Group 1-246,text,false,,261,494,1219,1219,http://localhost:8080/web/index.php/api/v2/recruitment/candidates,19528,0,437
1768458064522,19188,Create Candidate Request,401,Unauthorized,Candidate Creation Thread Group 1-374,text,false,,261,494,1218,1218,http://localhost:8080/web/index.php/api/v2/recruitment/candidates,19188,0,10
1768458064532,19183,Create Candidate Request,401,Unauthorized,Candidate Creation Thread Group 1-381,text,false,,261,494,1217,1217,http://localhost:8080/web/index.php/api/v2/recruitment/candidates,19183,0,1
1768458064155,19566,Create Candidate Request,401,Unauthorized,Candidate Creation Thread Group 1-268,text,false,,261,494,1216,1216,http://localhost:8080/web/index.php/api/v2/recruitment/candidates,19566,0,379
1768458064534,19274,Create Candidate Request,401,Unauthorized,Candidate Creation Thread Group 1-384,text,false,,261,494,1215,1215,http://localhost:8080/web/index.php/api/v2/recruitment/candidates,19273,0,1
1768458064530,19281,Create Candidate Request,401,Unauthorized,Candidate Creation Thread Group 1-380,text,false,,261,494,1214,1214,http://localhost:8080/web/index.php/api/v2/recruitment/candidates,19281,0,5
1768458064152,19667,Create Candidate Request,401,Unauthorized,Candidate Creation Thread Group 1-267,text,false,,261,494,1213,1213,http://localhost:8080/web/index.php/api/v2/recruitment/candidates,19667,0,385
1768458064151,19757,Create Candidate Request,401,Unauthorized,Candidate Creation Thread Group 1-264,text,false,,261,494,1212,1212,http://localhost:8080/web/index.php/api/v2/recruitment/candidates,19757,0,386
1768458064154,19758,Create Candidate Request,401,Unauthorized,Candidate Creation Thread Group 1-269,text,false,,261,494,1211,1211,http://localhost:8080/web/index.php/api/v2/recruitment/candidates,19757,0,383
1768458064151,19766,Create Candidate Request,401,Unauthorized,Candidate Creation Thread Group 1-266,text,false,,261,494,1210,1210,http://localhost:8080/web/index.php/api/v2/recruitment/candidates,19765,0,387
1768458064148,19772,Create Candidate Request,401,Unauthorized,Candidate Creation Thread Group 1-58,text,false,,261,494,1209,1209,http://localhost:8080/web/index.php/api/v2/recruitment/candidates,19772,0,417
1768458064564,19444,Create Candidate Request,401,Unauthorized,Candidate Creation Thread Group 1-383,text,false,,261,494,1208,1208,http://localhost:8080/web/index.php/api/v2/recruitment/candidates,19443,0,1
1768458064150,19864,Create Candidate Request,401,Unauthorized,Candidate Creation Thread Group 1-265,text,false,,261,494,1207,1207,http://localhost:8080/web/index.php/api/v2/recruitment/candidates,19864,0,416
1768458064148,19873,Create Candidate Request,401,Unauthorized,Candidate Creation Thread Group 1-263,text,false,,261,494,1206,1206,http://localhost:8080/web/index.php/api/v2/recruitment/candidates,19873,0,418
1768458064147,19966,Create Candidate Request,401,Unauthorized,Candidate Creation Thread Group 1-262,text,false,,261,494,1205,1205,http://localhost:8080/web/index.php/api/v2/recruitment/candidates,19965,0,419
1768458064145,19975,Create Candidate Request,401,Unauthorized,Candidate Creation Thread Group 1-60,text,false,,261,494,1204,1204,http://localhost:8080/web/index.php/api/v2/recruitment/candidates,19975,0,422
1768458064146,20062,Create Candidate Request,401,Unauthorized,Candidate Creation Thread Group 1-168,text,false,,261,494,1203,1203,http://localhost:8080/web/index.php/api/v2/recruitment/candidates,20062,0,421
1768458064567,19645,Create Candidate Request,401,Unauthorized,Candidate Creation Thread Group 1-385,text,false,,261,494,1202,1202,http://localhost:8080/web/index.php/api/v2/recruitment/candidates,19644,0,1
1768458064145,20070,Create Candidate Request,401,Unauthorized,Candidate Creation Thread Group 1-259,text,false,,261,494,1201,1201,http://localhost:8080/web/index.php/api/v2/recruitment/candidates,20070,0,423
1768458064568,19739,Create Candidate Request,401,Unauthorized,Candidate Creation Thread Group 1-389,text,false,,261,494,1200,1200,http://localhost:8080/web/index.php/api/v2/recruitment/candidates,19739,0,1
1768458064143,20168,Create Candidate Request,401,Unauthorized,Candidate Creation Thread Group 1-111,text,false,,261,491,1199,1199,http://localhost:8080/web/index.php/api/v2/recruitment/candidates,20168,0,426
1768458064035,20282,Create Candidate Request,401,Unauthorized,Candidate Creation Thread Group 1-155,text,false,,261,491,1198,1198,http://localhost:8080/web/index.php/api/v2/recruitment/candidates,20281,0,535
1768458064572,19835,Create Candidate Request,401,Unauthorized,Candidate Creation Thread Group 1-386,text,false,,261,494,1197,1197,http://localhost:8080/web/index.php/api/v2/recruitment/candidates,19835,0,2
1768458064035,20376,Create Candidate Request,401,Unauthorized,Candidate Creation Thread Group 1-137,text,false,,261,494,1196,1196,http://localhost:8080/web/index.php/api/v2/recruitment/candidates,20376,0,535
1768458064034,20383,Create Candidate Request,401,Unauthorized,Candidate Creation Thread Group 1-14,text,false,,261,494,1195,1195,http://localhost:8080/web/index.php/api/v2/recruitment/candidates,20382,0,537
1768458064036,20470,Create Candidate Request,401,Unauthorized,Candidate Creation Thread Group 1-218,text,false,,261,494,1194,1194,http://localhost:8080/web/index.php/api/v2/recruitment/candidates,20470,0,538
1768458064142,20369,Create Candidate Request,401,Unauthorized,Candidate Creation Thread Group 1-160,text,false,,261,494,1193,1193,http://localhost:8080/web/index.php/api/v2/recruitment/candidates,20369,0,432
1768458064031,20488,Create Candidate Request,401,Unauthorized,Candidate Creation Thread Group 1-17,text,false,,261,494,1192,1192,http://localhost:8080/web/index.php/api/v2/recruitment/candidates,20487,0,548
1768458064126,20481,Create Candidate Request,401,Unauthorized,Candidate Creation Thread Group 1-252,text,false,,261,491,1191,1191,http://localhost:8080/web/index.php/api/v2/recruitment/candidates,20480,0,453
1768458064037,20574,Create Candidate Request,401,Unauthorized,Candidate Creation Thread Group 1-32,text,false,,261,494,1190,1190,http://localhost:8080/web/index.php/api/v2/recruitment/candidates,20574,0,538
1768458064047,20574,Create Candidate Request,401,Unauthorized,Candidate Creation Thread Group 1-85,text,false,,261,494,1189,1189,http://localhost:8080/web/index.php/api/v2/recruitment/candidates,20573,0,623
1768458064143,20565,Create Candidate Request,401,Unauthorized,Candidate Creation Thread Group 1-213,text,false,,261,491,1188,1188,http://localhost:8080/web/index.php/api/v2/recruitment/candidates,20564,0,436
1768458064036,20676,Create Candidate Request,401,Unauthorized,Candidate Creation Thread Group 1-162,text,false,,261,494,1187,1187,http://localhost:8080/web/index.php/api/v2/recruitment/candidates,20675,0,543
1768458064144,20572,Create Candidate Request,401,Unauthorized,Candidate Creation Thread Group 1-180,text,false,,261,494,1186,1186,http://localhost:8080/web/index.php/api/v2/recruitment/candidates,20571,0,436
1768458064573,20147,Create Candidate Request,401,Unauthorized,Candidate Creation Thread Group 1-393,text,false,,261,494,1185,1185,http://localhost:8080/web/index.php/api/v2/recruitment/candidates,20147,0,8
1768458064142,20668,Create Candidate Request,401,Unauthorized,Candidate Creation Thread Group 1-100,text,false,,261,494,1184,1184,http://localhost:8080/web/index.php/api/v2/recruitment/candidates,20667,0,438
1768458064144,20671,Create Candidate Request,401,Unauthorized,Candidate Creation Thread Group 1-261,text,false,,261,494,1183,1183,http://localhost:8080/web/index.php/api/v2/recruitment/candidates,20671,0,436
1768458064123,20696,Create Candidate Request,401,Unauthorized,Candidate Creation Thread Group 1-253,text,false,,261,491,1182,1182,http://localhost:8080/web/index.php/api/v2/recruitment/candidates,20696,0,458
1768458064573,20335,Create Candidate Request,401,Unauthorized,Candidate Creation Thread Group 1-391,text,false,,261,494,1181,1181,http://localhost:8080/web/index.php/api/v2/recruitment/candidates,20335,0,9
1768458064032,20881,Create Candidate Request,401,Unauthorized,Candidate Creation Thread Group 1-35,text,false,,261,491,1180,1180,http://localhost:8080/web/index.php/api/v2/recruitment/candidates,20881,0,548
1768458064034,20885,Create Candidate Request,401,Unauthorized,Candidate Creation Thread Group 1-107,text,false,,261,494,1179,1179,http://localhost:8080/web/index.php/api/v2/recruitment/candidates,20884,0,547
1768458064027,20985,Create Candidate Request,401,Unauthorized,Candidate Creation Thread Group 1-150,text,false,,261,491,1178,1178,http://localhost:8080/web/index.php/api/v2/recruitment/candidates,20985,0,553
1768458064034,20982,Create Candidate Request,401,Unauthorized,Candidate Creation Thread Group 1-113,text,false,,261,491,1177,1177,http://localhost:8080/web/index.php/api/v2/recruitment/candidates,20982,0,548
1768458064036,20985,Create Candidate Request,401,Unauthorized,Candidate Creation Thread Group 1-220,text,false,,261,494,1176,1176,http://localhost:8080/web/index.php/api/v2/recruitment/candidates,20985,0,546
1768458064124,20986,Create Candidate Request,401,Unauthorized,Candidate Creation Thread Group 1-254,text,false,,261,491,1175,1175,http://localhost:8080/web/index.php/api/v2/recruitment/candidates,20985,0,458
1768458064574,20540,Create Candidate Request,401,Unauthorized,Candidate Creation Thread Group 1-388,text,false,,261,494,1174,1174,http://localhost:8080/web/index.php/api/v2/recruitment/candidates,20540,0,6
1768458064137,20983,Create Candidate Request,401,Unauthorized,Candidate Creation Thread Group 1-210,text,false,,261,494,1173,1173,http://localhost:8080/web/index.php/api/v2/recruitment/candidates,20982,0,447
1768458064126,21081,Create Candidate Request,401,Unauthorized,Candidate Creation Thread Group 1-256,text,false,,261,491,1172,1172,http://localhost:8080/web/index.php/api/v2/recruitment/candidates,21081,0,462
1768458064031,21180,Create Candidate Request,401,Unauthorized,Candidate Creation Thread Group 1-219,text,false,,261,494,1171,1171,http://localhost:8080/web/index.php/api/v2/recruitment/candidates,21180,0,556
1768458064586,20630,Create Candidate Request,401,Unauthorized,Candidate Creation Thread Group 1-390,text,false,,261,494,1170,1170,http://localhost:8080/web/index.php/api/v2/recruitment/candidates,20630,0,1
1768458064142,21166,Create Candidate Request,401,Unauthorized,Candidate Creation Thread Group 1-204,text,false,,261,491,1169,1169,http://localhost:8080/web/index.php/api/v2/recruitment/candidates,21166,0,446
1768458064590,20722,Create Candidate Request,401,Unauthorized,Candidate Creation Thread Group 1-387,text,false,,261,494,1168,1168,http://localhost:8080/web/index.php/api/v2/recruitment/candidates,20722,0,1
1768458064800,20516,Create Candidate Request,401,Unauthorized,Candidate Creation Thread Group 1-483,text,false,,261,494,1167,1167,http://localhost:8080/web/index.php/api/v2/recruitment/candidates,20516,0,4
1768458064589,20820,Create Candidate Request,401,Unauthorized,Candidate Creation Thread Group 1-395,text,false,,261,494,1166,1166,http://localhost:8080/web/index.php/api/v2/recruitment/candidates,20820,0,2
1768458064592,20822,Create Candidate Request,401,Unauthorized,Candidate Creation Thread Group 1-396,text,false,,261,494,1165,1165,http://localhost:8080/web/index.php/api/v2/recruitment/candidates,20822,0,0
1768458064138,21283,Create Candidate Request,401,Unauthorized,Candidate Creation Thread Group 1-260,text,false,,261,491,1164,1164,http://localhost:8080/web/index.php/api/v2/recruitment/candidates,21283,0,454
1768458064592,20915,Create Candidate Request,401,Unauthorized,Candidate Creation Thread Group 1-397,text,false,,261,494,1163,1163,http://localhost:8080/web/index.php/api/v2/recruitment/candidates,20915,0,1
1768458064141,21371,Create Candidate Request,401,Unauthorized,Candidate Creation Thread Group 1-198,text,false,,261,494,1162,1162,http://localhost:8080/web/index.php/api/v2/recruitment/candidates,21371,0,453
1768458064593,20925,Create Candidate Request,401,Unauthorized,Candidate Creation Thread Group 1-405,text,false,,261,494,1161,1161,http://localhost:8080/web/index.php/api/v2/recruitment/candidates,20924,0,1
1768458064594,20929,Create Candidate Request,401,Unauthorized,Candidate Creation Thread Group 1-404,text,false,,261,494,1160,1160,http://localhost:8080/web/index.php/api/v2/recruitment/candidates,20929,0,1
1768458064833,20774,Create Candidate Request,401,Unauthorized,Candidate Creation Thread Group 1-485,text,false,,261,494,1159,1159,http://localhost:8080/web/index.php/api/v2/recruitment/candidates,20773,0,1
1768458064036,21576,Create Candidate Request,401,Unauthorized,Candidate Creation Thread Group 1-5,text,false,,261,494,1158,1158,http://localhost:8080/web/index.php/api/v2/recruitment/candidates,21575,0,574
1768458064043,21578,Create Candidate Request,401,Unauthorized,Candidate Creation Thread Group 1-227,text,false,,261,494,1157,1157,http://localhost:8080/web/index.php/api/v2/recruitment/candidates,21576,0,566
1768458064043,21663,Create Candidate Request,401,Unauthorized,Candidate Creation Thread Group 1-7,text,false,,261,494,1156,1156,http://localhost:8080/web/index.php/api/v2/recruitment/candidates,21663,0,568
1768458064029,21684,Create Candidate Request,401,Unauthorized,Candidate Creation Thread Group 1-209,text,false,,261,494,1155,1155,http://localhost:8080/web/index.php/api/v2/recruitment/candidates,21684,0,585
1768458064027,21692,Create Candidate Request,401,Unauthorized,Candidate Creation Thread Group 1-208,text,false,,261,494,1154,1154,http://localhost:8080/web/index.php/api/v2/recruitment/candidates,21692,0,591
1768458064836,20975,Create Candidate Request,401,Unauthorized,Candidate Creation Thread Group 1-484,text,false,,261,494,1153,1153,http://localhost:8080/web/index.php/api/v2/recruitment/candidates,20975,0,1
1768458064105,21713,Create Candidate Request,401,Unauthorized,Candidate Creation Thread Group 1-247,text,false,,261,494,1152,1152,http://localhost:8080/web/index.php/api/v2/recruitment/candidates,21713,0,508
1768458064085,21823,Create Candidate Request,401,Unauthorized,Candidate Creation Thread Group 1-243,text,false,,261,494,1151,1151,http://localhost:8080/web/index.php/api/v2/recruitment/candidates,21823,0,543
1768458064131,21780,Create Candidate Request,401,Unauthorized,Candidate Creation Thread Group 1-257,text,false,,261,491,1150,1150,http://localhost:8080/web/index.php/api/v2/recruitment/candidates,21780,0,498
1768458064128,21788,Create Candidate Request,401,Unauthorized,Candidate Creation Thread Group 1-251,text,false,,261,491,1149,1149,http://localhost:8080/web/index.php/api/v2/recruitment/candidates,21788,0,501
1768458064027,21896,Create Candidate Request,401,Unauthorized,Candidate Creation Thread Group 1-222,text,false,,261,494,1148,1148,http://localhost:8080/web/index.php/api/v2/recruitment/candidates,21895,0,602
1768458064044,21965,Create Candidate Request,401,Unauthorized,Candidate Creation Thread Group 1-225,text,false,,261,494,1147,1147,http://localhost:8080/web/index.php/api/v2/recruitment/candidates,21964,0,586
1768458064097,21919,Create Candidate Request,401,Unauthorized,Candidate Creation Thread Group 1-245,text,false,,261,494,1146,1146,http://localhost:8080/web/index.php/api/v2/recruitment/candidates,21919,0,533
1768458064133,21974,Create Candidate Request,401,Unauthorized,Candidate Creation Thread Group 1-258,text,false,,261,491,1145,1145,http://localhost:8080/web/index.php/api/v2/recruitment/candidates,21974,0,498
1768458064131,21981,Create Candidate Request,401,Unauthorized,Candidate Creation Thread Group 1-221,text,false,,261,494,1144,1144,http://localhost:8080/web/index.php/api/v2/recruitment/candidates,21981,0,500
1768458064039,22078,Create Candidate Request,401,Unauthorized,Candidate Creation Thread Group 1-146,text,false,,261,494,1143,1143,http://localhost:8080/web/index.php/api/v2/recruitment/candidates,22078,0,593
1768458064044,22078,Create Candidate Request,401,Unauthorized,Candidate Creation Thread Group 1-9,text,false,,261,494,1142,1142,http://localhost:8080/web/index.php/api/v2/recruitment/candidates,22078,0,589
1768458064047,22162,Create Candidate Request,401,Unauthorized,Candidate Creation Thread Group 1-217,text,false,,261,494,1141,1141,http://localhost:8080/web/index.php/api/v2/recruitment/candidates,22162,0,587
1768458064045,22168,Create Candidate Request,401,Unauthorized,Candidate Creation Thread Group 1-108,text,false,,261,491,1140,1140,http://localhost:8080/web/index.php/api/v2/recruitment/candidates,22168,0,589
1768458064133,22083,Create Candidate Request,401,Unauthorized,Candidate Creation Thread Group 1-211,text,false,,261,494,1139,1139,http://localhost:8080/web/index.php/api/v2/recruitment/candidates,22083,0,499
1768458064045,22263,Create Candidate Request,401,Unauthorized,Candidate Creation Thread Group 1-4,text,false,,261,494,1138,1138,http://localhost:8080/web/index.php/api/v2/recruitment/candidates,22263,0,597
1768458064103,22209,Create Candidate Request,401,Unauthorized,Candidate Creation Thread Group 1-244,text,false,,261,494,1137,1137,http://localhost:8080/web/index.php/api/v2/recruitment/candidates,22209,0,531
1768458064047,22269,Create Candidate Request,401,Unauthorized,Candidate Creation Thread Group 1-224,text,false,,261,494,1136,1136,http://localhost:8080/web/index.php/api/v2/recruitment/candidates,22269,0,594
1768458064047,22274,Create Candidate Request,401,Unauthorized,Candidate Creation Thread Group 1-230,text,false,,261,494,1135,1135,http://localhost:8080/web/index.php/api/v2/recruitment/candidates,22273,0,595
1768458064885,21523,Create Candidate Request,401,Unauthorized,Candidate Creation Thread Group 1-495,text,false,,261,491,1134,1134,http://localhost:8080/web/index.php/api/v2/recruitment/candidates,21523,0,2
1768458064102,22312,Create Candidate Request,401,Unauthorized,Candidate Creation Thread Group 1-248,text,false,,261,494,1133,1133,http://localhost:8080/web/index.php/api/v2/recruitment/candidates,22312,0,539
1768458064056,22453,Create Candidate Request,401,Unauthorized,Candidate Creation Thread Group 1-72,text,false,,261,494,1132,1132,http://localhost:8080/web/index.php/api/v2/recruitment/candidates,22451,0,588
1768458064052,22462,Create Candidate Request,401,Unauthorized,Candidate Creation Thread Group 1-231,text,false,,261,494,1131,1131,http://localhost:8080/web/index.php/api/v2/recruitment/candidates,22462,0,592
1768458064045,22476,Create Candidate Request,401,Unauthorized,Candidate Creation Thread Group 1-229,text,false,,261,494,1130,1130,http://localhost:8080/web/index.php/api/v2/recruitment/candidates,22475,0,599
1768458064096,22511,Create Candidate Request,401,Unauthorized,Candidate Creation Thread Group 1-250,text,false,,261,494,1129,1129,http://localhost:8080/web/index.php/api/v2/recruitment/candidates,22510,0,547
1768458064072,22540,Create Candidate Request,401,Unauthorized,Candidate Creation Thread Group 1-241,text,false,,261,494,1128,1128,http://localhost:8080/web/index.php/api/v2/recruitment/candidates,22539,0,573
1768458064046,22571,Create Candidate Request,401,Unauthorized,Candidate Creation Thread Group 1-94,text,false,,261,494,1127,1127,http://localhost:8080/web/index.php/api/v2/recruitment/candidates,22571,0,596
1768458064096,22612,Create Candidate Request,401,Unauthorized,Candidate Creation Thread Group 1-249,text,false,,261,494,1126,1126,http://localhost:8080/web/index.php/api/v2/recruitment/candidates,22612,0,547
1768458064050,22663,Create Candidate Request,401,Unauthorized,Candidate Creation Thread Group 1-228,text,false,,261,494,1125,1125,http://localhost:8080/web/index.php/api/v2/recruitment/candidates,22663,0,596
1768458064645,22073,Create Candidate Request,401,Unauthorized,Candidate Creation Thread Group 1-400,text,false,,261,491,1124,1124,http://localhost:8080/web/index.php/api/v2/recruitment/candidates,22073,0,0
1768458064075,22732,Create Candidate Request,401,Unauthorized,Candidate Creation Thread Group 1-242,text,false,,261,494,1123,1123,http://localhost:8080/web/index.php/api/v2/recruitment/candidates,22731,0,567
1768458064649,22164,Create Candidate Request,401,Unauthorized,Candidate Creation Thread Group 1-420,text,false,,261,491,1122,1122,http://localhost:8080/web/index.php/api/v2/recruitment/candidates,22164,0,1
1768458064649,22168,Create Candidate Request,401,Unauthorized,Candidate Creation Thread Group 1-418,text,false,,261,491,1121,1121,http://localhost:8080/web/index.php/api/v2/recruitment/candidates,22168,0,1
1768458064651,22258,Create Candidate Request,401,Unauthorized,Candidate Creation Thread Group 1-419,text,false,,261,491,1120,1120,http://localhost:8080/web/index.php/api/v2/recruitment/candidates,22257,0,0
1768458064651,22262,Create Candidate Request,401,Unauthorized,Candidate Creation Thread Group 1-417,text,false,,261,491,1119,1119,http://localhost:8080/web/index.php/api/v2/recruitment/candidates,22262,0,0
1768458064649,22270,Create Candidate Request,401,Unauthorized,Candidate Creation Thread Group 1-422,text,false,,261,491,1118,1118,http://localhost:8080/web/index.php/api/v2/recruitment/candidates,22269,0,3
1768458064653,22360,Create Candidate Request,401,Unauthorized,Candidate Creation Thread Group 1-414,text,false,,261,491,1117,1117,http://localhost:8080/web/index.php/api/v2/recruitment/candidates,22356,0,1
1768458064652,22363,Create Candidate Request,401,Unauthorized,Candidate Creation Thread Group 1-416,text,false,,261,491,1116,1116,http://localhost:8080/web/index.php/api/v2/recruitment/candidates,22363,0,1
1768458064654,22368,Create Candidate Request,401,Unauthorized,Candidate Creation Thread Group 1-415,text,false,,261,491,1115,1115,http://localhost:8080/web/index.php/api/v2/recruitment/candidates,22368,0,1
1768458064656,22455,Create Candidate Request,401,Unauthorized,Candidate Creation Thread Group 1-413,text,false,,261,494,1114,1114,http://localhost:8080/web/index.php/api/v2/recruitment/candidates,22455,0,1
1768458064659,22457,Create Candidate Request,401,Unauthorized,Candidate Creation Thread Group 1-426,text,false,,261,494,1113,1113,http://localhost:8080/web/index.php/api/v2/recruitment/candidates,22456,0,1
1768458064656,22466,Create Candidate Request,401,Unauthorized,Candidate Creation Thread Group 1-425,text,false,,261,494,1112,1112,http://localhost:8080/web/index.php/api/v2/recruitment/candidates,22465,0,1
1768458064659,22549,Create Candidate Request,401,Unauthorized,Candidate Creation Thread Group 1-411,text,false,,261,494,1111,1111,http://localhost:8080/web/index.php/api/v2/recruitment/candidates,22548,0,1
1768458066205,21007,Create Candidate Request,401,Unauthorized,Candidate Creation Thread Group 1-965,text,false,,261,494,1110,1110,http://localhost:8080/web/index.php/api/v2/recruitment/candidates,21007,0,14
1768458066111,21107,Create Candidate Request,401,Unauthorized,Candidate Creation Thread Group 1-950,text,false,,261,494,1109,1109,http://localhost:8080/web/index.php/api/v2/recruitment/candidates,21106,0,3
1768458064072,23237,Create Candidate Request,401,Unauthorized,Candidate Creation Thread Group 1-239,text,false,,261,494,1108,1108,http://localhost:8080/web/index.php/api/v2/recruitment/candidates,23236,0,588
1768458064656,22657,Create Candidate Request,401,Unauthorized,Candidate Creation Thread Group 1-412,text,false,,261,494,1107,1107,http://localhost:8080/web/index.php/api/v2/recruitment/candidates,22657,0,5
1768458065643,21674,Create Candidate Request,401,Unauthorized,Candidate Creation Thread Group 1-729,text,false,,261,494,1106,1106,http://localhost:8080/web/index.php/api/v2/recruitment/candidates,21674,0,2
1768458064060,23351,Create Candidate Request,401,Unauthorized,Candidate Creation Thread Group 1-156,text,false,,261,491,1105,1105,http://localhost:8080/web/index.php/api/v2/recruitment/candidates,23350,0,601
1768458064055,23360,Create Candidate Request,401,Unauthorized,Candidate Creation Thread Group 1-234,text,false,,261,494,1105,1105,http://localhost:8080/web/index.php/api/v2/recruitment/candidates,23359,0,606
1768458064049,23457,Create Candidate Request,401,Unauthorized,Candidate Creation Thread Group 1-147,text,false,,261,494,1103,1103,http://localhost:8080/web/index.php/api/v2/recruitment/candidates,23457,0,613
1768458064049,23461,Create Candidate Request,401,Unauthorized,Candidate Creation Thread Group 1-121,text,false,,261,494,1102,1102,http://localhost:8080/web/index.php/api/v2/recruitment/candidates,23461,0,614
1768458064074,23442,Create Candidate Request,401,Unauthorized,Candidate Creation Thread Group 1-240,text,false,,261,494,1101,1101,http://localhost:8080/web/index.php/api/v2/recruitment/candidates,23441,0,588
1768458064051,23468,Create Candidate Request,401,Unauthorized,Candidate Creation Thread Group 1-232,text,false,,261,494,1100,1100,http://localhost:8080/web/index.php/api/v2/recruitment/candidates,23468,0,612
1768458067309,20300,Create Candidate Request,401,Unauthorized,Candidate Creation Thread Group 1-1353,text,false,,261,491,1099,1099,http://localhost:8080/web/index.php/api/v2/recruitment/candidates,20300,0,1
1768458064804,22809,Create Candidate Request,401,Unauthorized,Candidate Creation Thread Group 1-482,text,false,,261,494,1098,1098,http://localhost:8080/web/index.php/api/v2/recruitment/candidates,22809,0,1
1768458064059,23560,Create Candidate Request,401,Unauthorized,Candidate Creation Thread Group 1-235,text,false,,261,494,1097,1097,http://localhost:8080/web/index.php/api/v2/recruitment/candidates,23559,0,605
1768458064057,23654,Create Candidate Request,401,Unauthorized,Candidate Creation Thread Group 1-233,text,false,,261,494,1096,1096,http://localhost:8080/web/index.php/api/v2/recruitment/candidates,23653,0,609
1768458064664,23055,Create Candidate Request,401,Unauthorized,Candidate Creation Thread Group 1-429,text,false,,261,494,1095,1095,http://localhost:8080/web/index.php/api/v2/recruitment/candidates,23054,0,3
1768458064060,23749,Create Candidate Request,401,Unauthorized,Candidate Creation Thread Group 1-169,text,false,,261,494,1094,1094,http://localhost:8080/web/index.php/api/v2/recruitment/candidates,23748,0,611
1768458064659,23156,Create Candidate Request,401,Unauthorized,Candidate Creation Thread Group 1-430,text,false,,261,494,1093,1093,http://localhost:8080/web/index.php/api/v2/recruitment/candidates,23155,0,12
1768458064665,23158,Create Candidate Request,401,Unauthorized,Candidate Creation Thread Group 1-403,text,false,,261,494,1092,1092,http://localhost:8080/web/index.php/api/v2/recruitment/candidates,23157,0,7
1768458064060,23850,Create Candidate Request,401,Unauthorized,Candidate Creation Thread Group 1-130,text,false,,261,494,1091,1091,http://localhost:8080/web/index.php/api/v2/recruitment/candidates,23849,0,613
1768458064659,23259,Create Candidate Request,401,Unauthorized,Candidate Creation Thread Group 1-409,text,false,,261,494,1090,1090,http://localhost:8080/web/index.php/api/v2/recruitment/candidates,23259,0,13
1768458064062,23862,Create Candidate Request,401,Unauthorized,Candidate Creation Thread Group 1-236,text,false,,261,494,1089,1089,http://localhost:8080/web/index.php/api/v2/recruitment/candidates,23862,0,611
1768458064669,23337,Create Candidate Request,401,Unauthorized,Candidate Creation Thread Group 1-399,text,false,,261,494,1088,1088,http://localhost:8080/web/index.php/api/v2/recruitment/candidates,23337,0,4
1768458064069,23941,Create Candidate Request,401,Unauthorized,Candidate Creation Thread Group 1-238,text,false,,261,494,1087,1087,http://localhost:8080/web/index.php/api/v2/recruitment/candidates,23940,0,604
1768458064060,23955,Create Candidate Request,401,Unauthorized,Candidate Creation Thread Group 1-149,text,false,,261,494,1086,1086,http://localhost:8080/web/index.php/api/v2/recruitment/candidates,23955,0,615
1768458064673,23348,Create Candidate Request,401,Unauthorized,Candidate Creation Thread Group 1-394,text,false,,261,494,1085,1085,http://localhost:8080/web/index.php/api/v2/recruitment/candidates,23347,0,0
1768458064670,23438,Create Candidate Request,401,Unauthorized,Candidate Creation Thread Group 1-402,text,false,,261,494,1084,1084,http://localhost:8080/web/index.php/api/v2/recruitment/candidates,23437,0,1
1768458064669,23442,Create Candidate Request,401,Unauthorized,Candidate Creation Thread Group 1-431,text,false,,261,494,1084,1084,http://localhost:8080/web/index.php/api/v2/recruitment/candidates,23442,0,5
1768458064671,23447,Create Candidate Request,401,Unauthorized,Candidate Creation Thread Group 1-428,text,false,,261,494,1082,1082,http://localhost:8080/web/index.php/api/v2/recruitment/candidates,23446,0,9
1768458064666,23546,Create Candidate Request,401,Unauthorized,Candidate Creation Thread Group 1-427,text,false,,261,494,1081,1081,http://localhost:8080/web/index.php/api/v2/recruitment/candidates,23545,0,9
1768458064670,23547,Create Candidate Request,401,Unauthorized,Candidate Creation Thread Group 1-432,text,false,,261,494,1080,1080,http://localhost:8080/web/index.php/api/v2/recruitment/candidates,23547,0,11
1768458064675,23632,Create Candidate Request,401,Unauthorized,Candidate Creation Thread Group 1-433,text,false,,261,494,1079,1079,http://localhost:8080/web/index.php/api/v2/recruitment/candidates,23632,0,5
1768458064682,23630,Create Candidate Request,401,Unauthorized,Candidate Creation Thread Group 1-437,text,false,,261,494,1078,1078,http://localhost:8080/web/index.php/api/v2/recruitment/candidates,23629,0,1
1768458064681,23639,Create Candidate Request,401,Unauthorized,Candidate Creation Thread Group 1-435,text,false,,261,494,1077,1077,http://localhost:8080/web/index.php/api/v2/recruitment/candidates,23638,0,1
1768458064063,24343,Create Candidate Request,401,Unauthorized,Candidate Creation Thread Group 1-167,text,false,,261,494,1076,1076,http://localhost:8080/web/index.php/api/v2/recruitment/candidates,24343,0,621
1768458064062,24349,Create Candidate Request,401,Unauthorized,Candidate Creation Thread Group 1-39,text,false,,261,494,1075,1075,http://localhost:8080/web/index.php/api/v2/recruitment/candidates,24348,0,623
1768458064690,23727,Create Candidate Request,401,Unauthorized,Candidate Creation Thread Group 1-424,text,false,,261,494,1074,1074,http://localhost:8080/web/index.php/api/v2/recruitment/candidates,23727,0,0
1768458064690,23818,Create Candidate Request,401,Unauthorized,Candidate Creation Thread Group 1-421,text,false,,261,494,1073,1073,http://localhost:8080/web/index.php/api/v2/recruitment/candidates,23818,0,2
1768458064687,23824,Create Candidate Request,401,Unauthorized,Candidate Creation Thread Group 1-436,text,false,,261,494,1072,1072,http://localhost:8080/web/index.php/api/v2/recruitment/candidates,23824,0,4
1768458064690,23826,Create Candidate Request,401,Unauthorized,Candidate Creation Thread Group 1-434,text,false,,261,494,1071,1071,http://localhost:8080/web/index.php/api/v2/recruitment/candidates,23826,0,0
1768458064690,23830,Create Candidate Request,401,Unauthorized,Candidate Creation Thread Group 1-443,text,false,,261,494,1070,1070,http://localhost:8080/web/index.php/api/v2/recruitment/candidates,23830,0,1
1768458064693,23914,Create Candidate Request,401,Unauthorized,Candidate Creation Thread Group 1-406,text,false,,261,494,1069,1069,http://localhost:8080/web/index.php/api/v2/recruitment/candidates,23914,0,1
1768458064693,23919,Create Candidate Request,401,Unauthorized,Candidate Creation Thread Group 1-440,text,false,,261,494,1068,1068,http://localhost:8080/web/index.php/api/v2/recruitment/candidates,23918,0,0
1768458064694,23923,Create Candidate Request,401,Unauthorized,Candidate Creation Thread Group 1-423,text,false,,261,494,1067,1067,http://localhost:8080/web/index.php/api/v2/recruitment/candidates,23923,0,2
1768458064694,24012,Create Candidate Request,401,Unauthorized,Candidate Creation Thread Group 1-439,text,false,,261,494,1066,1066,http://localhost:8080/web/index.php/api/v2/recruitment/candidates,24012,0,2
1768458064695,24016,Create Candidate Request,401,Unauthorized,Candidate Creation Thread Group 1-408,text,false,,261,494,1065,1065,http://localhost:8080/web/index.php/api/v2/recruitment/candidates,24016,0,1
1768458064695,24020,Create Candidate Request,401,Unauthorized,Candidate Creation Thread Group 1-407,text,false,,261,494,1064,1064,http://localhost:8080/web/index.php/api/v2/recruitment/candidates,24019,0,1
1768458064696,24026,Create Candidate Request,401,Unauthorized,Candidate Creation Thread Group 1-445,text,false,,261,494,1063,1063,http://localhost:8080/web/index.php/api/v2/recruitment/candidates,24026,0,0
1768458064695,24114,Create Candidate Request,401,Unauthorized,Candidate Creation Thread Group 1-441,text,false,,261,494,1062,1062,http://localhost:8080/web/index.php/api/v2/recruitment/candidates,24114,0,1
1768458064703,24110,Create Candidate Request,401,Unauthorized,Candidate Creation Thread Group 1-447,text,false,,261,494,1061,1061,http://localhost:8080/web/index.php/api/v2/recruitment/candidates,24110,0,1
1768458064703,24116,Create Candidate Request,401,Unauthorized,Candidate Creation Thread Group 1-438,text,false,,261,494,1060,1060,http://localhost:8080/web/index.php/api/v2/recruitment/candidates,24115,0,1
1768458064705,24205,Create Candidate Request,401,Unauthorized,Candidate Creation Thread Group 1-444,text,false,,261,494,1059,1059,http://localhost:8080/web/index.php/api/v2/recruitment/candidates,24205,0,21
1768458064704,24211,Create Candidate Request,401,Unauthorized,Candidate Creation Thread Group 1-446,text,false,,261,494,1058,1058,http://localhost:8080/web/index.php/api/v2/recruitment/candidates,24211,0,1
1768458064731,24276,Create Candidate Request,401,Unauthorized,Candidate Creation Thread Group 1-458,text,false,,261,494,1057,1057,http://localhost:8080/web/index.php/api/v2/recruitment/candidates,24276,0,1
1768458064711,24301,Create Candidate Request,401,Unauthorized,Candidate Creation Thread Group 1-442,text,false,,261,494,1056,1056,http://localhost:8080/web/index.php/api/v2/recruitment/candidates,24300,0,21
1768458064731,24285,Create Candidate Request,401,Unauthorized,Candidate Creation Thread Group 1-459,text,false,,261,494,1055,1055,http://localhost:8080/web/index.php/api/v2/recruitment/candidates,24285,0,1
1768458064730,24296,Create Candidate Request,401,Unauthorized,Candidate Creation Thread Group 1-451,text,false,,261,494,1054,1054,http://localhost:8080/web/index.php/api/v2/recruitment/candidates,24296,0,2
1768458064749,24360,Create Candidate Request,401,Unauthorized,Candidate Creation Thread Group 1-456,text,false,,261,491,1053,1053,http://localhost:8080/web/index.php/api/v2/recruitment/candidates,24359,0,2
1768458064749,24364,Create Candidate Request,401,Unauthorized,Candidate Creation Thread Group 1-452,text,false,,261,491,1052,1052,http://localhost:8080/web/index.php/api/v2/recruitment/candidates,24363,0,1
1768458064752,24364,Create Candidate Request,401,Unauthorized,Candidate Creation Thread Group 1-457,text,false,,261,491,1051,1051,http://localhost:8080/web/index.php/api/v2/recruitment/candidates,24364,0,1
1768458064752,24371,Create Candidate Request,401,Unauthorized,Candidate Creation Thread Group 1-453,text,false,,261,491,1050,1050,http://localhost:8080/web/index.php/api/v2/recruitment/candidates,24370,0,1
1768458064750,24456,Create Candidate Request,401,Unauthorized,Candidate Creation Thread Group 1-455,text,false,,261,491,1049,1049,http://localhost:8080/web/index.php/api/v2/recruitment/candidates,24456,0,3
1768458064749,24464,Create Candidate Request,401,Unauthorized,Candidate Creation Thread Group 1-463,text,false,,261,491,1048,1048,http://localhost:8080/web/index.php/api/v2/recruitment/candidates,24463,0,5
1768458064756,24552,Create Candidate Request,401,Unauthorized,Candidate Creation Thread Group 1-465,text,false,,261,491,1047,1047,http://localhost:8080/web/index.php/api/v2/recruitment/candidates,24551,0,1
1768458064755,24557,Create Candidate Request,401,Unauthorized,Candidate Creation Thread Group 1-460,text,false,,261,494,1046,1046,http://localhost:8080/web/index.php/api/v2/recruitment/candidates,24557,0,1
1768458064755,24562,Create Candidate Request,401,Unauthorized,Candidate Creation Thread Group 1-464,text,false,,261,491,1045,1045,http://localhost:8080/web/index.php/api/v2/recruitment/candidates,24562,0,1
1768458064756,24565,Create Candidate Request,401,Unauthorized,Candidate Creation Thread Group 1-466,text,false,,261,494,1044,1044,http://localhost:8080/web/index.php/api/v2/recruitment/candidates,24565,0,0
1768458064745,24665,Create Candidate Request,401,Unauthorized,Candidate Creation Thread Group 1-454,text,false,,261,491,1043,1043,http://localhost:8080/web/index.php/api/v2/recruitment/candidates,24664,0,13
1768458064766,24649,Create Candidate Request,401,Unauthorized,Candidate Creation Thread Group 1-449,text,false,,261,494,1042,1042,http://localhost:8080/web/index.php/api/v2/recruitment/candidates,24648,0,3
1768458064811,24696,Create Candidate Request,401,Unauthorized,Candidate Creation Thread Group 1-480,text,false,,261,494,1041,1041,http://localhost:8080/web/index.php/api/v2/recruitment/candidates,24695,0,1
1768458064761,24750,Create Candidate Request,401,Unauthorized,Candidate Creation Thread Group 1-448,text,false,,261,494,1040,1040,http://localhost:8080/web/index.php/api/v2/recruitment/candidates,24750,0,1
1768458064761,24754,Create Candidate Request,401,Unauthorized,Candidate Creation Thread Group 1-462,text,false,,261,494,1039,1039,http://localhost:8080/web/index.php/api/v2/recruitment/candidates,24754,0,3
1768458064765,24755,Create Candidate Request,401,Unauthorized,Candidate Creation Thread Group 1-469,text,false,,261,494,1038,1038,http://localhost:8080/web/index.php/api/v2/recruitment/candidates,24755,0,7
1768458064767,24840,Create Candidate Request,401,Unauthorized,Candidate Creation Thread Group 1-468,text,false,,261,494,1037,1037,http://localhost:8080/web/index.php/api/v2/recruitment/candidates,24839,0,6
1768458064775,24838,Create Candidate Request,401,Unauthorized,Candidate Creation Thread Group 1-467,text,false,,261,494,1036,1036,http://localhost:8080/web/index.php/api/v2/recruitment/candidates,24837,0,1
1768458064766,24853,Create Candidate Request,401,Unauthorized,Candidate Creation Thread Group 1-471,text,false,,261,494,1035,1035,http://localhost:8080/web/index.php/api/v2/recruitment/candidates,24853,0,11
1768458067706,22004,Create Candidate Request,401,Unauthorized,Candidate Creation Thread Group 1-1496,text,false,,261,494,1034,1034,http://localhost:8080/web/index.php/api/v2/recruitment/candidates,22004,0,7
1768458066690,23024,Create Candidate Request,401,Unauthorized,Candidate Creation Thread Group 1-1115,text,false,,261,494,1033,1033,http://localhost:8080/web/index.php/api/v2/recruitment/candidates,23024,0,1
1768458064777,24941,Create Candidate Request,401,Unauthorized,Candidate Creation Thread Group 1-450,text,false,,261,494,1032,1032,http://localhost:8080/web/index.php/api/v2/recruitment/candidates,24941,0,1
1768458064779,24945,Create Candidate Request,401,Unauthorized,Candidate Creation Thread Group 1-461,text,false,,261,494,1031,1031,http://localhost:8080/web/index.php/api/v2/recruitment/candidates,24945,0,1
1768458064769,25042,Create Candidate Request,401,Unauthorized,Candidate Creation Thread Group 1-470,text,false,,261,494,1030,1030,http://localhost:8080/web/index.php/api/v2/recruitment/candidates,25041,0,12
1768458064783,25036,Create Candidate Request,401,Unauthorized,Candidate Creation Thread Group 1-474,text,false,,261,494,1029,1029,http://localhost:8080/web/index.php/api/v2/recruitment/candidates,25036,0,1
1768458064780,25128,Create Candidate Request,401,Unauthorized,Candidate Creation Thread Group 1-473,text,false,,261,494,1028,1028,http://localhost:8080/web/index.php/api/v2/recruitment/candidates,25128,0,1
1768458064780,25131,Create Candidate Request,401,Unauthorized,Candidate Creation Thread Group 1-472,text,false,,261,494,1027,1027,http://localhost:8080/web/index.php/api/v2/recruitment/candidates,25131,0,5
1768458064840,25075,Create Candidate Request,401,Unauthorized,Candidate Creation Thread Group 1-494,text,false,,261,494,1026,1026,http://localhost:8080/web/index.php/api/v2/recruitment/candidates,25075,0,1
1768458064846,25074,Create Candidate Request,401,Unauthorized,Candidate Creation Thread Group 1-501,text,false,,261,494,1025,1025,http://localhost:8080/web/index.php/api/v2/recruitment/candidates,25074,0,13
1768458064784,25224,Create Candidate Request,401,Unauthorized,Candidate Creation Thread Group 1-476,text,false,,261,494,1024,1024,http://localhost:8080/web/index.php/api/v2/recruitment/candidates,25223,0,4
1768458064795,25217,Create Candidate Request,401,Unauthorized,Candidate Creation Thread Group 1-475,text,false,,261,494,1023,1023,http://localhost:8080/web/index.php/api/v2/recruitment/candidates,25216,0,2
1768458064813,25203,Create Candidate Request,401,Unauthorized,Candidate Creation Thread Group 1-477,text,false,,261,494,1022,1022,http://localhost:8080/web/index.php/api/v2/recruitment/candidates,25203,0,1
1768458064844,25263,Create Candidate Request,401,Unauthorized,Candidate Creation Thread Group 1-500,text,false,,261,494,1021,1021,http://localhost:8080/web/index.php/api/v2/recruitment/candidates,25263,0,15
1768458064849,25266,Create Candidate Request,401,Unauthorized,Candidate Creation Thread Group 1-511,text,false,,261,494,1020,1020,http://localhost:8080/web/index.php/api/v2/recruitment/candidates,25266,0,2
1768458064890,25230,Create Candidate Request,401,Unauthorized,Candidate Creation Thread Group 1-492,text,false,,261,494,1019,1019,http://localhost:8080/web/index.php/api/v2/recruitment/candidates,25229,0,2
1768458064859,25349,Create Candidate Request,401,Unauthorized,Candidate Creation Thread Group 1-502,text,false,,261,494,1018,1018,http://localhost:8080/web/index.php/api/v2/recruitment/candidates,25348,0,0
1768458066909,23304,Create Candidate Request,401,Unauthorized,Candidate Creation Thread Group 1-1248,text,false,,261,494,1017,1017,http://localhost:8080/web/index.php/api/v2/recruitment/candidates,23304,0,1
1768458067306,22911,Create Candidate Request,401,Unauthorized,Candidate Creation Thread Group 1-1356,text,false,,261,491,1016,1016,http://localhost:8080/web/index.php/api/v2/recruitment/candidates,22910,0,9
1768458064808,25501,Create Candidate Request,401,Unauthorized,Candidate Creation Thread Group 1-479,text,false,,261,494,1015,1015,http://localhost:8080/web/index.php/api/v2/recruitment/candidates,25501,0,9
1768458064813,25500,Create Candidate Request,401,Unauthorized,Candidate Creation Thread Group 1-478,text,false,,261,494,1014,1014,http://localhost:8080/web/index.php/api/v2/recruitment/candidates,25500,0,5
1768458064802,25519,Create Candidate Request,401,Unauthorized,Candidate Creation Thread Group 1-487,text,false,,261,494,1013,1013,http://localhost:8080/web/index.php/api/v2/recruitment/candidates,25518,0,23
1768458064826,25583,Create Candidate Request,401,Unauthorized,Candidate Creation Thread Group 1-489,text,false,,261,494,1012,1012,http://localhost:8080/web/index.php/api/v2/recruitment/candidates,25583,0,8
1768458064041,26372,Create Candidate Request,401,Unauthorized,Candidate Creation Thread Group 1-109,text,false,,261,491,1011,1011,http://localhost:8080/web/index.php/api/v2/recruitment/candidates,26372,0,554
1768458064593,25825,Create Candidate Request,401,Unauthorized,Candidate Creation Thread Group 1-401,text,false,,261,494,1010,1010,http://localhost:8080/web/index.php/api/v2/recruitment/candidates,25825,0,3
1768458064802,25708,Create Candidate Request,401,Unauthorized,Candidate Creation Thread Group 1-481,text,false,,261,494,1009,1009,http://localhost:8080/web/index.php/api/v2/recruitment/candidates,25708,0,1
1768458064030,26486,Create Candidate Request,401,Unauthorized,Candidate Creation Thread Group 1-152,text,false,,261,491,1008,1008,http://localhost:8080/web/index.php/api/v2/recruitment/candidates,26485,0,566
1768458067318,23203,Create Candidate Request,401,Unauthorized,Candidate Creation Thread Group 1-1351,text,false,,261,491,1007,1007,http://localhost:8080/web/index.php/api/v2/recruitment/candidates,23203,0,1
1768458064058,26550,Create Candidate Request,401,Unauthorized,Candidate Creation Thread Group 1-132,text,false,,261,494,1006,1006,http://localhost:8080/web/index.php/api/v2/recruitment/candidates,26550,0,611
1768458064595,26020,Create Candidate Request,401,Unauthorized,Candidate Creation Thread Group 1-392,text,false,,261,494,1005,1005,http://localhost:8080/web/index.php/api/v2/recruitment/candidates,26019,0,7
1768458064598,26020,Create Candidate Request,401,Unauthorized,Candidate Creation Thread Group 1-398,text,false,,261,494,1004,1004,http://localhost:8080/web/index.php/api/v2/recruitment/candidates,26020,0,1
1768458064127,26580,Create Candidate Request,401,Unauthorized,Candidate Creation Thread Group 1-255,text,false,,261,491,1003,1003,http://localhost:8080/web/index.php/api/v2/recruitment/candidates,26580,0,476
1768458064029,26683,Create Candidate Request,401,Unauthorized,Candidate Creation Thread Group 1-164,text,false,,261,494,1002,1002,http://localhost:8080/web/index.php/api/v2/recruitment/candidates,26683,0,575
1768458064043,26673,Create Candidate Request,401,Unauthorized,Candidate Creation Thread Group 1-223,text,false,,261,494,1001,1001,http://localhost:8080/web/index.php/api/v2/recruitment/candidates,26673,0,561
1768458064042,26680,Create Candidate Request,401,Unauthorized,Candidate Creation Thread Group 1-226,text,false,,261,494,1000,1000,http://localhost:8080/web/index.php/api/v2/recruitment/candidates,26680,0,562
1768458064028,26779,Create Candidate Request,401,Unauthorized,Candidate Creation Thread Group 1-21,text,false,,261,494,999,999,http://localhost:8080/web/index.php/api/v2/recruitment/candidates,26778,0,577
1768458064042,26771,Create Candidate Request,401,Unauthorized,Candidate Creation Thread Group 1-106,text,false,,261,494,998,998,http://localhost:8080/web/index.php/api/v2/recruitment/candidates,26770,0,567
1768458064833,26074,Create Candidate Request,401,Unauthorized,Candidate Creation Thread Group 1-488,text,false,,261,494,997,997,http://localhost:8080/web/index.php/api/v2/recruitment/candidates,26074,0,1
1768458064831,26079,Create Candidate Request,401,Unauthorized,Candidate Creation Thread Group 1-490,text,false,,261,494,996,996,http://localhost:8080/web/index.php/api/v2/recruitment/candidates,26079,0,4
1768458064834,26082,Create Candidate Request,401,Unauthorized,Candidate Creation Thread Group 1-493,text,false,,261,494,995,995,http://localhost:8080/web/index.php/api/v2/recruitment/candidates,26082,0,1
1768458064838,26170,Create Candidate Request,401,Unauthorized,Candidate Creation Thread Group 1-486,text,false,,261,494,994,994,http://localhost:8080/web/index.php/api/v2/recruitment/candidates,26170,0,0
1768458064885,26126,Create Candidate Request,401,Unauthorized,Candidate Creation Thread Group 1-491,text,false,,261,494,993,993,http://localhost:8080/web/index.php/api/v2/recruitment/candidates,26126,0,8
1768458064864,26151,Create Candidate Request,401,Unauthorized,Candidate Creation Thread Group 1-516,text,false,,261,494,992,992,http://localhost:8080/web/index.php/api/v2/recruitment/candidates,26150,0,1
1768458064864,26155,Create Candidate Request,401,Unauthorized,Candidate Creation Thread Group 1-504,text,false,,261,494,991,991,http://localhost:8080/web/index.php/api/v2/recruitment/candidates,26154,0,1
1768458064864,26160,Create Candidate Request,401,Unauthorized,Candidate Creation Thread Group 1-512,text,false,,261,494,990,990,http://localhost:8080/web/index.php/api/v2/recruitment/candidates,26160,0,1
1768458064864,26249,Create Candidate Request,401,Unauthorized,Candidate Creation Thread Group 1-498,text,false,,261,491,989,989,http://localhost:8080/web/index.php/api/v2/recruitment/candidates,26249,0,1
1768458066588,24531,Create Candidate Request,401,Unauthorized,Candidate Creation Thread Group 1-1133,text,false,,261,494,988,988,http://localhost:8080/web/index.php/api/v2/recruitment/candidates,24530,0,3
1768458064871,26336,Create Candidate Request,401,Unauthorized,Candidate Creation Thread Group 1-497,text,false,,261,491,987,987,http://localhost:8080/web/index.php/api/v2/recruitment/candidates,26335,0,1
1768458064860,26352,Create Candidate Request,401,Unauthorized,Candidate Creation Thread Group 1-499,text,false,,261,494,986,986,http://localhost:8080/web/index.php/api/v2/recruitment/candidates,26351,0,6
1768458064861,26356,Create Candidate Request,401,Unauthorized,Candidate Creation Thread Group 1-513,text,false,,261,491,985,985,http://localhost:8080/web/index.php/api/v2/recruitment/candidates,26356,0,7
1768458064873,26435,Create Candidate Request,401,Unauthorized,Candidate Creation Thread Group 1-522,text,false,,261,491,984,984,http://localhost:8080/web/index.php/api/v2/recruitment/candidates,26435,0,1
1768458064874,26439,Create Candidate Request,401,Unauthorized,Candidate Creation Thread Group 1-523,text,false,,261,491,983,983,http://localhost:8080/web/index.php/api/v2/recruitment/candidates,26438,0,4
1768458064900,26420,Create Candidate Request,401,Unauthorized,Candidate Creation Thread Group 1-540,text,false,,261,494,982,982,http://localhost:8080/web/index.php/api/v2/recruitment/candidates,26416,0,1
1768458064875,26533,Create Candidate Request,401,Unauthorized,Candidate Creation Thread Group 1-521,text,false,,261,491,981,981,http://localhost:8080/web/index.php/api/v2/recruitment/candidates,26532,0,3
1768458064877,26535,Create Candidate Request,401,Unauthorized,Candidate Creation Thread Group 1-524,text,false,,261,491,980,980,http://localhost:8080/web/index.php/api/v2/recruitment/candidates,26535,0,1
1768458064881,26536,Create Candidate Request,401,Unauthorized,Candidate Creation Thread Group 1-496,text,false,,261,491,979,979,http://localhost:8080/web/index.php/api/v2/recruitment/candidates,26536,0,1
1768458064892,26615,Create Candidate Request,401,Unauthorized,Candidate Creation Thread Group 1-526,text,false,,261,494,978,978,http://localhost:8080/web/index.php/api/v2/recruitment/candidates,26615,0,1
1768458064896,26614,Create Candidate Request,401,Unauthorized,Candidate Creation Thread Group 1-535,text,false,,261,494,977,977,http://localhost:8080/web/index.php/api/v2/recruitment/candidates,26614,0,2
1768458064893,26624,Create Candidate Request,401,Unauthorized,Candidate Creation Thread Group 1-537,text,false,,261,494,976,976,http://localhost:8080/web/index.php/api/v2/recruitment/candidates,26624,0,3
1768458064904,26704,Create Candidate Request,401,Unauthorized,Candidate Creation Thread Group 1-514,text,false,,261,494,975,975,http://localhost:8080/web/index.php/api/v2/recruitment/candidates,26619,0,29
1768458064905,26708,Create Candidate Request,401,Unauthorized,Candidate Creation Thread Group 1-530,text,false,,261,494,974,974,http://localhost:8080/web/index.php/api/v2/recruitment/candidates,26707,0,35
1768458064940,26677,Create Candidate Request,401,Unauthorized,Candidate Creation Thread Group 1-518,text,false,,261,494,973,973,http://localhost:8080/web/index.php/api/v2/recruitment/candidates,26677,0,2
1768458064941,26766,Create Candidate Request,401,Unauthorized,Candidate Creation Thread Group 1-508,text,false,,261,494,972,972,http://localhost:8080/web/index.php/api/v2/recruitment/candidates,26765,0,1
1768458064944,26768,Create Candidate Request,401,Unauthorized,Candidate Creation Thread Group 1-519,text,false,,261,494,971,971,http://localhost:8080/web/index.php/api/v2/recruitment/candidates,26767,0,1
1768458064945,26772,Create Candidate Request,401,Unauthorized,Candidate Creation Thread Group 1-507,text,false,,261,494,970,970,http://localhost:8080/web/index.php/api/v2/recruitment/candidates,26771,0,0
1768458064901,26822,Create Candidate Request,401,Unauthorized,Candidate Creation Thread Group 1-533,text,false,,261,494,969,969,http://localhost:8080/web/index.php/api/v2/recruitment/candidates,26821,0,45
1768458064945,26865,Create Candidate Request,401,Unauthorized,Candidate Creation Thread Group 1-532,text,false,,261,494,968,968,http://localhost:8080/web/index.php/api/v2/recruitment/candidates,26865,0,1
1768458065061,26755,Create Candidate Request,401,Unauthorized,Candidate Creation Thread Group 1-552,text,false,,261,494,967,967,http://localhost:8080/web/index.php/api/v2/recruitment/candidates,26755,0,2
1768458065173,26734,Create Candidate Request,401,Unauthorized,Candidate Creation Thread Group 1-565,text,false,,261,494,966,966,http://localhost:8080/web/index.php/api/v2/recruitment/candidates,26734,0,62
1768458065235,26677,Create Candidate Request,401,Unauthorized,Candidate Creation Thread Group 1-564,text,false,,261,494,965,965,http://localhost:8080/web/index.php/api/v2/recruitment/candidates,26677,0,0
1768458064941,26974,Create Candidate Request,401,Unauthorized,Candidate Creation Thread Group 1-525,text,false,,261,494,964,964,http://localhost:8080/web/index.php/api/v2/recruitment/candidates,26974,0,1
1768458065709,26210,Create Candidate Request,401,Unauthorized,Candidate Creation Thread Group 1-804,text,false,,261,494,963,963,http://localhost:8080/web/index.php/api/v2/recruitment/candidates,26210,0,14
1768458065235,26689,Create Candidate Request,401,Unauthorized,Candidate Creation Thread Group 1-566,text,false,,261,494,962,962,http://localhost:8080/web/index.php/api/v2/recruitment/candidates,26689,0,1
1768458065725,26287,Create Candidate Request,401,Unauthorized,Candidate Creation Thread Group 1-798,text,false,,261,494,961,961,http://localhost:8080/web/index.php/api/v2/recruitment/candidates,26287,0,1
1768458065828,26189,Create Candidate Request,401,Unauthorized,Candidate Creation Thread Group 1-832,text,false,,261,494,960,960,http://localhost:8080/web/index.php/api/v2/recruitment/candidates,26188,0,1
1768458065924,26184,Create Candidate Request,401,Unauthorized,Candidate Creation Thread Group 1-874,text,false,,261,491,959,959,http://localhost:8080/web/index.php/api/v2/recruitment/candidates,26184,0,1
1768458066023,26090,Create Candidate Request,401,Unauthorized,Candidate Creation Thread Group 1-901,text,false,,261,491,958,958,http://localhost:8080/web/index.php/api/v2/recruitment/candidates,26090,0,3
1768458065277,26841,Create Candidate Request,401,Unauthorized,Candidate Creation Thread Group 1-629,text,false,,261,494,957,957,http://localhost:8080/web/index.php/api/v2/recruitment/candidates,26840,0,3
1768458065665,26541,Create Candidate Request,401,Unauthorized,Candidate Creation Thread Group 1-556,text,false,,261,491,956,956,http://localhost:8080/web/index.php/api/v2/recruitment/candidates,26541,0,3
1768458066218,25994,Create Candidate Request,401,Unauthorized,Candidate Creation Thread Group 1-964,text,false,,261,494,955,955,http://localhost:8080/web/index.php/api/v2/recruitment/candidates,25993,0,1
1768458066947,25270,Create Candidate Request,401,Unauthorized,Candidate Creation Thread Group 1-1252,text,false,,261,491,954,954,http://localhost:8080/web/index.php/api/v2/recruitment/candidates,25270,0,0
1768458065139,27168,Create Candidate Request,401,Unauthorized,Candidate Creation Thread Group 1-585,text,false,,261,494,953,953,http://localhost:8080/web/index.php/api/v2/recruitment/candidates,27168,0,3
1768458067227,25083,Create Candidate Request,401,Unauthorized,Candidate Creation Thread Group 1-1318,text,false,,261,494,952,952,http://localhost:8080/web/index.php/api/v2/recruitment/candidates,25083,0,1
1768458067308,25007,Create Candidate Request,401,Unauthorized,Candidate Creation Thread Group 1-1354,text,false,,261,491,951,951,http://localhost:8080/web/index.php/api/v2/recruitment/candidates,25007,0,3
1768458067507,24813,Create Candidate Request,401,Unauthorized,Candidate Creation Thread Group 1-1412,text,false,,261,494,950,950,http://localhost:8080/web/index.php/api/v2/recruitment/candidates,24812,0,0
1768458067705,24703,Create Candidate Request,401,Unauthorized,Candidate Creation Thread Group 1-1497,text,false,,261,494,949,949,http://localhost:8080/web/index.php/api/v2/recruitment/candidates,24703,0,3
1768458067729,24684,Create Candidate Request,401,Unauthorized,Candidate Creation Thread Group 1-1498,text,false,,261,494,948,948,http://localhost:8080/web/index.php/api/v2/recruitment/candidates,24683,0,1
1768458065797,26623,Create Candidate Request,401,Unauthorized,Candidate Creation Thread Group 1-835,text,false,,261,491,947,947,http://localhost:8080/web/index.php/api/v2/recruitment/candidates,26622,0,1
1768458065800,26711,Create Candidate Request,401,Unauthorized,Candidate Creation Thread Group 1-831,text,false,,261,491,946,946,http://localhost:8080/web/index.php/api/v2/recruitment/candidates,26709,0,3
1768458065664,26852,Create Candidate Request,401,Unauthorized,Candidate Creation Thread Group 1-639,text,false,,261,491,945,945,http://localhost:8080/web/index.php/api/v2/recruitment/candidates,26851,0,1
1768458065793,26732,Create Candidate Request,401,Unauthorized,Candidate Creation Thread Group 1-836,text,false,,261,491,944,944,http://localhost:8080/web/index.php/api/v2/recruitment/candidates,26731,0,2
1768458067397,25212,Create Candidate Request,401,Unauthorized,Candidate Creation Thread Group 1-1383,text,false,,261,494,943,943,http://localhost:8080/web/index.php/api/v2/recruitment/candidates,25211,0,1
1768458066378,26236,Create Candidate Request,401,Unauthorized,Candidate Creation Thread Group 1-1037,text,false,,261,494,942,942,http://localhost:8080/web/index.php/api/v2/recruitment/candidates,26236,0,0
1768458067403,25306,Create Candidate Request,401,Unauthorized,Candidate Creation Thread Group 1-1392,text,false,,261,494,941,941,http://localhost:8080/web/index.php/api/v2/recruitment/candidates,25306,0,12
1768458066376,26337,Create Candidate Request,401,Unauthorized,Candidate Creation Thread Group 1-1038,text,false,,261,494,940,940,http://localhost:8080/web/index.php/api/v2/recruitment/candidates,26337,0,1
1768458066907,25811,Create Candidate Request,401,Unauthorized,Candidate Creation Thread Group 1-1249,text,false,,261,494,939,939,http://localhost:8080/web/index.php/api/v2/recruitment/candidates,25811,0,1
1768458066349,26373,Create Candidate Request,401,Unauthorized,Candidate Creation Thread Group 1-1008,text,false,,261,491,938,938,http://localhost:8080/web/index.php/api/v2/recruitment/candidates,26373,0,0
1768458066909,25900,Create Candidate Request,401,Unauthorized,Candidate Creation Thread Group 1-1250,text,false,,261,494,937,937,http://localhost:8080/web/index.php/api/v2/recruitment/candidates,25900,0,5
1768458067603,25211,Create Candidate Request,401,Unauthorized,Candidate Creation Thread Group 1-1449,text,false,,261,494,936,936,http://localhost:8080/web/index.php/api/v2/recruitment/candidates,25211,0,1
1768458066571,26247,Create Candidate Request,401,Unauthorized,Candidate Creation Thread Group 1-1130,text,false,,261,491,935,935,http://localhost:8080/web/index.php/api/v2/recruitment/candidates,26246,0,0
1768458066572,26251,Create Candidate Request,401,Unauthorized,Candidate Creation Thread Group 1-1131,text,false,,261,491,934,934,http://localhost:8080/web/index.php/api/v2/recruitment/candidates,26251,0,2
1768458066788,26121,Create Candidate Request,401,Unauthorized,Candidate Creation Thread Group 1-1208,text,false,,261,494,933,933,http://localhost:8080/web/index.php/api/v2/recruitment/candidates,26120,0,3
1768458066967,25950,Create Candidate Request,401,Unauthorized,Candidate Creation Thread Group 1-1268,text,false,,261,494,932,932,http://localhost:8080/web/index.php/api/v2/recruitment/candidates,25949,0,0
1768458065809,27199,Create Candidate Request,401,Unauthorized,Candidate Creation Thread Group 1-757,text,false,,261,494,931,931,http://localhost:8080/web/index.php/api/v2/recruitment/candidates,27199,0,25
1768458066961,26053,Create Candidate Request,401,Unauthorized,Candidate Creation Thread Group 1-1262,text,false,,261,494,930,930,http://localhost:8080/web/index.php/api/v2/recruitment/candidates,26052,0,1
1768458065945,27072,Create Candidate Request,401,Unauthorized,Candidate Creation Thread Group 1-869,text,false,,261,494,929,929,http://localhost:8080/web/index.php/api/v2/recruitment/candidates,27072,0,1
1768458065596,27427,Create Candidate Request,401,Unauthorized,Candidate Creation Thread Group 1-735,text,false,,261,494,928,928,http://localhost:8080/web/index.php/api/v2/recruitment/candidates,27426,0,0
1768458065596,27513,Create Candidate Request,401,Unauthorized,Candidate Creation Thread Group 1-611,text,false,,261,494,927,927,http://localhost:8080/web/index.php/api/v2/recruitment/candidates,27513,0,1
1768458067668,25447,Create Candidate Request,401,Unauthorized,Candidate Creation Thread Group 1-1482,text,false,,261,494,926,926,http://localhost:8080/web/index.php/api/v2/recruitment/candidates,25446,0,1
1768458065597,27522,Create Candidate Request,401,Unauthorized,Candidate Creation Thread Group 1-687,text,false,,261,494,925,925,http://localhost:8080/web/index.php/api/v2/recruitment/candidates,27522,0,1
1768458065589,27621,Create Candidate Request,401,Unauthorized,Candidate Creation Thread Group 1-665,text,false,,261,494,924,924,http://localhost:8080/web/index.php/api/v2/recruitment/candidates,27620,0,4
1768458065603,27610,Create Candidate Request,401,Unauthorized,Candidate Creation Thread Group 1-732,text,false,,261,494,923,923,http://localhost:8080/web/index.php/api/v2/recruitment/candidates,27610,0,1
1768458065601,27618,Create Candidate Request,401,Unauthorized,Candidate Creation Thread Group 1-618,text,false,,261,494,922,922,http://localhost:8080/web/index.php/api/v2/recruitment/candidates,27617,0,1
1768458067250,26059,Create Candidate Request,401,Unauthorized,Candidate Creation Thread Group 1-1339,text,false,,261,494,921,921,http://localhost:8080/web/index.php/api/v2/recruitment/candidates,26057,0,2
1768458067266,26048,Create Candidate Request,401,Unauthorized,Candidate Creation Thread Group 1-1347,text,false,,261,494,920,920,http://localhost:8080/web/index.php/api/v2/recruitment/candidates,26048,0,1
1768458067263,26054,Create Candidate Request,401,Unauthorized,Candidate Creation Thread Group 1-1344,text,false,,261,494,919,919,http://localhost:8080/web/index.php/api/v2/recruitment/candidates,26054,0,1
1768458065582,27824,Create Candidate Request,401,Unauthorized,Candidate Creation Thread Group 1-591,text,false,,261,491,918,918,http://localhost:8080/web/index.php/api/v2/recruitment/candidates,27824,0,4
1768458065579,27834,Create Candidate Request,401,Unauthorized,Candidate Creation Thread Group 1-670,text,false,,261,491,917,917,http://localhost:8080/web/index.php/api/v2/recruitment/candidates,27833,0,8
1768458065584,27923,Create Candidate Request,401,Unauthorized,Candidate Creation Thread Group 1-736,text,false,,261,494,916,916,http://localhost:8080/web/index.php/api/v2/recruitment/candidates,27923,0,1
1768458065587,27923,Create Candidate Request,401,Unauthorized,Candidate Creation Thread Group 1-609,text,false,,261,494,915,915,http://localhost:8080/web/index.php/api/v2/recruitment/candidates,27923,0,2
1768458066956,26560,Create Candidate Request,401,Unauthorized,Candidate Creation Thread Group 1-1251,text,false,,261,491,914,914,http://localhost:8080/web/index.php/api/v2/recruitment/candidates,26560,0,1
1768458066957,26564,Create Candidate Request,401,Unauthorized,Candidate Creation Thread Group 1-1257,text,false,,261,491,913,913,http://localhost:8080/web/index.php/api/v2/recruitment/candidates,26564,0,1
1768458065599,28012,Create Candidate Request,401,Unauthorized,Candidate Creation Thread Group 1-734,text,false,,261,494,912,912,http://localhost:8080/web/index.php/api/v2/recruitment/candidates,28012,0,0
1768458066956,26659,Create Candidate Request,401,Unauthorized,Candidate Creation Thread Group 1-1256,text,false,,261,491,911,911,http://localhost:8080/web/index.php/api/v2/recruitment/candidates,26659,0,0
1768458067160,26548,Create Candidate Request,401,Unauthorized,Candidate Creation Thread Group 1-1307,text,false,,261,491,910,910,http://localhost:8080/web/index.php/api/v2/recruitment/candidates,26548,0,11
1768458067165,26548,Create Candidate Request,401,Unauthorized,Candidate Creation Thread Group 1-1308,text,false,,261,491,909,909,http://localhost:8080/web/index.php/api/v2/recruitment/candidates,26548,0,3
1768458067171,26546,Create Candidate Request,401,Unauthorized,Candidate Creation Thread Group 1-1304,text,false,,261,491,908,908,http://localhost:8080/web/index.php/api/v2/recruitment/candidates,26546,0,6
1768458066347,27374,Create Candidate Request,401,Unauthorized,Candidate Creation Thread Group 1-1011,text,false,,261,491,907,907,http://localhost:8080/web/index.php/api/v2/recruitment/candidates,27374,0,1
1768458067171,26635,Create Candidate Request,401,Unauthorized,Candidate Creation Thread Group 1-1309,text,false,,261,491,906,906,http://localhost:8080/web/index.php/api/v2/recruitment/candidates,26635,0,3
1768458065577,28234,Create Candidate Request,401,Unauthorized,Candidate Creation Thread Group 1-590,text,false,,261,491,905,905,http://localhost:8080/web/index.php/api/v2/recruitment/candidates,28234,0,11
1768458067640,26176,Create Candidate Request,401,Unauthorized,Candidate Creation Thread Group 1-1464,text,false,,261,494,904,904,http://localhost:8080/web/index.php/api/v2/recruitment/candidates,26176,0,1
1768458065096,28810,Create Candidate Request,401,Unauthorized,Candidate Creation Thread Group 1-575,text,false,,261,491,903,903,http://localhost:8080/web/index.php/api/v2/recruitment/candidates,28725,0,1
1768458067394,26516,Create Candidate Request,401,Unauthorized,Candidate Creation Thread Group 1-1391,text,false,,261,494,902,902,http://localhost:8080/web/index.php/api/v2/recruitment/candidates,26516,0,0
1768458067731,26184,Create Candidate Request,401,Unauthorized,Candidate Creation Thread Group 1-1499,text,false,,261,494,901,901,http://localhost:8080/web/index.php/api/v2/recruitment/candidates,26184,0,1
1768458066682,27327,Create Candidate Request,401,Unauthorized,Candidate Creation Thread Group 1-1127,text,false,,261,494,900,900,http://localhost:8080/web/index.php/api/v2/recruitment/candidates,27326,0,1
1768458066588,27426,Create Candidate Request,401,Unauthorized,Candidate Creation Thread Group 1-1136,text,false,,261,494,899,899,http://localhost:8080/web/index.php/api/v2/recruitment/candidates,27426,0,1
1768458067693,26417,Create Candidate Request,401,Unauthorized,Candidate Creation Thread Group 1-1491,text,false,,261,494,898,898,http://localhost:8080/web/index.php/api/v2/recruitment/candidates,26417,0,2
1768458067272,26875,Create Candidate Request,401,Unauthorized,Candidate Creation Thread Group 1-1350,text,false,,261,494,897,897,http://localhost:8080/web/index.php/api/v2/recruitment/candidates,26875,0,1
1768458065539,28610,Create Candidate Request,401,Unauthorized,Candidate Creation Thread Group 1-696,text,false,,261,494,896,896,http://localhost:8080/web/index.php/api/v2/recruitment/candidates,28606,0,4
1768458066557,27596,Create Candidate Request,401,Unauthorized,Candidate Creation Thread Group 1-1113,text,false,,261,491,895,895,http://localhost:8080/web/index.php/api/v2/recruitment/candidates,27596,0,1
1768458067693,26460,Create Candidate Request,401,Unauthorized,Candidate Creation Thread Group 1-1489,text,false,,261,494,895,895,http://localhost:8080/web/index.php/api/v2/recruitment/candidates,26431,0,0
1768458066264,27889,Create Candidate Request,401,Unauthorized,Candidate Creation Thread Group 1-994,text,false,,261,494,895,895,http://localhost:8080/web/index.php/api/v2/recruitment/candidates,27886,0,1
1768458065247,28984,Create Candidate Request,401,Unauthorized,Candidate Creation Thread Group 1-560,text,false,,261,494,892,892,http://localhost:8080/web/index.php/api/v2/recruitment/candidates,28976,0,8
1768458067700,26532,Create Candidate Request,401,Unauthorized,Candidate Creation Thread Group 1-1494,text,false,,261,494,891,891,http://localhost:8080/web/index.php/api/v2/recruitment/candidates,26529,0,10
1768458066772,27538,Create Candidate Request,401,Unauthorized,Candidate Creation Thread Group 1-1199,text,false,,261,494,890,890,http://localhost:8080/web/index.php/api/v2/recruitment/candidates,27537,0,1
1768458067075,27239,Create Candidate Request,401,Unauthorized,Candidate Creation Thread Group 1-1297,text,false,,261,494,889,889,http://localhost:8080/web/index.php/api/v2/recruitment/candidates,27239,0,1
1768458064941,29467,Create Candidate Request,401,Unauthorized,Candidate Creation Thread Group 1-509,text,false,,261,494,888,888,http://localhost:8080/web/index.php/api/v2/recruitment/candidates,29466,0,7
1768458066899,27515,Create Candidate Request,401,Unauthorized,Candidate Creation Thread Group 1-1241,text,false,,261,494,887,887,http://localhost:8080/web/index.php/api/v2/recruitment/candidates,27514,0,4
1768458066699,27721,Create Candidate Request,401,Unauthorized,Candidate Creation Thread Group 1-1148,text,false,,261,494,886,886,http://localhost:8080/web/index.php/api/v2/recruitment/candidates,27721,0,27
1768458067732,26779,Create Candidate Request,401,Unauthorized,Candidate Creation Thread Group 1-1500,text,false,,261,494,885,885,http://localhost:8080/web/index.php/api/v2/recruitment/candidates,26778,0,1
1768458066699,27817,Create Candidate Request,401,Unauthorized,Candidate Creation Thread Group 1-1167,text,false,,261,491,884,884,http://localhost:8080/web/index.php/api/v2/recruitment/candidates,27816,0,28
1768458066587,27934,Create Candidate Request,401,Unauthorized,Candidate Creation Thread Group 1-1135,text,false,,261,494,883,883,http://localhost:8080/web/index.php/api/v2/recruitment/candidates,27934,0,2
1768458066582,28028,Create Candidate Request,401,Unauthorized,Candidate Creation Thread Group 1-1124,text,false,,261,494,882,882,http://localhost:8080/web/index.php/api/v2/recruitment/candidates,28027,0,1
1768458067704,26910,Create Candidate Request,401,Unauthorized,Candidate Creation Thread Group 1-1495,text,false,,261,494,881,881,http://localhost:8080/web/index.php/api/v2/recruitment/candidates,26910,0,7
1768458065957,28662,Create Candidate Request,401,Unauthorized,Candidate Creation Thread Group 1-896,text,false,,261,494,880,880,http://localhost:8080/web/index.php/api/v2/recruitment/candidates,28662,0,4
1768458067696,27016,Create Candidate Request,401,Unauthorized,Candidate Creation Thread Group 1-1493,text,false,,261,494,879,879,http://localhost:8080/web/index.php/api/v2/recruitment/candidates,27015,0,6
1768458066959,27759,Create Candidate Request,401,Unauthorized,Candidate Creation Thread Group 1-1260,text,false,,261,494,878,878,http://localhost:8080/web/index.php/api/v2/recruitment/candidates,27759,0,1
1768458066451,28358,Create Candidate Request,401,Unauthorized,Candidate Creation Thread Group 1-1060,text,false,,261,494,877,877,http://localhost:8080/web/index.php/api/v2/recruitment/candidates,28358,0,2
1768458066968,27847,Create Candidate Request,401,Unauthorized,Candidate Creation Thread Group 1-1270,text,false,,261,494,876,876,http://localhost:8080/web/index.php/api/v2/recruitment/candidates,27846,0,0
1768458065942,28878,Create Candidate Request,401,Unauthorized,Candidate Creation Thread Group 1-873,text,false,,261,494,875,875,http://localhost:8080/web/index.php/api/v2/recruitment/candidates,28877,0,4
1768458065942,28965,Create Candidate Request,401,Unauthorized,Candidate Creation Thread Group 1-871,text,false,,261,494,874,874,http://localhost:8080/web/index.php/api/v2/recruitment/candidates,28965,0,1
1768458065957,28955,Create Candidate Request,401,Unauthorized,Candidate Creation Thread Group 1-898,text,false,,261,494,873,873,http://localhost:8080/web/index.php/api/v2/recruitment/candidates,28954,0,1
1768458067185,27730,Create Candidate Request,401,Unauthorized,Candidate Creation Thread Group 1-1314,text,false,,261,494,872,872,http://localhost:8080/web/index.php/api/v2/recruitment/candidates,27730,0,4
1768458067187,27733,Create Candidate Request,401,Unauthorized,Candidate Creation Thread Group 1-1322,text,false,,261,494,871,871,http://localhost:8080/web/index.php/api/v2/recruitment/candidates,27733,0,2
1768458067181,27828,Create Candidate Request,401,Unauthorized,Candidate Creation Thread Group 1-1315,text,false,,261,494,870,870,http://localhost:8080/web/index.php/api/v2/recruitment/candidates,27827,0,5
1768458066030,28985,Create Candidate Request,401,Unauthorized,Candidate Creation Thread Group 1-899,text,false,,261,494,869,869,http://localhost:8080/web/index.php/api/v2/recruitment/candidates,28983,0,1
1768458067039,28068,Create Candidate Request,401,Unauthorized,Candidate Creation Thread Group 1-1282,text,false,,261,494,868,868,http://localhost:8080/web/index.php/api/v2/recruitment/candidates,27980,0,14
1768458067066,28045,Create Candidate Request,401,Unauthorized,Candidate Creation Thread Group 1-1295,text,false,,261,494,867,867,http://localhost:8080/web/index.php/api/v2/recruitment/candidates,28045,0,3
1768458066075,29040,Create Candidate Request,401,Unauthorized,Candidate Creation Thread Group 1-944,text,false,,261,494,866,866,http://localhost:8080/web/index.php/api/v2/recruitment/candidates,29040,0,1
1768458066055,29152,Create Candidate Request,401,Unauthorized,Candidate Creation Thread Group 1-931,text,false,,261,494,865,865,http://localhost:8080/web/index.php/api/v2/recruitment/candidates,29152,0,3
1768458065064,30148,Create Candidate Request,401,Unauthorized,Candidate Creation Thread Group 1-550,text,false,,261,494,864,864,http://localhost:8080/web/index.php/api/v2/recruitment/candidates,30148,0,1
1768458067054,28163,Create Candidate Request,401,Unauthorized,Candidate Creation Thread Group 1-1289,text,false,,261,494,863,863,http://localhost:8080/web/index.php/api/v2/recruitment/candidates,28162,0,2
1768458067060,28161,Create Candidate Request,401,Unauthorized,Candidate Creation Thread Group 1-1291,text,false,,261,494,862,862,http://localhost:8080/web/index.php/api/v2/recruitment/candidates,28160,0,1
1768458065916,29408,Create Candidate Request,401,Unauthorized,Candidate Creation Thread Group 1-845,text,false,,261,494,861,861,http://localhost:8080/web/index.php/api/v2/recruitment/candidates,29407,0,7
1768458065064,30261,Create Candidate Request,401,Unauthorized,Candidate Creation Thread Group 1-551,text,false,,261,494,861,861,http://localhost:8080/web/index.php/api/v2/recruitment/candidates,30255,0,1
1768458066039,29286,Create Candidate Request,401,Unauthorized,Candidate Creation Thread Group 1-918,text,false,,261,494,861,861,http://localhost:8080/web/index.php/api/v2/recruitment/candidates,29285,0,1
1768458065924,29486,Create Candidate Request,401,Unauthorized,Candidate Creation Thread Group 1-842,text,false,,261,494,858,858,http://localhost:8080/web/index.php/api/v2/recruitment/candidates,29485,0,6
1768458066048,29366,Create Candidate Request,401,Unauthorized,Candidate Creation Thread Group 1-921,text,false,,261,494,857,857,http://localhost:8080/web/index.php/api/v2/recruitment/candidates,29366,0,1
1768458065159,30264,Create Candidate Request,401,Unauthorized,Candidate Creation Thread Group 1-581,text,false,,261,494,856,856,http://localhost:8080/web/index.php/api/v2/recruitment/candidates,30264,0,1
1768458067579,27935,Create Candidate Request,401,Unauthorized,Candidate Creation Thread Group 1-1448,text,false,,261,494,855,855,http://localhost:8080/web/index.php/api/v2/recruitment/candidates,27935,0,2
1768458065147,30460,Create Candidate Request,401,Unauthorized,Candidate Creation Thread Group 1-528,text,false,,261,494,854,854,http://localhost:8080/web/index.php/api/v2/recruitment/candidates,30459,0,3
1768458065161,30451,Create Candidate Request,401,Unauthorized,Candidate Creation Thread Group 1-599,text,false,,261,494,853,853,http://localhost:8080/web/index.php/api/v2/recruitment/candidates,30451,0,2
1768458065597,30019,Create Candidate Request,401,Unauthorized,Candidate Creation Thread Group 1-771,text,false,,261,494,852,852,http://localhost:8080/web/index.php/api/v2/recruitment/candidates,30019,0,1
1768458067339,28283,Create Candidate Request,401,Unauthorized,Candidate Creation Thread Group 1-1369,text,false,,261,494,851,851,http://localhost:8080/web/index.php/api/v2/recruitment/candidates,28282,0,1
1768458067332,28375,Create Candidate Request,401,Unauthorized,Candidate Creation Thread Group 1-1358,text,false,,261,494,850,850,http://localhost:8080/web/index.php/api/v2/recruitment/candidates,28374,0,1
1768458067341,28370,Create Candidate Request,401,Unauthorized,Candidate Creation Thread Group 1-1367,text,false,,261,494,849,849,http://localhost:8080/web/index.php/api/v2/recruitment/candidates,28370,0,1
1768458067336,28380,Create Candidate Request,401,Unauthorized,Candidate Creation Thread Group 1-1366,text,false,,261,494,848,848,http://localhost:8080/web/index.php/api/v2/recruitment/candidates,28380,0,1
1768458067337,28384,Create Candidate Request,401,Unauthorized,Candidate Creation Thread Group 1-1368,text,false,,261,494,847,847,http://localhost:8080/web/index.php/api/v2/recruitment/candidates,28384,0,0
1768458066854,28955,Create Candidate Request,401,Unauthorized,Candidate Creation Thread Group 1-1220,text,false,,261,494,846,846,http://localhost:8080/web/index.php/api/v2/recruitment/candidates,28954,0,2
1768458067325,28489,Create Candidate Request,401,Unauthorized,Candidate Creation Thread Group 1-1359,text,false,,261,491,845,845,http://localhost:8080/web/index.php/api/v2/recruitment/candidates,28488,0,1
1768458065121,30698,Create Candidate Request,401,Unauthorized,Candidate Creation Thread Group 1-539,text,false,,261,491,844,844,http://localhost:8080/web/index.php/api/v2/recruitment/candidates,30697,0,9
1768458066435,29473,Create Candidate Request,401,Unauthorized,Candidate Creation Thread Group 1-1057,text,false,,261,491,843,843,http://localhost:8080/web/index.php/api/v2/recruitment/candidates,29473,0,2
1768458066855,29056,Create Candidate Request,401,Unauthorized,Candidate Creation Thread Group 1-1222,text,false,,261,494,842,842,http://localhost:8080/web/index.php/api/v2/recruitment/candidates,29055,0,3
1768458066456,29460,Create Candidate Request,401,Unauthorized,Candidate Creation Thread Group 1-1065,text,false,,261,494,841,841,http://localhost:8080/web/index.php/api/v2/recruitment/candidates,29459,0,3
1768458066435,29573,Create Candidate Request,401,Unauthorized,Candidate Creation Thread Group 1-1054,text,false,,261,491,840,840,http://localhost:8080/web/index.php/api/v2/recruitment/candidates,29572,0,1
1768458066583,29432,Create Candidate Request,401,Unauthorized,Candidate Creation Thread Group 1-1105,text,false,,261,494,839,839,http://localhost:8080/web/index.php/api/v2/recruitment/candidates,29431,0,2
1768458066586,29434,Create Candidate Request,401,Unauthorized,Candidate Creation Thread Group 1-1104,text,false,,261,494,838,838,http://localhost:8080/web/index.php/api/v2/recruitment/candidates,29433,0,0
1768458066591,29516,Create Candidate Request,401,Unauthorized,Candidate Creation Thread Group 1-1139,text,false,,261,494,837,837,http://localhost:8080/web/index.php/api/v2/recruitment/candidates,29516,0,1
1768458066592,29521,Create Candidate Request,401,Unauthorized,Candidate Creation Thread Group 1-1140,text,false,,261,494,836,836,http://localhost:8080/web/index.php/api/v2/recruitment/candidates,29520,0,1
1768458067038,29082,Create Candidate Request,401,Unauthorized,Candidate Creation Thread Group 1-1272,text,false,,261,494,835,835,http://localhost:8080/web/index.php/api/v2/recruitment/candidates,29082,0,1
1768458067043,29166,Create Candidate Request,401,Unauthorized,Candidate Creation Thread Group 1-1284,text,false,,261,494,834,834,http://localhost:8080/web/index.php/api/v2/recruitment/candidates,29166,0,7
1768458064945,31267,Create Candidate Request,401,Unauthorized,Candidate Creation Thread Group 1-545,text,false,,261,494,833,833,http://localhost:8080/web/index.php/api/v2/recruitment/candidates,31267,0,2
1768458064947,31271,Create Candidate Request,401,Unauthorized,Candidate Creation Thread Group 1-543,text,false,,261,494,832,832,http://localhost:8080/web/index.php/api/v2/recruitment/candidates,31270,0,1
1768458066595,29711,Create Candidate Request,401,Unauthorized,Candidate Creation Thread Group 1-1141,text,false,,261,494,831,831,http://localhost:8080/web/index.php/api/v2/recruitment/candidates,29711,0,1
1768458066598,29714,Create Candidate Request,401,Unauthorized,Candidate Creation Thread Group 1-1146,text,false,,261,494,830,830,http://localhost:8080/web/index.php/api/v2/recruitment/candidates,29713,0,1
1768458066593,29724,Create Candidate Request,401,Unauthorized,Candidate Creation Thread Group 1-1119,text,false,,261,494,829,829,http://localhost:8080/web/index.php/api/v2/recruitment/candidates,29724,0,4
1768458066599,29809,Create Candidate Request,401,Unauthorized,Candidate Creation Thread Group 1-1134,text,false,,261,494,828,828,http://localhost:8080/web/index.php/api/v2/recruitment/candidates,29809,0,1
1768458066436,29976,Create Candidate Request,401,Unauthorized,Candidate Creation Thread Group 1-1053,text,false,,261,491,827,827,http://localhost:8080/web/index.php/api/v2/recruitment/candidates,29976,0,1
1768458066599,29817,Create Candidate Request,401,Unauthorized,Candidate Creation Thread Group 1-1123,text,false,,261,494,826,826,http://localhost:8080/web/index.php/api/v2/recruitment/candidates,29817,0,1
1768458065105,31317,Create Candidate Request,401,Unauthorized,Candidate Creation Thread Group 1-536,text,false,,261,491,825,825,http://localhost:8080/web/index.php/api/v2/recruitment/candidates,31317,0,21
1768458066451,30056,Create Candidate Request,401,Unauthorized,Candidate Creation Thread Group 1-1064,text,false,,261,494,824,824,http://localhost:8080/web/index.php/api/v2/recruitment/candidates,30056,0,2
1768458066580,29931,Create Candidate Request,401,Unauthorized,Candidate Creation Thread Group 1-1132,text,false,,261,494,823,823,http://localhost:8080/web/index.php/api/v2/recruitment/candidates,29931,0,4
1768458067569,28949,Create Candidate Request,401,Unauthorized,Candidate Creation Thread Group 1-1441,text,false,,261,494,822,822,http://localhost:8080/web/index.php/api/v2/recruitment/candidates,28948,0,1
1768458066598,30009,Create Candidate Request,401,Unauthorized,Candidate Creation Thread Group 1-1126,text,false,,261,494,821,821,http://localhost:8080/web/index.php/api/v2/recruitment/candidates,30008,0,5
1768458065505,31106,Create Candidate Request,401,Unauthorized,Candidate Creation Thread Group 1-677,text,false,,261,494,820,820,http://localhost:8080/web/index.php/api/v2/recruitment/candidates,31106,0,20
1768458067570,29047,Create Candidate Request,401,Unauthorized,Candidate Creation Thread Group 1-1440,text,false,,261,494,819,819,http://localhost:8080/web/index.php/api/v2/recruitment/candidates,29046,0,0
1768458065520,31187,Create Candidate Request,401,Unauthorized,Candidate Creation Thread Group 1-681,text,false,,261,491,818,818,http://localhost:8080/web/index.php/api/v2/recruitment/candidates,31186,0,8
1768458067566,29146,Create Candidate Request,401,Unauthorized,Candidate Creation Thread Group 1-1438,text,false,,261,494,817,817,http://localhost:8080/web/index.php/api/v2/recruitment/candidates,29146,0,0
1768458067577,29143,Create Candidate Request,401,Unauthorized,Candidate Creation Thread Group 1-1445,text,false,,261,494,816,816,http://localhost:8080/web/index.php/api/v2/recruitment/candidates,29142,0,24
1768458065086,31722,Create Candidate Request,401,Unauthorized,Candidate Creation Thread Group 1-574,text,false,,261,494,815,815,http://localhost:8080/web/index.php/api/v2/recruitment/candidates,31721,0,6
1768458066461,30352,Create Candidate Request,401,Unauthorized,Candidate Creation Thread Group 1-1070,text,false,,261,494,814,814,http://localhost:8080/web/index.php/api/v2/recruitment/candidates,30351,0,3
1768458066452,30366,Create Candidate Request,401,Unauthorized,Candidate Creation Thread Group 1-1063,text,false,,261,494,813,813,http://localhost:8080/web/index.php/api/v2/recruitment/candidates,30366,0,6
1768458066264,30643,Create Candidate Request,401,Unauthorized,Candidate Creation Thread Group 1-995,text,false,,261,494,812,812,http://localhost:8080/web/index.php/api/v2/recruitment/candidates,30643,0,5
1768458066437,30473,Create Candidate Request,401,Unauthorized,Candidate Creation Thread Group 1-1051,text,false,,261,491,811,811,http://localhost:8080/web/index.php/api/v2/recruitment/candidates,30473,0,0
1768458066462,30453,Create Candidate Request,401,Unauthorized,Candidate Creation Thread Group 1-1069,text,false,,261,494,810,810,http://localhost:8080/web/index.php/api/v2/recruitment/candidates,30453,0,1
1768458066128,30792,Create Candidate Request,401,Unauthorized,Candidate Creation Thread Group 1-951,text,false,,261,491,809,809,http://localhost:8080/web/index.php/api/v2/recruitment/candidates,30792,0,8
1768458067342,29667,Create Candidate Request,401,Unauthorized,Candidate Creation Thread Group 1-1364,text,false,,261,494,808,808,http://localhost:8080/web/index.php/api/v2/recruitment/candidates,29667,0,1
1768458066032,30983,Create Candidate Request,401,Unauthorized,Candidate Creation Thread Group 1-906,text,false,,261,491,807,807,http://localhost:8080/web/index.php/api/v2/recruitment/candidates,30982,0,1
1768458066147,30961,Create Candidate Request,401,Unauthorized,Candidate Creation Thread Group 1-955,text,false,,261,491,806,806,http://localhost:8080/web/index.php/api/v2/recruitment/candidates,30960,0,4
1768458066348,30765,Create Candidate Request,401,Unauthorized,Candidate Creation Thread Group 1-1006,text,false,,261,494,805,805,http://localhost:8080/web/index.php/api/v2/recruitment/candidates,30765,0,1
1768458066665,30453,Create Candidate Request,401,Unauthorized,Candidate Creation Thread Group 1-1143,text,false,,261,494,804,804,http://localhost:8080/web/index.php/api/v2/recruitment/candidates,30453,0,27
1768458066584,30624,Create Candidate Request,401,Unauthorized,Candidate Creation Thread Group 1-1109,text,false,,261,494,803,803,http://localhost:8080/web/index.php/api/v2/recruitment/candidates,30623,0,0
1768458067230,29982,Create Candidate Request,401,Unauthorized,Candidate Creation Thread Group 1-1311,text,false,,261,494,802,802,http://localhost:8080/web/index.php/api/v2/recruitment/candidates,29982,0,2
1768458065572,31644,Create Candidate Request,401,Unauthorized,Candidate Creation Thread Group 1-672,text,false,,261,491,801,801,http://localhost:8080/web/index.php/api/v2/recruitment/candidates,31643,0,7
1768458065727,31493,Create Candidate Request,401,Unauthorized,Candidate Creation Thread Group 1-799,text,false,,261,494,800,800,http://localhost:8080/web/index.php/api/v2/recruitment/candidates,31493,0,1
1768458066771,30538,Create Candidate Request,401,Unauthorized,Candidate Creation Thread Group 1-1196,text,false,,261,494,799,799,http://localhost:8080/web/index.php/api/v2/recruitment/candidates,30537,0,0
1768458066767,30547,Create Candidate Request,401,Unauthorized,Candidate Creation Thread Group 1-1195,text,false,,261,494,798,798,http://localhost:8080/web/index.php/api/v2/recruitment/candidates,30547,0,0
1768458067034,30374,Create Candidate Request,401,Unauthorized,Candidate Creation Thread Group 1-1276,text,false,,261,494,797,797,http://localhost:8080/web/index.php/api/v2/recruitment/candidates,30374,0,1
1768458065730,31683,Create Candidate Request,401,Unauthorized,Candidate Creation Thread Group 1-795,text,false,,261,494,796,796,http://localhost:8080/web/index.php/api/v2/recruitment/candidates,31683,0,1
1768458067041,30380,Create Candidate Request,401,Unauthorized,Candidate Creation Thread Group 1-1280,text,false,,261,494,795,795,http://localhost:8080/web/index.php/api/v2/recruitment/candidates,30380,0,11
1768458064933,32575,Create Candidate Request,401,Unauthorized,Candidate Creation Thread Group 1-515,text,false,,261,494,794,794,http://localhost:8080/web/index.php/api/v2/recruitment/candidates,32575,0,16
1768458067031,30482,Create Candidate Request,401,Unauthorized,Candidate Creation Thread Group 1-1277,text,false,,261,494,793,793,http://localhost:8080/web/index.php/api/v2/recruitment/candidates,30482,0,4
1768458064903,32615,Create Candidate Request,401,Unauthorized,Candidate Creation Thread Group 1-538,text,false,,261,494,792,792,http://localhost:8080/web/index.php/api/v2/recruitment/candidates,32614,0,45
1768458065140,32466,Create Candidate Request,401,Unauthorized,Candidate Creation Thread Group 1-531,text,false,,261,494,791,791,http://localhost:8080/web/index.php/api/v2/recruitment/candidates,32466,0,7
1768458065161,32450,Create Candidate Request,401,Unauthorized,Candidate Creation Thread Group 1-579,text,false,,261,494,790,790,http://localhost:8080/web/index.php/api/v2/recruitment/candidates,32450,0,1
1768458065141,32475,Create Candidate Request,401,Unauthorized,Candidate Creation Thread Group 1-527,text,false,,261,494,789,789,http://localhost:8080/web/index.php/api/v2/recruitment/candidates,32474,0,6
1768458065151,32469,Create Candidate Request,401,Unauthorized,Candidate Creation Thread Group 1-588,text,false,,261,494,788,788,http://localhost:8080/web/index.php/api/v2/recruitment/candidates,32469,0,5
1768458067231,30396,Create Candidate Request,401,Unauthorized,Candidate Creation Thread Group 1-1329,text,false,,261,494,787,787,http://localhost:8080/web/index.php/api/v2/recruitment/candidates,30394,0,1
1768458067229,30478,Create Candidate Request,401,Unauthorized,Candidate Creation Thread Group 1-1327,text,false,,261,494,786,786,http://localhost:8080/web/index.php/api/v2/recruitment/candidates,30478,0,2
1768458065151,32560,Create Candidate Request,401,Unauthorized,Candidate Creation Thread Group 1-582,text,false,,261,494,785,785,http://localhost:8080/web/index.php/api/v2/recruitment/candidates,32560,0,1
1768458065157,32561,Create Candidate Request,401,Unauthorized,Candidate Creation Thread Group 1-594,text,false,,261,494,784,784,http://localhost:8080/web/index.php/api/v2/recruitment/candidates,32560,0,1
1768458067063,30745,Create Candidate Request,401,Unauthorized,Candidate Creation Thread Group 1-1294,text,false,,261,494,783,783,http://localhost:8080/web/index.php/api/v2/recruitment/candidates,30745,0,4
1768458066042,31770,Create Candidate Request,401,Unauthorized,Candidate Creation Thread Group 1-924,text,false,,261,494,782,782,http://localhost:8080/web/index.php/api/v2/recruitment/candidates,31770,0,0
1768458066044,31774,Create Candidate Request,401,Unauthorized,Candidate Creation Thread Group 1-908,text,false,,261,494,781,781,http://localhost:8080/web/index.php/api/v2/recruitment/candidates,31773,0,0
1768458065545,32278,Create Candidate Request,401,Unauthorized,Candidate Creation Thread Group 1-646,text,false,,261,494,780,780,http://localhost:8080/web/index.php/api/v2/recruitment/candidates,32277,0,9
1768458065577,32333,Create Candidate Request,401,Unauthorized,Candidate Creation Thread Group 1-669,text,false,,261,494,779,779,http://localhost:8080/web/index.php/api/v2/recruitment/candidates,32333,0,1
1768458065532,32382,Create Candidate Request,401,Unauthorized,Candidate Creation Thread Group 1-699,text,false,,261,494,778,778,http://localhost:8080/web/index.php/api/v2/recruitment/candidates,32382,0,2
1768458065547,32373,Create Candidate Request,401,Unauthorized,Candidate Creation Thread Group 1-648,text,false,,261,494,777,777,http://localhost:8080/web/index.php/api/v2/recruitment/candidates,32373,0,1
1768458065512,32496,Create Candidate Request,401,Unauthorized,Candidate Creation Thread Group 1-693,text,false,,261,494,776,776,http://localhost:8080/web/index.php/api/v2/recruitment/candidates,32495,0,18
1768458065551,32465,Create Candidate Request,401,Unauthorized,Candidate Creation Thread Group 1-748,text,false,,261,494,775,775,http://localhost:8080/web/index.php/api/v2/recruitment/candidates,32465,0,7
1768458065529,32581,Create Candidate Request,401,Unauthorized,Candidate Creation Thread Group 1-739,text,false,,261,491,774,774,http://localhost:8080/web/index.php/api/v2/recruitment/candidates,32580,0,1
1768458065579,32535,Create Candidate Request,401,Unauthorized,Candidate Creation Thread Group 1-600,text,false,,261,494,773,773,http://localhost:8080/web/index.php/api/v2/recruitment/candidates,32534,0,0
1768458065509,32612,Create Candidate Request,401,Unauthorized,Candidate Creation Thread Group 1-692,text,false,,261,494,772,772,http://localhost:8080/web/index.php/api/v2/recruitment/candidates,32610,0,18
1768458067564,30644,Create Candidate Request,401,Unauthorized,Candidate Creation Thread Group 1-1437,text,false,,261,494,771,771,http://localhost:8080/web/index.php/api/v2/recruitment/candidates,30644,0,1
1768458065531,32681,Create Candidate Request,401,Unauthorized,Candidate Creation Thread Group 1-698,text,false,,261,494,770,770,http://localhost:8080/web/index.php/api/v2/recruitment/candidates,32681,0,1
1768458065529,32688,Create Candidate Request,401,Unauthorized,Candidate Creation Thread Group 1-738,text,false,,261,491,769,769,http://localhost:8080/web/index.php/api/v2/recruitment/candidates,32688,0,1
1768458065545,32676,Create Candidate Request,401,Unauthorized,Candidate Creation Thread Group 1-750,text,false,,261,494,768,768,http://localhost:8080/web/index.php/api/v2/recruitment/candidates,32676,0,1
1768458065577,32734,Create Candidate Request,401,Unauthorized,Candidate Creation Thread Group 1-598,text,false,,261,494,767,767,http://localhost:8080/web/index.php/api/v2/recruitment/candidates,32733,0,2
1768458064963,33354,Create Candidate Request,401,Unauthorized,Candidate Creation Thread Group 1-503,text,false,,261,494,766,766,http://localhost:8080/web/index.php/api/v2/recruitment/candidates,33352,0,1
1768458064963,33443,Create Candidate Request,401,Unauthorized,Candidate Creation Thread Group 1-549,text,false,,261,494,765,765,http://localhost:8080/web/index.php/api/v2/recruitment/candidates,33357,0,1
1768458065737,32676,Create Candidate Request,401,Unauthorized,Candidate Creation Thread Group 1-788,text,false,,261,494,764,764,http://localhost:8080/web/index.php/api/v2/recruitment/candidates,32675,0,2
1768458064951,33467,Create Candidate Request,401,Unauthorized,Candidate Creation Thread Group 1-506,text,false,,261,494,763,763,http://localhost:8080/web/index.php/api/v2/recruitment/candidates,33466,0,9
1768458065075,33435,Create Candidate Request,401,Unauthorized,Candidate Creation Thread Group 1-567,text,false,,261,494,762,762,http://localhost:8080/web/index.php/api/v2/recruitment/candidates,33434,0,6
1768458065597,32916,Create Candidate Request,401,Unauthorized,Candidate Creation Thread Group 1-615,text,false,,261,494,761,761,http://localhost:8080/web/index.php/api/v2/recruitment/candidates,32916,0,2
1768458065637,32882,Create Candidate Request,401,Unauthorized,Candidate Creation Thread Group 1-723,text,false,,261,494,760,760,http://localhost:8080/web/index.php/api/v2/recruitment/candidates,32881,0,0
1768458065595,33014,Create Candidate Request,401,Unauthorized,Candidate Creation Thread Group 1-768,text,false,,261,494,759,759,http://localhost:8080/web/index.php/api/v2/recruitment/candidates,33014,0,4
1768458065072,33545,Create Candidate Request,401,Unauthorized,Candidate Creation Thread Group 1-547,text,false,,261,494,758,758,http://localhost:8080/web/index.php/api/v2/recruitment/candidates,33544,0,4
1768458065075,33546,Create Candidate Request,401,Unauthorized,Candidate Creation Thread Group 1-571,text,false,,261,494,757,757,http://localhost:8080/web/index.php/api/v2/recruitment/candidates,33545,0,1
1768458065130,33577,Create Candidate Request,401,Unauthorized,Candidate Creation Thread Group 1-529,text,false,,261,491,756,756,http://localhost:8080/web/index.php/api/v2/recruitment/candidates,33576,0,1
1768458066458,32253,Create Candidate Request,401,Unauthorized,Candidate Creation Thread Group 1-1067,text,false,,261,494,755,755,http://localhost:8080/web/index.php/api/v2/recruitment/candidates,32253,0,2
1768458065103,33614,Create Candidate Request,401,Unauthorized,Candidate Creation Thread Group 1-577,text,false,,261,491,754,754,http://localhost:8080/web/index.php/api/v2/recruitment/candidates,33613,0,1
1768458065128,33595,Create Candidate Request,401,Unauthorized,Candidate Creation Thread Group 1-578,text,false,,261,491,753,753,http://localhost:8080/web/index.php/api/v2/recruitment/candidates,33594,0,2
1768458066466,32344,Create Candidate Request,401,Unauthorized,Candidate Creation Thread Group 1-1074,text,false,,261,494,752,752,http://localhost:8080/web/index.php/api/v2/recruitment/candidates,32343,0,1
1768458066067,32840,Create Candidate Request,401,Unauthorized,Candidate Creation Thread Group 1-936,text,false,,261,494,751,751,http://localhost:8080/web/index.php/api/v2/recruitment/candidates,32839,0,0
1768458066067,32843,Create Candidate Request,401,Unauthorized,Candidate Creation Thread Group 1-939,text,false,,261,494,750,750,http://localhost:8080/web/index.php/api/v2/recruitment/candidates,32843,0,1
1768458066055,32860,Create Candidate Request,401,Unauthorized,Candidate Creation Thread Group 1-934,text,false,,261,494,749,749,http://localhost:8080/web/index.php/api/v2/recruitment/candidates,32860,0,1
1768458065600,33320,Create Candidate Request,401,Unauthorized,Candidate Creation Thread Group 1-619,text,false,,261,494,748,748,http://localhost:8080/web/index.php/api/v2/recruitment/candidates,33320,0,0
1768458065609,33316,Create Candidate Request,401,Unauthorized,Candidate Creation Thread Group 1-664,text,false,,261,494,747,747,http://localhost:8080/web/index.php/api/v2/recruitment/candidates,33316,0,1
1768458065641,33366,Create Candidate Request,401,Unauthorized,Candidate Creation Thread Group 1-631,text,false,,261,494,746,746,http://localhost:8080/web/index.php/api/v2/recruitment/candidates,33366,0,1
1768458065582,33430,Create Candidate Request,401,Unauthorized,Candidate Creation Thread Group 1-606,text,false,,261,494,745,745,http://localhost:8080/web/index.php/api/v2/recruitment/candidates,33430,0,0
1768458066041,32976,Create Candidate Request,401,Unauthorized,Candidate Creation Thread Group 1-911,text,false,,261,494,744,744,http://localhost:8080/web/index.php/api/v2/recruitment/candidates,32976,0,1
1768458066471,32637,Create Candidate Request,401,Unauthorized,Candidate Creation Thread Group 1-1075,text,false,,261,494,743,743,http://localhost:8080/web/index.php/api/v2/recruitment/candidates,32637,0,1
1768458066044,33068,Create Candidate Request,401,Unauthorized,Candidate Creation Thread Group 1-926,text,false,,261,494,742,742,http://localhost:8080/web/index.php/api/v2/recruitment/candidates,33068,0,0
1768458066065,33056,Create Candidate Request,401,Unauthorized,Candidate Creation Thread Group 1-938,text,false,,261,494,741,741,http://localhost:8080/web/index.php/api/v2/recruitment/candidates,33055,0,1
1768458066055,33152,Create Candidate Request,401,Unauthorized,Candidate Creation Thread Group 1-920,text,false,,261,494,740,740,http://localhost:8080/web/index.php/api/v2/recruitment/candidates,33152,0,0
1768458066475,32736,Create Candidate Request,401,Unauthorized,Candidate Creation Thread Group 1-1078,text,false,,261,494,739,739,http://localhost:8080/web/index.php/api/v2/recruitment/candidates,32735,0,1
1768458066052,33164,Create Candidate Request,401,Unauthorized,Candidate Creation Thread Group 1-928,text,false,,261,494,738,738,http://localhost:8080/web/index.php/api/v2/recruitment/candidates,33163,0,2
1768458066043,33178,Create Candidate Request,401,Unauthorized,Candidate Creation Thread Group 1-912,text,false,,261,494,737,737,http://localhost:8080/web/index.php/api/v2/recruitment/candidates,33177,0,0
1768458066470,32837,Create Candidate Request,401,Unauthorized,Candidate Creation Thread Group 1-1072,text,false,,261,494,736,736,http://localhost:8080/web/index.php/api/v2/recruitment/candidates,32836,0,4
1768458066473,32838,Create Candidate Request,401,Unauthorized,Candidate Creation Thread Group 1-1076,text,false,,261,494,735,735,http://localhost:8080/web/index.php/api/v2/recruitment/candidates,32838,0,0
1768458066437,32881,Create Candidate Request,401,Unauthorized,Candidate Creation Thread Group 1-1055,text,false,,261,491,734,734,http://localhost:8080/web/index.php/api/v2/recruitment/candidates,32881,0,0
1768458066466,32942,Create Candidate Request,401,Unauthorized,Candidate Creation Thread Group 1-1073,text,false,,261,494,733,733,http://localhost:8080/web/index.php/api/v2/recruitment/candidates,32941,0,4
1768458066452,32960,Create Candidate Request,401,Unauthorized,Candidate Creation Thread Group 1-1061,text,false,,261,494,732,732,http://localhost:8080/web/index.php/api/v2/recruitment/candidates,32960,0,1
1768458066451,32968,Create Candidate Request,401,Unauthorized,Candidate Creation Thread Group 1-1062,text,false,,261,494,731,731,http://localhost:8080/web/index.php/api/v2/recruitment/candidates,32967,0,1
1768458066040,33468,Create Candidate Request,401,Unauthorized,Candidate Creation Thread Group 1-923,text,false,,261,494,730,730,http://localhost:8080/web/index.php/api/v2/recruitment/candidates,33467,0,1
1768458066426,33088,Create Candidate Request,401,Unauthorized,Candidate Creation Thread Group 1-1050,text,false,,261,494,729,729,http://localhost:8080/web/index.php/api/v2/recruitment/candidates,33087,0,1
1768458066458,33061,Create Candidate Request,401,Unauthorized,Candidate Creation Thread Group 1-1066,text,false,,261,494,728,728,http://localhost:8080/web/index.php/api/v2/recruitment/candidates,33061,0,2
1768458067244,32279,Create Candidate Request,401,Unauthorized,Candidate Creation Thread Group 1-1333,text,false,,261,494,727,727,http://localhost:8080/web/index.php/api/v2/recruitment/candidates,32279,0,6
1768458066244,33363,Create Candidate Request,401,Unauthorized,Candidate Creation Thread Group 1-982,text,false,,261,494,726,726,http://localhost:8080/web/index.php/api/v2/recruitment/candidates,33362,0,2
1768458066434,33178,Create Candidate Request,401,Unauthorized,Candidate Creation Thread Group 1-1052,text,false,,261,491,725,725,http://localhost:8080/web/index.php/api/v2/recruitment/candidates,33177,0,1
1768458066488,33130,Create Candidate Request,401,Unauthorized,Candidate Creation Thread Group 1-1081,text,false,,261,494,724,724,http://localhost:8080/web/index.php/api/v2/recruitment/candidates,33129,0,5
1768458064930,34777,Create Candidate Request,401,Unauthorized,Candidate Creation Thread Group 1-510,text,false,,261,494,723,723,http://localhost:8080/web/index.php/api/v2/recruitment/candidates,34776,0,30
1768458066494,33223,Create Candidate Request,401,Unauthorized,Candidate Creation Thread Group 1-1086,text,false,,261,494,722,722,http://localhost:8080/web/index.php/api/v2/recruitment/candidates,33222,0,2
1768458066530,33279,Create Candidate Request,401,Unauthorized,Candidate Creation Thread Group 1-1107,text,false,,261,494,721,721,http://localhost:8080/web/index.php/api/v2/recruitment/candidates,33279,0,1
1768458067199,32615,Create Candidate Request,401,Unauthorized,Candidate Creation Thread Group 1-1319,text,false,,261,494,720,720,http://localhost:8080/web/index.php/api/v2/recruitment/candidates,32615,0,1
1768458067201,32619,Create Candidate Request,401,Unauthorized,Candidate Creation Thread Group 1-1321,text,false,,261,494,719,719,http://localhost:8080/web/index.php/api/v2/recruitment/candidates,32618,0,4
1768458066248,33660,Create Candidate Request,401,Unauthorized,Candidate Creation Thread Group 1-986,text,false,,261,494,718,718,http://localhost:8080/web/index.php/api/v2/recruitment/candidates,33660,0,1
1768458067227,32686,Create Candidate Request,401,Unauthorized,Candidate Creation Thread Group 1-1328,text,false,,261,494,717,717,http://localhost:8080/web/index.php/api/v2/recruitment/candidates,32685,0,2
1768458067192,32726,Create Candidate Request,401,Unauthorized,Candidate Creation Thread Group 1-1323,text,false,,261,494,716,716,http://localhost:8080/web/index.php/api/v2/recruitment/candidates,32726,0,1
1768458067544,32379,Create Candidate Request,401,Unauthorized,Candidate Creation Thread Group 1-1424,text,false,,261,494,715,715,http://localhost:8080/web/index.php/api/v2/recruitment/candidates,32379,0,4
1768458067194,32815,Create Candidate Request,401,Unauthorized,Candidate Creation Thread Group 1-1326,text,false,,261,494,714,714,http://localhost:8080/web/index.php/api/v2/recruitment/candidates,32815,0,1
1768458067195,32819,Create Candidate Request,401,Unauthorized,Candidate Creation Thread Group 1-1324,text,false,,261,494,713,713,http://localhost:8080/web/index.php/api/v2/recruitment/candidates,32819,0,3
1768458067204,32903,Create Candidate Request,401,Unauthorized,Candidate Creation Thread Group 1-1313,text,false,,261,494,712,712,http://localhost:8080/web/index.php/api/v2/recruitment/candidates,32902,0,1
1768458067201,32912,Create Candidate Request,401,Unauthorized,Candidate Creation Thread Group 1-1320,text,false,,261,494,711,711,http://localhost:8080/web/index.php/api/v2/recruitment/candidates,32911,0,1
1768458066500,33617,Create Candidate Request,401,Unauthorized,Candidate Creation Thread Group 1-1085,text,false,,261,494,710,710,http://localhost:8080/web/index.php/api/v2/recruitment/candidates,33617,0,1
1768458066500,33623,Create Candidate Request,401,Unauthorized,Candidate Creation Thread Group 1-1087,text,false,,261,494,709,709,http://localhost:8080/web/index.php/api/v2/recruitment/candidates,33622,0,1
1768458067444,32762,Create Candidate Request,401,Unauthorized,Candidate Creation Thread Group 1-1398,text,false,,261,494,708,708,http://localhost:8080/web/index.php/api/v2/recruitment/candidates,32762,0,3
1768458067454,32758,Create Candidate Request,401,Unauthorized,Candidate Creation Thread Group 1-1400,text,false,,261,494,707,707,http://localhost:8080/web/index.php/api/v2/recruitment/candidates,32758,0,2
1768458066055,34175,Create Candidate Request,401,Unauthorized,Candidate Creation Thread Group 1-932,text,false,,261,494,706,706,http://localhost:8080/web/index.php/api/v2/recruitment/candidates,34175,0,1
1768458066489,33819,Create Candidate Request,401,Unauthorized,Candidate Creation Thread Group 1-1082,text,false,,261,494,705,705,http://localhost:8080/web/index.php/api/v2/recruitment/candidates,33819,0,0
1768458067495,32818,Create Candidate Request,401,Unauthorized,Candidate Creation Thread Group 1-1410,text,false,,261,491,704,704,http://localhost:8080/web/index.php/api/v2/recruitment/candidates,32818,0,1
1768458067454,32865,Create Candidate Request,401,Unauthorized,Candidate Creation Thread Group 1-1401,text,false,,261,494,703,703,http://localhost:8080/web/index.php/api/v2/recruitment/candidates,32864,0,1
1768458067494,32916,Create Candidate Request,401,Unauthorized,Candidate Creation Thread Group 1-1409,text,false,,261,491,702,702,http://localhost:8080/web/index.php/api/v2/recruitment/candidates,32916,0,2
1768458067044,33374,Create Candidate Request,401,Unauthorized,Candidate Creation Thread Group 1-1286,text,false,,261,494,701,701,http://localhost:8080/web/index.php/api/v2/recruitment/candidates,33374,0,4
1768458065629,34881,Create Candidate Request,401,Unauthorized,Candidate Creation Thread Group 1-625,text,false,,261,494,700,700,http://localhost:8080/web/index.php/api/v2/recruitment/candidates,34880,0,2
1768458067034,33479,Create Candidate Request,401,Unauthorized,Candidate Creation Thread Group 1-1275,text,false,,261,494,699,699,http://localhost:8080/web/index.php/api/v2/recruitment/candidates,33479,0,1
1768458065828,34689,Create Candidate Request,401,Unauthorized,Candidate Creation Thread Group 1-837,text,false,,261,491,698,698,http://localhost:8080/web/index.php/api/v2/recruitment/candidates,34689,0,5
1768458066042,34481,Create Candidate Request,401,Unauthorized,Candidate Creation Thread Group 1-917,text,false,,261,494,697,697,http://localhost:8080/web/index.php/api/v2/recruitment/candidates,34481,0,1
1768458067496,33113,Create Candidate Request,401,Unauthorized,Candidate Creation Thread Group 1-1399,text,false,,261,491,696,696,http://localhost:8080/web/index.php/api/v2/recruitment/candidates,33113,0,1
1768458067441,33176,Create Candidate Request,401,Unauthorized,Candidate Creation Thread Group 1-1397,text,false,,261,494,695,695,http://localhost:8080/web/index.php/api/v2/recruitment/candidates,33176,0,6
1768458066055,34652,Create Candidate Request,401,Unauthorized,Candidate Creation Thread Group 1-933,text,false,,261,494,694,694,http://localhost:8080/web/index.php/api/v2/recruitment/candidates,34652,0,1
1768458067497,33215,Create Candidate Request,401,Unauthorized,Candidate Creation Thread Group 1-1403,text,false,,261,491,693,693,http://localhost:8080/web/index.php/api/v2/recruitment/candidates,33215,0,3
1768458066063,34653,Create Candidate Request,401,Unauthorized,Candidate Creation Thread Group 1-937,text,false,,261,494,692,692,http://localhost:8080/web/index.php/api/v2/recruitment/candidates,34653,0,1
1768458067238,33482,Create Candidate Request,401,Unauthorized,Candidate Creation Thread Group 1-1330,text,false,,261,494,691,691,http://localhost:8080/web/index.php/api/v2/recruitment/candidates,33482,0,2
1768458065552,35255,Create Candidate Request,401,Unauthorized,Candidate Creation Thread Group 1-690,text,false,,261,494,690,690,http://localhost:8080/web/index.php/api/v2/recruitment/candidates,35255,0,1
1768458067495,33318,Create Candidate Request,401,Unauthorized,Candidate Creation Thread Group 1-1408,text,false,,261,491,689,689,http://localhost:8080/web/index.php/api/v2/recruitment/candidates,33317,0,1
1768458067578,33239,Create Candidate Request,401,Unauthorized,Candidate Creation Thread Group 1-1444,text,false,,261,494,688,688,http://localhost:8080/web/index.php/api/v2/recruitment/candidates,33239,0,4
1768458067569,33252,Create Candidate Request,401,Unauthorized,Candidate Creation Thread Group 1-1439,text,false,,261,494,687,687,http://localhost:8080/web/index.php/api/v2/recruitment/candidates,33252,0,2
1768458067579,33330,Create Candidate Request,401,Unauthorized,Candidate Creation Thread Group 1-1446,text,false,,261,494,686,686,http://localhost:8080/web/index.php/api/v2/recruitment/candidates,33330,0,22
1768458067573,33342,Create Candidate Request,401,Unauthorized,Candidate Creation Thread Group 1-1443,text,false,,261,494,685,685,http://localhost:8080/web/index.php/api/v2/recruitment/candidates,33341,0,0
1768458065530,35389,Create Candidate Request,401,Unauthorized,Candidate Creation Thread Group 1-731,text,false,,261,491,684,684,http://localhost:8080/web/index.php/api/v2/recruitment/candidates,35389,0,5
1768458066134,34876,Create Candidate Request,401,Unauthorized,Candidate Creation Thread Group 1-953,text,false,,261,491,683,683,http://localhost:8080/web/index.php/api/v2/recruitment/candidates,34875,0,1
1768458065577,35437,Create Candidate Request,401,Unauthorized,Candidate Creation Thread Group 1-597,text,false,,261,494,682,682,http://localhost:8080/web/index.php/api/v2/recruitment/candidates,35437,0,1
1768458066023,34996,Create Candidate Request,401,Unauthorized,Candidate Creation Thread Group 1-905,text,false,,261,491,681,681,http://localhost:8080/web/index.php/api/v2/recruitment/candidates,34996,0,5
1768458067152,33958,Create Candidate Request,401,Unauthorized,Candidate Creation Thread Group 1-1306,text,false,,261,491,680,680,http://localhost:8080/web/index.php/api/v2/recruitment/candidates,33958,0,9
1768458066754,34362,Create Candidate Request,401,Unauthorized,Candidate Creation Thread Group 1-1177,text,false,,261,494,679,679,http://localhost:8080/web/index.php/api/v2/recruitment/candidates,34361,0,5
1768458065282,35926,Create Candidate Request,401,Unauthorized,Candidate Creation Thread Group 1-630,text,false,,261,494,678,678,http://localhost:8080/web/index.php/api/v2/recruitment/candidates,35926,0,1
1768458066229,34984,Create Candidate Request,401,Unauthorized,Candidate Creation Thread Group 1-970,text,false,,261,494,677,677,http://localhost:8080/web/index.php/api/v2/recruitment/candidates,34984,0,5
1768458064904,36314,Create Candidate Request,401,Unauthorized,Candidate Creation Thread Group 1-520,text,false,,261,494,676,676,http://localhost:8080/web/index.php/api/v2/recruitment/candidates,36313,0,54
1768458065273,36037,Create Candidate Request,401,Unauthorized,Candidate Creation Thread Group 1-561,text,false,,261,494,675,675,http://localhost:8080/web/index.php/api/v2/recruitment/candidates,36037,0,4
1768458066497,34817,Create Candidate Request,401,Unauthorized,Candidate Creation Thread Group 1-1083,text,false,,261,494,674,674,http://localhost:8080/web/index.php/api/v2/recruitment/candidates,34817,0,0
1768458064956,36362,Create Candidate Request,401,Unauthorized,Candidate Creation Thread Group 1-505,text,false,,261,494,673,673,http://localhost:8080/web/index.php/api/v2/recruitment/candidates,36362,0,3
1768458064958,36449,Create Candidate Request,401,Unauthorized,Candidate Creation Thread Group 1-553,text,false,,261,494,672,672,http://localhost:8080/web/index.php/api/v2/recruitment/candidates,36448,0,3
1768458064928,36484,Create Candidate Request,401,Unauthorized,Candidate Creation Thread Group 1-517,text,false,,261,494,671,671,http://localhost:8080/web/index.php/api/v2/recruitment/candidates,36483,0,34
1768458065081,36337,Create Candidate Request,401,Unauthorized,Candidate Creation Thread Group 1-544,text,false,,261,494,670,670,http://localhost:8080/web/index.php/api/v2/recruitment/candidates,36337,0,6
1768458065083,36425,Create Candidate Request,401,Unauthorized,Candidate Creation Thread Group 1-546,text,false,,261,494,669,669,http://localhost:8080/web/index.php/api/v2/recruitment/candidates,36425,0,8
1768458065108,36404,Create Candidate Request,401,Unauthorized,Candidate Creation Thread Group 1-534,text,false,,261,491,668,668,http://localhost:8080/web/index.php/api/v2/recruitment/candidates,36403,0,2
1768458067257,34262,Create Candidate Request,401,Unauthorized,Candidate Creation Thread Group 1-1342,text,false,,261,494,667,667,http://localhost:8080/web/index.php/api/v2/recruitment/candidates,34261,0,1
1768458065104,36419,Create Candidate Request,401,Unauthorized,Candidate Creation Thread Group 1-576,text,false,,261,491,666,666,http://localhost:8080/web/index.php/api/v2/recruitment/candidates,36419,0,1
1768458065663,35984,Create Candidate Request,401,Unauthorized,Candidate Creation Thread Group 1-555,text,false,,261,491,665,665,http://localhost:8080/web/index.php/api/v2/recruitment/candidates,35984,0,1
1768458065695,35956,Create Candidate Request,401,Unauthorized,Candidate Creation Thread Group 1-684,text,false,,261,494,664,664,http://localhost:8080/web/index.php/api/v2/recruitment/candidates,35956,0,0
1768458067175,34532,Create Candidate Request,401,Unauthorized,Candidate Creation Thread Group 1-1302,text,false,,261,491,663,663,http://localhost:8080/web/index.php/api/v2/recruitment/candidates,34532,0,1
1768458065663,36048,Create Candidate Request,401,Unauthorized,Candidate Creation Thread Group 1-726,text,false,,261,491,662,662,http://localhost:8080/web/index.php/api/v2/recruitment/candidates,36047,0,3
1768458065696,36018,Create Candidate Request,401,Unauthorized,Candidate Creation Thread Group 1-706,text,false,,261,494,661,661,http://localhost:8080/web/index.php/api/v2/recruitment/candidates,36018,0,1
1768458066466,35253,Create Candidate Request,401,Unauthorized,Candidate Creation Thread Group 1-1071,text,false,,261,494,660,660,http://localhost:8080/web/index.php/api/v2/recruitment/candidates,35253,0,1
1768458066441,35283,Create Candidate Request,401,Unauthorized,Candidate Creation Thread Group 1-1056,text,false,,261,491,659,659,http://localhost:8080/web/index.php/api/v2/recruitment/candidates,35283,0,2
1768458066444,35363,Create Candidate Request,401,Unauthorized,Candidate Creation Thread Group 1-1058,text,false,,261,491,658,658,http://localhost:8080/web/index.php/api/v2/recruitment/candidates,35363,0,1
1768458066458,35355,Create Candidate Request,401,Unauthorized,Candidate Creation Thread Group 1-1068,text,false,,261,494,657,657,http://localhost:8080/web/index.php/api/v2/recruitment/candidates,35355,0,1
1768458066453,35455,Create Candidate Request,401,Unauthorized,Candidate Creation Thread Group 1-1059,text,false,,261,491,656,656,http://localhost:8080/web/index.php/api/v2/recruitment/candidates,35455,0,1
1768458067312,34601,Create Candidate Request,401,Unauthorized,Candidate Creation Thread Group 1-1352,text,false,,261,491,655,655,http://localhost:8080/web/index.php/api/v2/recruitment/candidates,34601,0,6
1768458065172,36746,Create Candidate Request,401,Unauthorized,Candidate Creation Thread Group 1-605,text,false,,261,494,654,654,http://localhost:8080/web/index.php/api/v2/recruitment/candidates,36746,0,1
1768458065168,36839,Create Candidate Request,401,Unauthorized,Candidate Creation Thread Group 1-604,text,false,,261,494,653,653,http://localhost:8080/web/index.php/api/v2/recruitment/candidates,36838,0,2
1768458065170,36841,Create Candidate Request,401,Unauthorized,Candidate Creation Thread Group 1-568,text,false,,261,494,652,652,http://localhost:8080/web/index.php/api/v2/recruitment/candidates,36841,0,0
1768458065169,36847,Create Candidate Request,401,Unauthorized,Candidate Creation Thread Group 1-569,text,false,,261,494,651,651,http://localhost:8080/web/index.php/api/v2/recruitment/candidates,36846,0,1
1768458066046,36062,Create Candidate Request,401,Unauthorized,Candidate Creation Thread Group 1-922,text,false,,261,494,650,650,http://localhost:8080/web/index.php/api/v2/recruitment/candidates,36061,0,1
1768458066032,36079,Create Candidate Request,401,Unauthorized,Candidate Creation Thread Group 1-907,text,false,,261,491,649,649,http://localhost:8080/web/index.php/api/v2/recruitment/candidates,36079,0,1
1768458066071,36045,Create Candidate Request,401,Unauthorized,Candidate Creation Thread Group 1-941,text,false,,261,494,648,648,http://localhost:8080/web/index.php/api/v2/recruitment/candidates,36045,0,3
1768458066850,35357,Create Candidate Request,401,Unauthorized,Candidate Creation Thread Group 1-1181,text,false,,261,494,647,647,http://localhost:8080/web/index.php/api/v2/recruitment/candidates,35357,0,1
1768458066068,36142,Create Candidate Request,401,Unauthorized,Candidate Creation Thread Group 1-940,text,false,,261,494,646,646,http://localhost:8080/web/index.php/api/v2/recruitment/candidates,36142,0,1
1768458066850,35366,Create Candidate Request,401,Unauthorized,Candidate Creation Thread Group 1-1213,text,false,,261,494,645,645,http://localhost:8080/web/index.php/api/v2/recruitment/candidates,35365,0,2
1768458066788,35431,Create Candidate Request,401,Unauthorized,Candidate Creation Thread Group 1-1187,text,false,,261,494,644,644,http://localhost:8080/web/index.php/api/v2/recruitment/candidates,35431,0,11
1768458066855,35452,Create Candidate Request,401,Unauthorized,Candidate Creation Thread Group 1-1180,text,false,,261,494,643,643,http://localhost:8080/web/index.php/api/v2/recruitment/candidates,35452,0,3
1768458065799,36513,Create Candidate Request,401,Unauthorized,Candidate Creation Thread Group 1-765,text,false,,261,491,642,642,http://localhost:8080/web/index.php/api/v2/recruitment/candidates,36513,0,1
1768458066848,35470,Create Candidate Request,401,Unauthorized,Candidate Creation Thread Group 1-1216,text,false,,261,494,641,641,http://localhost:8080/web/index.php/api/v2/recruitment/candidates,35470,0,2
1768458065746,36665,Create Candidate Request,401,Unauthorized,Candidate Creation Thread Group 1-819,text,false,,261,494,640,640,http://localhost:8080/web/index.php/api/v2/recruitment/candidates,36663,0,1
1768458066850,35563,Create Candidate Request,401,Unauthorized,Candidate Creation Thread Group 1-1183,text,false,,261,494,639,639,http://localhost:8080/web/index.php/api/v2/recruitment/candidates,35563,0,6
1768458066847,35574,Create Candidate Request,401,Unauthorized,Candidate Creation Thread Group 1-1186,text,false,,261,491,638,638,http://localhost:8080/web/index.php/api/v2/recruitment/candidates,35574,0,1
1768458065800,36708,Create Candidate Request,401,Unauthorized,Candidate Creation Thread Group 1-775,text,false,,261,491,637,637,http://localhost:8080/web/index.php/api/v2/recruitment/candidates,36707,0,1
1768458066854,35661,Create Candidate Request,401,Unauthorized,Candidate Creation Thread Group 1-1224,text,false,,261,494,636,636,http://localhost:8080/web/index.php/api/v2/recruitment/candidates,35661,0,1
1768458066852,35668,Create Candidate Request,401,Unauthorized,Candidate Creation Thread Group 1-1184,text,false,,261,494,635,635,http://localhost:8080/web/index.php/api/v2/recruitment/candidates,35667,0,6
1768458066499,36111,Create Candidate Request,401,Unauthorized,Candidate Creation Thread Group 1-1089,text,false,,261,494,634,634,http://localhost:8080/web/index.php/api/v2/recruitment/candidates,36110,0,1
1768458066502,36113,Create Candidate Request,401,Unauthorized,Candidate Creation Thread Group 1-1090,text,false,,261,494,633,633,http://localhost:8080/web/index.php/api/v2/recruitment/candidates,36113,0,1
1768458066499,36121,Create Candidate Request,401,Unauthorized,Candidate Creation Thread Group 1-1088,text,false,,261,494,632,632,http://localhost:8080/web/index.php/api/v2/recruitment/candidates,36121,0,1
1768458066496,36210,Create Candidate Request,401,Unauthorized,Candidate Creation Thread Group 1-1084,text,false,,261,494,631,631,http://localhost:8080/web/index.php/api/v2/recruitment/candidates,36210,0,1
1768458066342,36368,Create Candidate Request,401,Unauthorized,Candidate Creation Thread Group 1-1007,text,false,,261,491,630,630,http://localhost:8080/web/index.php/api/v2/recruitment/candidates,36368,0,3
1768458066344,36370,Create Candidate Request,401,Unauthorized,Candidate Creation Thread Group 1-1004,text,false,,261,491,629,629,http://localhost:8080/web/index.php/api/v2/recruitment/candidates,36369,0,1
1768458067338,35382,Create Candidate Request,401,Unauthorized,Candidate Creation Thread Group 1-1365,text,false,,261,494,628,628,http://localhost:8080/web/index.php/api/v2/recruitment/candidates,35381,0,1
1768458066580,36231,Create Candidate Request,401,Unauthorized,Candidate Creation Thread Group 1-1117,text,false,,261,494,627,627,http://localhost:8080/web/index.php/api/v2/recruitment/candidates,36231,0,2
1768458067331,35485,Create Candidate Request,401,Unauthorized,Candidate Creation Thread Group 1-1363,text,false,,261,491,626,626,http://localhost:8080/web/index.php/api/v2/recruitment/candidates,35485,0,1
1768458066338,36571,Create Candidate Request,401,Unauthorized,Candidate Creation Thread Group 1-1003,text,false,,261,491,625,625,http://localhost:8080/web/index.php/api/v2/recruitment/candidates,36571,0,1
1768458067329,35584,Create Candidate Request,401,Unauthorized,Candidate Creation Thread Group 1-1355,text,false,,261,491,624,624,http://localhost:8080/web/index.php/api/v2/recruitment/candidates,35583,0,6
1768458066338,36578,Create Candidate Request,401,Unauthorized,Candidate Creation Thread Group 1-1002,text,false,,261,491,623,623,http://localhost:8080/web/index.php/api/v2/recruitment/candidates,36578,0,1
1768458066324,36598,Create Candidate Request,401,Unauthorized,Candidate Creation Thread Group 1-999,text,false,,261,494,622,622,http://localhost:8080/web/index.php/api/v2/recruitment/candidates,36597,0,1
1768458066342,36669,Create Candidate Request,401,Unauthorized,Candidate Creation Thread Group 1-1005,text,false,,261,491,621,621,http://localhost:8080/web/index.php/api/v2/recruitment/candidates,36668,0,3
1768458067365,35649,Create Candidate Request,401,Unauthorized,Candidate Creation Thread Group 1-1378,text,false,,261,494,620,620,http://localhost:8080/web/index.php/api/v2/recruitment/candidates,35648,0,10
1768458067333,35686,Create Candidate Request,401,Unauthorized,Candidate Creation Thread Group 1-1360,text,false,,261,494,619,619,http://localhost:8080/web/index.php/api/v2/recruitment/candidates,35686,0,1
1768458066345,36762,Create Candidate Request,401,Unauthorized,Candidate Creation Thread Group 1-1009,text,false,,261,491,618,618,http://localhost:8080/web/index.php/api/v2/recruitment/candidates,36761,0,3
1768458066325,36789,Create Candidate Request,401,Unauthorized,Candidate Creation Thread Group 1-997,text,false,,261,494,617,617,http://localhost:8080/web/index.php/api/v2/recruitment/candidates,36789,0,1
1768458067330,35876,Create Candidate Request,401,Unauthorized,Candidate Creation Thread Group 1-1362,text,false,,261,491,616,616,http://localhost:8080/web/index.php/api/v2/recruitment/candidates,35876,0,0
1768458067357,35854,Create Candidate Request,401,Unauthorized,Candidate Creation Thread Group 1-1372,text,false,,261,494,615,615,http://localhost:8080/web/index.php/api/v2/recruitment/candidates,35854,0,6
1768458066324,36892,Create Candidate Request,401,Unauthorized,Candidate Creation Thread Group 1-998,text,false,,261,494,614,614,http://localhost:8080/web/index.php/api/v2/recruitment/candidates,36892,0,2
1768458067334,35887,Create Candidate Request,401,Unauthorized,Candidate Creation Thread Group 1-1357,text,false,,261,494,613,613,http://localhost:8080/web/index.php/api/v2/recruitment/candidates,35887,0,0
1768458066324,36983,Create Candidate Request,401,Unauthorized,Candidate Creation Thread Group 1-1000,text,false,,261,494,612,612,http://localhost:8080/web/index.php/api/v2/recruitment/candidates,36982,0,1
1768458067330,35981,Create Candidate Request,401,Unauthorized,Candidate Creation Thread Group 1-1361,text,false,,261,494,611,611,http://localhost:8080/web/index.php/api/v2/recruitment/candidates,35981,0,0
1768458065739,37576,Create Candidate Request,401,Unauthorized,Candidate Creation Thread Group 1-787,text,false,,261,494,610,610,http://localhost:8080/web/index.php/api/v2/recruitment/candidates,37576,0,4
1768458065669,37738,Create Candidate Request,401,Unauthorized,Candidate Creation Thread Group 1-637,text,false,,261,491,609,609,http://localhost:8080/web/index.php/api/v2/recruitment/candidates,37738,0,1
1768458065739,37672,Create Candidate Request,401,Unauthorized,Candidate Creation Thread Group 1-789,text,false,,261,494,608,608,http://localhost:8080/web/index.php/api/v2/recruitment/candidates,37672,0,4
1768458065741,37676,Create Candidate Request,401,Unauthorized,Candidate Creation Thread Group 1-786,text,false,,261,494,607,607,http://localhost:8080/web/index.php/api/v2/recruitment/candidates,37676,0,1
1768458066736,36773,Create Candidate Request,401,Unauthorized,Candidate Creation Thread Group 1-1169,text,false,,261,494,606,606,http://localhost:8080/web/index.php/api/v2/recruitment/candidates,36773,0,1
1768458065500,38014,Create Candidate Request,401,Unauthorized,Candidate Creation Thread Group 1-708,text,false,,261,494,605,605,http://localhost:8080/web/index.php/api/v2/recruitment/candidates,38013,0,4
1768458066779,36742,Create Candidate Request,401,Unauthorized,Candidate Creation Thread Group 1-1201,text,false,,261,494,604,604,http://localhost:8080/web/index.php/api/v2/recruitment/candidates,36741,0,1
1768458065758,37852,Create Candidate Request,401,Unauthorized,Candidate Creation Thread Group 1-823,text,false,,261,494,603,603,http://localhost:8080/web/index.php/api/v2/recruitment/candidates,37851,0,3
1768458065501,38113,Create Candidate Request,401,Unauthorized,Candidate Creation Thread Group 1-688,text,false,,261,494,602,602,http://localhost:8080/web/index.php/api/v2/recruitment/candidates,38112,0,2
1768458066758,36860,Create Candidate Request,401,Unauthorized,Candidate Creation Thread Group 1-1188,text,false,,261,494,601,601,http://localhost:8080/web/index.php/api/v2/recruitment/candidates,36859,0,0
1768458066780,36928,Create Candidate Request,401,Unauthorized,Candidate Creation Thread Group 1-1190,text,false,,261,494,600,600,http://localhost:8080/web/index.php/api/v2/recruitment/candidates,36928,0,1
1768458067543,36169,Create Candidate Request,401,Unauthorized,Candidate Creation Thread Group 1-1427,text,false,,261,494,599,599,http://localhost:8080/web/index.php/api/v2/recruitment/candidates,36169,0,1
1768458067072,36644,Create Candidate Request,401,Unauthorized,Candidate Creation Thread Group 1-1299,text,false,,261,494,598,598,http://localhost:8080/web/index.php/api/v2/recruitment/candidates,36644,0,1
1768458066042,37764,Create Candidate Request,401,Unauthorized,Candidate Creation Thread Group 1-913,text,false,,261,494,597,597,http://localhost:8080/web/index.php/api/v2/recruitment/candidates,37680,0,1
1768458067546,36264,Create Candidate Request,401,Unauthorized,Candidate Creation Thread Group 1-1428,text,false,,261,494,596,596,http://localhost:8080/web/index.php/api/v2/recruitment/candidates,36264,0,1
1768458065957,37859,Create Candidate Request,401,Unauthorized,Candidate Creation Thread Group 1-867,text,false,,261,494,595,595,http://localhost:8080/web/index.php/api/v2/recruitment/candidates,37859,0,1
1768458066081,37826,Create Candidate Request,401,Unauthorized,Candidate Creation Thread Group 1-945,text,false,,261,494,594,594,http://localhost:8080/web/index.php/api/v2/recruitment/candidates,37825,0,1
1768458066040,37873,Create Candidate Request,401,Unauthorized,Candidate Creation Thread Group 1-915,text,false,,261,494,593,593,http://localhost:8080/web/index.php/api/v2/recruitment/candidates,37871,0,0
1768458066087,37831,Create Candidate Request,401,Unauthorized,Candidate Creation Thread Group 1-948,text,false,,261,494,592,592,http://localhost:8080/web/index.php/api/v2/recruitment/candidates,37831,0,3
1768458067081,36930,Create Candidate Request,401,Unauthorized,Candidate Creation Thread Group 1-1300,text,false,,261,494,591,591,http://localhost:8080/web/index.php/api/v2/recruitment/candidates,36929,0,5
1768458067041,36975,Create Candidate Request,401,Unauthorized,Candidate Creation Thread Group 1-1279,text,false,,261,494,590,590,http://localhost:8080/web/index.php/api/v2/recruitment/candidates,36975,0,16
1768458067055,37052,Create Candidate Request,401,Unauthorized,Candidate Creation Thread Group 1-1290,text,false,,261,494,589,589,http://localhost:8080/web/index.php/api/v2/recruitment/candidates,37052,0,2
1768458066040,38072,Create Candidate Request,401,Unauthorized,Candidate Creation Thread Group 1-914,text,false,,261,494,588,588,http://localhost:8080/web/index.php/api/v2/recruitment/candidates,38071,0,0
1768458065955,38161,Create Candidate Request,401,Unauthorized,Candidate Creation Thread Group 1-895,text,false,,261,494,587,587,http://localhost:8080/web/index.php/api/v2/recruitment/candidates,38160,0,1
1768458066030,38091,Create Candidate Request,401,Unauthorized,Candidate Creation Thread Group 1-909,text,false,,261,491,586,586,http://localhost:8080/web/index.php/api/v2/recruitment/candidates,38091,0,1
1768458067055,37155,Create Candidate Request,401,Unauthorized,Candidate Creation Thread Group 1-1288,text,false,,261,494,585,585,http://localhost:8080/web/index.php/api/v2/recruitment/candidates,37154,0,1
1768458066091,38124,Create Candidate Request,401,Unauthorized,Candidate Creation Thread Group 1-949,text,false,,261,494,584,584,http://localhost:8080/web/index.php/api/v2/recruitment/candidates,38124,0,1
1768458067066,37154,Create Candidate Request,401,Unauthorized,Candidate Creation Thread Group 1-1293,text,false,,261,494,583,583,http://localhost:8080/web/index.php/api/v2/recruitment/candidates,37154,0,1
1768458064933,39378,Create Candidate Request,401,Unauthorized,Candidate Creation Thread Group 1-541,text,false,,261,494,582,582,http://localhost:8080/web/index.php/api/v2/recruitment/candidates,39378,0,21
1768458065068,39249,Create Candidate Request,401,Unauthorized,Candidate Creation Thread Group 1-559,text,false,,261,494,581,581,http://localhost:8080/web/index.php/api/v2/recruitment/candidates,39249,0,1
1768458065103,39306,Create Candidate Request,401,Unauthorized,Candidate Creation Thread Group 1-542,text,false,,261,491,580,580,http://localhost:8080/web/index.php/api/v2/recruitment/candidates,39306,0,2
1768458065078,39337,Create Candidate Request,401,Unauthorized,Candidate Creation Thread Group 1-572,text,false,,261,494,579,579,http://localhost:8080/web/index.php/api/v2/recruitment/candidates,39337,0,8
1768458065083,39338,Create Candidate Request,401,Unauthorized,Candidate Creation Thread Group 1-573,text,false,,261,494,578,578,http://localhost:8080/web/index.php/api/v2/recruitment/candidates,39337,0,1
1768458067269,37238,Create Candidate Request,401,Unauthorized,Candidate Creation Thread Group 1-1348,text,false,,261,494,577,577,http://localhost:8080/web/index.php/api/v2/recruitment/candidates,37238,0,1
1768458067249,37262,Create Candidate Request,401,Unauthorized,Candidate Creation Thread Group 1-1338,text,false,,261,494,576,576,http://localhost:8080/web/index.php/api/v2/recruitment/candidates,37261,0,4
1768458066226,38289,Create Candidate Request,401,Unauthorized,Candidate Creation Thread Group 1-972,text,false,,261,494,575,575,http://localhost:8080/web/index.php/api/v2/recruitment/candidates,38288,0,1
1768458067245,37274,Create Candidate Request,401,Unauthorized,Candidate Creation Thread Group 1-1335,text,false,,261,494,574,574,http://localhost:8080/web/index.php/api/v2/recruitment/candidates,37274,0,1
1768458067239,37369,Create Candidate Request,401,Unauthorized,Candidate Creation Thread Group 1-1325,text,false,,261,494,573,573,http://localhost:8080/web/index.php/api/v2/recruitment/candidates,37369,0,7
1768458066237,38375,Create Candidate Request,401,Unauthorized,Candidate Creation Thread Group 1-973,text,false,,261,494,572,572,http://localhost:8080/web/index.php/api/v2/recruitment/candidates,38375,0,0
1768458066225,38393,Create Candidate Request,401,Unauthorized,Candidate Creation Thread Group 1-971,text,false,,261,494,571,571,http://localhost:8080/web/index.php/api/v2/recruitment/candidates,38393,0,1
1768458066237,38471,Create Candidate Request,401,Unauthorized,Candidate Creation Thread Group 1-977,text,false,,261,494,570,570,http://localhost:8080/web/index.php/api/v2/recruitment/candidates,38471,0,2
1768458066242,38469,Create Candidate Request,401,Unauthorized,Candidate Creation Thread Group 1-981,text,false,,261,494,569,569,http://localhost:8080/web/index.php/api/v2/recruitment/candidates,38469,0,2
1768458066251,38466,Create Candidate Request,401,Unauthorized,Candidate Creation Thread Group 1-987,text,false,,261,494,568,568,http://localhost:8080/web/index.php/api/v2/recruitment/candidates,38465,0,1
1768458066243,38477,Create Candidate Request,401,Unauthorized,Candidate Creation Thread Group 1-980,text,false,,261,494,567,567,http://localhost:8080/web/index.php/api/v2/recruitment/candidates,38477,0,1
1768458066220,38586,Create Candidate Request,401,Unauthorized,Candidate Creation Thread Group 1-968,text,false,,261,494,566,566,http://localhost:8080/web/index.php/api/v2/recruitment/candidates,38586,0,1
1768458067237,37574,Create Candidate Request,401,Unauthorized,Candidate Creation Thread Group 1-1332,text,false,,261,494,565,565,http://localhost:8080/web/index.php/api/v2/recruitment/candidates,37574,0,11
1768458066226,38590,Create Candidate Request,401,Unauthorized,Candidate Creation Thread Group 1-969,text,false,,261,494,564,564,http://localhost:8080/web/index.php/api/v2/recruitment/candidates,38590,0,1
1768458066259,38651,Create Candidate Request,401,Unauthorized,Candidate Creation Thread Group 1-992,text,false,,261,494,563,563,http://localhost:8080/web/index.php/api/v2/recruitment/candidates,38650,0,3
1768458066222,38693,Create Candidate Request,401,Unauthorized,Candidate Creation Thread Group 1-967,text,false,,261,494,562,562,http://localhost:8080/web/index.php/api/v2/recruitment/candidates,38692,0,1
1768458067270,37649,Create Candidate Request,401,Unauthorized,Candidate Creation Thread Group 1-1346,text,false,,261,494,561,561,http://localhost:8080/web/index.php/api/v2/recruitment/candidates,37649,0,27
1768458067257,37751,Create Candidate Request,401,Unauthorized,Candidate Creation Thread Group 1-1341,text,false,,261,494,560,560,http://localhost:8080/web/index.php/api/v2/recruitment/candidates,37751,0,4
1768458067256,37756,Create Candidate Request,401,Unauthorized,Candidate Creation Thread Group 1-1336,text,false,,261,494,559,559,http://localhost:8080/web/index.php/api/v2/recruitment/candidates,37756,0,3
1768458066254,38765,Create Candidate Request,401,Unauthorized,Candidate Creation Thread Group 1-989,text,false,,261,494,558,558,http://localhost:8080/web/index.php/api/v2/recruitment/candidates,38763,0,1
1768458066252,38856,Create Candidate Request,401,Unauthorized,Candidate Creation Thread Group 1-988,text,false,,261,494,557,557,http://localhost:8080/web/index.php/api/v2/recruitment/candidates,38856,0,3
1768458066246,38868,Create Candidate Request,401,Unauthorized,Candidate Creation Thread Group 1-984,text,false,,261,494,556,556,http://localhost:8080/web/index.php/api/v2/recruitment/candidates,38867,0,1
1768458067643,37476,Create Candidate Request,401,Unauthorized,Candidate Creation Thread Group 1-1465,text,false,,261,494,555,555,http://localhost:8080/web/index.php/api/v2/recruitment/candidates,37476,0,0
1768458067649,37558,Create Candidate Request,401,Unauthorized,Candidate Creation Thread Group 1-1469,text,false,,261,494,554,554,http://localhost:8080/web/index.php/api/v2/recruitment/candidates,37558,0,1
1768458066607,38605,Create Candidate Request,401,Unauthorized,Candidate Creation Thread Group 1-1147,text,false,,261,494,553,553,http://localhost:8080/web/index.php/api/v2/recruitment/candidates,38605,0,59
1768458067640,37579,Create Candidate Request,401,Unauthorized,Candidate Creation Thread Group 1-1466,text,false,,261,494,552,552,http://localhost:8080/web/index.php/api/v2/recruitment/candidates,37578,0,1
1768458066847,38463,Create Candidate Request,401,Unauthorized,Candidate Creation Thread Group 1-1207,text,false,,261,491,551,551,http://localhost:8080/web/index.php/api/v2/recruitment/candidates,38463,0,1
1768458066869,38445,Create Candidate Request,401,Unauthorized,Candidate Creation Thread Group 1-1200,text,false,,261,491,550,550,http://localhost:8080/web/index.php/api/v2/recruitment/candidates,38445,0,4
1768458066893,38514,Create Candidate Request,401,Unauthorized,Candidate Creation Thread Group 1-1239,text,false,,261,494,549,549,http://localhost:8080/web/index.php/api/v2/recruitment/candidates,38514,0,1
1768458066891,38521,Create Candidate Request,401,Unauthorized,Candidate Creation Thread Group 1-1240,text,false,,261,494,548,548,http://localhost:8080/web/index.php/api/v2/recruitment/candidates,38521,0,1
1768458066872,38544,Create Candidate Request,401,Unauthorized,Candidate Creation Thread Group 1-1215,text,false,,261,491,547,547,http://localhost:8080/web/index.php/api/v2/recruitment/candidates,38544,0,1
1768458065678,39830,Create Candidate Request,401,Unauthorized,Candidate Creation Thread Group 1-794,text,false,,261,494,546,546,http://localhost:8080/web/index.php/api/v2/recruitment/candidates,39830,0,1
1768458065669,39844,Create Candidate Request,401,Unauthorized,Candidate Creation Thread Group 1-638,text,false,,261,491,545,545,http://localhost:8080/web/index.php/api/v2/recruitment/candidates,39843,0,1
1768458065690,39829,Create Candidate Request,401,Unauthorized,Candidate Creation Thread Group 1-679,text,false,,261,491,544,544,http://localhost:8080/web/index.php/api/v2/recruitment/candidates,39828,0,1
1768458065677,39929,Create Candidate Request,401,Unauthorized,Candidate Creation Thread Group 1-733,text,false,,261,494,543,543,http://localhost:8080/web/index.php/api/v2/recruitment/candidates,39929,0,3
1768458067522,38088,Create Candidate Request,401,Unauthorized,Candidate Creation Thread Group 1-1417,text,false,,261,494,542,542,http://localhost:8080/web/index.php/api/v2/recruitment/candidates,38088,0,12
1768458066884,38732,Create Candidate Request,401,Unauthorized,Candidate Creation Thread Group 1-1235,text,false,,261,494,541,541,http://localhost:8080/web/index.php/api/v2/recruitment/candidates,38731,0,4
1768458065856,39766,Create Candidate Request,401,Unauthorized,Candidate Creation Thread Group 1-855,text,false,,261,494,540,540,http://localhost:8080/web/index.php/api/v2/recruitment/candidates,39766,0,9
1768458066857,38852,Create Candidate Request,401,Unauthorized,Candidate Creation Thread Group 1-1223,text,false,,261,494,539,539,http://localhost:8080/web/index.php/api/v2/recruitment/candidates,38851,0,10
1768458066871,38843,Create Candidate Request,401,Unauthorized,Candidate Creation Thread Group 1-1221,text,false,,261,494,538,538,http://localhost:8080/web/index.php/api/v2/recruitment/candidates,38843,0,1
1768458066857,38950,Create Candidate Request,401,Unauthorized,Candidate Creation Thread Group 1-1204,text,false,,261,491,537,537,http://localhost:8080/web/index.php/api/v2/recruitment/candidates,38949,0,10
1768458067688,38125,Create Candidate Request,401,Unauthorized,Candidate Creation Thread Group 1-1490,text,false,,261,494,536,536,http://localhost:8080/web/index.php/api/v2/recruitment/candidates,38125,0,2
1768458065686,40132,Create Candidate Request,401,Unauthorized,Candidate Creation Thread Group 1-678,text,false,,261,491,535,535,http://localhost:8080/web/index.php/api/v2/recruitment/candidates,40132,0,1
1768458065686,40221,Create Candidate Request,401,Unauthorized,Candidate Creation Thread Group 1-705,text,false,,261,494,534,534,http://localhost:8080/web/index.php/api/v2/recruitment/candidates,40220,0,2
1768458067661,38249,Create Candidate Request,401,Unauthorized,Candidate Creation Thread Group 1-1478,text,false,,261,494,533,533,http://localhost:8080/web/index.php/api/v2/recruitment/candidates,38249,0,1
1768458067661,38253,Create Candidate Request,401,Unauthorized,Candidate Creation Thread Group 1-1479,text,false,,261,494,532,532,http://localhost:8080/web/index.php/api/v2/recruitment/candidates,38252,0,1
1768458067655,38263,Create Candidate Request,401,Unauthorized,Candidate Creation Thread Group 1-1471,text,false,,261,494,531,531,http://localhost:8080/web/index.php/api/v2/recruitment/candidates,38262,0,1
1768458067637,38370,Create Candidate Request,401,Unauthorized,Candidate Creation Thread Group 1-1463,text,false,,261,494,530,530,http://localhost:8080/web/index.php/api/v2/recruitment/candidates,38370,0,1
1768458067684,38329,Create Candidate Request,401,Unauthorized,Candidate Creation Thread Group 1-1488,text,false,,261,494,529,529,http://localhost:8080/web/index.php/api/v2/recruitment/candidates,38328,0,2
1768458065633,40386,Create Candidate Request,401,Unauthorized,Candidate Creation Thread Group 1-725,text,false,,261,494,528,528,http://localhost:8080/web/index.php/api/v2/recruitment/candidates,40386,0,2
1768458065668,40442,Create Candidate Request,401,Unauthorized,Candidate Creation Thread Group 1-557,text,false,,261,494,527,527,http://localhost:8080/web/index.php/api/v2/recruitment/candidates,40442,0,0
1768458067655,38461,Create Candidate Request,401,Unauthorized,Candidate Creation Thread Group 1-1473,text,false,,261,494,526,526,http://localhost:8080/web/index.php/api/v2/recruitment/candidates,38460,0,0
1768458067661,38459,Create Candidate Request,401,Unauthorized,Candidate Creation Thread Group 1-1477,text,false,,261,494,525,525,http://localhost:8080/web/index.php/api/v2/recruitment/candidates,38459,0,1
1768458065634,40572,Create Candidate Request,401,Unauthorized,Candidate Creation Thread Group 1-778,text,false,,261,494,524,524,http://localhost:8080/web/index.php/api/v2/recruitment/candidates,40572,0,1
1768458067676,38535,Create Candidate Request,401,Unauthorized,Candidate Creation Thread Group 1-1486,text,false,,261,494,523,523,http://localhost:8080/web/index.php/api/v2/recruitment/candidates,38534,0,7
1768458066590,39626,Create Candidate Request,401,Unauthorized,Candidate Creation Thread Group 1-1099,text,false,,261,494,522,522,http://localhost:8080/web/index.php/api/v2/recruitment/candidates,39625,0,1
1768458067356,38863,Create Candidate Request,401,Unauthorized,Candidate Creation Thread Group 1-1374,text,false,,261,494,521,521,http://localhost:8080/web/index.php/api/v2/recruitment/candidates,38863,0,1
1768458067341,38971,Create Candidate Request,401,Unauthorized,Candidate Creation Thread Group 1-1370,text,false,,261,494,520,520,http://localhost:8080/web/index.php/api/v2/recruitment/candidates,38970,0,1
1768458066139,40177,Create Candidate Request,401,Unauthorized,Candidate Creation Thread Group 1-961,text,false,,261,491,519,519,http://localhost:8080/web/index.php/api/v2/recruitment/candidates,40177,0,8
1768458067361,39049,Create Candidate Request,401,Unauthorized,Candidate Creation Thread Group 1-1375,text,false,,261,494,518,518,http://localhost:8080/web/index.php/api/v2/recruitment/candidates,39048,0,0
1768458067345,39069,Create Candidate Request,401,Unauthorized,Candidate Creation Thread Group 1-1371,text,false,,261,494,517,517,http://localhost:8080/web/index.php/api/v2/recruitment/candidates,39068,0,0
1768458067351,39068,Create Candidate Request,401,Unauthorized,Candidate Creation Thread Group 1-1373,text,false,,261,494,516,516,http://localhost:8080/web/index.php/api/v2/recruitment/candidates,39068,0,1
1768458067152,39357,Create Candidate Request,401,Unauthorized,Candidate Creation Thread Group 1-1301,text,false,,261,491,515,515,http://localhost:8080/web/index.php/api/v2/recruitment/candidates,39357,0,1
1768458067153,39359,Create Candidate Request,401,Unauthorized,Candidate Creation Thread Group 1-1305,text,false,,261,491,514,514,http://localhost:8080/web/index.php/api/v2/recruitment/candidates,39359,0,8
1768458066136,40383,Create Candidate Request,401,Unauthorized,Candidate Creation Thread Group 1-954,text,false,,261,491,513,513,http://localhost:8080/web/index.php/api/v2/recruitment/candidates,40382,0,4
1768458067156,39452,Create Candidate Request,401,Unauthorized,Candidate Creation Thread Group 1-1303,text,false,,261,491,512,512,http://localhost:8080/web/index.php/api/v2/recruitment/candidates,39452,0,4
1768458066855,39758,Create Candidate Request,401,Unauthorized,Candidate Creation Thread Group 1-1205,text,false,,261,491,511,511,http://localhost:8080/web/index.php/api/v2/recruitment/candidates,39757,0,2
1768458066134,40484,Create Candidate Request,401,Unauthorized,Candidate Creation Thread Group 1-958,text,false,,261,491,510,510,http://localhost:8080/web/index.php/api/v2/recruitment/candidates,40484,0,1
1768458065683,40938,Create Candidate Request,401,Unauthorized,Candidate Creation Thread Group 1-796,text,false,,261,494,509,509,http://localhost:8080/web/index.php/api/v2/recruitment/candidates,40938,0,0
1768458066362,40345,Create Candidate Request,401,Unauthorized,Candidate Creation Thread Group 1-1020,text,false,,261,494,508,508,http://localhost:8080/web/index.php/api/v2/recruitment/candidates,40344,0,1
1768458066699,40011,Create Candidate Request,401,Unauthorized,Candidate Creation Thread Group 1-1149,text,false,,261,491,507,507,http://localhost:8080/web/index.php/api/v2/recruitment/candidates,40011,0,22
1768458066856,39862,Create Candidate Request,401,Unauthorized,Candidate Creation Thread Group 1-1226,text,false,,261,494,506,506,http://localhost:8080/web/index.php/api/v2/recruitment/candidates,39861,0,0
1768458065675,41135,Create Candidate Request,401,Unauthorized,Candidate Creation Thread Group 1-727,text,false,,261,491,505,505,http://localhost:8080/web/index.php/api/v2/recruitment/candidates,41134,0,1
1768458065681,41134,Create Candidate Request,401,Unauthorized,Candidate Creation Thread Group 1-743,text,false,,261,494,504,504,http://localhost:8080/web/index.php/api/v2/recruitment/candidates,41133,0,2
1768458065682,41137,Create Candidate Request,401,Unauthorized,Candidate Creation Thread Group 1-751,text,false,,261,494,503,503,http://localhost:8080/web/index.php/api/v2/recruitment/candidates,41137,0,1
1768458065667,41243,Create Candidate Request,401,Unauthorized,Candidate Creation Thread Group 1-641,text,false,,261,491,502,502,http://localhost:8080/web/index.php/api/v2/recruitment/candidates,41242,0,1
1768458065681,41235,Create Candidate Request,401,Unauthorized,Candidate Creation Thread Group 1-760,text,false,,261,494,501,501,http://localhost:8080/web/index.php/api/v2/recruitment/candidates,41234,0,2
1768458065485,41525,Create Candidate Request,401,Unauthorized,Candidate Creation Thread Group 1-713,text,false,,261,494,500,500,http://localhost:8080/web/index.php/api/v2/recruitment/candidates,41524,0,1
1768458065700,41313,Create Candidate Request,401,Unauthorized,Candidate Creation Thread Group 1-803,text,false,,261,494,499,499,http://localhost:8080/web/index.php/api/v2/recruitment/candidates,41313,0,1
1768458065501,41517,Create Candidate Request,401,Unauthorized,Candidate Creation Thread Group 1-689,text,false,,261,494,498,498,http://localhost:8080/web/index.php/api/v2/recruitment/candidates,41516,0,1
1768458065678,41344,Create Candidate Request,401,Unauthorized,Candidate Creation Thread Group 1-716,text,false,,261,494,497,497,http://localhost:8080/web/index.php/api/v2/recruitment/candidates,41344,0,7
1768458065656,41450,Create Candidate Request,401,Unauthorized,Candidate Creation Thread Group 1-634,text,false,,261,494,496,496,http://localhost:8080/web/index.php/api/v2/recruitment/candidates,41450,0,1
1768458065685,41427,Create Candidate Request,401,Unauthorized,Candidate Creation Thread Group 1-753,text,false,,261,494,495,495,http://localhost:8080/web/index.php/api/v2/recruitment/candidates,41426,0,3
1768458065676,41441,Create Candidate Request,401,Unauthorized,Candidate Creation Thread Group 1-769,text,false,,261,494,494,494,http://localhost:8080/web/index.php/api/v2/recruitment/candidates,41440,0,1
1768458065500,41707,Create Candidate Request,401,Unauthorized,Candidate Creation Thread Group 1-685,text,false,,261,491,493,493,http://localhost:8080/web/index.php/api/v2/recruitment/candidates,41707,0,1
1768458065643,41570,Create Candidate Request,401,Unauthorized,Candidate Creation Thread Group 1-632,text,false,,261,494,492,492,http://localhost:8080/web/index.php/api/v2/recruitment/candidates,41570,0,15
1768458065462,41758,Create Candidate Request,401,Unauthorized,Candidate Creation Thread Group 1-717,text,false,,261,494,491,491,http://localhost:8080/web/index.php/api/v2/recruitment/candidates,41757,0,1
1768458065678,41632,Create Candidate Request,401,Unauthorized,Candidate Creation Thread Group 1-742,text,false,,261,494,490,490,http://localhost:8080/web/index.php/api/v2/recruitment/candidates,41632,0,1
1768458065665,41651,Create Candidate Request,401,Unauthorized,Candidate Creation Thread Group 1-728,text,false,,261,491,489,489,http://localhost:8080/web/index.php/api/v2/recruitment/candidates,41651,0,2
1768458065683,41724,Create Candidate Request,401,Unauthorized,Candidate Creation Thread Group 1-722,text,false,,261,491,488,488,http://localhost:8080/web/index.php/api/v2/recruitment/candidates,41724,0,0
1768458065510,41902,Create Candidate Request,401,Unauthorized,Candidate Creation Thread Group 1-683,text,false,,261,491,487,487,http://localhost:8080/web/index.php/api/v2/recruitment/candidates,41901,0,1
1768458065481,41935,Create Candidate Request,401,Unauthorized,Candidate Creation Thread Group 1-712,text,false,,261,494,486,486,http://localhost:8080/web/index.php/api/v2/recruitment/candidates,41935,0,2
1768458065499,41924,Create Candidate Request,401,Unauthorized,Candidate Creation Thread Group 1-707,text,false,,261,494,485,485,http://localhost:8080/web/index.php/api/v2/recruitment/candidates,41923,0,1
1768458065668,41839,Create Candidate Request,401,Unauthorized,Candidate Creation Thread Group 1-635,text,false,,261,494,484,484,http://localhost:8080/web/index.php/api/v2/recruitment/candidates,41839,0,5
1768458065673,41839,Create Candidate Request,401,Unauthorized,Candidate Creation Thread Group 1-721,text,false,,261,491,483,483,http://localhost:8080/web/index.php/api/v2/recruitment/candidates,41839,0,1
1768458065700,41816,Create Candidate Request,401,Unauthorized,Candidate Creation Thread Group 1-800,text,false,,261,494,482,482,http://localhost:8080/web/index.php/api/v2/recruitment/candidates,41816,0,1
1768458065459,42148,Create Candidate Request,401,Unauthorized,Candidate Creation Thread Group 1-715,text,false,,261,494,481,481,http://localhost:8080/web/index.php/api/v2/recruitment/candidates,42148,0,3
1768458065645,41968,Create Candidate Request,401,Unauthorized,Candidate Creation Thread Group 1-636,text,false,,261,494,480,480,http://localhost:8080/web/index.php/api/v2/recruitment/candidates,41967,0,11
1768458065696,41922,Create Candidate Request,401,Unauthorized,Candidate Creation Thread Group 1-701,text,false,,261,494,479,479,http://localhost:8080/web/index.php/api/v2/recruitment/candidates,41922,0,3
1768458065490,42221,Create Candidate Request,401,Unauthorized,Candidate Creation Thread Group 1-710,text,false,,261,494,478,478,http://localhost:8080/web/index.php/api/v2/recruitment/candidates,42220,0,8
1768458067029,40777,Create Candidate Request,401,Unauthorized,Candidate Creation Thread Group 1-1271,text,false,,261,494,477,477,http://localhost:8080/web/index.php/api/v2/recruitment/candidates,40689,0,3
1768458067044,40766,Create Candidate Request,401,Unauthorized,Candidate Creation Thread Group 1-1278,text,false,,261,494,476,476,http://localhost:8080/web/index.php/api/v2/recruitment/candidates,40766,0,4
1768458065152,42662,Create Candidate Request,401,Unauthorized,Candidate Creation Thread Group 1-592,text,false,,261,494,475,475,http://localhost:8080/web/index.php/api/v2/recruitment/candidates,42662,0,0
1768458067233,40585,Create Candidate Request,401,Unauthorized,Candidate Creation Thread Group 1-1331,text,false,,261,494,474,474,http://localhost:8080/web/index.php/api/v2/recruitment/candidates,40584,0,3
1768458065966,41858,Create Candidate Request,401,Unauthorized,Candidate Creation Thread Group 1-903,text,false,,261,494,473,473,http://localhost:8080/web/index.php/api/v2/recruitment/candidates,41857,0,5
1768458066015,41895,Create Candidate Request,401,Unauthorized,Candidate Creation Thread Group 1-910,text,false,,261,491,472,472,http://localhost:8080/web/index.php/api/v2/recruitment/candidates,41894,0,1
1768458065863,42054,Create Candidate Request,401,Unauthorized,Candidate Creation Thread Group 1-810,text,false,,261,494,471,471,http://localhost:8080/web/index.php/api/v2/recruitment/candidates,42053,0,1
1768458065840,42167,Create Candidate Request,401,Unauthorized,Candidate Creation Thread Group 1-828,text,false,,261,494,470,470,http://localhost:8080/web/index.php/api/v2/recruitment/candidates,42167,0,1
1768458065839,42171,Create Candidate Request,401,Unauthorized,Candidate Creation Thread Group 1-827,text,false,,261,494,469,469,http://localhost:8080/web/index.php/api/v2/recruitment/candidates,42171,0,4
1768458065674,42341,Create Candidate Request,401,Unauthorized,Candidate Creation Thread Group 1-720,text,false,,261,491,468,468,http://localhost:8080/web/index.php/api/v2/recruitment/candidates,42341,0,0
1768458065505,42514,Create Candidate Request,401,Unauthorized,Candidate Creation Thread Group 1-709,text,false,,261,494,467,467,http://localhost:8080/web/index.php/api/v2/recruitment/candidates,42514,0,20
1768458066155,41953,Create Candidate Request,401,Unauthorized,Candidate Creation Thread Group 1-960,text,false,,261,494,466,466,http://localhost:8080/web/index.php/api/v2/recruitment/candidates,41953,0,3
1768458065658,42455,Create Candidate Request,401,Unauthorized,Candidate Creation Thread Group 1-633,text,false,,261,494,465,465,http://localhost:8080/web/index.php/api/v2/recruitment/candidates,42455,0,0
1768458066195,41924,Create Candidate Request,401,Unauthorized,Candidate Creation Thread Group 1-959,text,false,,261,494,464,464,http://localhost:8080/web/index.php/api/v2/recruitment/candidates,41924,0,1
1768458065835,42375,Create Candidate Request,401,Unauthorized,Candidate Creation Thread Group 1-774,text,false,,261,494,463,463,http://localhost:8080/web/index.php/api/v2/recruitment/candidates,42374,0,2
1768458065855,42358,Create Candidate Request,401,Unauthorized,Candidate Creation Thread Group 1-854,text,false,,261,494,462,462,http://localhost:8080/web/index.php/api/v2/recruitment/candidates,42358,0,9
1768458066589,41629,Create Candidate Request,401,Unauthorized,Candidate Creation Thread Group 1-1137,text,false,,261,494,461,461,http://localhost:8080/web/index.php/api/v2/recruitment/candidates,41629,0,0
1768458066597,41711,Create Candidate Request,401,Unauthorized,Candidate Creation Thread Group 1-1144,text,false,,261,494,460,460,http://localhost:8080/web/index.php/api/v2/recruitment/candidates,41711,0,1
1768458066015,42297,Create Candidate Request,401,Unauthorized,Candidate Creation Thread Group 1-902,text,false,,261,491,459,459,http://localhost:8080/web/index.php/api/v2/recruitment/candidates,42297,0,1
1768458065843,42475,Create Candidate Request,401,Unauthorized,Candidate Creation Thread Group 1-829,text,false,,261,491,458,458,http://localhost:8080/web/index.php/api/v2/recruitment/candidates,42474,0,1
1768458065961,42447,Create Candidate Request,401,Unauthorized,Candidate Creation Thread Group 1-897,text,false,,261,494,457,457,http://localhost:8080/web/index.php/api/v2/recruitment/candidates,42447,0,5
1768458065842,42570,Create Candidate Request,401,Unauthorized,Candidate Creation Thread Group 1-818,text,false,,261,494,456,456,http://localhost:8080/web/index.php/api/v2/recruitment/candidates,42570,0,2
1768458065863,42556,Create Candidate Request,401,Unauthorized,Candidate Creation Thread Group 1-861,text,false,,261,494,455,455,http://localhost:8080/web/index.php/api/v2/recruitment/candidates,42555,0,2
1768458066880,41634,Create Candidate Request,401,Unauthorized,Candidate Creation Thread Group 1-1231,text,false,,261,494,454,454,http://localhost:8080/web/index.php/api/v2/recruitment/candidates,41633,0,6
1768458065801,42717,Create Candidate Request,401,Unauthorized,Candidate Creation Thread Group 1-833,text,false,,261,491,453,453,http://localhost:8080/web/index.php/api/v2/recruitment/candidates,42716,0,2
1768458066218,42304,Create Candidate Request,401,Unauthorized,Candidate Creation Thread Group 1-963,text,false,,261,494,452,452,http://localhost:8080/web/index.php/api/v2/recruitment/candidates,42304,0,1
1768458065676,42934,Create Candidate Request,401,Unauthorized,Candidate Creation Thread Group 1-719,text,false,,261,494,451,451,http://localhost:8080/web/index.php/api/v2/recruitment/candidates,42933,0,0
1768458065802,42813,Create Candidate Request,401,Unauthorized,Candidate Creation Thread Group 1-767,text,false,,261,491,450,450,http://localhost:8080/web/index.php/api/v2/recruitment/candidates,42813,0,2
1768458065965,42654,Create Candidate Request,401,Unauthorized,Candidate Creation Thread Group 1-900,text,false,,261,494,449,449,http://localhost:8080/web/index.php/api/v2/recruitment/candidates,42654,0,1
1768458066866,41841,Create Candidate Request,401,Unauthorized,Candidate Creation Thread Group 1-1202,text,false,,261,491,448,448,http://localhost:8080/web/index.php/api/v2/recruitment/candidates,41841,0,1
1768458066869,41843,Create Candidate Request,401,Unauthorized,Candidate Creation Thread Group 1-1230,text,false,,261,494,447,447,http://localhost:8080/web/index.php/api/v2/recruitment/candidates,41842,0,1
1768458067546,41174,Create Candidate Request,401,Unauthorized,Candidate Creation Thread Group 1-1425,text,false,,261,494,446,446,http://localhost:8080/web/index.php/api/v2/recruitment/candidates,41174,0,2
1768458066878,41930,Create Candidate Request,401,Unauthorized,Candidate Creation Thread Group 1-1229,text,false,,261,494,445,445,http://localhost:8080/web/index.php/api/v2/recruitment/candidates,41929,0,2
1768458066875,41936,Create Candidate Request,401,Unauthorized,Candidate Creation Thread Group 1-1211,text,false,,261,491,444,444,http://localhost:8080/web/index.php/api/v2/recruitment/candidates,41936,0,2
1768458066869,41946,Create Candidate Request,401,Unauthorized,Candidate Creation Thread Group 1-1217,text,false,,261,494,443,443,http://localhost:8080/web/index.php/api/v2/recruitment/candidates,41945,0,1
1768458065659,43159,Create Candidate Request,401,Unauthorized,Candidate Creation Thread Group 1-554,text,false,,261,491,442,442,http://localhost:8080/web/index.php/api/v2/recruitment/candidates,43159,0,23
1768458066871,41952,Create Candidate Request,401,Unauthorized,Candidate Creation Thread Group 1-1228,text,false,,261,494,441,441,http://localhost:8080/web/index.php/api/v2/recruitment/candidates,41951,0,2
1768458066869,42043,Create Candidate Request,401,Unauthorized,Candidate Creation Thread Group 1-1214,text,false,,261,491,440,440,http://localhost:8080/web/index.php/api/v2/recruitment/candidates,42043,0,4
1768458066875,42043,Create Candidate Request,401,Unauthorized,Candidate Creation Thread Group 1-1212,text,false,,261,494,439,439,http://localhost:8080/web/index.php/api/v2/recruitment/candidates,42042,0,1
1768458067549,41460,Create Candidate Request,401,Unauthorized,Candidate Creation Thread Group 1-1429,text,false,,261,494,438,438,http://localhost:8080/web/index.php/api/v2/recruitment/candidates,41459,0,0
1768458066898,42115,Create Candidate Request,401,Unauthorized,Candidate Creation Thread Group 1-1243,text,false,,261,494,437,437,http://localhost:8080/web/index.php/api/v2/recruitment/candidates,42115,0,2
1768458066903,42115,Create Candidate Request,401,Unauthorized,Candidate Creation Thread Group 1-1247,text,false,,261,494,436,436,http://localhost:8080/web/index.php/api/v2/recruitment/candidates,42114,0,2
1768458066898,42212,Create Candidate Request,401,Unauthorized,Candidate Creation Thread Group 1-1244,text,false,,261,494,435,435,http://localhost:8080/web/index.php/api/v2/recruitment/candidates,42211,0,4
1768458066878,42235,Create Candidate Request,401,Unauthorized,Candidate Creation Thread Group 1-1232,text,false,,261,494,434,434,http://localhost:8080/web/index.php/api/v2/recruitment/candidates,42235,0,6
1768458066848,42270,Create Candidate Request,401,Unauthorized,Candidate Creation Thread Group 1-1218,text,false,,261,494,433,433,http://localhost:8080/web/index.php/api/v2/recruitment/candidates,42270,0,1
1768458067527,41681,Create Candidate Request,401,Unauthorized,Candidate Creation Thread Group 1-1416,text,false,,261,494,432,432,http://localhost:8080/web/index.php/api/v2/recruitment/candidates,41681,0,0
1768458067552,41662,Create Candidate Request,401,Unauthorized,Candidate Creation Thread Group 1-1430,text,false,,261,494,431,431,http://localhost:8080/web/index.php/api/v2/recruitment/candidates,41662,0,1
1768458065684,43536,Create Candidate Request,401,Unauthorized,Candidate Creation Thread Group 1-756,text,false,,261,494,430,430,http://localhost:8080/web/index.php/api/v2/recruitment/candidates,43536,0,3
1768458066156,43152,Create Candidate Request,401,Unauthorized,Candidate Creation Thread Group 1-962,text,false,,261,494,429,429,http://localhost:8080/web/index.php/api/v2/recruitment/candidates,43152,0,1
1768458067504,41809,Create Candidate Request,401,Unauthorized,Candidate Creation Thread Group 1-1414,text,false,,261,494,428,428,http://localhost:8080/web/index.php/api/v2/recruitment/candidates,41809,0,1
1768458067529,41790,Create Candidate Request,401,Unauthorized,Candidate Creation Thread Group 1-1419,text,false,,261,494,427,427,http://localhost:8080/web/index.php/api/v2/recruitment/candidates,41789,0,1
1768458066892,42517,Create Candidate Request,401,Unauthorized,Candidate Creation Thread Group 1-1242,text,false,,261,494,426,426,http://localhost:8080/web/index.php/api/v2/recruitment/candidates,42517,0,1
1768458067531,41885,Create Candidate Request,401,Unauthorized,Candidate Creation Thread Group 1-1422,text,false,,261,494,425,425,http://localhost:8080/web/index.php/api/v2/recruitment/candidates,41884,0,1
1768458066876,42632,Create Candidate Request,401,Unauthorized,Candidate Creation Thread Group 1-1219,text,false,,261,494,424,424,http://localhost:8080/web/index.php/api/v2/recruitment/candidates,42632,0,1
1768458066885,42628,Create Candidate Request,401,Unauthorized,Candidate Creation Thread Group 1-1234,text,false,,261,494,423,423,http://localhost:8080/web/index.php/api/v2/recruitment/candidates,42628,0,3
1768458066878,42641,Create Candidate Request,401,Unauthorized,Candidate Creation Thread Group 1-1237,text,false,,261,494,422,422,http://localhost:8080/web/index.php/api/v2/recruitment/candidates,42640,0,8
1768458067505,42101,Create Candidate Request,401,Unauthorized,Candidate Creation Thread Group 1-1405,text,false,,261,494,421,421,http://localhost:8080/web/index.php/api/v2/recruitment/candidates,42101,0,0
1768458067499,42113,Create Candidate Request,401,Unauthorized,Candidate Creation Thread Group 1-1406,text,false,,261,491,420,420,http://localhost:8080/web/index.php/api/v2/recruitment/candidates,42112,0,6
1768458067501,42114,Create Candidate Request,401,Unauthorized,Candidate Creation Thread Group 1-1413,text,false,,261,491,419,419,http://localhost:8080/web/index.php/api/v2/recruitment/candidates,42114,0,4
1768458067556,42065,Create Candidate Request,401,Unauthorized,Candidate Creation Thread Group 1-1433,text,false,,261,494,418,418,http://localhost:8080/web/index.php/api/v2/recruitment/candidates,42065,0,2
1768458067502,42207,Create Candidate Request,401,Unauthorized,Candidate Creation Thread Group 1-1404,text,false,,261,491,417,417,http://localhost:8080/web/index.php/api/v2/recruitment/candidates,42207,0,24
1768458067563,42150,Create Candidate Request,401,Unauthorized,Candidate Creation Thread Group 1-1436,text,false,,261,494,416,416,http://localhost:8080/web/index.php/api/v2/recruitment/candidates,42149,0,1
1768458067527,42193,Create Candidate Request,401,Unauthorized,Candidate Creation Thread Group 1-1402,text,false,,261,494,415,415,http://localhost:8080/web/index.php/api/v2/recruitment/candidates,42193,0,5
1768458067560,42164,Create Candidate Request,401,Unauthorized,Candidate Creation Thread Group 1-1434,text,false,,261,494,414,414,http://localhost:8080/web/index.php/api/v2/recruitment/candidates,42164,0,0
1768458067559,42249,Create Candidate Request,401,Unauthorized,Candidate Creation Thread Group 1-1435,text,false,,261,494,413,413,http://localhost:8080/web/index.php/api/v2/recruitment/candidates,42249,0,1
1768458067501,42315,Create Candidate Request,401,Unauthorized,Candidate Creation Thread Group 1-1407,text,false,,261,491,412,412,http://localhost:8080/web/index.php/api/v2/recruitment/candidates,42314,0,0
1768458067543,42278,Create Candidate Request,401,Unauthorized,Candidate Creation Thread Group 1-1423,text,false,,261,494,411,411,http://localhost:8080/web/index.php/api/v2/recruitment/candidates,42278,0,3
1768458065768,44141,Create Candidate Request,401,Unauthorized,Candidate Creation Thread Group 1-781,text,false,,261,494,410,410,http://localhost:8080/web/index.php/api/v2/recruitment/candidates,44141,0,1
1768458065504,44410,Create Candidate Request,401,Unauthorized,Candidate Creation Thread Group 1-691,text,false,,261,494,409,409,http://localhost:8080/web/index.php/api/v2/recruitment/candidates,44410,0,1
1768458067519,42400,Create Candidate Request,401,Unauthorized,Candidate Creation Thread Group 1-1415,text,false,,261,494,408,408,http://localhost:8080/web/index.php/api/v2/recruitment/candidates,42400,0,4
1768458065499,44507,Create Candidate Request,401,Unauthorized,Candidate Creation Thread Group 1-686,text,false,,261,494,407,407,http://localhost:8080/web/index.php/api/v2/recruitment/candidates,44507,0,4
1768458067554,42457,Create Candidate Request,401,Unauthorized,Candidate Creation Thread Group 1-1432,text,false,,261,494,406,406,http://localhost:8080/web/index.php/api/v2/recruitment/candidates,42457,0,1
1768458067556,42463,Create Candidate Request,401,Unauthorized,Candidate Creation Thread Group 1-1431,text,false,,261,494,405,405,http://localhost:8080/web/index.php/api/v2/recruitment/candidates,42463,0,1
1768458066602,43507,Create Candidate Request,401,Unauthorized,Candidate Creation Thread Group 1-1145,text,false,,261,494,404,404,http://localhost:8080/web/index.php/api/v2/recruitment/candidates,43507,0,5
1768458066890,43226,Create Candidate Request,401,Unauthorized,Candidate Creation Thread Group 1-1233,text,false,,261,494,403,403,http://localhost:8080/web/index.php/api/v2/recruitment/candidates,43226,0,1
1768458066897,43224,Create Candidate Request,401,Unauthorized,Candidate Creation Thread Group 1-1238,text,false,,261,494,402,402,http://localhost:8080/web/index.php/api/v2/recruitment/candidates,43224,0,2
1768458066902,43307,Create Candidate Request,401,Unauthorized,Candidate Creation Thread Group 1-1246,text,false,,261,494,401,401,http://localhost:8080/web/index.php/api/v2/recruitment/candidates,43307,0,1
1768458066903,43310,Create Candidate Request,401,Unauthorized,Candidate Creation Thread Group 1-1245,text,false,,261,494,400,400,http://localhost:8080/web/index.php/api/v2/recruitment/candidates,43310,0,1
1768458066885,43333,Create Candidate Request,401,Unauthorized,Candidate Creation Thread Group 1-1236,text,false,,261,494,399,399,http://localhost:8080/web/index.php/api/v2/recruitment/candidates,43333,0,1
1768458066873,43435,Create Candidate Request,401,Unauthorized,Candidate Creation Thread Group 1-1227,text,false,,261,494,398,398,http://localhost:8080/web/index.php/api/v2/recruitment/candidates,43435,0,0
1768458066874,43439,Create Candidate Request,401,Unauthorized,Candidate Creation Thread Group 1-1225,text,false,,261,494,397,397,http://localhost:8080/web/index.php/api/v2/recruitment/candidates,43439,0,1
1768458065502,44816,Create Candidate Request,401,Unauthorized,Candidate Creation Thread Group 1-740,text,false,,261,494,396,396,http://localhost:8080/web/index.php/api/v2/recruitment/candidates,44816,0,3
1768458065688,44719,Create Candidate Request,401,Unauthorized,Candidate Creation Thread Group 1-747,text,false,,261,494,395,395,http://localhost:8080/web/index.php/api/v2/recruitment/candidates,44719,0,4
1768458065673,44737,Create Candidate Request,401,Unauthorized,Candidate Creation Thread Group 1-792,text,false,,261,491,394,394,http://localhost:8080/web/index.php/api/v2/recruitment/candidates,44737,0,1
1768458065679,44735,Create Candidate Request,401,Unauthorized,Candidate Creation Thread Group 1-790,text,false,,261,494,393,393,http://localhost:8080/web/index.php/api/v2/recruitment/candidates,44735,0,1
1768458065665,44755,Create Candidate Request,401,Unauthorized,Candidate Creation Thread Group 1-724,text,false,,261,491,392,392,http://localhost:8080/web/index.php/api/v2/recruitment/candidates,44755,0,1
1768458065671,44836,Create Candidate Request,401,Unauthorized,Candidate Creation Thread Group 1-718,text,false,,261,491,391,391,http://localhost:8080/web/index.php/api/v2/recruitment/candidates,44835,0,1
1768458065460,45052,Create Candidate Request,401,Unauthorized,Candidate Creation Thread Group 1-714,text,false,,261,494,390,390,http://localhost:8080/web/index.php/api/v2/recruitment/candidates,45051,0,3
1768458065659,44858,Create Candidate Request,401,Unauthorized,Candidate Creation Thread Group 1-640,text,false,,261,491,389,389,http://localhost:8080/web/index.php/api/v2/recruitment/candidates,44858,0,8
1768458065693,44917,Create Candidate Request,401,Unauthorized,Candidate Creation Thread Group 1-702,text,false,,261,494,388,388,http://localhost:8080/web/index.php/api/v2/recruitment/candidates,44916,0,1
1768458065693,44923,Create Candidate Request,401,Unauthorized,Candidate Creation Thread Group 1-703,text,false,,261,494,387,387,http://localhost:8080/web/index.php/api/v2/recruitment/candidates,44923,0,1
1768458065693,45013,Create Candidate Request,401,Unauthorized,Candidate Creation Thread Group 1-704,text,false,,261,494,386,386,http://localhost:8080/web/index.php/api/v2/recruitment/candidates,45013,0,6
1768458065693,45018,Create Candidate Request,401,Unauthorized,Candidate Creation Thread Group 1-700,text,false,,261,494,385,385,http://localhost:8080/web/index.php/api/v2/recruitment/candidates,45018,0,1
1768458065689,45027,Create Candidate Request,401,Unauthorized,Candidate Creation Thread Group 1-797,text,false,,261,494,384,384,http://localhost:8080/web/index.php/api/v2/recruitment/candidates,45026,0,0
1768458065686,45120,Create Candidate Request,401,Unauthorized,Candidate Creation Thread Group 1-680,text,false,,261,491,383,383,http://localhost:8080/web/index.php/api/v2/recruitment/candidates,45034,0,3
1768458065672,45138,Create Candidate Request,401,Unauthorized,Candidate Creation Thread Group 1-642,text,false,,261,491,382,382,http://localhost:8080/web/index.php/api/v2/recruitment/candidates,45138,0,0
1768458065260,45555,Create Candidate Request,401,Unauthorized,Candidate Creation Thread Group 1-622,text,false,,261,494,381,381,http://localhost:8080/web/index.php/api/v2/recruitment/candidates,45555,0,8
1768458065670,45149,Create Candidate Request,401,Unauthorized,Candidate Creation Thread Group 1-558,text,false,,261,494,380,380,http://localhost:8080/web/index.php/api/v2/recruitment/candidates,45149,0,3
1768458065276,45633,Create Candidate Request,401,Unauthorized,Candidate Creation Thread Group 1-548,text,false,,261,494,379,379,http://localhost:8080/web/index.php/api/v2/recruitment/candidates,45633,0,5
1768458065266,45646,Create Candidate Request,401,Unauthorized,Candidate Creation Thread Group 1-562,text,false,,261,494,378,378,http://localhost:8080/web/index.php/api/v2/recruitment/candidates,45646,0,1
1768458065270,45650,Create Candidate Request,401,Unauthorized,Candidate Creation Thread Group 1-628,text,false,,261,494,377,377,http://localhost:8080/web/index.php/api/v2/recruitment/candidates,45649,0,1
1768458065263,45747,Create Candidate Request,401,Unauthorized,Candidate Creation Thread Group 1-624,text,false,,261,494,376,376,http://localhost:8080/web/index.php/api/v2/recruitment/candidates,45747,0,1
1768458066019,44994,Create Candidate Request,401,Unauthorized,Candidate Creation Thread Group 1-904,text,false,,261,491,375,375,http://localhost:8080/web/index.php/api/v2/recruitment/candidates,44994,0,7
1768458066338,44681,Create Candidate Request,401,Unauthorized,Candidate Creation Thread Group 1-1001,text,false,,261,491,374,374,http://localhost:8080/web/index.php/api/v2/recruitment/candidates,44680,0,1
1768458066475,44632,Create Candidate Request,401,Unauthorized,Candidate Creation Thread Group 1-1077,text,false,,261,494,373,373,http://localhost:8080/web/index.php/api/v2/recruitment/candidates,44632,0,2
1768458065568,45545,Create Candidate Request,401,Unauthorized,Candidate Creation Thread Group 1-657,text,false,,261,494,372,372,http://localhost:8080/web/index.php/api/v2/recruitment/candidates,45544,0,6
1768458066570,44637,Create Candidate Request,401,Unauthorized,Candidate Creation Thread Group 1-1097,text,false,,261,491,371,371,http://localhost:8080/web/index.php/api/v2/recruitment/candidates,44637,0,1
1768458065543,45669,Create Candidate Request,401,Unauthorized,Candidate Creation Thread Group 1-749,text,false,,261,494,370,370,http://localhost:8080/web/index.php/api/v2/recruitment/candidates,45668,0,1
1768458065573,45644,Create Candidate Request,401,Unauthorized,Candidate Creation Thread Group 1-671,text,false,,261,491,369,369,http://localhost:8080/web/index.php/api/v2/recruitment/candidates,45644,0,1
1768458065549,45757,Create Candidate Request,401,Unauthorized,Candidate Creation Thread Group 1-694,text,false,,261,494,368,368,http://localhost:8080/web/index.php/api/v2/recruitment/candidates,45672,0,2
1768458065556,45755,Create Candidate Request,401,Unauthorized,Candidate Creation Thread Group 1-746,text,false,,261,494,367,367,http://localhost:8080/web/index.php/api/v2/recruitment/candidates,45754,0,6
1768458065573,45742,Create Candidate Request,401,Unauthorized,Candidate Creation Thread Group 1-596,text,false,,261,494,366,366,http://localhost:8080/web/index.php/api/v2/recruitment/candidates,45742,0,1
1768458065573,45748,Create Candidate Request,401,Unauthorized,Candidate Creation Thread Group 1-673,text,false,,261,494,365,365,http://localhost:8080/web/index.php/api/v2/recruitment/candidates,45747,0,1
1768458066370,45037,Create Candidate Request,401,Unauthorized,Candidate Creation Thread Group 1-1034,text,false,,261,494,364,364,http://localhost:8080/web/index.php/api/v2/recruitment/candidates,45036,0,1
1768458066577,44835,Create Candidate Request,401,Unauthorized,Candidate Creation Thread Group 1-1102,text,false,,261,494,363,363,http://localhost:8080/web/index.php/api/v2/recruitment/candidates,44834,0,0
1768458065735,45681,Create Candidate Request,401,Unauthorized,Candidate Creation Thread Group 1-793,text,false,,261,494,362,362,http://localhost:8080/web/index.php/api/v2/recruitment/candidates,45681,0,4
1768458065563,45944,Create Candidate Request,401,Unauthorized,Candidate Creation Thread Group 1-674,text,false,,261,491,361,361,http://localhost:8080/web/index.php/api/v2/recruitment/candidates,45944,0,7
1768458065748,45764,Create Candidate Request,401,Unauthorized,Candidate Creation Thread Group 1-785,text,false,,261,494,360,360,http://localhost:8080/web/index.php/api/v2/recruitment/candidates,45763,0,0
1768458066595,45013,Create Candidate Request,401,Unauthorized,Candidate Creation Thread Group 1-1116,text,false,,261,494,359,359,http://localhost:8080/web/index.php/api/v2/recruitment/candidates,45012,0,2
1768458067400,44212,Create Candidate Request,401,Unauthorized,Candidate Creation Thread Group 1-1394,text,false,,261,494,358,358,http://localhost:8080/web/index.php/api/v2/recruitment/candidates,44212,0,0
1768458066575,45134,Create Candidate Request,401,Unauthorized,Candidate Creation Thread Group 1-1121,text,false,,261,494,357,357,http://localhost:8080/web/index.php/api/v2/recruitment/candidates,45134,0,0
1768458067388,44325,Create Candidate Request,401,Unauthorized,Candidate Creation Thread Group 1-1386,text,false,,261,494,356,356,http://localhost:8080/web/index.php/api/v2/recruitment/candidates,44325,0,1
1768458067601,44115,Create Candidate Request,401,Unauthorized,Candidate Creation Thread Group 1-1447,text,false,,261,494,355,355,http://localhost:8080/web/index.php/api/v2/recruitment/candidates,44115,0,2
1768458066573,45148,Create Candidate Request,401,Unauthorized,Candidate Creation Thread Group 1-1120,text,false,,261,494,354,354,http://localhost:8080/web/index.php/api/v2/recruitment/candidates,45148,0,1
1768458065749,45976,Create Candidate Request,401,Unauthorized,Candidate Creation Thread Group 1-784,text,false,,261,494,353,353,http://localhost:8080/web/index.php/api/v2/recruitment/candidates,45976,0,2
1768458066349,45380,Create Candidate Request,401,Unauthorized,Candidate Creation Thread Group 1-1010,text,false,,261,494,352,352,http://localhost:8080/web/index.php/api/v2/recruitment/candidates,45379,0,1
1768458065534,46274,Create Candidate Request,401,Unauthorized,Candidate Creation Thread Group 1-697,text,false,,261,494,351,351,http://localhost:8080/web/index.php/api/v2/recruitment/candidates,46274,0,1
1768458066359,45456,Create Candidate Request,401,Unauthorized,Candidate Creation Thread Group 1-1022,text,false,,261,494,350,350,http://localhost:8080/web/index.php/api/v2/recruitment/candidates,45456,0,1
1768458065749,46158,Create Candidate Request,401,Unauthorized,Candidate Creation Thread Group 1-821,text,false,,261,494,349,349,http://localhost:8080/web/index.php/api/v2/recruitment/candidates,46158,0,3
1768458066573,45338,Create Candidate Request,401,Unauthorized,Candidate Creation Thread Group 1-1093,text,false,,261,491,348,348,http://localhost:8080/web/index.php/api/v2/recruitment/candidates,45337,0,1
1768458067384,44531,Create Candidate Request,401,Unauthorized,Candidate Creation Thread Group 1-1379,text,false,,261,494,347,347,http://localhost:8080/web/index.php/api/v2/recruitment/candidates,44530,0,1
1768458065758,46162,Create Candidate Request,401,Unauthorized,Candidate Creation Thread Group 1-824,text,false,,261,494,346,346,http://localhost:8080/web/index.php/api/v2/recruitment/candidates,46161,0,2
1768458067405,44604,Create Candidate Request,401,Unauthorized,Candidate Creation Thread Group 1-1393,text,false,,261,494,345,345,http://localhost:8080/web/index.php/api/v2/recruitment/candidates,44603,0,19
1768458065554,46458,Create Candidate Request,401,Unauthorized,Candidate Creation Thread Group 1-651,text,false,,261,494,344,344,http://localhost:8080/web/index.php/api/v2/recruitment/candidates,46458,0,2
1768458066575,45442,Create Candidate Request,401,Unauthorized,Candidate Creation Thread Group 1-1100,text,false,,261,494,343,343,http://localhost:8080/web/index.php/api/v2/recruitment/candidates,45442,0,1
1768458066349,45761,Create Candidate Request,401,Unauthorized,Candidate Creation Thread Group 1-1013,text,false,,261,494,342,342,http://localhost:8080/web/index.php/api/v2/recruitment/candidates,45760,0,1
1768458066393,45720,Create Candidate Request,401,Unauthorized,Candidate Creation Thread Group 1-1048,text,false,,261,494,341,341,http://localhost:8080/web/index.php/api/v2/recruitment/candidates,45720,0,1
1768458065767,46351,Create Candidate Request,401,Unauthorized,Candidate Creation Thread Group 1-780,text,false,,261,494,340,340,http://localhost:8080/web/index.php/api/v2/recruitment/candidates,46351,0,1
1768458065554,46657,Create Candidate Request,401,Unauthorized,Candidate Creation Thread Group 1-649,text,false,,261,494,339,339,http://localhost:8080/web/index.php/api/v2/recruitment/candidates,46656,0,1
1768458066569,45647,Create Candidate Request,401,Unauthorized,Candidate Creation Thread Group 1-1128,text,false,,261,491,338,338,http://localhost:8080/web/index.php/api/v2/recruitment/candidates,45647,0,0
1768458066393,45828,Create Candidate Request,401,Unauthorized,Candidate Creation Thread Group 1-1046,text,false,,261,494,337,337,http://localhost:8080/web/index.php/api/v2/recruitment/candidates,45828,0,1
1768458065767,46542,Create Candidate Request,401,Unauthorized,Candidate Creation Thread Group 1-825,text,false,,261,494,336,336,http://localhost:8080/web/index.php/api/v2/recruitment/candidates,46542,0,1
1768458066368,45945,Create Candidate Request,401,Unauthorized,Candidate Creation Thread Group 1-1033,text,false,,261,494,335,335,http://localhost:8080/web/index.php/api/v2/recruitment/candidates,45944,0,1
1768458065557,46761,Create Candidate Request,401,Unauthorized,Candidate Creation Thread Group 1-654,text,false,,261,494,334,334,http://localhost:8080/web/index.php/api/v2/recruitment/candidates,46761,0,1
1768458066569,45841,Create Candidate Request,401,Unauthorized,Candidate Creation Thread Group 1-1129,text,false,,261,491,333,333,http://localhost:8080/web/index.php/api/v2/recruitment/candidates,45840,0,2
1768458067379,45036,Create Candidate Request,401,Unauthorized,Candidate Creation Thread Group 1-1382,text,false,,261,494,332,332,http://localhost:8080/web/index.php/api/v2/recruitment/candidates,45036,0,1
1768458067379,45129,Create Candidate Request,401,Unauthorized,Candidate Creation Thread Group 1-1376,text,false,,261,494,331,331,http://localhost:8080/web/index.php/api/v2/recruitment/candidates,45129,0,1
1768458065768,46746,Create Candidate Request,401,Unauthorized,Candidate Creation Thread Group 1-772,text,false,,261,494,330,330,http://localhost:8080/web/index.php/api/v2/recruitment/candidates,46745,0,3
1768458067384,45135,Create Candidate Request,401,Unauthorized,Candidate Creation Thread Group 1-1384,text,false,,261,494,329,329,http://localhost:8080/web/index.php/api/v2/recruitment/candidates,45135,0,2
1768458067626,44980,Create Candidate Request,401,Unauthorized,Candidate Creation Thread Group 1-1450,text,false,,261,491,328,328,http://localhost:8080/web/index.php/api/v2/recruitment/candidates,44897,0,1
1768458065768,46841,Create Candidate Request,401,Unauthorized,Candidate Creation Thread Group 1-777,text,false,,261,494,327,327,http://localhost:8080/web/index.php/api/v2/recruitment/candidates,46841,0,1
1768458066391,46224,Create Candidate Request,401,Unauthorized,Candidate Creation Thread Group 1-1047,text,false,,261,494,326,326,http://localhost:8080/web/index.php/api/v2/recruitment/candidates,46224,0,3
1768458065570,47137,Create Candidate Request,401,Unauthorized,Candidate Creation Thread Group 1-744,text,false,,261,494,325,325,http://localhost:8080/web/index.php/api/v2/recruitment/candidates,47136,0,5
1768458067397,45314,Create Candidate Request,401,Unauthorized,Candidate Creation Thread Group 1-1390,text,false,,261,494,324,324,http://localhost:8080/web/index.php/api/v2/recruitment/candidates,45313,0,1
1768458066393,46322,Create Candidate Request,401,Unauthorized,Candidate Creation Thread Group 1-1049,text,false,,261,494,323,323,http://localhost:8080/web/index.php/api/v2/recruitment/candidates,46322,0,1
1768458065575,47144,Create Candidate Request,401,Unauthorized,Candidate Creation Thread Group 1-595,text,false,,261,494,322,322,http://localhost:8080/web/index.php/api/v2/recruitment/candidates,47144,0,1
1768458066771,46037,Create Candidate Request,401,Unauthorized,Candidate Creation Thread Group 1-1194,text,false,,261,494,321,321,http://localhost:8080/web/index.php/api/v2/recruitment/candidates,46037,0,0
1768458067384,45429,Create Candidate Request,401,Unauthorized,Candidate Creation Thread Group 1-1385,text,false,,261,494,320,320,http://localhost:8080/web/index.php/api/v2/recruitment/candidates,45429,0,1
1768458067389,45429,Create Candidate Request,401,Unauthorized,Candidate Creation Thread Group 1-1389,text,false,,261,494,319,319,http://localhost:8080/web/index.php/api/v2/recruitment/candidates,45428,0,1
1768458066750,46160,Create Candidate Request,401,Unauthorized,Candidate Creation Thread Group 1-1172,text,false,,261,494,318,318,http://localhost:8080/web/index.php/api/v2/recruitment/candidates,46159,0,1
1768458065574,47340,Create Candidate Request,401,Unauthorized,Candidate Creation Thread Group 1-741,text,false,,261,494,317,317,http://localhost:8080/web/index.php/api/v2/recruitment/candidates,47340,0,3
1768458067376,45544,Create Candidate Request,401,Unauthorized,Candidate Creation Thread Group 1-1377,text,false,,261,494,316,316,http://localhost:8080/web/index.php/api/v2/recruitment/candidates,45543,0,2
1768458066366,46644,Create Candidate Request,401,Unauthorized,Candidate Creation Thread Group 1-1024,text,false,,261,494,315,315,http://localhost:8080/web/index.php/api/v2/recruitment/candidates,46643,0,0
1768458066740,46273,Create Candidate Request,401,Unauthorized,Candidate Creation Thread Group 1-1164,text,false,,261,494,314,314,http://localhost:8080/web/index.php/api/v2/recruitment/candidates,46273,0,1
1768458066577,46440,Create Candidate Request,401,Unauthorized,Candidate Creation Thread Group 1-1118,text,false,,261,494,313,313,http://localhost:8080/web/index.php/api/v2/recruitment/candidates,46439,0,1
1768458066368,46655,Create Candidate Request,401,Unauthorized,Candidate Creation Thread Group 1-1030,text,false,,261,494,312,312,http://localhost:8080/web/index.php/api/v2/recruitment/candidates,46654,0,1
1768458066740,46370,Create Candidate Request,401,Unauthorized,Candidate Creation Thread Group 1-1156,text,false,,261,491,311,311,http://localhost:8080/web/index.php/api/v2/recruitment/candidates,46370,0,1
1768458067394,45724,Create Candidate Request,401,Unauthorized,Candidate Creation Thread Group 1-1380,text,false,,261,494,310,310,http://localhost:8080/web/index.php/api/v2/recruitment/candidates,45724,0,6
1768458066577,46632,Create Candidate Request,401,Unauthorized,Candidate Creation Thread Group 1-1098,text,false,,261,494,309,309,http://localhost:8080/web/index.php/api/v2/recruitment/candidates,46631,0,0
1768458067389,45829,Create Candidate Request,401,Unauthorized,Candidate Creation Thread Group 1-1387,text,false,,261,494,308,308,http://localhost:8080/web/index.php/api/v2/recruitment/candidates,45828,0,1
1768458066370,46936,Create Candidate Request,401,Unauthorized,Candidate Creation Thread Group 1-1028,text,false,,261,494,307,307,http://localhost:8080/web/index.php/api/v2/recruitment/candidates,46853,0,2
1768458066738,46572,Create Candidate Request,401,Unauthorized,Candidate Creation Thread Group 1-1163,text,false,,261,494,306,306,http://localhost:8080/web/index.php/api/v2/recruitment/candidates,46571,0,1
1768458066354,46961,Create Candidate Request,401,Unauthorized,Candidate Creation Thread Group 1-1014,text,false,,261,494,305,305,http://localhost:8080/web/index.php/api/v2/recruitment/candidates,46960,0,2
1768458066577,46743,Create Candidate Request,401,Unauthorized,Candidate Creation Thread Group 1-1101,text,false,,261,494,304,304,http://localhost:8080/web/index.php/api/v2/recruitment/candidates,46743,0,1
1768458066778,46630,Create Candidate Request,401,Unauthorized,Candidate Creation Thread Group 1-1192,text,false,,261,494,303,303,http://localhost:8080/web/index.php/api/v2/recruitment/candidates,46629,0,1
1768458066360,47052,Create Candidate Request,401,Unauthorized,Candidate Creation Thread Group 1-1021,text,false,,261,494,302,302,http://localhost:8080/web/index.php/api/v2/recruitment/candidates,47051,0,1
1768458066571,46846,Create Candidate Request,401,Unauthorized,Candidate Creation Thread Group 1-1095,text,false,,261,491,301,301,http://localhost:8080/web/index.php/api/v2/recruitment/candidates,46845,0,0
1768458066365,47144,Create Candidate Request,401,Unauthorized,Candidate Creation Thread Group 1-1029,text,false,,261,494,300,300,http://localhost:8080/web/index.php/api/v2/recruitment/candidates,47144,0,4
1768458067387,46128,Create Candidate Request,401,Unauthorized,Candidate Creation Thread Group 1-1381,text,false,,261,494,299,299,http://localhost:8080/web/index.php/api/v2/recruitment/candidates,46128,0,3
1768458066774,46833,Create Candidate Request,401,Unauthorized,Candidate Creation Thread Group 1-1198,text,false,,261,494,298,298,http://localhost:8080/web/index.php/api/v2/recruitment/candidates,46832,0,0
1768458067418,46194,Create Candidate Request,401,Unauthorized,Candidate Creation Thread Group 1-1396,text,false,,261,494,297,297,http://localhost:8080/web/index.php/api/v2/recruitment/candidates,46194,0,2
1768458066568,47050,Create Candidate Request,401,Unauthorized,Candidate Creation Thread Group 1-1122,text,false,,261,491,296,296,http://localhost:8080/web/index.php/api/v2/recruitment/candidates,47050,0,1
1768458066772,46935,Create Candidate Request,401,Unauthorized,Candidate Creation Thread Group 1-1174,text,false,,261,494,295,295,http://localhost:8080/web/index.php/api/v2/recruitment/candidates,46935,0,2
1768458067403,46311,Create Candidate Request,401,Unauthorized,Candidate Creation Thread Group 1-1395,text,false,,261,494,294,294,http://localhost:8080/web/index.php/api/v2/recruitment/candidates,46310,0,0
1768458067605,46113,Create Candidate Request,401,Unauthorized,Candidate Creation Thread Group 1-1454,text,false,,261,491,293,293,http://localhost:8080/web/index.php/api/v2/recruitment/candidates,46113,0,0
1768458066388,47421,Create Candidate Request,401,Unauthorized,Candidate Creation Thread Group 1-1045,text,false,,261,494,292,292,http://localhost:8080/web/index.php/api/v2/recruitment/candidates,47421,0,1
1768458066384,47429,Create Candidate Request,401,Unauthorized,Candidate Creation Thread Group 1-1044,text,false,,261,494,291,291,http://localhost:8080/web/index.php/api/v2/recruitment/candidates,47429,0,1
1768458066771,47046,Create Candidate Request,401,Unauthorized,Candidate Creation Thread Group 1-1197,text,false,,261,494,290,290,http://localhost:8080/web/index.php/api/v2/recruitment/candidates,47046,0,2
1768458066355,47467,Create Candidate Request,401,Unauthorized,Candidate Creation Thread Group 1-1018,text,false,,261,494,289,289,http://localhost:8080/web/index.php/api/v2/recruitment/candidates,47467,0,3
1768458066360,47550,Create Candidate Request,401,Unauthorized,Candidate Creation Thread Group 1-1025,text,false,,261,494,288,288,http://localhost:8080/web/index.php/api/v2/recruitment/candidates,47550,0,0
1768458066771,47144,Create Candidate Request,401,Unauthorized,Candidate Creation Thread Group 1-1175,text,false,,261,494,287,287,http://localhost:8080/web/index.php/api/v2/recruitment/candidates,47143,0,1
1768458066374,47545,Create Candidate Request,401,Unauthorized,Candidate Creation Thread Group 1-1035,text,false,,261,494,286,286,http://localhost:8080/web/index.php/api/v2/recruitment/candidates,47544,0,0
1768458066378,47629,Create Candidate Request,401,Unauthorized,Candidate Creation Thread Group 1-1040,text,false,,261,494,285,285,http://localhost:8080/web/index.php/api/v2/recruitment/candidates,47629,0,1
1768458065747,48265,Create Candidate Request,401,Unauthorized,Candidate Creation Thread Group 1-820,text,false,,261,494,284,284,http://localhost:8080/web/index.php/api/v2/recruitment/candidates,48264,0,1
1768458066364,47653,Create Candidate Request,401,Unauthorized,Candidate Creation Thread Group 1-1026,text,false,,261,494,283,283,http://localhost:8080/web/index.php/api/v2/recruitment/candidates,47653,0,1
1768458066384,47724,Create Candidate Request,401,Unauthorized,Candidate Creation Thread Group 1-1042,text,false,,261,494,282,282,http://localhost:8080/web/index.php/api/v2/recruitment/candidates,47724,0,2
1768458066352,47762,Create Candidate Request,401,Unauthorized,Candidate Creation Thread Group 1-1016,text,false,,261,494,281,281,http://localhost:8080/web/index.php/api/v2/recruitment/candidates,47762,0,1
1768458066749,47370,Create Candidate Request,401,Unauthorized,Candidate Creation Thread Group 1-1171,text,false,,261,494,280,280,http://localhost:8080/web/index.php/api/v2/recruitment/candidates,47369,0,8
1768458066357,47853,Create Candidate Request,401,Unauthorized,Candidate Creation Thread Group 1-1023,text,false,,261,494,279,279,http://localhost:8080/web/index.php/api/v2/recruitment/candidates,47852,0,1
1768458065768,48453,Create Candidate Request,401,Unauthorized,Candidate Creation Thread Group 1-782,text,false,,261,494,278,278,http://localhost:8080/web/index.php/api/v2/recruitment/candidates,48452,0,1
1768458066364,47863,Create Candidate Request,401,Unauthorized,Candidate Creation Thread Group 1-1031,text,false,,261,494,277,277,http://localhost:8080/web/index.php/api/v2/recruitment/candidates,47862,0,1
1768458066385,47922,Create Candidate Request,401,Unauthorized,Candidate Creation Thread Group 1-1041,text,false,,261,494,276,276,http://localhost:8080/web/index.php/api/v2/recruitment/candidates,47922,0,1
1768458067544,46768,Create Candidate Request,401,Unauthorized,Candidate Creation Thread Group 1-1426,text,false,,261,494,275,275,http://localhost:8080/web/index.php/api/v2/recruitment/candidates,46768,0,0
1768458066765,47552,Create Candidate Request,401,Unauthorized,Candidate Creation Thread Group 1-1193,text,false,,261,494,274,274,http://localhost:8080/web/index.php/api/v2/recruitment/candidates,47552,0,1
1768458066376,47944,Create Candidate Request,401,Unauthorized,Candidate Creation Thread Group 1-1039,text,false,,261,494,273,273,http://localhost:8080/web/index.php/api/v2/recruitment/candidates,47944,0,1
1768458066760,47564,Create Candidate Request,401,Unauthorized,Candidate Creation Thread Group 1-1185,text,false,,261,494,272,272,http://localhost:8080/web/index.php/api/v2/recruitment/candidates,47564,0,1
1768458066479,47848,Create Candidate Request,401,Unauthorized,Candidate Creation Thread Group 1-1079,text,false,,261,494,271,271,http://localhost:8080/web/index.php/api/v2/recruitment/candidates,47848,0,2
1768458066385,47945,Create Candidate Request,401,Unauthorized,Candidate Creation Thread Group 1-1043,text,false,,261,494,270,270,http://localhost:8080/web/index.php/api/v2/recruitment/candidates,47945,0,1
1768458066756,47650,Create Candidate Request,401,Unauthorized,Candidate Creation Thread Group 1-1158,text,false,,261,494,269,269,http://localhost:8080/web/index.php/api/v2/recruitment/candidates,47650,0,1
1768458066479,47930,Create Candidate Request,401,Unauthorized,Candidate Creation Thread Group 1-1080,text,false,,261,494,268,268,http://localhost:8080/web/index.php/api/v2/recruitment/candidates,47930,0,1
1768458066374,48039,Create Candidate Request,401,Unauthorized,Candidate Creation Thread Group 1-1036,text,false,,261,494,267,267,http://localhost:8080/web/index.php/api/v2/recruitment/candidates,48038,0,0
1768458065485,48931,Create Candidate Request,401,Unauthorized,Candidate Creation Thread Group 1-711,text,false,,261,494,266,266,http://localhost:8080/web/index.php/api/v2/recruitment/candidates,48931,0,2
1768458066765,47656,Create Candidate Request,401,Unauthorized,Candidate Creation Thread Group 1-1176,text,false,,261,494,265,265,http://localhost:8080/web/index.php/api/v2/recruitment/candidates,47656,0,1
1768458065730,48695,Create Candidate Request,401,Unauthorized,Candidate Creation Thread Group 1-806,text,false,,261,494,264,264,http://localhost:8080/web/index.php/api/v2/recruitment/candidates,48695,0,6
1768458066356,48074,Create Candidate Request,401,Unauthorized,Candidate Creation Thread Group 1-1017,text,false,,261,494,263,263,http://localhost:8080/web/index.php/api/v2/recruitment/candidates,48074,0,1
1768458066782,47653,Create Candidate Request,401,Unauthorized,Candidate Creation Thread Group 1-1203,text,false,,261,494,262,262,http://localhost:8080/web/index.php/api/v2/recruitment/candidates,47653,0,4
1768458066368,48139,Create Candidate Request,401,Unauthorized,Candidate Creation Thread Group 1-1032,text,false,,261,494,261,261,http://localhost:8080/web/index.php/api/v2/recruitment/candidates,48139,0,2
1768458066352,48158,Create Candidate Request,401,Unauthorized,Candidate Creation Thread Group 1-1015,text,false,,261,494,260,260,http://localhost:8080/web/index.php/api/v2/recruitment/candidates,48158,0,2
1768458066364,48151,Create Candidate Request,401,Unauthorized,Candidate Creation Thread Group 1-1027,text,false,,261,494,259,259,http://localhost:8080/web/index.php/api/v2/recruitment/candidates,48151,0,2
1768458065746,48772,Create Candidate Request,401,Unauthorized,Candidate Creation Thread Group 1-813,text,false,,261,494,258,258,http://localhost:8080/web/index.php/api/v2/recruitment/candidates,48772,0,1
1768458066580,47941,Create Candidate Request,401,Unauthorized,Candidate Creation Thread Group 1-1111,text,false,,261,494,257,257,http://localhost:8080/web/index.php/api/v2/recruitment/candidates,47941,0,1
1768458066352,48172,Create Candidate Request,401,Unauthorized,Candidate Creation Thread Group 1-1012,text,false,,261,494,256,256,http://localhost:8080/web/index.php/api/v2/recruitment/candidates,48172,0,1
1768458066737,47790,Create Candidate Request,401,Unauthorized,Candidate Creation Thread Group 1-1161,text,false,,261,494,255,255,http://localhost:8080/web/index.php/api/v2/recruitment/candidates,47790,0,2
1768458065565,48965,Create Candidate Request,401,Unauthorized,Candidate Creation Thread Group 1-589,text,false,,261,491,254,254,http://localhost:8080/web/index.php/api/v2/recruitment/candidates,48965,0,5
1768458066738,47795,Create Candidate Request,401,Unauthorized,Candidate Creation Thread Group 1-1173,text,false,,261,494,253,253,http://localhost:8080/web/index.php/api/v2/recruitment/candidates,47795,0,1
1768458066357,48179,Create Candidate Request,401,Unauthorized,Candidate Creation Thread Group 1-1019,text,false,,261,494,252,252,http://localhost:8080/web/index.php/api/v2/recruitment/candidates,48179,0,1
1768458067395,47144,Create Candidate Request,401,Unauthorized,Candidate Creation Thread Group 1-1388,text,false,,261,494,251,251,http://localhost:8080/web/index.php/api/v2/recruitment/candidates,47144,0,4
1768458065568,48975,Create Candidate Request,401,Unauthorized,Candidate Creation Thread Group 1-766,text,false,,261,494,250,250,http://localhost:8080/web/index.php/api/v2/recruitment/candidates,48975,0,1
1768458066738,47808,Create Candidate Request,401,Unauthorized,Candidate Creation Thread Group 1-1155,text,false,,261,491,249,249,http://localhost:8080/web/index.php/api/v2/recruitment/candidates,47808,0,0
1768458065571,48978,Create Candidate Request,401,Unauthorized,Candidate Creation Thread Group 1-764,text,false,,261,494,248,248,http://localhost:8080/web/index.php/api/v2/recruitment/candidates,48978,0,2
1768458065568,48984,Create Candidate Request,401,Unauthorized,Candidate Creation Thread Group 1-675,text,false,,261,491,247,247,http://localhost:8080/web/index.php/api/v2/recruitment/candidates,48984,0,5
1768458066737,47818,Create Candidate Request,401,Unauthorized,Candidate Creation Thread Group 1-1160,text,false,,261,491,246,246,http://localhost:8080/web/index.php/api/v2/recruitment/candidates,47818,0,1
1768458066737,47821,Create Candidate Request,401,Unauthorized,Candidate Creation Thread Group 1-1159,text,false,,261,491,245,245,http://localhost:8080/web/index.php/api/v2/recruitment/candidates,47821,0,1
1768458067604,46957,Create Candidate Request,401,Unauthorized,Candidate Creation Thread Group 1-1452,text,false,,261,494,244,244,http://localhost:8080/web/index.php/api/v2/recruitment/candidates,46957,0,3
1768458065532,49032,Create Candidate Request,401,Unauthorized,Candidate Creation Thread Group 1-676,text,false,,261,494,243,243,http://localhost:8080/web/index.php/api/v2/recruitment/candidates,49032,0,6
1768458066787,47780,Create Candidate Request,401,Unauthorized,Candidate Creation Thread Group 1-1206,text,false,,261,494,242,242,http://localhost:8080/web/index.php/api/v2/recruitment/candidates,47780,0,3
1768458066736,47834,Create Candidate Request,401,Unauthorized,Candidate Creation Thread Group 1-1168,text,false,,261,491,241,241,http://localhost:8080/web/index.php/api/v2/recruitment/candidates,47834,0,1
1768458066736,47837,Create Candidate Request,401,Unauthorized,Candidate Creation Thread Group 1-1165,text,false,,261,491,240,240,http://localhost:8080/web/index.php/api/v2/recruitment/candidates,47837,0,0
1768458067626,46951,Create Candidate Request,401,Unauthorized,Candidate Creation Thread Group 1-1457,text,false,,261,491,239,239,http://localhost:8080/web/index.php/api/v2/recruitment/candidates,46951,0,1
1768458067626,46954,Create Candidate Request,401,Unauthorized,Candidate Creation Thread Group 1-1456,text,false,,261,491,238,238,http://localhost:8080/web/index.php/api/v2/recruitment/candidates,46954,0,1
1768458066735,47848,Create Candidate Request,401,Unauthorized,Candidate Creation Thread Group 1-1166,text,false,,261,494,237,237,http://localhost:8080/web/index.php/api/v2/recruitment/candidates,47848,0,2
1768458067626,46981,Create Candidate Request,401,Unauthorized,Candidate Creation Thread Group 1-1455,text,false,,261,491,236,236,http://localhost:8080/web/index.php/api/v2/recruitment/candidates,46981,0,1
1768458066734,47876,Create Candidate Request,401,Unauthorized,Candidate Creation Thread Group 1-1162,text,false,,261,494,235,235,http://localhost:8080/web/index.php/api/v2/recruitment/candidates,47876,0,1
1768458065563,49050,Create Candidate Request,401,Unauthorized,Candidate Creation Thread Group 1-763,text,false,,261,494,234,234,http://localhost:8080/web/index.php/api/v2/recruitment/candidates,49050,0,7
1768458066796,47820,Create Candidate Request,401,Unauthorized,Candidate Creation Thread Group 1-1209,text,false,,261,494,233,233,http://localhost:8080/web/index.php/api/v2/recruitment/candidates,47820,0,0
1768458066734,47885,Create Candidate Request,401,Unauthorized,Candidate Creation Thread Group 1-1150,text,false,,261,494,232,232,http://localhost:8080/web/index.php/api/v2/recruitment/candidates,47885,0,1
1768458066590,48032,Create Candidate Request,401,Unauthorized,Candidate Creation Thread Group 1-1138,text,false,,261,494,231,231,http://localhost:8080/web/index.php/api/v2/recruitment/candidates,48032,0,1
1768458066734,47893,Create Candidate Request,401,Unauthorized,Candidate Creation Thread Group 1-1154,text,false,,261,491,230,230,http://localhost:8080/web/index.php/api/v2/recruitment/candidates,47893,0,1
1768458065531,49100,Create Candidate Request,401,Unauthorized,Candidate Creation Thread Group 1-695,text,false,,261,494,229,229,http://localhost:8080/web/index.php/api/v2/recruitment/candidates,49099,0,4
1768458065537,49098,Create Candidate Request,401,Unauthorized,Candidate Creation Thread Group 1-644,text,false,,261,494,228,228,http://localhost:8080/web/index.php/api/v2/recruitment/candidates,49098,0,9
1768458066733,47907,Create Candidate Request,401,Unauthorized,Candidate Creation Thread Group 1-1170,text,false,,261,494,227,227,http://localhost:8080/web/index.php/api/v2/recruitment/candidates,47907,0,1
1768458065538,49172,Create Candidate Request,401,Unauthorized,Candidate Creation Thread Group 1-752,text,false,,261,494,226,226,http://localhost:8080/web/index.php/api/v2/recruitment/candidates,49171,0,3
1768458065142,49573,Create Candidate Request,401,Unauthorized,Candidate Creation Thread Group 1-583,text,false,,261,494,225,225,http://localhost:8080/web/index.php/api/v2/recruitment/candidates,49572,0,3
1768458065542,49266,Create Candidate Request,401,Unauthorized,Candidate Creation Thread Group 1-645,text,false,,261,494,224,224,http://localhost:8080/web/index.php/api/v2/recruitment/candidates,49266,0,5
1768458066794,48019,Create Candidate Request,401,Unauthorized,Candidate Creation Thread Group 1-1182,text,false,,261,494,223,223,http://localhost:8080/web/index.php/api/v2/recruitment/candidates,48018,0,2
1768458066794,48024,Create Candidate Request,401,Unauthorized,Candidate Creation Thread Group 1-1210,text,false,,261,494,222,222,http://localhost:8080/web/index.php/api/v2/recruitment/candidates,48023,0,1
1768458067569,47252,Create Candidate Request,401,Unauthorized,Candidate Creation Thread Group 1-1442,text,false,,261,494,221,221,http://localhost:8080/web/index.php/api/v2/recruitment/candidates,47252,0,1
1768458065556,49351,Create Candidate Request,401,Unauthorized,Candidate Creation Thread Group 1-652,text,false,,261,494,220,220,http://localhost:8080/web/index.php/api/v2/recruitment/candidates,49351,0,0
1768458066776,48134,Create Candidate Request,401,Unauthorized,Candidate Creation Thread Group 1-1191,text,false,,261,494,219,219,http://localhost:8080/web/index.php/api/v2/recruitment/candidates,48134,0,1
1768458066758,48158,Create Candidate Request,401,Unauthorized,Candidate Creation Thread Group 1-1153,text,false,,261,494,218,218,http://localhost:8080/web/index.php/api/v2/recruitment/candidates,48157,0,3
1768458066578,48342,Create Candidate Request,401,Unauthorized,Candidate Creation Thread Group 1-1103,text,false,,261,494,217,217,http://localhost:8080/web/index.php/api/v2/recruitment/candidates,48341,0,1
1768458066739,48270,Create Candidate Request,401,Unauthorized,Candidate Creation Thread Group 1-1157,text,false,,261,494,216,216,http://localhost:8080/web/index.php/api/v2/recruitment/candidates,48270,0,0
1768458066785,48229,Create Candidate Request,401,Unauthorized,Candidate Creation Thread Group 1-1189,text,false,,261,494,215,215,http://localhost:8080/web/index.php/api/v2/recruitment/candidates,48229,0,1
1768458065540,49567,Create Candidate Request,401,Unauthorized,Candidate Creation Thread Group 1-754,text,false,,261,494,214,214,http://localhost:8080/web/index.php/api/v2/recruitment/candidates,49567,0,0
1768458066748,48364,Create Candidate Request,401,Unauthorized,Candidate Creation Thread Group 1-1179,text,false,,261,494,213,213,http://localhost:8080/web/index.php/api/v2/recruitment/candidates,48364,0,2
1768458065761,49355,Create Candidate Request,401,Unauthorized,Candidate Creation Thread Group 1-783,text,false,,261,494,212,212,http://localhost:8080/web/index.php/api/v2/recruitment/candidates,49354,0,9
1768458065730,49391,Create Candidate Request,401,Unauthorized,Candidate Creation Thread Group 1-791,text,false,,261,494,211,211,http://localhost:8080/web/index.php/api/v2/recruitment/candidates,49391,0,1
1768458066734,48472,Create Candidate Request,401,Unauthorized,Candidate Creation Thread Group 1-1152,text,false,,261,494,210,210,http://localhost:8080/web/index.php/api/v2/recruitment/candidates,48390,0,1
1768458065149,50063,Create Candidate Request,401,Unauthorized,Candidate Creation Thread Group 1-587,text,false,,261,494,209,209,http://localhost:8080/web/index.php/api/v2/recruitment/candidates,50063,0,1
1768458066049,49259,Create Candidate Request,401,Unauthorized,Candidate Creation Thread Group 1-925,text,false,,261,494,208,208,http://localhost:8080/web/index.php/api/v2/recruitment/candidates,49258,0,1
1768458066028,49284,Create Candidate Request,401,Unauthorized,Candidate Creation Thread Group 1-916,text,false,,261,491,207,207,http://localhost:8080/web/index.php/api/v2/recruitment/candidates,49283,0,4
1768458066752,48565,Create Candidate Request,401,Unauthorized,Candidate Creation Thread Group 1-1178,text,false,,261,494,206,206,http://localhost:8080/web/index.php/api/v2/recruitment/candidates,48565,0,0
1768458066049,49357,Create Candidate Request,401,Unauthorized,Candidate Creation Thread Group 1-930,text,false,,261,494,205,205,http://localhost:8080/web/index.php/api/v2/recruitment/candidates,49272,0,1
1768458067084,48323,Create Candidate Request,401,Unauthorized,Candidate Creation Thread Group 1-1298,text,false,,261,494,204,204,http://localhost:8080/web/index.php/api/v2/recruitment/candidates,48323,0,17
1768458067059,48354,Create Candidate Request,401,Unauthorized,Candidate Creation Thread Group 1-1292,text,false,,261,494,203,203,http://localhost:8080/web/index.php/api/v2/recruitment/candidates,48353,0,1
1768458066080,49341,Create Candidate Request,401,Unauthorized,Candidate Creation Thread Group 1-942,text,false,,261,494,202,202,http://localhost:8080/web/index.php/api/v2/recruitment/candidates,49339,0,4
1768458066964,48548,Create Candidate Request,401,Unauthorized,Candidate Creation Thread Group 1-1266,text,false,,261,494,201,201,http://localhost:8080/web/index.php/api/v2/recruitment/candidates,48548,0,1
1768458066080,49437,Create Candidate Request,401,Unauthorized,Candidate Creation Thread Group 1-946,text,false,,261,494,200,200,http://localhost:8080/web/index.php/api/v2/recruitment/candidates,49437,0,3
1768458066057,49464,Create Candidate Request,401,Unauthorized,Candidate Creation Thread Group 1-935,text,false,,261,494,199,199,http://localhost:8080/web/index.php/api/v2/recruitment/candidates,49463,0,2
1768458066046,49564,Create Candidate Request,401,Unauthorized,Candidate Creation Thread Group 1-927,text,false,,261,494,198,198,http://localhost:8080/web/index.php/api/v2/recruitment/candidates,49564,0,0
1768458065931,49683,Create Candidate Request,401,Unauthorized,Candidate Creation Thread Group 1-841,text,false,,261,494,197,197,http://localhost:8080/web/index.php/api/v2/recruitment/candidates,49682,0,1
1768458066964,48653,Create Candidate Request,401,Unauthorized,Candidate Creation Thread Group 1-1265,text,false,,261,494,196,196,http://localhost:8080/web/index.php/api/v2/recruitment/candidates,48653,0,0
1768458066048,49573,Create Candidate Request,401,Unauthorized,Candidate Creation Thread Group 1-919,text,false,,261,494,195,195,http://localhost:8080/web/index.php/api/v2/recruitment/candidates,49573,0,0
1768458065910,49796,Create Candidate Request,401,Unauthorized,Candidate Creation Thread Group 1-847,text,false,,261,491,194,194,http://localhost:8080/web/index.php/api/v2/recruitment/candidates,49796,0,8
1768458066049,49661,Create Candidate Request,401,Unauthorized,Candidate Creation Thread Group 1-929,text,false,,261,494,193,193,http://localhost:8080/web/index.php/api/v2/recruitment/candidates,49661,0,2
1768458066963,48750,Create Candidate Request,401,Unauthorized,Candidate Creation Thread Group 1-1264,text,false,,261,494,192,192,http://localhost:8080/web/index.php/api/v2/recruitment/candidates,48750,0,2
1768458065914,49802,Create Candidate Request,401,Unauthorized,Candidate Creation Thread Group 1-860,text,false,,261,494,191,191,http://localhost:8080/web/index.php/api/v2/recruitment/candidates,49802,0,3
1768458067067,48652,Create Candidate Request,401,Unauthorized,Candidate Creation Thread Group 1-1296,text,false,,261,494,190,190,http://localhost:8080/web/index.php/api/v2/recruitment/candidates,48652,0,2
1768458065929,49793,Create Candidate Request,401,Unauthorized,Candidate Creation Thread Group 1-840,text,false,,261,494,189,189,http://localhost:8080/web/index.php/api/v2/recruitment/candidates,49793,0,1
1768458066081,49644,Create Candidate Request,401,Unauthorized,Candidate Creation Thread Group 1-943,text,false,,261,494,188,188,http://localhost:8080/web/index.php/api/v2/recruitment/candidates,49644,0,3
1768458066089,49639,Create Candidate Request,401,Unauthorized,Candidate Creation Thread Group 1-947,text,false,,261,494,187,187,http://localhost:8080/web/index.php/api/v2/recruitment/candidates,49639,0,0
1768458067041,48690,Create Candidate Request,401,Unauthorized,Candidate Creation Thread Group 1-1285,text,false,,261,494,186,186,http://localhost:8080/web/index.php/api/v2/recruitment/candidates,48690,0,12
1768458065926,49808,Create Candidate Request,401,Unauthorized,Candidate Creation Thread Group 1-851,text,false,,261,491,185,185,http://localhost:8080/web/index.php/api/v2/recruitment/candidates,49808,0,4
1768458066967,48770,Create Candidate Request,401,Unauthorized,Candidate Creation Thread Group 1-1267,text,false,,261,494,184,184,http://localhost:8080/web/index.php/api/v2/recruitment/candidates,48770,0,1
1768458066268,49472,Create Candidate Request,401,Unauthorized,Candidate Creation Thread Group 1-996,text,false,,261,494,183,183,http://localhost:8080/web/index.php/api/v2/recruitment/candidates,49472,0,1
1768458067054,48690,Create Candidate Request,401,Unauthorized,Candidate Creation Thread Group 1-1287,text,false,,261,494,182,182,http://localhost:8080/web/index.php/api/v2/recruitment/candidates,48690,0,5
1768458065257,50490,Create Candidate Request,401,Unauthorized,Candidate Creation Thread Group 1-616,text,false,,261,494,181,181,http://localhost:8080/web/index.php/api/v2/recruitment/candidates,50490,0,4
1768458067270,48480,Create Candidate Request,401,Unauthorized,Candidate Creation Thread Group 1-1345,text,false,,261,494,180,180,http://localhost:8080/web/index.php/api/v2/recruitment/candidates,48480,0,26
1768458066221,49532,Create Candidate Request,401,Unauthorized,Candidate Creation Thread Group 1-966,text,false,,261,494,179,179,http://localhost:8080/web/index.php/api/v2/recruitment/candidates,49532,0,1
1768458066235,49522,Create Candidate Request,401,Unauthorized,Candidate Creation Thread Group 1-975,text,false,,261,494,178,178,http://localhost:8080/web/index.php/api/v2/recruitment/candidates,49522,0,1
1768458065239,50521,Create Candidate Request,401,Unauthorized,Candidate Creation Thread Group 1-563,text,false,,261,494,177,177,http://localhost:8080/web/index.php/api/v2/recruitment/candidates,50521,0,1
1768458066233,49530,Create Candidate Request,401,Unauthorized,Candidate Creation Thread Group 1-974,text,false,,261,494,176,176,http://localhost:8080/web/index.php/api/v2/recruitment/candidates,49530,0,4
1768458067244,48522,Create Candidate Request,401,Unauthorized,Candidate Creation Thread Group 1-1337,text,false,,261,494,175,175,http://localhost:8080/web/index.php/api/v2/recruitment/candidates,48522,0,1
1768458065245,50524,Create Candidate Request,401,Unauthorized,Candidate Creation Thread Group 1-608,text,false,,261,494,174,174,http://localhost:8080/web/index.php/api/v2/recruitment/candidates,50524,0,6
1768458067254,48518,Create Candidate Request,401,Unauthorized,Candidate Creation Thread Group 1-1340,text,false,,261,494,173,173,http://localhost:8080/web/index.php/api/v2/recruitment/candidates,48518,0,6
1768458067258,48518,Create Candidate Request,401,Unauthorized,Candidate Creation Thread Group 1-1343,text,false,,261,494,172,172,http://localhost:8080/web/index.php/api/v2/recruitment/candidates,48517,0,4
1768458066264,49515,Create Candidate Request,401,Unauthorized,Candidate Creation Thread Group 1-993,text,false,,261,494,171,171,http://localhost:8080/web/index.php/api/v2/recruitment/candidates,49515,0,1
1768458067270,48512,Create Candidate Request,401,Unauthorized,Candidate Creation Thread Group 1-1349,text,false,,261,494,170,170,http://localhost:8080/web/index.php/api/v2/recruitment/candidates,48512,0,2
1768458066258,49527,Create Candidate Request,401,Unauthorized,Candidate Creation Thread Group 1-990,text,false,,261,494,169,169,http://localhost:8080/web/index.php/api/v2/recruitment/candidates,49527,0,1
1768458066243,49545,Create Candidate Request,401,Unauthorized,Candidate Creation Thread Group 1-983,text,false,,261,494,168,168,http://localhost:8080/web/index.php/api/v2/recruitment/candidates,49545,0,1
1768458066236,49556,Create Candidate Request,401,Unauthorized,Candidate Creation Thread Group 1-978,text,false,,261,494,167,167,http://localhost:8080/web/index.php/api/v2/recruitment/candidates,49556,0,1
1768458066240,49555,Create Candidate Request,401,Unauthorized,Candidate Creation Thread Group 1-979,text,false,,261,494,166,166,http://localhost:8080/web/index.php/api/v2/recruitment/candidates,49555,0,4
1768458066247,49551,Create Candidate Request,401,Unauthorized,Candidate Creation Thread Group 1-985,text,false,,261,494,165,165,http://localhost:8080/web/index.php/api/v2/recruitment/candidates,49551,0,1
1768458065148,50658,Create Candidate Request,401,Unauthorized,Candidate Creation Thread Group 1-586,text,false,,261,494,164,164,http://localhost:8080/web/index.php/api/v2/recruitment/candidates,50658,0,1
1768458067250,48559,Create Candidate Request,401,Unauthorized,Candidate Creation Thread Group 1-1334,text,false,,261,494,163,163,http://localhost:8080/web/index.php/api/v2/recruitment/candidates,48559,0,1
1768458065583,50229,Create Candidate Request,401,Unauthorized,Candidate Creation Thread Group 1-607,text,false,,261,494,162,162,http://localhost:8080/web/index.php/api/v2/recruitment/candidates,50229,0,3
1768458065834,49983,Create Candidate Request,401,Unauthorized,Candidate Creation Thread Group 1-761,text,false,,261,494,161,161,http://localhost:8080/web/index.php/api/v2/recruitment/candidates,49982,0,3
1768458066233,49587,Create Candidate Request,401,Unauthorized,Candidate Creation Thread Group 1-976,text,false,,261,494,160,160,http://localhost:8080/web/index.php/api/v2/recruitment/candidates,49587,0,1
1768458066258,49567,Create Candidate Request,401,Unauthorized,Candidate Creation Thread Group 1-991,text,false,,261,494,159,159,http://localhost:8080/web/index.php/api/v2/recruitment/candidates,49567,0,1
1768458065611,50219,Create Candidate Request,401,Unauthorized,Candidate Creation Thread Group 1-682,text,false,,261,494,158,158,http://localhost:8080/web/index.php/api/v2/recruitment/candidates,50218,0,2
1768458065643,50265,Create Candidate Request,401,Unauthorized,Candidate Creation Thread Group 1-643,text,false,,261,494,157,157,http://localhost:8080/web/index.php/api/v2/recruitment/candidates,50265,0,1
1768458066607,49311,Create Candidate Request,401,Unauthorized,Candidate Creation Thread Group 1-1151,text,false,,261,494,156,156,http://localhost:8080/web/index.php/api/v2/recruitment/candidates,49310,0,61
1768458065595,50412,Create Candidate Request,401,Unauthorized,Candidate Creation Thread Group 1-655,text,false,,261,494,155,155,http://localhost:8080/web/index.php/api/v2/recruitment/candidates,50412,0,1
1768458065613,50399,Create Candidate Request,401,Unauthorized,Candidate Creation Thread Group 1-656,text,false,,261,494,154,154,http://localhost:8080/web/index.php/api/v2/recruitment/candidates,50398,0,2
1768458065585,50430,Create Candidate Request,401,Unauthorized,Candidate Creation Thread Group 1-662,text,false,,261,494,153,153,http://localhost:8080/web/index.php/api/v2/recruitment/candidates,50430,0,3
1768458065599,50422,Create Candidate Request,401,Unauthorized,Candidate Creation Thread Group 1-653,text,false,,261,494,152,152,http://localhost:8080/web/index.php/api/v2/recruitment/candidates,50421,0,3
1768458065605,50503,Create Candidate Request,401,Unauthorized,Candidate Creation Thread Group 1-614,text,false,,261,494,151,151,http://localhost:8080/web/index.php/api/v2/recruitment/candidates,50503,0,0
1768458067650,48462,Create Candidate Request,401,Unauthorized,Candidate Creation Thread Group 1-1470,text,false,,261,494,150,150,http://localhost:8080/web/index.php/api/v2/recruitment/candidates,48462,0,4
1768458065605,50511,Create Candidate Request,401,Unauthorized,Candidate Creation Thread Group 1-617,text,false,,261,494,149,149,http://localhost:8080/web/index.php/api/v2/recruitment/candidates,50511,0,11
1768458066666,49455,Create Candidate Request,401,Unauthorized,Candidate Creation Thread Group 1-1142,text,false,,261,494,148,148,http://localhost:8080/web/index.php/api/v2/recruitment/candidates,49454,0,11
1768458067655,48469,Create Candidate Request,401,Unauthorized,Candidate Creation Thread Group 1-1474,text,false,,261,494,147,147,http://localhost:8080/web/index.php/api/v2/recruitment/candidates,48469,0,1
1768458065603,50603,Create Candidate Request,401,Unauthorized,Candidate Creation Thread Group 1-621,text,false,,261,494,146,146,http://localhost:8080/web/index.php/api/v2/recruitment/candidates,50525,0,1
1768458065589,50619,Create Candidate Request,401,Unauthorized,Candidate Creation Thread Group 1-593,text,false,,261,491,145,145,http://localhost:8080/web/index.php/api/v2/recruitment/candidates,50619,0,0
1768458067670,48541,Create Candidate Request,401,Unauthorized,Candidate Creation Thread Group 1-1484,text,false,,261,494,144,144,http://localhost:8080/web/index.php/api/v2/recruitment/candidates,48541,0,2
1768458065582,50632,Create Candidate Request,401,Unauthorized,Candidate Creation Thread Group 1-602,text,false,,261,494,143,143,http://localhost:8080/web/index.php/api/v2/recruitment/candidates,50632,0,0
1768458065626,50591,Create Candidate Request,401,Unauthorized,Candidate Creation Thread Group 1-762,text,false,,261,494,142,142,http://localhost:8080/web/index.php/api/v2/recruitment/candidates,50591,0,1
1768458067673,48547,Create Candidate Request,401,Unauthorized,Candidate Creation Thread Group 1-1485,text,false,,261,494,141,141,http://localhost:8080/web/index.php/api/v2/recruitment/candidates,48547,0,1
1768458065618,50605,Create Candidate Request,401,Unauthorized,Candidate Creation Thread Group 1-620,text,false,,261,494,140,140,http://localhost:8080/web/index.php/api/v2/recruitment/candidates,50605,0,10
1768458065595,50631,Create Candidate Request,401,Unauthorized,Candidate Creation Thread Group 1-666,text,false,,261,494,139,139,http://localhost:8080/web/index.php/api/v2/recruitment/candidates,50631,0,3
1768458067682,48547,Create Candidate Request,401,Unauthorized,Candidate Creation Thread Group 1-1487,text,false,,261,494,138,138,http://localhost:8080/web/index.php/api/v2/recruitment/candidates,48547,0,1
1768458066604,49629,Create Candidate Request,401,Unauthorized,Candidate Creation Thread Group 1-1125,text,false,,261,494,137,137,http://localhost:8080/web/index.php/api/v2/recruitment/candidates,49628,0,1
1768458065641,50595,Create Candidate Request,401,Unauthorized,Candidate Creation Thread Group 1-779,text,false,,261,494,136,136,http://localhost:8080/web/index.php/api/v2/recruitment/candidates,50594,0,3
1768458065628,50611,Create Candidate Request,401,Unauthorized,Candidate Creation Thread Group 1-623,text,false,,261,494,135,135,http://localhost:8080/web/index.php/api/v2/recruitment/candidates,50610,0,3
1768458065641,50601,Create Candidate Request,401,Unauthorized,Candidate Creation Thread Group 1-627,text,false,,261,494,134,134,http://localhost:8080/web/index.php/api/v2/recruitment/candidates,50601,0,1
1768458067174,49071,Create Candidate Request,401,Unauthorized,Candidate Creation Thread Group 1-1316,text,false,,261,494,133,133,http://localhost:8080/web/index.php/api/v2/recruitment/candidates,49071,0,2
1768458066135,50113,Create Candidate Request,401,Unauthorized,Candidate Creation Thread Group 1-952,text,false,,261,491,132,132,http://localhost:8080/web/index.php/api/v2/recruitment/candidates,50113,0,1
1768458067159,49092,Create Candidate Request,401,Unauthorized,Candidate Creation Thread Group 1-1310,text,false,,261,494,131,131,http://localhost:8080/web/index.php/api/v2/recruitment/candidates,49092,0,1
1768458067167,49087,Create Candidate Request,401,Unauthorized,Candidate Creation Thread Group 1-1317,text,false,,261,494,130,130,http://localhost:8080/web/index.php/api/v2/recruitment/candidates,49087,0,2
1768458067159,49099,Create Candidate Request,401,Unauthorized,Candidate Creation Thread Group 1-1312,text,false,,261,494,129,129,http://localhost:8080/web/index.php/api/v2/recruitment/candidates,49098,0,1
1768458066153,50108,Create Candidate Request,401,Unauthorized,Candidate Creation Thread Group 1-957,text,false,,261,491,128,128,http://localhost:8080/web/index.php/api/v2/recruitment/candidates,50108,0,1
1768458066134,50130,Create Candidate Request,401,Unauthorized,Candidate Creation Thread Group 1-956,text,false,,261,491,127,127,http://localhost:8080/web/index.php/api/v2/recruitment/candidates,50130,0,4
1768458067041,49226,Create Candidate Request,401,Unauthorized,Candidate Creation Thread Group 1-1281,text,false,,261,494,126,126,http://localhost:8080/web/index.php/api/v2/recruitment/candidates,49226,0,6
1768458067044,49226,Create Candidate Request,401,Unauthorized,Candidate Creation Thread Group 1-1273,text,false,,261,494,125,125,http://localhost:8080/web/index.php/api/v2/recruitment/candidates,49226,0,4
1768458067034,49239,Create Candidate Request,401,Unauthorized,Candidate Creation Thread Group 1-1274,text,false,,261,494,124,124,http://localhost:8080/web/index.php/api/v2/recruitment/candidates,49239,0,1
1768458065168,51117,Create Candidate Request,401,Unauthorized,Candidate Creation Thread Group 1-603,text,false,,261,494,123,123,http://localhost:8080/web/index.php/api/v2/recruitment/candidates,51117,0,1
1768458065166,51119,Create Candidate Request,401,Unauthorized,Candidate Creation Thread Group 1-570,text,false,,261,494,123,123,http://localhost:8080/web/index.php/api/v2/recruitment/candidates,51119,0,1
1768458065163,51124,Create Candidate Request,401,Unauthorized,Candidate Creation Thread Group 1-580,text,false,,261,494,123,123,http://localhost:8080/web/index.php/api/v2/recruitment/candidates,51124,0,1
1768458065163,51129,Create Candidate Request,401,Unauthorized,Candidate Creation Thread Group 1-601,text,false,,261,494,120,120,http://localhost:8080/web/index.php/api/v2/recruitment/candidates,51129,0,2
1768458065143,51152,Create Candidate Request,401,Unauthorized,Candidate Creation Thread Group 1-584,text,false,,261,494,119,119,http://localhost:8080/web/index.php/api/v2/recruitment/candidates,51152,0,4
1768458065845,50453,Create Candidate Request,401,Unauthorized,Candidate Creation Thread Group 1-849,text,false,,261,494,118,118,http://localhost:8080/web/index.php/api/v2/recruitment/candidates,50453,0,1
1768458065837,50464,Create Candidate Request,401,Unauthorized,Candidate Creation Thread Group 1-770,text,false,,261,494,117,117,http://localhost:8080/web/index.php/api/v2/recruitment/candidates,50464,0,1
1768458065846,50458,Create Candidate Request,401,Unauthorized,Candidate Creation Thread Group 1-838,text,false,,261,494,116,116,http://localhost:8080/web/index.php/api/v2/recruitment/candidates,50458,0,0
1768458065837,50470,Create Candidate Request,401,Unauthorized,Candidate Creation Thread Group 1-826,text,false,,261,494,115,115,http://localhost:8080/web/index.php/api/v2/recruitment/candidates,50470,0,1
1768458065847,50463,Create Candidate Request,401,Unauthorized,Candidate Creation Thread Group 1-758,text,false,,261,494,114,114,http://localhost:8080/web/index.php/api/v2/recruitment/candidates,50463,0,1
1768458065844,50469,Create Candidate Request,401,Unauthorized,Candidate Creation Thread Group 1-759,text,false,,261,494,113,113,http://localhost:8080/web/index.php/api/v2/recruitment/candidates,50469,0,1
1768458065849,50468,Create Candidate Request,401,Unauthorized,Candidate Creation Thread Group 1-817,text,false,,261,494,112,112,http://localhost:8080/web/index.php/api/v2/recruitment/candidates,50468,0,1
1768458065836,50484,Create Candidate Request,401,Unauthorized,Candidate Creation Thread Group 1-834,text,false,,261,494,111,111,http://localhost:8080/web/index.php/api/v2/recruitment/candidates,50484,0,2
1768458065852,50471,Create Candidate Request,401,Unauthorized,Candidate Creation Thread Group 1-850,text,false,,261,494,110,110,http://localhost:8080/web/index.php/api/v2/recruitment/candidates,50471,0,4
1768458065842,50484,Create Candidate Request,401,Unauthorized,Candidate Creation Thread Group 1-839,text,false,,261,494,109,109,http://localhost:8080/web/index.php/api/v2/recruitment/candidates,50484,0,0
1768458065856,50473,Create Candidate Request,401,Unauthorized,Candidate Creation Thread Group 1-856,text,false,,261,494,108,108,http://localhost:8080/web/index.php/api/v2/recruitment/candidates,50473,0,10
1768458065869,50463,Create Candidate Request,401,Unauthorized,Candidate Creation Thread Group 1-864,text,false,,261,494,107,107,http://localhost:8080/web/index.php/api/v2/recruitment/candidates,50463,0,4
1768458065877,50458,Create Candidate Request,401,Unauthorized,Candidate Creation Thread Group 1-866,text,false,,261,494,106,106,http://localhost:8080/web/index.php/api/v2/recruitment/candidates,50458,0,1
1768458065860,50478,Create Candidate Request,401,Unauthorized,Candidate Creation Thread Group 1-814,text,false,,261,494,105,105,http://localhost:8080/web/index.php/api/v2/recruitment/candidates,50478,0,6
1768458065853,50489,Create Candidate Request,401,Unauthorized,Candidate Creation Thread Group 1-816,text,false,,261,494,104,104,http://localhost:8080/web/index.php/api/v2/recruitment/candidates,50489,0,0
1768458065872,50474,Create Candidate Request,401,Unauthorized,Candidate Creation Thread Group 1-802,text,false,,261,494,103,103,http://localhost:8080/web/index.php/api/v2/recruitment/candidates,50474,0,1
1768458065877,50472,Create Candidate Request,401,Unauthorized,Candidate Creation Thread Group 1-865,text,false,,261,494,102,102,http://localhost:8080/web/index.php/api/v2/recruitment/candidates,50472,0,6
1768458065861,50492,Create Candidate Request,401,Unauthorized,Candidate Creation Thread Group 1-811,text,false,,261,494,101,101,http://localhost:8080/web/index.php/api/v2/recruitment/candidates,50491,0,7
1768458065858,50498,Create Candidate Request,401,Unauthorized,Candidate Creation Thread Group 1-815,text,false,,261,494,100,100,http://localhost:8080/web/index.php/api/v2/recruitment/candidates,50498,0,9
1768458065872,50487,Create Candidate Request,401,Unauthorized,Candidate Creation Thread Group 1-807,text,false,,261,494,99,99,http://localhost:8080/web/index.php/api/v2/recruitment/candidates,50487,0,1
1768458065865,50497,Create Candidate Request,401,Unauthorized,Candidate Creation Thread Group 1-809,text,false,,261,494,98,98,http://localhost:8080/web/index.php/api/v2/recruitment/candidates,50497,0,1
1768458065874,50491,Create Candidate Request,401,Unauthorized,Candidate Creation Thread Group 1-805,text,false,,261,494,97,97,http://localhost:8080/web/index.php/api/v2/recruitment/candidates,50491,0,2
1768458065861,50507,Create Candidate Request,401,Unauthorized,Candidate Creation Thread Group 1-812,text,false,,261,494,96,96,http://localhost:8080/web/index.php/api/v2/recruitment/candidates,50507,0,5
1768458065875,50496,Create Candidate Request,401,Unauthorized,Candidate Creation Thread Group 1-801,text,false,,261,494,95,95,http://localhost:8080/web/index.php/api/v2/recruitment/candidates,50496,0,2
1768458065839,50535,Create Candidate Request,401,Unauthorized,Candidate Creation Thread Group 1-822,text,false,,261,494,94,94,http://localhost:8080/web/index.php/api/v2/recruitment/candidates,50535,0,1
1768458065854,50523,Create Candidate Request,401,Unauthorized,Candidate Creation Thread Group 1-853,text,false,,261,494,93,93,http://localhost:8080/web/index.php/api/v2/recruitment/candidates,50523,0,1
1768458065887,50493,Create Candidate Request,401,Unauthorized,Candidate Creation Thread Group 1-872,text,false,,261,494,92,92,http://localhost:8080/web/index.php/api/v2/recruitment/candidates,50493,0,10
1768458065887,50496,Create Candidate Request,401,Unauthorized,Candidate Creation Thread Group 1-862,text,false,,261,494,91,91,http://localhost:8080/web/index.php/api/v2/recruitment/candidates,50496,0,10
1768458065868,50518,Create Candidate Request,401,Unauthorized,Candidate Creation Thread Group 1-808,text,false,,261,494,90,90,http://localhost:8080/web/index.php/api/v2/recruitment/candidates,50518,0,1
1768458065867,50524,Create Candidate Request,401,Unauthorized,Candidate Creation Thread Group 1-863,text,false,,261,494,89,89,http://localhost:8080/web/index.php/api/v2/recruitment/candidates,50524,0,1
1768458066522,49872,Create Candidate Request,401,Unauthorized,Candidate Creation Thread Group 1-1091,text,false,,261,494,88,88,http://localhost:8080/web/index.php/api/v2/recruitment/candidates,49872,0,2
1768458066523,49875,Create Candidate Request,401,Unauthorized,Candidate Creation Thread Group 1-1094,text,false,,261,494,87,87,http://localhost:8080/web/index.php/api/v2/recruitment/candidates,49875,0,1
1768458066538,49863,Create Candidate Request,401,Unauthorized,Candidate Creation Thread Group 1-1112,text,false,,261,494,86,86,http://localhost:8080/web/index.php/api/v2/recruitment/candidates,49863,0,1
1768458066530,49874,Create Candidate Request,401,Unauthorized,Candidate Creation Thread Group 1-1106,text,false,,261,494,85,85,http://localhost:8080/web/index.php/api/v2/recruitment/candidates,49874,0,1
1768458066530,49877,Create Candidate Request,401,Unauthorized,Candidate Creation Thread Group 1-1096,text,false,,261,494,84,84,http://localhost:8080/web/index.php/api/v2/recruitment/candidates,49877,0,1
1768458066539,49871,Create Candidate Request,401,Unauthorized,Candidate Creation Thread Group 1-1110,text,false,,261,494,83,83,http://localhost:8080/web/index.php/api/v2/recruitment/candidates,49871,0,13
1768458066537,49876,Create Candidate Request,401,Unauthorized,Candidate Creation Thread Group 1-1108,text,false,,261,494,82,82,http://localhost:8080/web/index.php/api/v2/recruitment/candidates,49876,0,1
1768458066537,49879,Create Candidate Request,401,Unauthorized,Candidate Creation Thread Group 1-1092,text,false,,261,494,81,81,http://localhost:8080/web/index.php/api/v2/recruitment/candidates,49879,0,0
1768458066537,49883,Create Candidate Request,401,Unauthorized,Candidate Creation Thread Group 1-1114,text,false,,261,494,80,80,http://localhost:8080/web/index.php/api/v2/recruitment/candidates,49883,0,1
1768458067538,48885,Create Candidate Request,401,Unauthorized,Candidate Creation Thread Group 1-1421,text,false,,261,494,79,79,http://localhost:8080/web/index.php/api/v2/recruitment/candidates,48885,0,1
1768458067533,48894,Create Candidate Request,401,Unauthorized,Candidate Creation Thread Group 1-1411,text,false,,261,494,78,78,http://localhost:8080/web/index.php/api/v2/recruitment/candidates,48893,0,4
1768458067536,48894,Create Candidate Request,401,Unauthorized,Candidate Creation Thread Group 1-1420,text,false,,261,494,77,77,http://localhost:8080/web/index.php/api/v2/recruitment/candidates,48894,0,0
1768458067534,48899,Create Candidate Request,401,Unauthorized,Candidate Creation Thread Group 1-1418,text,false,,261,494,76,76,http://localhost:8080/web/index.php/api/v2/recruitment/candidates,48899,0,1
1768458066958,55553,Create Candidate Request,401,Unauthorized,Candidate Creation Thread Group 1-1258,text,false,,261,491,75,75,http://localhost:8080/web/index.php/api/v2/recruitment/candidates,55463,0,1
1768458066961,55749,Create Candidate Request,401,Unauthorized,Candidate Creation Thread Group 1-1261,text,false,,261,494,74,74,http://localhost:8080/web/index.php/api/v2/recruitment/candidates,55749,0,1
1768458067041,55871,Create Candidate Request,401,Unauthorized,Candidate Creation Thread Group 1-1283,text,false,,261,494,73,73,http://localhost:8080/web/index.php/api/v2/recruitment/candidates,55870,0,13
1768458065945,57063,Create Candidate Request,401,Unauthorized,Candidate Creation Thread Group 1-892,text,false,,261,494,72,72,http://localhost:8080/web/index.php/api/v2/recruitment/candidates,57063,0,1
1768458065953,57064,Create Candidate Request,401,Unauthorized,Candidate Creation Thread Group 1-894,text,false,,261,494,71,71,http://localhost:8080/web/index.php/api/v2/recruitment/candidates,57064,0,1
1768458065940,57170,Create Candidate Request,401,Unauthorized,Candidate Creation Thread Group 1-887,text,false,,261,494,70,70,http://localhost:8080/web/index.php/api/v2/recruitment/candidates,57170,0,3
1768458066968,56149,Create Candidate Request,401,Unauthorized,Candidate Creation Thread Group 1-1269,text,false,,261,494,69,69,http://localhost:8080/web/index.php/api/v2/recruitment/candidates,56149,0,0
1768458065957,57163,Create Candidate Request,401,Unauthorized,Candidate Creation Thread Group 1-868,text,false,,261,494,68,68,http://localhost:8080/web/index.php/api/v2/recruitment/candidates,57163,0,1
1768458065932,57191,Create Candidate Request,401,Unauthorized,Candidate Creation Thread Group 1-755,text,false,,261,494,67,67,http://localhost:8080/web/index.php/api/v2/recruitment/candidates,57191,0,1
1768458065956,57170,Create Candidate Request,401,Unauthorized,Candidate Creation Thread Group 1-888,text,false,,261,494,66,66,http://localhost:8080/web/index.php/api/v2/recruitment/candidates,57170,0,3
1768458065930,57200,Create Candidate Request,401,Unauthorized,Candidate Creation Thread Group 1-859,text,false,,261,494,65,65,http://localhost:8080/web/index.php/api/v2/recruitment/candidates,57200,0,1
1768458065951,57182,Create Candidate Request,401,Unauthorized,Candidate Creation Thread Group 1-883,text,false,,261,494,64,64,http://localhost:8080/web/index.php/api/v2/recruitment/candidates,57182,0,3
1768458065947,57189,Create Candidate Request,401,Unauthorized,Candidate Creation Thread Group 1-870,text,false,,261,494,63,63,http://localhost:8080/web/index.php/api/v2/recruitment/candidates,57189,0,1
1768458065931,57276,Create Candidate Request,401,Unauthorized,Candidate Creation Thread Group 1-884,text,false,,261,494,62,62,http://localhost:8080/web/index.php/api/v2/recruitment/candidates,57276,0,1
1768458065922,57288,Create Candidate Request,401,Unauthorized,Candidate Creation Thread Group 1-843,text,false,,261,494,61,61,http://localhost:8080/web/index.php/api/v2/recruitment/candidates,57288,0,10
1768458065928,57285,Create Candidate Request,401,Unauthorized,Candidate Creation Thread Group 1-830,text,false,,261,491,60,60,http://localhost:8080/web/index.php/api/v2/recruitment/candidates,57285,0,1
1768458065936,57280,Create Candidate Request,401,Unauthorized,Candidate Creation Thread Group 1-880,text,false,,261,494,59,59,http://localhost:8080/web/index.php/api/v2/recruitment/candidates,57280,0,1
1768458065939,57280,Create Candidate Request,401,Unauthorized,Candidate Creation Thread Group 1-878,text,false,,261,494,58,58,http://localhost:8080/web/index.php/api/v2/recruitment/candidates,57280,0,1
1768458065920,57303,Create Candidate Request,401,Unauthorized,Candidate Creation Thread Group 1-844,text,false,,261,494,57,57,http://localhost:8080/web/index.php/api/v2/recruitment/candidates,57302,0,14
1768458066958,56268,Create Candidate Request,401,Unauthorized,Candidate Creation Thread Group 1-1259,text,false,,261,491,56,56,http://localhost:8080/web/index.php/api/v2/recruitment/candidates,56268,0,1
1768458065908,57321,Create Candidate Request,401,Unauthorized,Candidate Creation Thread Group 1-858,text,false,,261,491,55,55,http://localhost:8080/web/index.php/api/v2/recruitment/candidates,57321,0,9
1768458065946,57286,Create Candidate Request,401,Unauthorized,Candidate Creation Thread Group 1-889,text,false,,261,494,54,54,http://localhost:8080/web/index.php/api/v2/recruitment/candidates,57286,0,0
1768458065951,57284,Create Candidate Request,401,Unauthorized,Candidate Creation Thread Group 1-891,text,false,,261,494,53,53,http://localhost:8080/web/index.php/api/v2/recruitment/candidates,57284,0,1
1768458065953,57285,Create Candidate Request,401,Unauthorized,Candidate Creation Thread Group 1-885,text,false,,261,494,52,52,http://localhost:8080/web/index.php/api/v2/recruitment/candidates,57285,0,1
1768458066955,56286,Create Candidate Request,401,Unauthorized,Candidate Creation Thread Group 1-1254,text,false,,261,491,51,51,http://localhost:8080/web/index.php/api/v2/recruitment/candidates,56286,0,2
1768458065927,57317,Create Candidate Request,401,Unauthorized,Candidate Creation Thread Group 1-857,text,false,,261,494,50,50,http://localhost:8080/web/index.php/api/v2/recruitment/candidates,57317,0,1
1768458065907,57340,Create Candidate Request,401,Unauthorized,Candidate Creation Thread Group 1-852,text,false,,261,491,49,49,http://localhost:8080/web/index.php/api/v2/recruitment/candidates,57340,0,19
1768458066961,56289,Create Candidate Request,401,Unauthorized,Candidate Creation Thread Group 1-1263,text,false,,261,494,48,48,http://localhost:8080/web/index.php/api/v2/recruitment/candidates,56289,0,1
1768458065928,57325,Create Candidate Request,401,Unauthorized,Candidate Creation Thread Group 1-875,text,false,,261,491,47,47,http://localhost:8080/web/index.php/api/v2/recruitment/candidates,57325,0,1
1768458065945,57311,Create Candidate Request,401,Unauthorized,Candidate Creation Thread Group 1-893,text,false,,261,494,46,46,http://localhost:8080/web/index.php/api/v2/recruitment/candidates,57311,0,1
1768458065942,57317,Create Candidate Request,401,Unauthorized,Candidate Creation Thread Group 1-877,text,false,,261,494,45,45,http://localhost:8080/web/index.php/api/v2/recruitment/candidates,57317,0,1
1768458066955,56308,Create Candidate Request,401,Unauthorized,Candidate Creation Thread Group 1-1253,text,false,,261,491,44,44,http://localhost:8080/web/index.php/api/v2/recruitment/candidates,56308,0,1
1768458065932,57334,Create Candidate Request,401,Unauthorized,Candidate Creation Thread Group 1-882,text,false,,261,494,43,43,http://localhost:8080/web/index.php/api/v2/recruitment/candidates,57333,0,3
1768458066956,56313,Create Candidate Request,401,Unauthorized,Candidate Creation Thread Group 1-1255,text,false,,261,491,42,42,http://localhost:8080/web/index.php/api/v2/recruitment/candidates,56313,0,1
1768458065935,57351,Create Candidate Request,401,Unauthorized,Candidate Creation Thread Group 1-881,text,false,,261,494,41,41,http://localhost:8080/web/index.php/api/v2/recruitment/candidates,57351,0,1
1768458065937,57352,Create Candidate Request,401,Unauthorized,Candidate Creation Thread Group 1-879,text,false,,261,494,40,40,http://localhost:8080/web/index.php/api/v2/recruitment/candidates,57352,0,1
1768458065904,57388,Create Candidate Request,401,Unauthorized,Candidate Creation Thread Group 1-848,text,false,,261,491,39,39,http://localhost:8080/web/index.php/api/v2/recruitment/candidates,57388,0,7
1768458065941,57354,Create Candidate Request,401,Unauthorized,Candidate Creation Thread Group 1-886,text,false,,261,494,38,38,http://localhost:8080/web/index.php/api/v2/recruitment/candidates,57354,0,0
1768458065933,57365,Create Candidate Request,401,Unauthorized,Candidate Creation Thread Group 1-846,text,false,,261,491,37,37,http://localhost:8080/web/index.php/api/v2/recruitment/candidates,57365,0,2
1768458065941,57360,Create Candidate Request,401,Unauthorized,Candidate Creation Thread Group 1-890,text,false,,261,494,36,36,http://localhost:8080/web/index.php/api/v2/recruitment/candidates,57360,0,1
1768458065939,57365,Create Candidate Request,401,Unauthorized,Candidate Creation Thread Group 1-876,text,false,,261,494,35,35,http://localhost:8080/web/index.php/api/v2/recruitment/candidates,57365,0,1
1768458065630,58284,Create Candidate Request,401,Unauthorized,Candidate Creation Thread Group 1-776,text,false,,261,494,34,34,http://localhost:8080/web/index.php/api/v2/recruitment/candidates,58284,0,1
1768458067666,56345,Create Candidate Request,401,Unauthorized,Candidate Creation Thread Group 1-1481,text,false,,261,494,33,33,http://localhost:8080/web/index.php/api/v2/recruitment/candidates,56343,0,0
1768458067636,56472,Create Candidate Request,401,Unauthorized,Candidate Creation Thread Group 1-1461,text,false,,261,494,32,32,http://localhost:8080/web/index.php/api/v2/recruitment/candidates,56472,0,2
1768458067669,56552,Create Candidate Request,401,Unauthorized,Candidate Creation Thread Group 1-1483,text,false,,261,494,31,31,http://localhost:8080/web/index.php/api/v2/recruitment/candidates,56552,0,3
1768458065612,58700,Create Candidate Request,401,Unauthorized,Candidate Creation Thread Group 1-730,text,false,,261,494,30,30,http://localhost:8080/web/index.php/api/v2/recruitment/candidates,58700,0,4
1768458067657,56656,Create Candidate Request,401,Unauthorized,Candidate Creation Thread Group 1-1476,text,false,,261,494,29,29,http://localhost:8080/web/index.php/api/v2/recruitment/candidates,56553,0,1
1768458067642,56678,Create Candidate Request,401,Unauthorized,Candidate Creation Thread Group 1-1467,text,false,,261,494,28,28,http://localhost:8080/web/index.php/api/v2/recruitment/candidates,56678,0,1
1768458065587,58822,Create Candidate Request,401,Unauthorized,Candidate Creation Thread Group 1-610,text,false,,261,494,27,27,http://localhost:8080/web/index.php/api/v2/recruitment/candidates,58822,0,2
1768458067664,56751,Create Candidate Request,401,Unauthorized,Candidate Creation Thread Group 1-1480,text,false,,261,494,26,26,http://localhost:8080/web/index.php/api/v2/recruitment/candidates,56750,0,1
1768458065580,58927,Create Candidate Request,401,Unauthorized,Candidate Creation Thread Group 1-737,text,false,,261,494,25,25,http://localhost:8080/web/index.php/api/v2/recruitment/candidates,58927,0,10
1768458065580,58932,Create Candidate Request,401,Unauthorized,Candidate Creation Thread Group 1-667,text,false,,261,494,24,24,http://localhost:8080/web/index.php/api/v2/recruitment/candidates,58932,0,3
1768458065605,58910,Create Candidate Request,401,Unauthorized,Candidate Creation Thread Group 1-658,text,false,,261,494,23,23,http://localhost:8080/web/index.php/api/v2/recruitment/candidates,58910,0,1
1768458067657,56861,Create Candidate Request,401,Unauthorized,Candidate Creation Thread Group 1-1475,text,false,,261,494,22,22,http://localhost:8080/web/index.php/api/v2/recruitment/candidates,56861,0,4
1768458065600,58922,Create Candidate Request,401,Unauthorized,Candidate Creation Thread Group 1-661,text,false,,261,494,21,21,http://localhost:8080/web/index.php/api/v2/recruitment/candidates,58922,0,1
1768458065582,58944,Create Candidate Request,401,Unauthorized,Candidate Creation Thread Group 1-663,text,false,,261,494,20,20,http://localhost:8080/web/index.php/api/v2/recruitment/candidates,58944,0,2
1768458067636,56894,Create Candidate Request,401,Unauthorized,Candidate Creation Thread Group 1-1462,text,false,,261,494,19,19,http://localhost:8080/web/index.php/api/v2/recruitment/candidates,56894,0,1
1768458067652,56881,Create Candidate Request,401,Unauthorized,Candidate Creation Thread Group 1-1472,text,false,,261,494,18,18,http://localhost:8080/web/index.php/api/v2/recruitment/candidates,56881,0,0
1768458065586,58950,Create Candidate Request,401,Unauthorized,Candidate Creation Thread Group 1-668,text,false,,261,494,17,17,http://localhost:8080/web/index.php/api/v2/recruitment/candidates,58950,0,5
1768458065594,58946,Create Candidate Request,401,Unauthorized,Candidate Creation Thread Group 1-612,text,false,,261,494,16,16,http://localhost:8080/web/index.php/api/v2/recruitment/candidates,58946,0,1
1768458067644,56899,Create Candidate Request,401,Unauthorized,Candidate Creation Thread Group 1-1468,text,false,,261,494,15,15,http://localhost:8080/web/index.php/api/v2/recruitment/candidates,56899,0,1
1768458065630,58916,Create Candidate Request,401,Unauthorized,Candidate Creation Thread Group 1-647,text,false,,261,494,14,14,http://localhost:8080/web/index.php/api/v2/recruitment/candidates,58916,0,2
1768458065593,58956,Create Candidate Request,401,Unauthorized,Candidate Creation Thread Group 1-659,text,false,,261,494,13,13,http://localhost:8080/web/index.php/api/v2/recruitment/candidates,58956,0,1
1768458065608,58944,Create Candidate Request,401,Unauthorized,Candidate Creation Thread Group 1-773,text,false,,261,494,12,12,http://localhost:8080/web/index.php/api/v2/recruitment/candidates,58944,0,3
1768458065592,58963,Create Candidate Request,401,Unauthorized,Candidate Creation Thread Group 1-613,text,false,,261,494,11,11,http://localhost:8080/web/index.php/api/v2/recruitment/candidates,58963,0,1
1768458067633,56926,Create Candidate Request,401,Unauthorized,Candidate Creation Thread Group 1-1460,text,false,,261,494,10,10,http://localhost:8080/web/index.php/api/v2/recruitment/candidates,56925,0,1
1768458065600,58962,Create Candidate Request,401,Unauthorized,Candidate Creation Thread Group 1-745,text,false,,261,494,9,9,http://localhost:8080/web/index.php/api/v2/recruitment/candidates,58962,0,3
1768458067629,56936,Create Candidate Request,401,Unauthorized,Candidate Creation Thread Group 1-1458,text,false,,261,491,8,8,http://localhost:8080/web/index.php/api/v2/recruitment/candidates,56936,0,1
1768458067626,56942,Create Candidate Request,401,Unauthorized,Candidate Creation Thread Group 1-1451,text,false,,261,491,7,7,http://localhost:8080/web/index.php/api/v2/recruitment/candidates,56942,0,2
1768458065633,58938,Create Candidate Request,401,Unauthorized,Candidate Creation Thread Group 1-626,text,false,,261,494,6,6,http://localhost:8080/web/index.php/api/v2/recruitment/candidates,58938,0,1
1768458067691,56884,Create Candidate Request,401,Unauthorized,Candidate Creation Thread Group 1-1492,text,false,,261,494,5,5,http://localhost:8080/web/index.php/api/v2/recruitment/candidates,56884,0,1
1768458067628,56950,Create Candidate Request,401,Unauthorized,Candidate Creation Thread Group 1-1453,text,false,,261,491,4,4,http://localhost:8080/web/index.php/api/v2/recruitment/candidates,56950,0,0
1768458067631,56976,Create Candidate Request,401,Unauthorized,Candidate Creation Thread Group 1-1459,text,false,,261,491,3,3,http://localhost:8080/web/index.php/api/v2/recruitment/candidates,56976,0,1
1768458065607,59004,Create Candidate Request,401,Unauthorized,Candidate Creation Thread Group 1-650,text,false,,261,494,2,2,http://localhost:8080/web/index.php/api/v2/recruitment/candidates,59004,0,20
1768458065592,59022,Create Candidate Request,401,Unauthorized,Candidate Creation Thread Group 1-660,text,false,,261,494,1,1,http://localhost:8080/web/index.php/api/v2/recruitment/candidates,59022,0,2
